,ID,MARKA,URUN_NAME,FIYAT,RATE_COUNT,URUN_LINK,KATEGORI
0,195730234,Trendyol Curve,Siyah-Beyaz 2'li Paket Basic Örme T-Shirt TBBSS22TS0705,263.99,450,/trendyol-curve/siyah-beyaz-2-li-paket-basic-orme-t-shirt-tbbss22ts0705-p-195730234,BB T-shirt
1,680440013,Trendyol Curve,Lacivert Yaka Ribanalı Geniş Kalıp Basic Örme T-shirt TBBSS23BF00017,181.99,593,/trendyol-curve/lacivert-yaka-ribanali-genis-kalip-basic-orme-t-shirt-tbbss23bf00017-p-680440013,BB T-shirt
2,442822182,Trendyol Curve,Pembe Geniş Kalıp Baskılı Bisiklet Yaka Örme T-shirt TBBSS23BF00015,177.99,1259,/trendyol-curve/pembe-genis-kalip-baskili-bisiklet-yaka-orme-t-shirt-tbbss23bf00015-p-442822182,BB T-shirt
3,792568483,Trendyol Curve,Pembe Baskılı Oversize Örme T-shirt TBBSS24BF00011,155.99,110,/trendyol-curve/pembe-baskili-oversize-orme-t-shirt-tbbss24bf00011-p-792568483,BB T-shirt
4,369751009,Trendyol Curve,Koyu Mint Boyfriend Bisiklet Yaka Yırtmaçlı Örme T-Shirt TBBSS22BF0031,165.99,301,/trendyol-curve/koyu-mint-boyfriend-bisiklet-yaka-yirtmacli-orme-t-shirt-tbbss22bf0031-p-369751009,BB T-shirt
5,796362054,Trendyol Curve,Mavi Baskılı Oversize Örme T-shirt TBBSS24BF00020,148.99,73,/trendyol-curve/mavi-baskili-oversize-orme-t-shirt-tbbss24bf00020-p-796362054,BB T-shirt
6,444113519,Trendyol Curve,Siyah Yaka Ribanalı Geniş Kalıp Basic Örme T-shirt TBBSS23BF00017,190.99,1070,/trendyol-curve/siyah-yaka-ribanali-genis-kalip-basic-orme-t-shirt-tbbss23bf00017-p-444113519,BB T-shirt
7,442811811,Trendyol Curve,Mor Geniş Kalıp Bisiklet Yaka Baskılı Örme T-shirt TBBSS23AH00131,180.99,1253,/trendyol-curve/mor-genis-kalip-bisiklet-yaka-baskili-orme-t-shirt-tbbss23ah00131-p-442811811,BB T-shirt
8,184973810,Trendyol Curve,Beyaz V Yaka Basic Örme T-Shirt TBBSS22BF0028,142.99,290,/trendyol-curve/beyaz-v-yaka-basic-orme-t-shirt-tbbss22bf0028-p-184973810,BB T-shirt
9,817563302,Trendyol Curve,Kırmızı Renk Blok Detaylı Boyfriend Örme T-shirt TBBSS24BF00012,185.99,23,/trendyol-curve/kirmizi-renk-blok-detayli-boyfriend-orme-t-shirt-tbbss24bf00012-p-817563302,BB T-shirt
10,410826068,Trendyol Curve,Siyah Bisiklet Yaka Dantel Detaylı Örme T-Shirt TBBSS23BF00009,158.99,286,/trendyol-curve/siyah-bisiklet-yaka-dantel-detayli-orme-t-shirt-tbbss23bf00009-p-410826068,BB T-shirt
11,260088007,Trendyol Curve,Siyah Pencere/Cut Out Detaylı Örme T-Shirt TBBSS22BF00001,160.99,1894,/trendyol-curve/siyah-pencere-cut-out-detayli-orme-t-shirt-tbbss22bf00001-p-260088007,BB T-shirt
12,792876980,Trendyol Curve,Lacivert %100 Pamuk Sırt Baskılı Relaxed/Geniş Rahat Kesim Bisiklet Yaka Örme T-Shirt TBBSS24BF00025,180.99,194,/trendyol-curve/lacivert-100-pamuk-sirt-baskili-relaxed-genis-rahat-kesim-bisiklet-yaka-orme-t-shirt-tbbss24bf00025-p-792876980,BB T-shirt
13,794458958,Trendyol Curve,Siyah Biye Detaylı Örme T-shirt TBBSS24BF00021,135.99,52,/trendyol-curve/siyah-biye-detayli-orme-t-shirt-tbbss24bf00021-p-794458958,BB T-shirt
14,368312149,Trendyol Curve,Saks Basic Bisiklet Yaka Örme T-Shirt TBBSS22TS0733,141.99,488,/trendyol-curve/saks-basic-bisiklet-yaka-orme-t-shirt-tbbss22ts0733-p-368312149,BB T-shirt
15,785876317,Trendyol Curve,Siyah Düğme Detaylı Örme T-shirt TBBSS24BF00000,196.99,252,/trendyol-curve/siyah-dugme-detayli-orme-t-shirt-tbbss24bf00000-p-785876317,BB T-shirt
16,369654604,Trendyol Curve,Lila Kare Yaka Örme T-Shirt TBBSS22BF0027,150.99,166,/trendyol-curve/lila-kare-yaka-orme-t-shirt-tbbss22bf0027-p-369654604,BB T-shirt
17,790765201,Trendyol Curve,Taş Cep Kapak Detaylı Oversize Örme T-shirt TBBSS24BF00010,169.99,26,/trendyol-curve/tas-cep-kapak-detayli-oversize-orme-t-shirt-tbbss24bf00010-p-790765201,BB T-shirt
18,796360647,Trendyol Curve,Indigo Baskı ve Nakış Detaylı Boyfriend Örme T-shirt TBBSS24BF00019,148.99,18,/trendyol-curve/indigo-baski-ve-nakis-detayli-boyfriend-orme-t-shirt-tbbss24bf00019-p-796360647,BB T-shirt
19,787993111,Trendyol Curve,Siyah-Beyaz Çizgili Nakış Detaylı Örme T-shirt TBBSS24BF00004,107.99,33,/trendyol-curve/siyah-beyaz-cizgili-nakis-detayli-orme-t-shirt-tbbss24bf00004-p-787993111,BB T-shirt
20,185142970,Trendyol Curve,Siyah Kare Yaka Örme T-Shirt TBBSS22BF0027,137.99,980,/trendyol-curve/siyah-kare-yaka-orme-t-shirt-tbbss22bf0027-p-185142970,BB T-shirt
21,444113526,Trendyol Curve,Beyaz Yaka Ribanalı Geniş Kalıp Basic Örme T-shirt TBBSS23BF00017,222.99,993,/trendyol-curve/beyaz-yaka-ribanali-genis-kalip-basic-orme-t-shirt-tbbss23bf00017-p-444113526,BB T-shirt
22,701961785,Trendyol Curve,Lacivert Çizgili Bisiklet Yaka Çizgili Örme T-Shirt TBBSS23BF00068,201.99,200,/trendyol-curve/lacivert-cizgili-bisiklet-yaka-cizgili-orme-t-shirt-tbbss23bf00068-p-701961785,BB T-shirt
23,444113514,Trendyol Curve,Kahverengi Yaka Ribanalı Geniş Kalıp Basic Örme T-shirt TBBSS23BF00017,172.99,531,/trendyol-curve/kahverengi-yaka-ribanali-genis-kalip-basic-orme-t-shirt-tbbss23bf00017-p-444113514,BB T-shirt
48,463874308,Trendyol Curve,Gül Kurusu Bisiklet Yaka Baskılı Örme T-Shirt TBBSS23BF00034,153.99,533,/trendyol-curve/gul-kurusu-bisiklet-yaka-baskili-orme-t-shirt-tbbss23bf00034-p-463874308,BB T-shirt
49,442811815,Trendyol Curve,Beyaz Geniş Kalıp Bisiklet Yaka Baskılı Örme T-shirt TBBSS23AH00131,187.99,884,/trendyol-curve/beyaz-genis-kalip-bisiklet-yaka-baskili-orme-t-shirt-tbbss23ah00131-p-442811815,BB T-shirt
50,795466928,Trendyol Curve,Ekru Unisex Oversize Rahat %100 Pamuklu Couple Örme T-Shirt TBBSS24BF00033,145.99,191,/trendyol-curve/ekru-unisex-oversize-rahat-100-pamuklu-couple-orme-t-shirt-tbbss24bf00033-p-795466928,BB T-shirt
51,185897199,Trendyol Curve,Siyah Boyfriend V Yaka Yırtmaçlı Örme T-Shirt TBBSS22BF0036,227.99,2185,/trendyol-curve/siyah-boyfriend-v-yaka-yirtmacli-orme-t-shirt-tbbss22bf0036-p-185897199,BB T-shirt
52,362748929,Trendyol Curve,Kırmızı Boyfriend Bisiklet Yaka Yırtmaçlı Örme T-Shirt TBBSS22BF0031,143.99,210,/trendyol-curve/kirmizi-boyfriend-bisiklet-yaka-yirtmacli-orme-t-shirt-tbbss22bf0031-p-362748929,BB T-shirt
53,185192520,Trendyol Curve,Siyah Petrol Boyfriend Bisiklet Yaka Yırtmaçlı Örme T-Shirt TBBSS22BF0031,188.99,900,/trendyol-curve/siyah-petrol-boyfriend-bisiklet-yaka-yirtmacli-orme-t-shirt-tbbss22bf0031-p-185192520,BB T-shirt
54,271470960,Trendyol Curve,Antrasit Geniş Kalıp Örme Nakışlı T-Shirt TBBSS22BF00002,173.99,866,/trendyol-curve/antrasit-genis-kalip-orme-nakisli-t-shirt-tbbss22bf00002-p-271470960,BB T-shirt
55,635016082,Trendyol Curve,Beyaz More Sustainable Sırt Dekolteli Vatkalı Örme T-Shirt TBBSS23BF00045,161.99,173,/trendyol-curve/beyaz-more-sustainable-sirt-dekolteli-vatkali-orme-t-shirt-tbbss23bf00045-p-635016082,BB T-shirt
56,795466143,Trendyol Curve,Ekru Unisex Oversize Rahat %100 Pamuklu Couple Örme T-Shirt TBBSS24BF00033,177.99,135,/trendyol-curve/ekru-unisex-oversize-rahat-100-pamuklu-couple-orme-t-shirt-tbbss24bf00033-p-795466143,BB T-shirt
57,813744669,Trendyol Curve,Ekru Nakış Detaylı Boyfriend Örme T-shirt TBBSS24BF00029,174.99,43,/trendyol-curve/ekru-nakis-detayli-boyfriend-orme-t-shirt-tbbss24bf00029-p-813744669,BB T-shirt
58,220841298,Trendyol Curve,Antrasit Sırt Detaylı Örme T-Shirt TBBSS22TS1953,133.99,643,/trendyol-curve/antrasit-sirt-detayli-orme-t-shirt-tbbss22ts1953-p-220841298,BB T-shirt
59,185192559,Trendyol Curve,Petrol Boyfriend Bisiklet Yaka Yırtmaçlı Örme T-Shirt TBBSS22BF0031,174.99,510,/trendyol-curve/petrol-boyfriend-bisiklet-yaka-yirtmacli-orme-t-shirt-tbbss22bf0031-p-185192559,BB T-shirt
60,809514973,Trendyol Curve,Siyah Kalp Aksesuar Detaylı Oversize Örme T-shirt TBBSS24BF00008,302.99,52,/trendyol-curve/siyah-kalp-aksesuar-detayli-oversize-orme-t-shirt-tbbss24bf00008-p-809514973,BB T-shirt
61,635017579,Trendyol Curve,Beyaz More Sustainable Baskılı Omzu Pileli Örme T-shirt TBBSS23BF00046,185.99,145,/trendyol-curve/beyaz-more-sustainable-baskili-omzu-pileli-orme-t-shirt-tbbss23bf00046-p-635017579,BB T-shirt
62,792860051,Trendyol Curve,Beyaz %100 Pamuk Premium Bisiklet Yaka Örme T-Shirt TBBSS24BF00024,113.99,17,/trendyol-curve/beyaz-100-pamuk-premium-bisiklet-yaka-orme-t-shirt-tbbss24bf00024-p-792860051,BB T-shirt
63,464379164,Trendyol Curve,Siyah-Beyaz Çizgili V -Yaka Örme T-shirt TBBSS23BF00016,194.99,955,/trendyol-curve/siyah-beyaz-cizgili-v-yaka-orme-t-shirt-tbbss23bf00016-p-464379164,BB T-shirt
64,452047709,Trendyol Curve,Kırmızı Bisiklet Yaka Baskılı Örme T-Shirt TBBSS23BF00022,178.99,606,/trendyol-curve/kirmizi-bisiklet-yaka-baskili-orme-t-shirt-tbbss23bf00022-p-452047709,BB T-shirt
65,190356197,Trendyol Curve,Siyah Bisiklet Yaka Kol Detaylı Örme T-Shirt TBBSS22BF0023,169.99,1041,/trendyol-curve/siyah-bisiklet-yaka-kol-detayli-orme-t-shirt-tbbss22bf0023-p-190356197,BB T-shirt
66,195777488,Trendyol Curve,Beyaz Basic Bisiklet Yaka Örme T-Shirt TBBSS22TS0733,153.99,627,/trendyol-curve/beyaz-basic-bisiklet-yaka-orme-t-shirt-tbbss22ts0733-p-195777488,BB T-shirt
67,790742981,Trendyol Curve,Siyah Kalpli Cut-Out Detaylı Fitilli Örme T-shirt TBBSS24BF00006,152.99,213,/trendyol-curve/siyah-kalpli-cut-out-detayli-fitilli-orme-t-shirt-tbbss24bf00006-p-790742981,BB T-shirt
68,447659332,Trendyol Curve,Siyah Bisiklet Yaka Baskılı Örme T-Shirt TBBSS23BF00025,179.99,113,/trendyol-curve/siyah-bisiklet-yaka-baskili-orme-t-shirt-tbbss23bf00025-p-447659332,BB T-shirt
69,195777485,Trendyol Curve,Zümrüt Yeşili Bisiklet Yaka Basic Örme T-Shirt TBBSS22TS0733,175.99,1802,/trendyol-curve/zumrut-yesili-bisiklet-yaka-basic-orme-t-shirt-tbbss22ts0733-p-195777485,BB T-shirt
70,447656287,Trendyol Curve,Kahverengi Bisiklet Yaka Sırtı Baskılı Örme T-shirt TBBSS23BF00024,188.99,632,/trendyol-curve/kahverengi-bisiklet-yaka-sirti-baskili-orme-t-shirt-tbbss23bf00024-p-447656287,BB T-shirt
71,805486912,Trendyol Curve,Beyaz Brode Detaylı Basic Örme T-shirt TBBSS24BF00055,168.99,54,/trendyol-curve/beyaz-brode-detayli-basic-orme-t-shirt-tbbss24bf00055-p-805486912,BB T-shirt
72,195777484,Trendyol Curve,Siyah Basic Bisiklet Yaka Örme T-Shirt TBBSS22TS0733,129.99,563,/trendyol-curve/siyah-basic-bisiklet-yaka-orme-t-shirt-tbbss22ts0733-p-195777484,BB T-shirt
73,797887098,Trendyol Curve,Koyu Yeşil Slogan Baskılı Boyfriend Örme T-shirt TBBSS24BF00036,166.99,194,/trendyol-curve/koyu-yesil-slogan-baskili-boyfriend-orme-t-shirt-tbbss24bf00036-p-797887098,BB T-shirt
74,465507036,Trendyol Curve,Siyah Bisiklet Yaka Taşlı Örme T-shirt TBBSS23BF00041 TBBSS23BF00041,209.99,324,/trendyol-curve/siyah-bisiklet-yaka-tasli-orme-t-shirt-tbbss23bf00041-tbbss23bf00041-p-465507036,BB T-shirt
75,792568744,Trendyol Curve,Beyaz Baskılı Oversize Örme T-shirt TBBSS24BF00011,136.99,30,/trendyol-curve/beyaz-baskili-oversize-orme-t-shirt-tbbss24bf00011-p-792568744,BB T-shirt
76,795228022,Trendyol Curve,Kırmızı Slogan Baskılı Oversize Örme T-shirt TBBSS24BF00018,169.99,96,/trendyol-curve/kirmizi-slogan-baskili-oversize-orme-t-shirt-tbbss24bf00018-p-795228022,BB T-shirt
77,775749605,Trendyol Curve,Mor Bisiklet Yaka Baskılı Örme T-shirt TBBSS23BF00022,181.99,117,/trendyol-curve/mor-bisiklet-yaka-baskili-orme-t-shirt-tbbss23bf00022-p-775749605,BB T-shirt
78,795226693,Trendyol Curve,Beyaz Çizgili Baskılı Oversize Örme T-shirt TBBSS24BF00017,270.99,203,/trendyol-curve/beyaz-cizgili-baskili-oversize-orme-t-shirt-tbbss24bf00017-p-795226693,BB T-shirt
79,680441110,Trendyol Curve,Pembe Bisiklet Yaka Baskılı Örme T-Shirt TBBSS23BF00022,184.99,257,/trendyol-curve/pembe-bisiklet-yaka-baskili-orme-t-shirt-tbbss23bf00022-p-680441110,BB T-shirt
80,816905144,Trendyol Curve,Beyaz Cut Out Detaylı Renkli Kalp Nakışlı T-Shirt TBBSS24BF00069,186.99,29,/trendyol-curve/beyaz-cut-out-detayli-renkli-kalp-nakisli-t-shirt-tbbss24bf00069-p-816905144,BB T-shirt
81,453675882,Trendyol Curve,Beyaz Bisiklet Yaka Baskılı Örme T-Shirt TBBSS23BF00032,129.99,129,/trendyol-curve/beyaz-bisiklet-yaka-baskili-orme-t-shirt-tbbss23bf00032-p-453675882,BB T-shirt
82,823683675,Trendyol Curve,Siyah %100 Pamuk Kol Nakışlı Relaxed/Geniş Rahat Kesim Bisiklet Yaka Örme T-Shirt,204.99,21,/trendyol-curve/siyah-100-pamuk-kol-nakisli-relaxed-genis-rahat-kesim-bisiklet-yaka-orme-t-shirt-p-823683675,BB T-shirt
83,797884114,Trendyol Curve,Siyah Nakış Detaylı Boyfriend Örme T-shirt TBBSS24BF00029,221.99,169,/trendyol-curve/siyah-nakis-detayli-boyfriend-orme-t-shirt-tbbss24bf00029-p-797884114,BB T-shirt
84,443800444,Trendyol Curve,Ekru Renk Bloklu Baskılı Örme T-shirt TBBSS23BF00014,230.99,835,/trendyol-curve/ekru-renk-bloklu-baskili-orme-t-shirt-tbbss23bf00014-p-443800444,BB T-shirt
85,185192549,Trendyol Curve,Vizon Petrol Boyfriend Bisiklet Yaka Yırtmaçlı Örme T-Shirt TBBSS22BF0031,153.99,748,/trendyol-curve/vizon-petrol-boyfriend-bisiklet-yaka-yirtmacli-orme-t-shirt-tbbss22bf0031-p-185192549,BB T-shirt
86,271470968,Trendyol Curve,Yeşil Geniş Kalıp Nakışlı Örme T-Shirt TBBSS22BF00002,155.99,354,/trendyol-curve/yesil-genis-kalip-nakisli-orme-t-shirt-tbbss22bf00002-p-271470968,BB T-shirt
87,363818055,Trendyol Curve,Mor Bisiklet Yaka Kol Detaylı Örme T-Shirt TBBSS22BF0023,197.99,495,/trendyol-curve/mor-bisiklet-yaka-kol-detayli-orme-t-shirt-tbbss22bf0023-p-363818055,BB T-shirt
88,369654602,Trendyol Curve,Kiremit Kare Yaka Örme T-Shirt TBBSS22BF0027,132.99,231,/trendyol-curve/kiremit-kare-yaka-orme-t-shirt-tbbss22bf0027-p-369654602,BB T-shirt
89,442822185,Trendyol Curve,Siyah Geniş Kalıp Baskılı Bisiklet Yaka Örme T-shirt TBBSS23BF00015,215.99,700,/trendyol-curve/siyah-genis-kalip-baskili-bisiklet-yaka-orme-t-shirt-tbbss23bf00015-p-442822185,BB T-shirt
90,814881601,Trendyol Curve,Açık Pembe %100 Pamuk Sırt Baskılı Geniş Rahat Kesim Bisiklet Yaka Örme T-Shirt TBBSS24BF00025,150.99,14,/trendyol-curve/acik-pembe-100-pamuk-sirt-baskili-genis-rahat-kesim-bisiklet-yaka-orme-t-shirt-tbbss24bf00025-p-814881601,BB T-shirt
91,220737684,Trendyol Curve,Mavi Baskılı Örme T-Shirt TBBSS22TS2095,196.99,1710,/trendyol-curve/mavi-baskili-orme-t-shirt-tbbss22ts2095-p-220737684,BB T-shirt
92,212029901,Trendyol Curve,Siyah Baskılı Örme T-Shirt TBBSS22TS1048,143.99,568,/trendyol-curve/siyah-baskili-orme-t-shirt-tbbss22ts1048-p-212029901,BB T-shirt
93,220099665,Trendyol Curve,Siyah Crop Bisiklet Yaka Örme T-Shirt TBBSS22TS2107,193.99,516,/trendyol-curve/siyah-crop-bisiklet-yaka-orme-t-shirt-tbbss22ts2107-p-220099665,BB T-shirt
94,279096107,Trendyol Curve,Siyah Yuvarlak Yaka Uzun Kollu Örme T-shirt TBBAW23BF00004,122.99,358,/trendyol-curve/siyah-yuvarlak-yaka-uzun-kollu-orme-t-shirt-tbbaw23bf00004-p-279096107,BB T-shirt
95,452047698,Trendyol Curve,Siyah Bisiklet Yaka Baskılı Örme T-shirt TBBSS23BF00022,221.99,1160,/trendyol-curve/siyah-bisiklet-yaka-baskili-orme-t-shirt-tbbss23bf00022-p-452047698,BB T-shirt
96,444115751,Trendyol Curve,Siyah Boyfriend Yakası Ribanalı Örme T-shirt TBBSS23BF00019,144.99,290,/trendyol-curve/siyah-boyfriend-yakasi-ribanali-orme-t-shirt-tbbss23bf00019-p-444115751,BB T-shirt
97,460580974,Trendyol Curve,Siyah Bisiklet Yaka Dikiş Detaylı Örme Crop T-Shirt TBBSS23BF00037,169.99,201,/trendyol-curve/siyah-bisiklet-yaka-dikis-detayli-orme-crop-t-shirt-tbbss23bf00037-p-460580974,BB T-shirt
98,816452285,Trendyol Curve,Kırmızı Çizgili Baskılı Oversize Örme T-shirt TBBSS24BF00017,220.99,30,/trendyol-curve/kirmizi-cizgili-baskili-oversize-orme-t-shirt-tbbss24bf00017-p-816452285,BB T-shirt
99,447665349,Trendyol Curve,Bej Bisiklet Yaka Baskılı Örme T-Shirt TBBSS23BF00027,141.99,359,/trendyol-curve/bej-bisiklet-yaka-baskili-orme-t-shirt-tbbss23bf00027-p-447665349,BB T-shirt
100,809348443,Trendyol Curve,Pembe Kalpli Cut-Out Detaylı Fitilli Örme T-shirt TBBSS24BF00006,194.99,66,/trendyol-curve/pembe-kalpli-cut-out-detayli-fitilli-orme-t-shirt-tbbss24bf00006-p-809348443,BB T-shirt
101,792571997,Trendyol Curve,Beyaz Renk Blok Detaylı Boyfriend Örme T-shirt TBBSS24BF00012,186.99,84,/trendyol-curve/beyaz-renk-blok-detayli-boyfriend-orme-t-shirt-tbbss24bf00012-p-792571997,BB T-shirt
102,216951163,Trendyol Curve,Siyah Yaka Detaylı Örme T-Shirt TBBSS22TS1027,197.99,1691,/trendyol-curve/siyah-yaka-detayli-orme-t-shirt-tbbss22ts1027-p-216951163,BB T-shirt
103,813921291,Trendyol Curve,Siyah Boyfriend V Yaka Yırtmaçlı Örme Modal Kumaş T-Shirt TBBSS24BF00065,189.99,2,/trendyol-curve/siyah-boyfriend-v-yaka-yirtmacli-orme-modal-kumas-t-shirt-tbbss24bf00065-p-813921291,BB T-shirt
104,805660591,Trendyol Curve,Siyah Animal Baskılı Oversize Örme T-shirt TBBSS24BF00059,192.99,59,/trendyol-curve/siyah-animal-baskili-oversize-orme-t-shirt-tbbss24bf00059-p-805660591,BB T-shirt
105,443788412,Trendyol Curve,Lacivert Baskılı Crop Örme T-shirt TBBSS23BF00011,161.99,436,/trendyol-curve/lacivert-baskili-crop-orme-t-shirt-tbbss23bf00011-p-443788412,BB T-shirt
106,792881380,Trendyol Curve,Açık Mavi %100 Pamuk Baskılı Relaxed/Geniş Rahat Kesim Bisiklet Yaka Örme T-Shirt TBBSS24BF00026,156.99,60,/trendyol-curve/acik-mavi-100-pamuk-baskili-relaxed-genis-rahat-kesim-bisiklet-yaka-orme-t-shirt-tbbss24bf00026-p-792881380,BB T-shirt
107,809448188,Trendyol Curve,Brode Detaylı Basic Örme T-shirt TBBSS24BF00055,285.99,75,/trendyol-curve/brode-detayli-basic-orme-t-shirt-tbbss24bf00055-p-809448188,BB T-shirt
108,801115201,Trendyol Curve,Taş %100 Pamuk More Sustainable Asimetrik Örme T-shirt TBBSS24BF00052,163.99,10,/trendyol-curve/tas-100-pamuk-more-sustainable-asimetrik-orme-t-shirt-tbbss24bf00052-p-801115201,BB T-shirt
109,776716088,Trendyol Curve,Yeşil ,190.99,116,/trendyol-curve/yesil-p-776716088,BB T-shirt
110,812919891,Trendyol Curve,Somon Yaka Ribanalı Geniş Kalıp Basic Örme T-shirt TBBSS23BF00017,195.99,25,/trendyol-curve/somon-yaka-ribanali-genis-kalip-basic-orme-t-shirt-tbbss23bf00017-p-812919891,BB T-shirt
111,785876486,Trendyol Curve,Beyaz Düğme Detaylı Örme T-shirt TBBSS24BF00000,251.99,155,/trendyol-curve/beyaz-dugme-detayli-orme-t-shirt-tbbss24bf00000-p-785876486,BB T-shirt
112,410829561,Trendyol Curve,Siyah Bisiklet Yaka Kolları Fırfırlı Örme T-Shirt TBBSS23BF00006,209.99,266,/trendyol-curve/siyah-bisiklet-yaka-kollari-firfirli-orme-t-shirt-tbbss23bf00006-p-410829561,BB T-shirt
113,363816006,Trendyol Curve,Turuncu Yaka Detaylı Örme T-Shirt TBBSS22TS1027,187.99,546,/trendyol-curve/turuncu-yaka-detayli-orme-t-shirt-tbbss22ts1027-p-363816006,BB T-shirt
114,184973803,Trendyol Curve,Siyah V Yaka Basic Örme T-Shirt TBBSS22BF0028,223.99,319,/trendyol-curve/siyah-v-yaka-basic-orme-t-shirt-tbbss22bf0028-p-184973803,BB T-shirt
115,185897209,Trendyol Curve,Beyaz Boyfriend V Yaka Yırtmaçlı Örme T-Shirt TBBSS22BF0036,225.99,1016,/trendyol-curve/beyaz-boyfriend-v-yaka-yirtmacli-orme-t-shirt-tbbss22bf0036-p-185897209,BB T-shirt
116,792549934,Trendyol Curve,Siyah Dik Yaka Boyfriend Örme T-Shirt TBBSS24BF00015,134.99,16,/trendyol-curve/siyah-dik-yaka-boyfriend-orme-t-shirt-tbbss24bf00015-p-792549934,BB T-shirt
117,369753085,Trendyol Curve,Turuncu Boyfriend V Yaka Yırtmaçlı Örme T-Shirt TBBSS22BF0036,175.99,439,/trendyol-curve/turuncu-boyfriend-v-yaka-yirtmacli-orme-t-shirt-tbbss22bf0036-p-369753085,BB T-shirt
118,412306416,Trendyol Curve,Gri Bisiklet Yaka Aksesuarlı Örme T-shirt TBBSS23BF00005,197.99,165,/trendyol-curve/gri-bisiklet-yaka-aksesuarli-orme-t-shirt-tbbss23bf00005-p-412306416,BB T-shirt
119,196005149,Trendyol Curve,Siyah Boyfriend Parça Detaylı Örme T-Shirt TBBSS22TS0727,132.99,797,/trendyol-curve/siyah-boyfriend-parca-detayli-orme-t-shirt-tbbss22ts0727-p-196005149,BB T-shirt
120,792541125,Trendyol Curve,Siyah Kayık Yaka Örme T-shirt TBBSS24BF00014,114.99,17,/trendyol-curve/siyah-kayik-yaka-orme-t-shirt-tbbss24bf00014-p-792541125,BB T-shirt
122,803223057,Trendyol Curve,Bej Düğme Detaylı Boyfriend Örme T-shirt TBBSS24BF00047,200.99,19,/trendyol-curve/bej-dugme-detayli-boyfriend-orme-t-shirt-tbbss24bf00047-p-803223057,BB T-shirt
123,799051857,Trendyol Curve,Pembe Taş Detaylı Boyfriend Örme T-shirt TBBSS24BF00042,110.99,20,/trendyol-curve/pembe-tas-detayli-boyfriend-orme-t-shirt-tbbss24bf00042-p-799051857,BB T-shirt
124,460580980,Trendyol Curve,Beyaz Bisiklet Yaka Dikiş Detaylı Örme Crop T-Shirt TBBSS23BF00037,249.99,293,/trendyol-curve/beyaz-bisiklet-yaka-dikis-detayli-orme-crop-t-shirt-tbbss23bf00037-p-460580980,BB T-shirt
125,816892145,Trendyol Curve,Haki-Somon %100 Pamuk Süprem Bisiklet Yaka 2'li Paket Örme T-Shirt,278.99,24,/trendyol-curve/haki-somon-100-pamuk-suprem-bisiklet-yaka-2-li-paket-orme-t-shirt-p-816892145,BB T-shirt
126,805483518,Trendyol Curve,Beyaz Brode Detaylı Boyfriend Örme T-shirt TBBSS24BF00054,175.99,17,/trendyol-curve/beyaz-brode-detayli-boyfriend-orme-t-shirt-tbbss24bf00054-p-805483518,BB T-shirt
127,363816009,Trendyol Curve,Lila Yaka Detaylı Örme T-Shirt TBBSS22TS1027,221.99,320,/trendyol-curve/lila-yaka-detayli-orme-t-shirt-tbbss22ts1027-p-363816009,BB T-shirt
128,792801601,Trendyol Curve,Kahverengi %100 Pamuk Slogan Baskılı Relaxed/Geniş Rahat Kesim Örme T-Shirt TBBSS24BF00022,151.99,47,/trendyol-curve/kahverengi-100-pamuk-slogan-baskili-relaxed-genis-rahat-kesim-orme-t-shirt-tbbss24bf00022-p-792801601,BB T-shirt
129,796361778,Trendyol Curve,Gri Melanj Baskılı Oversize Örme T-shirt TBBSS24BF00020,195.99,32,/trendyol-curve/gri-melanj-baskili-oversize-orme-t-shirt-tbbss24bf00020-p-796361778,BB T-shirt
130,297913262,Trendyol Curve,Turuncu Pencere/Cut Out Detaylı Örme T-Shirt TBBSS22BF00001,160.99,666,/trendyol-curve/turuncu-pencere-cut-out-detayli-orme-t-shirt-tbbss22bf00001-p-297913262,BB T-shirt
131,792885650,Trendyol Curve,Yağ Yeşili-Gri 2'li Paket %100 Pamuk Basic Dik Yaka Örme T-Shirt TBBSS24BF00027,215.99,22,/trendyol-curve/yag-yesili-gri-2-li-paket-100-pamuk-basic-dik-yaka-orme-t-shirt-tbbss24bf00027-p-792885650,BB T-shirt
132,790836690,Trendyol Curve,Beyaz Kalp Aksesuar Detaylı Oversize Örme T-shirt TBBSS24BF00008,211.99,180,/trendyol-curve/beyaz-kalp-aksesuar-detayli-oversize-orme-t-shirt-tbbss24bf00008-p-790836690,BB T-shirt
134,410829565,Trendyol Curve,Pembe Bisiklet Yaka Kolları Fırfırlı Örme T-Shirt TBBSS23BF00006,208.99,362,/trendyol-curve/pembe-bisiklet-yaka-kollari-firfirli-orme-t-shirt-tbbss23bf00006-p-410829565,BB T-shirt
135,363758668,Trendyol Curve,Vizon Boyfriend V Yaka Yırtmaçlı Örme T-Shirt TBBSS22BF0036,230.99,460,/trendyol-curve/vizon-boyfriend-v-yaka-yirtmacli-orme-t-shirt-tbbss22bf0036-p-363758668,BB T-shirt
136,184973827,Trendyol Curve,Zümrüt V Yaka Basic Örme T-Shirt TBBSS22BF0028,169.99,546,/trendyol-curve/zumrut-v-yaka-basic-orme-t-shirt-tbbss22bf0028-p-184973827,BB T-shirt
137,795229723,Trendyol Curve,Saks Slogan Baskılı Oversize Örme T-shirt TBBSS24BF00018,201.99,58,/trendyol-curve/saks-slogan-baskili-oversize-orme-t-shirt-tbbss24bf00018-p-795229723,BB T-shirt
138,792885275,Trendyol Curve,Beyaz-Siyah 2'li Paket %100 Pamuk Basic Dik Yaka Örme T-Shirt TBBSS24BF00027,201.99,25,/trendyol-curve/beyaz-siyah-2-li-paket-100-pamuk-basic-dik-yaka-orme-t-shirt-tbbss24bf00027-p-792885275,BB T-shirt
139,364180077,Trendyol Curve,Beyaz Baskılı Örme T-Shirt TBBSS22TS2121,157.99,96,/trendyol-curve/beyaz-baskili-orme-t-shirt-tbbss22ts2121-p-364180077,BB T-shirt
140,369747337,Trendyol Curve,Mavi Bisiklet Yaka Kol Detaylı Örme T-Shirt TBBSS22BF0023,262.99,428,/trendyol-curve/mavi-bisiklet-yaka-kol-detayli-orme-t-shirt-tbbss22bf0023-p-369747337,BB T-shirt
141,363823230,Trendyol Curve,Beyaz Bisiklet Yaka Baskılı Örme T-Shirt TBBSS22TS1944,164.99,302,/trendyol-curve/beyaz-bisiklet-yaka-baskili-orme-t-shirt-tbbss22ts1944-p-363823230,BB T-shirt
142,464380048,Trendyol Curve,Siyah-Beyaz Çizgili Kayık Yaka Örme T-shirt TBBSS23BF00018,193.99,371,/trendyol-curve/siyah-beyaz-cizgili-kayik-yaka-orme-t-shirt-tbbss23bf00018-p-464380048,BB T-shirt
143,814881371,Trendyol Curve,Gri Melanj Slogan Baskılı Boyfriend Örme T-shirt TBBSS24BF00036,183.99,28,/trendyol-curve/gri-melanj-slogan-baskili-boyfriend-orme-t-shirt-tbbss24bf00036-p-814881371,BB T-shirt
144,813918959,Trendyol Curve,Siyah Basic Bisiklet Yaka Örme Modal Kumaş T-Shirt,199.99,5,/trendyol-curve/siyah-basic-bisiklet-yaka-orme-modal-kumas-t-shirt-p-813918959,BB T-shirt
145,460562297,Trendyol Curve,Beyaz Bisiklet Yaka Animal Baskılı Örme T-Shirt TBBSS23BF00035,149.99,186,/trendyol-curve/beyaz-bisiklet-yaka-animal-baskili-orme-t-shirt-tbbss23bf00035-p-460562297,BB T-shirt
146,794458675,Trendyol Curve,Beyaz Biye Detaylı Örme T-shirt TBBSS24BF00021,123.99,47,/trendyol-curve/beyaz-biye-detayli-orme-t-shirt-tbbss24bf00021-p-794458675,BB T-shirt
147,790725364,Trendyol Curve,Antrasit Nakış Detaylı Fitilli Örme T-shirt TBBSS24BF00007,108.99,30,/trendyol-curve/antrasit-nakis-detayli-fitilli-orme-t-shirt-tbbss24bf00007-p-790725364,BB T-shirt
148,801141104,Trendyol Curve,Kahverengi Animal Desen Boyfriend Örme T-shirt TBBSS24BF00046,181.99,41,/trendyol-curve/kahverengi-animal-desen-boyfriend-orme-t-shirt-tbbss24bf00046-p-801141104,BB T-shirt
149,790745526,Trendyol Curve,Beyaz Baskılı Boyfriend Örme T-shirt TBBSS24BF00005,173.99,47,/trendyol-curve/beyaz-baskili-boyfriend-orme-t-shirt-tbbss24bf00005-p-790745526,BB T-shirt
150,185192533,Trendyol Curve,Beyaz Boyfriend Bisiklet Yaka Yırtmaçlı Örme T-Shirt TBBSS22BF0031,214.99,920,/trendyol-curve/beyaz-boyfriend-bisiklet-yaka-yirtmacli-orme-t-shirt-tbbss22bf0031-p-185192533,BB T-shirt
151,168717510,Trendyol Curve,Beyaz Kolları Bağlama Detaylı Örme T-Shirt TBBSS22BF0003,229.99,801,/trendyol-curve/beyaz-kollari-baglama-detayli-orme-t-shirt-tbbss22bf0003-p-168717510,BB T-shirt
152,447656267,Trendyol Curve,Siyah Bisiklet Yaka Baskılı Örme T-Shirt TBBSS23BF00024,238.99,329,/trendyol-curve/siyah-bisiklet-yaka-baskili-orme-t-shirt-tbbss23bf00024-p-447656267,BB T-shirt
153,787993950,Trendyol Curve,Antrasit Eskitme/Soluk Efektli Basic Fitilli Pamuklu Esnek Örme T-Shirt TBBSS24AF00030,142.99,8,/trendyol-curve/antrasit-eskitme-soluk-efektli-basic-fitilli-pamuklu-esnek-orme-t-shirt-tbbss24af00030-p-787993950,BB T-shirt
154,635016098,Trendyol Curve,Beyaz More Sustainable Sırt Dekolteli Vatkalı Örme T-Shirt TBBSS23BF00045,293.99,244,/trendyol-curve/beyaz-more-sustainable-sirt-dekolteli-vatkali-orme-t-shirt-tbbss23bf00045-p-635016098,BB T-shirt
155,816452383,Trendyol Curve,Pembe Çizgili Baskılı Oversize Örme T-shirt TBBSS24BF00017,262.99,22,/trendyol-curve/pembe-cizgili-baskili-oversize-orme-t-shirt-tbbss24bf00017-p-816452383,BB T-shirt
156,368312160,Trendyol Curve,Pembe Basic Bisiklet Yaka Örme T-Shirt TBBSS22TS0733,162.99,214,/trendyol-curve/pembe-basic-bisiklet-yaka-orme-t-shirt-tbbss22ts0733-p-368312160,BB T-shirt
157,790767644,Trendyol Curve,Siyah Dantelli Örme T-shirt TBBSS24BF00009,168.99,114,/trendyol-curve/siyah-dantelli-orme-t-shirt-tbbss24bf00009-p-790767644,BB T-shirt
158,267223481,Trendyol Curve,Kırmızı Yaka Detaylı Örme T-Shirt TBBSS22TS1027,215.99,501,/trendyol-curve/kirmizi-yaka-detayli-orme-t-shirt-tbbss22ts1027-p-267223481,BB T-shirt
159,792770532,Trendyol Curve,Indigo Boyfriend Örme T-shirt TBBSS24BF00015,115.99,15,/trendyol-curve/indigo-boyfriend-orme-t-shirt-tbbss24bf00015-p-792770532,BB T-shirt
160,797898201,Trendyol Curve,Lacivert Nakış Detaylı Basic Örme T-shirt TBBSS24BF00039,133.99,38,/trendyol-curve/lacivert-nakis-detayli-basic-orme-t-shirt-tbbss24bf00039-p-797898201,BB T-shirt
161,812819379,Trendyol Curve,Lila Düğme Detaylı Örme T-shirt TBBSS24BF00000,195.99,21,/trendyol-curve/lila-dugme-detayli-orme-t-shirt-tbbss24bf00000-p-812819379,BB T-shirt
162,220524730,Trendyol Curve,Turuncu Baskılı Örme T-Shirt TBBSS22TS1871,164.99,237,/trendyol-curve/turuncu-baskili-orme-t-shirt-tbbss22ts1871-p-220524730,BB T-shirt
163,796381568,Trendyol Curve,Ekru Dikiş Detaylı Basic Örme T-shirt TBBSS24BF00040,102.99,26,/trendyol-curve/ekru-dikis-detayli-basic-orme-t-shirt-tbbss24bf00040-p-796381568,BB T-shirt
164,796381340,Trendyol Curve,Kiremit Dikiş Detaylı Basic Örme T-shirt TBBSS24BF00040,118.99,13,/trendyol-curve/kiremit-dikis-detayli-basic-orme-t-shirt-tbbss24bf00040-p-796381340,BB T-shirt
165,818082553,Trendyol Curve,Siyah Oversize Örme T-Shirt TBBSS24BF00071,153.99,10,/trendyol-curve/siyah-oversize-orme-t-shirt-tbbss24bf00071-p-818082553,BB T-shirt
166,364148413,Trendyol Curve,Siyah Bisiklet Yaka Örme T-Shirt TBBSS22TS2094,263.99,433,/trendyol-curve/siyah-bisiklet-yaka-orme-t-shirt-tbbss22ts2094-p-364148413,BB T-shirt
167,806466982,Trendyol Curve,Pembe Yakası Ribanalı Boyfriend Örme T-shirt TBBSS23BF00019,164.99,29,/trendyol-curve/pembe-yakasi-ribanali-boyfriend-orme-t-shirt-tbbss23bf00019-p-806466982,BB T-shirt
168,460558589,Trendyol Curve,Beyaz Bisiklet Yaka Baskılı Örme T-Shirt TBBSS23BF00034,146.99,145,/trendyol-curve/beyaz-bisiklet-yaka-baskili-orme-t-shirt-tbbss23bf00034-p-460558589,BB T-shirt
169,805657980,Trendyol Curve,Yeşil Baskılı Boyfriend Örme T-shirt TBBSS24BF00058,167.99,20,/trendyol-curve/yesil-baskili-boyfriend-orme-t-shirt-tbbss24bf00058-p-805657980,BB T-shirt
170,803223622,Trendyol Curve,Yeşil Düğme Detaylı Boyfriend Örme T-shirt TBBSS24BF00047,207.99,18,/trendyol-curve/yesil-dugme-detayli-boyfriend-orme-t-shirt-tbbss24bf00047-p-803223622,BB T-shirt
171,796428516,Trendyol Curve,Beyaz Gold Metal Baskılı Boyfriend Örme T-shirt TBBSS24BF00030,139.99,15,/trendyol-curve/beyaz-gold-metal-baskili-boyfriend-orme-t-shirt-tbbss24bf00030-p-796428516,BB T-shirt
172,812818931,Trendyol Curve,Mint Yeşili Düğme Detaylı Örme T-shirt TBBSS24BF00000,231.99,34,/trendyol-curve/mint-yesili-dugme-detayli-orme-t-shirt-tbbss24bf00000-p-812818931,BB T-shirt
173,801104869,Trendyol Curve,Taş %100 Pamuk More Sustainable Boyfriend Örme T-shirt TBBSS24BF00051,154.99,10,/trendyol-curve/tas-100-pamuk-more-sustainable-boyfriend-orme-t-shirt-tbbss24bf00051-p-801104869,BB T-shirt
174,220478858,Trendyol Curve,Antrasit Bisiklet Yaka Baskılı Örme T-Shirt TBBSS22TS1944,223.99,665,/trendyol-curve/antrasit-bisiklet-yaka-baskili-orme-t-shirt-tbbss22ts1944-p-220478858,BB T-shirt
175,818084852,Trendyol Curve,Pembe Bisiklet Yaka Oversize Örme T-Shirt TBBSS24BF00072,160.99,3,/trendyol-curve/pembe-bisiklet-yaka-oversize-orme-t-shirt-tbbss24bf00072-p-818084852,BB T-shirt
176,222760837,Trendyol Curve,Pembe Yaka Detaylı Örme T-Shirt TBBSS22TS1027,240.99,398,/trendyol-curve/pembe-yaka-detayli-orme-t-shirt-tbbss22ts1027-p-222760837,BB T-shirt
177,799621513,Trendyol Curve,Gri Etiket Detaylı Boyfriend Örme T-shirt TBBSS24BF00038,144.99,18,/trendyol-curve/gri-etiket-detayli-boyfriend-orme-t-shirt-tbbss24bf00038-p-799621513,BB T-shirt
178,799053535,Trendyol Curve,Beyaz Varak Baskı Detaylı Boyfriend Örme T-shirt TBBSS24BF00043,127.99,27,/trendyol-curve/beyaz-varak-baski-detayli-boyfriend-orme-t-shirt-tbbss24bf00043-p-799053535,BB T-shirt
179,801331298,Trendyol Curve,Pembe Şerit Detaylı Baskılı Basic Örme T-shirt TBBSS24BF00048,124.99,21,/trendyol-curve/pembe-serit-detayli-baskili-basic-orme-t-shirt-tbbss24bf00048-p-801331298,BB T-shirt
180,812853912,Trendyol Curve,Beyaz Bisiklet Yaka Kiraz Desenli Boncuk İşlemeli Basic Örme T-shirt TBBSS24BF00064,291.99,14,/trendyol-curve/beyaz-bisiklet-yaka-kiraz-desenli-boncuk-islemeli-basic-orme-t-shirt-tbbss24bf00064-p-812853912,BB T-shirt
181,230040131,Trendyol Curve,Bej Baskılı Örme T-Shirt TBBSS22TS2287,251.99,550,/trendyol-curve/bej-baskili-orme-t-shirt-tbbss22ts2287-p-230040131,BB T-shirt
182,792540690,Trendyol Curve,Beyaz Kayık Yaka Örme T-shirt TBBSS24BF00014,96.99,22,/trendyol-curve/beyaz-kayik-yaka-orme-t-shirt-tbbss24bf00014-p-792540690,BB T-shirt
183,785876772,Trendyol Curve,Beyaz Çizgi Kumaş Detaylı Oversize Örme T-Shirt TBBSS24BF00001,214.99,47,/trendyol-curve/beyaz-cizgi-kumas-detayli-oversize-orme-t-shirt-tbbss24bf00001-p-785876772,BB T-shirt
184,729589937,Trendyol Curve,Siyah Slogan Baskılı Crop Örme T-shirt TBBSS23BF00069,188.99,104,/trendyol-curve/siyah-slogan-baskili-crop-orme-t-shirt-tbbss23bf00069-p-729589937,BB T-shirt
185,799163253,Trendyol Curve,Mint Varak Baskı Detaylı Boyfriend Örme T-shirt TBBSS24BF00044,166.99,20,/trendyol-curve/mint-varak-baski-detayli-boyfriend-orme-t-shirt-tbbss24bf00044-p-799163253,BB T-shirt
186,447677641,Trendyol Curve,Pembe Bisiklet Yaka Örme T-Shirt TBBSS23BF00028,179.99,175,/trendyol-curve/pembe-bisiklet-yaka-orme-t-shirt-tbbss23bf00028-p-447677641,BB T-shirt
187,812927552,Trendyol Curve,Turuncu V Yaka Basic Örme T-Shirt TBBSS22BF0028,250.99,12,/trendyol-curve/turuncu-v-yaka-basic-orme-t-shirt-tbbss22bf0028-p-812927552,BB T-shirt
188,805659893,Trendyol Curve,Pembe Baskılı Oval Kesim Boyfrind Örme T-shirt TBBSS24BF00056,201.99,26,/trendyol-curve/pembe-baskili-oval-kesim-boyfrind-orme-t-shirt-tbbss24bf00056-p-805659893,BB T-shirt
189,817823733,Trendyol Curve,Bordo ,215.99,10,/trendyol-curve/bordo-p-817823733,BB T-shirt
190,795468148,Trendyol Curve,Ekru Unisex Oversize Rahat %100 Pamuklu Couple Örme T-Shirt TBBSS24BF00033,165.99,27,/trendyol-curve/ekru-unisex-oversize-rahat-100-pamuklu-couple-orme-t-shirt-tbbss24bf00033-p-795468148,BB T-shirt
191,774359434,Trendyol Curve,Yeşil ,263.99,33,/trendyol-curve/yesil-p-774359434,BB T-shirt
192,801115323,Trendyol Curve,Siyah %100 Pamuk More Sustainable Asimetrik Örme T-shirt TBBSS24BF00052,256.99,15,/trendyol-curve/siyah-100-pamuk-more-sustainable-asimetrik-orme-t-shirt-tbbss24bf00052-p-801115323,BB T-shirt
193,229518661,Trendyol Curve,Vizon Baskılı Örme T-Shirt TBBSS22TS1656,232.99,248,/trendyol-curve/vizon-baskili-orme-t-shirt-tbbss22ts1656-p-229518661,BB T-shirt
194,817798513,Trendyol Curve,Yeşil Bisiklet Yaka Örme T-Shirt TBBSS24BF00070,150.99,2,/trendyol-curve/yesil-bisiklet-yaka-orme-t-shirt-tbbss24bf00070-p-817798513,BB T-shirt
195,230060882,Trendyol Curve,Indigo Büzgü Detaylı Örme T-Shirt TBBSS22TS2293,250.99,556,/trendyol-curve/indigo-buzgu-detayli-orme-t-shirt-tbbss22ts2293-p-230060882,BB T-shirt
196,800378886,Trendyol Curve,Turuncu Yırtmaç Ve Büzgü Detaylı Boyfriend Örme T-shirt TBBSS24BF00049,143.99,17,/trendyol-curve/turuncu-yirtmac-ve-buzgu-detayli-boyfriend-orme-t-shirt-tbbss24bf00049-p-800378886,BB T-shirt
197,805659263,Trendyol Curve,Bej Sırt Baskılı Boyfriend Örme T-shirt TBBSS24BF00057,115.99,25,/trendyol-curve/bej-sirt-baskili-boyfriend-orme-t-shirt-tbbss24bf00057-p-805659263,BB T-shirt
198,800378533,Trendyol Curve,Pembe Yırtmaç Ve Büzgü Detaylı Boyfriend Örme T-shirt TBBSS24BF00049,140.99,11,/trendyol-curve/pembe-yirtmac-ve-buzgu-detayli-boyfriend-orme-t-shirt-tbbss24bf00049-p-800378533,BB T-shirt
199,792885799,Trendyol Curve,Bej-Vizon 2'li Paket %100 Pamuk Basic Dik Yaka Örme T-Shirt TBBSS24BF00027,244.99,24,/trendyol-curve/bej-vizon-2-li-paket-100-pamuk-basic-dik-yaka-orme-t-shirt-tbbss24bf00027-p-792885799,BB T-shirt
200,796360050,Trendyol Curve,Beyaz Baskı ve Nakış Detaylı Boyfriend Örme T-shirt TBBSS24BF00019,129.99,20,/trendyol-curve/beyaz-baski-ve-nakis-detayli-boyfriend-orme-t-shirt-tbbss24bf00019-p-796360050,BB T-shirt
201,279098328,Trendyol Curve,Lacivert Siyah Bisiklet Yaka Basic Örme T-Shirt TBBAW23BF00005,281.99,121,/trendyol-curve/lacivert-siyah-bisiklet-yaka-basic-orme-t-shirt-tbbaw23bf00005-p-279098328,BB T-shirt
202,814881440,Trendyol Curve,Mavi Slogan Baskılı Boyfriend Örme T-shirt TBBSS24BF00036,182.99,16,/trendyol-curve/mavi-slogan-baskili-boyfriend-orme-t-shirt-tbbss24bf00036-p-814881440,BB T-shirt
203,230060926,Trendyol Curve,Siyah Büzgü Detaylı Örme T-Shirt TBBSS22TS2293,253.99,469,/trendyol-curve/siyah-buzgu-detayli-orme-t-shirt-tbbss22ts2293-p-230060926,BB T-shirt
204,447683913,Trendyol Curve,Siyah Bisiklet Yaka Örme T-Shirt TBBSS23BF00030,199.99,386,/trendyol-curve/siyah-bisiklet-yaka-orme-t-shirt-tbbss23bf00030-p-447683913,BB T-shirt
205,818082623,Trendyol Curve,Pembe Oversize Örme T-Shirt TBBSS24BF00071,140.99,7,/trendyol-curve/pembe-oversize-orme-t-shirt-tbbss24bf00071-p-818082623,BB T-shirt
206,818084858,Trendyol Curve,Turuncu Bisiklet Yaka Oversize Örme T-Shirt TBBSS24BF00072,169.99,2,/trendyol-curve/turuncu-bisiklet-yaka-oversize-orme-t-shirt-tbbss24bf00072-p-818084858,BB T-shirt
207,444115760,Trendyol Curve,Beyaz Lacivert Yakası Ribanalı Boyfriend Örme T-shirt TBBSS23BF00019,223.99,309,/trendyol-curve/beyaz-lacivert-yakasi-ribanali-boyfriend-orme-t-shirt-tbbss23bf00019-p-444115760,BB T-shirt
208,231554386,Trendyol Curve,Turuncu Bisiklet Yaka Örme T-Shirt TBBSS22TS2094,270.99,1209,/trendyol-curve/turuncu-bisiklet-yaka-orme-t-shirt-tbbss22ts2094-p-231554386,BB T-shirt
209,444115739,Trendyol Curve,Lacivert Yakası Ribanalı Boyfriend Örme T-shirt TBBSS23BF00019,227.99,174,/trendyol-curve/lacivert-yakasi-ribanali-boyfriend-orme-t-shirt-tbbss23bf00019-p-444115739,BB T-shirt
210,818082622,Trendyol Curve,Bej Oversize Örme T-Shirt TBBSS24BF00071,158.99,7,/trendyol-curve/bej-oversize-orme-t-shirt-tbbss24bf00071-p-818082622,BB T-shirt
211,801105212,Trendyol Curve,Antrasit %100 Pamuk More Sustainable Boyfriend Örme T-shirt TBBSS24BF00051,204.99,17,/trendyol-curve/antrasit-100-pamuk-more-sustainable-boyfriend-orme-t-shirt-tbbss24bf00051-p-801105212,BB T-shirt
212,801080023,Trendyol Curve,Mint %100 Pamuk More Sustainable Oversize Örme T-shirt TBBSS24BF00050,325.99,14,/trendyol-curve/mint-100-pamuk-more-sustainable-oversize-orme-t-shirt-tbbss24bf00050-p-801080023,BB T-shirt
213,266811463,Trendyol Curve,Sarı Kolları Bağlama Detaylı Örme T-Shirt TBBSS22BF0003,274.99,266,/trendyol-curve/sari-kollari-baglama-detayli-orme-t-shirt-tbbss22bf0003-p-266811463,BB T-shirt
214,190356211,Trendyol Curve,Taş Bisiklet Yaka Kol Detaylı Örme T-Shirt TBBSS22BF0023,256.99,275,/trendyol-curve/tas-bisiklet-yaka-kol-detayli-orme-t-shirt-tbbss22bf0023-p-190356211,BB T-shirt
215,812928249,Trendyol Curve,Lila V Yaka Yırtmaçlı Basic Örme T-Shirt TBBSS22BF0036,266.99,10,/trendyol-curve/lila-v-yaka-yirtmacli-basic-orme-t-shirt-tbbss22bf0036-p-812928249,BB T-shirt
216,797884825,Trendyol Curve,Açık Mavi Metalik Nakış Detaylı Oversize Örme T-shirt TBBSS24BF00028,162.99,20,/trendyol-curve/acik-mavi-metalik-nakis-detayli-oversize-orme-t-shirt-tbbss24bf00028-p-797884825,BB T-shirt
217,230133356,Trendyol Curve,Siyah Kol Detaylı Örme T-Shirt TBBSS22TS2291,244.99,791,/trendyol-curve/siyah-kol-detayli-orme-t-shirt-tbbss22ts2291-p-230133356,BB T-shirt
218,812878406,Trendyol Curve,Pembe Geniş Kalıp Örme Nakışlı T-Shirt TBBSS22BF00002,216.99,11,/trendyol-curve/pembe-genis-kalip-orme-nakisli-t-shirt-tbbss22bf00002-p-812878406,BB T-shirt
219,196081185,Trendyol Curve,Siyah Yaka Detaylı Örme T-Shirt TBBSS22TS0877,290.99,3123,/trendyol-curve/siyah-yaka-detayli-orme-t-shirt-tbbss22ts0877-p-196081185,BB T-shirt
220,447677622,Trendyol Curve,Beyaz Bisiklet Yaka Baskılı Örme T-Shirt TBBSS23BF00028,197.99,133,/trendyol-curve/beyaz-bisiklet-yaka-baskili-orme-t-shirt-tbbss23bf00028-p-447677622,BB T-shirt
221,792853980,Trendyol Curve,Ekru %100 Pamuk Premium Oversize/Geniş Kalıp Bisiklet Yaka Örme T-Shirt TBBSS24BF00023,130.99,26,/trendyol-curve/ekru-100-pamuk-premium-oversize-genis-kalip-bisiklet-yaka-orme-t-shirt-tbbss24bf00023-p-792853980,BB T-shirt
222,796427937,Trendyol Curve,Beyaz Taş Detaylı Boyfriend Örme T-shirt TBBSS24BF00031,195.99,11,/trendyol-curve/beyaz-tas-detayli-boyfriend-orme-t-shirt-tbbss24bf00031-p-796427937,BB T-shirt
223,818084855,Trendyol Curve,Mor Bisiklet Yaka Oversize Örme T-Shirt TBBSS24BF00072,217.99,14,/trendyol-curve/mor-bisiklet-yaka-oversize-orme-t-shirt-tbbss24bf00072-p-818084855,BB T-shirt
224,460603910,Trendyol Curve,Kırmızı Baskılı Örme T-Shirt TBBSS23BF00038,328.99,130,/trendyol-curve/kirmizi-baskili-orme-t-shirt-tbbss23bf00038-p-460603910,BB T-shirt
225,220746520,Trendyol Curve,Siyah Baskılı Örme T-Shirt TBBSS22TS2121,312.99,1052,/trendyol-curve/siyah-baskili-orme-t-shirt-tbbss22ts2121-p-220746520,BB T-shirt
226,364177829,Trendyol Curve,Siyah Baskılı Örme T-Shirt TBBSS22TS2095,225.99,349,/trendyol-curve/siyah-baskili-orme-t-shirt-tbbss22ts2095-p-364177829,BB T-shirt
227,816902443,Trendyol Curve,Yeşil Renk Bloklu Baskılı Örme T-shirt TBBSS23BF00014,242.99,14,/trendyol-curve/yesil-renk-bloklu-baskili-orme-t-shirt-tbbss23bf00014-p-816902443,BB T-shirt
228,803324516,Trendyol Curve,Pembe Polo Yaka Örme T-shirt TBBSS24BF00045,265.99,23,/trendyol-curve/pembe-polo-yaka-orme-t-shirt-tbbss24bf00045-p-803324516,BB T-shirt
229,801079610,Trendyol Curve,Antrasit %100 Pamuk More Sustainable Oversize Örme T-shirt TBBSS24BF00050,283.99,15,/trendyol-curve/antrasit-100-pamuk-more-sustainable-oversize-orme-t-shirt-tbbss24bf00050-p-801079610,BB T-shirt
230,792567723,Trendyol Curve,Beyaz Baskı Detaylı Oversize Örme T-shirt TBBSS24BF00013,178.99,16,/trendyol-curve/beyaz-baski-detayli-oversize-orme-t-shirt-tbbss24bf00013-p-792567723,BB T-shirt
231,803324470,Trendyol Curve,Açık Mavi Polo Yaka T-shirt TBBSS24BF00045,257.99,23,/trendyol-curve/acik-mavi-polo-yaka-t-shirt-tbbss24bf00045-p-803324470,BB T-shirt
232,801116341,Trendyol Curve,Mint %100 Pamuk More Sustainable Biye Detaylı Relaxed Örme T-shirt TBBSS24BF00053,285.99,11,/trendyol-curve/mint-100-pamuk-more-sustainable-biye-detayli-relaxed-orme-t-shirt-tbbss24bf00053-p-801116341,BB T-shirt
233,817798511,Trendyol Curve,Siyah Bisiklet Yaka Örme T-Shirt TBBSS24BF00070,214.99,10,/trendyol-curve/siyah-bisiklet-yaka-orme-t-shirt-tbbss24bf00070-p-817798511,BB T-shirt
234,229730805,Trendyol Curve,Kahverengi Baskılı Örme T-Shirt TBBSS22TS1659,309.99,377,/trendyol-curve/kahverengi-baskili-orme-t-shirt-tbbss22ts1659-p-229730805,BB T-shirt
235,168717512,Trendyol Curve,Yeşil Kolları Bağlama Detaylı Örme T-Shirt TBBSS22BF0003,296.99,1700,/trendyol-curve/yesil-kollari-baglama-detayli-orme-t-shirt-tbbss22bf0003-p-168717512,BB T-shirt
