,ID,MARKA,URUN_NAME,FIYAT,RATE_COUNT,URUN_LINK,KATEGORI
0,789053930,TRENDYOLMİLLA,Pembe Crop Dokuma Büstiyer TPRSS24BS00020,325.99,171,/trendyolmilla/pembe-crop-dokuma-bustiyer-tprss24bs00020-p-789053930,Büstiyer
1,386608502,TRENDYOLMİLLA,Çok Renkli Crop Astarlı Korse Detaylı Çiçek Desenli Dokuma Poplin Büstiyer TPRSS23BS00063,449.99,567,/trendyolmilla/cok-renkli-crop-astarli-korse-detayli-cicek-desenli-dokuma-poplin-bustiyer-tprss23bs00063-p-386608502,Büstiyer
2,786953187,TRENDYOLMİLLA,Koyu Mavi Yaka Detaylı Askılı Denim Büstiyer TWOSS24BS00010,359.99,131,/trendyolmilla/koyu-mavi-yaka-detayli-askili-denim-bustiyer-twoss24bs00010-p-786953187,Büstiyer
3,363082260,TRENDYOLMİLLA,Ekru Crop Astarlı Parıltılı Örme Büstiyer TPRSS23BS00011,249.99,509,/trendyolmilla/ekru-crop-astarli-pariltili-orme-bustiyer-tprss23bs00011-p-363082260,Büstiyer
4,771068815,TRENDYOLMİLLA,Pembe-Çok Renkli Crop Astarlı Korse Detaylı Çiçek Desenli Dokuma Poplin Büstiyer TPRSS23BS00063,391.99,64,/trendyolmilla/pembe-cok-renkli-crop-astarli-korse-detayli-cicek-desenli-dokuma-poplin-bustiyer-tprss23bs00063-p-771068815,Büstiyer
5,819553490,Edit by Trendyol,Siyah Örme Büstiyer TEDSS24BS00001,207.99,45,/edit-by-trendyol/siyah-orme-bustiyer-tedss24bs00001-p-819553490,Büstiyer
6,819553480,Edit by Trendyol,Açık Pembe Örme Büstiyer TEDSS24BS00001,208.99,38,/edit-by-trendyol/acik-pembe-orme-bustiyer-tedss24bs00001-p-819553480,Büstiyer
7,322933923,TRENDYOLMİLLA,Siyah Crop Astarlı Korse Detaylı Agraflı Örme Dantel Büstiyer TPRAW23BS00062,357.99,1829,/trendyolmilla/siyah-crop-astarli-korse-detayli-agrafli-orme-dantel-bustiyer-tpraw23bs00062-p-322933923,Büstiyer
8,453387658,TRENDYOLMİLLA,Çok Renkli Çiçek Baskılı Degrade Örme Tül Büstiyer TPRSS23BS00104,321.99,444,/trendyolmilla/cok-renkli-cicek-baskili-degrade-orme-tul-bustiyer-tprss23bs00104-p-453387658,Büstiyer
9,217462610,TRENDYOLMİLLA,Siyah Crop Astarlı Dokuma Büstiyer TPRSS22BS0065,323.99,1993,/trendyolmilla/siyah-crop-astarli-dokuma-bustiyer-tprss22bs0065-p-217462610,Büstiyer
10,319281734,TRENDYOLMİLLA,Siyah Crop Astarlı Agraflı Dokuma Dantel Büstiyer TPRAW23BS00045,279.99,931,/trendyolmilla/siyah-crop-astarli-agrafli-dokuma-dantel-bustiyer-tpraw23bs00045-p-319281734,Büstiyer
11,243550248,TRENDYOLMİLLA,Siyah Crop Astarlı Otrişli Dokuma Büstiyer TPRSS22BS00018,304.99,5312,/trendyolmilla/siyah-crop-astarli-otrisli-dokuma-bustiyer-tprss22bs00018-p-243550248,Büstiyer
12,410736817,TRENDYOLMİLLA,Mavi Kuş Gözlü Denim Büstiyer TWOSS23BS00010,433.99,1035,/trendyolmilla/mavi-kus-gozlu-denim-bustiyer-twoss23bs00010-p-410736817,Büstiyer
13,130393874,TRENDYOLMİLLA,Siyah Crop Astarlı Dokuma Büstiyer TPRAW22BS0005,194.99,1956,/trendyolmilla/siyah-crop-astarli-dokuma-bustiyer-tpraw22bs0005-p-130393874,Büstiyer
14,190084168,TRENDYOLMİLLA,Ekru Crop Balenli Dokuma Büstiyer TPRSS22BS0024,395.99,2437,/trendyolmilla/ekru-crop-balenli-dokuma-bustiyer-tprss22bs0024-p-190084168,Büstiyer
15,112694295,TRENDYOLMİLLA,Beyaz Crop Astarlı Korse Detaylı Dokuma Büstiyer TPRSS21BS0032,317.99,3959,/trendyolmilla/beyaz-crop-astarli-korse-detayli-dokuma-bustiyer-tprss21bs0032-p-112694295,Büstiyer
16,302714074,TRENDYOLMİLLA,Sagaza Studio Beyaz Metal Aksesuar Detaylı Örme Büstiyer TPRSS22BS00019,260.99,1184,/trendyolmilla/sagaza-studio-beyaz-metal-aksesuar-detayli-orme-bustiyer-tprss22bs00019-p-302714074,Büstiyer
17,356741699,TRENDYOLMİLLA,Açık Yeşil Crop Astarlı Korse Detaylı Örme Büstiyer TPRSS23BS00006,339.99,1404,/trendyolmilla/acik-yesil-crop-astarli-korse-detayli-orme-bustiyer-tprss23bs00006-p-356741699,Büstiyer
18,640371367,TRENDYOLMİLLA,Ekru Crop Astarlı Korse Detaylı Agraflı Örme Dantel Büstiyer TPRAW23BS00062,360.99,429,/trendyolmilla/ekru-crop-astarli-korse-detayli-agrafli-orme-dantel-bustiyer-tpraw23bs00062-p-640371367,Büstiyer
19,241982186,TRENDYOLMİLLA,X Sagaza Studio Siyah Crop Örme Büstiyer TPRSS22BS00010,279.99,2580,/trendyolmilla/x-sagaza-studio-siyah-crop-orme-bustiyer-tprss22bs00010-p-241982186,Büstiyer
20,784308094,TRENDYOLMİLLA,Siyah Crop Korse Detaylı Dokuma Büstiyer TPRSS24BS00006,204.99,71,/trendyolmilla/siyah-crop-korse-detayli-dokuma-bustiyer-tprss24bs00006-p-784308094,Büstiyer
21,810275204,TRENDYOLMİLLA,Mavi Sırt Dekolteli Denim Büstiyer TWOSS24BS00016,359.99,27,/trendyolmilla/mavi-sirt-dekolteli-denim-bustiyer-twoss24bs00016-p-810275204,Büstiyer
22,816233996,TRENDYOLMİLLA,Siyah-Beyaz Straplez Yaka Detaylı Dokuma Büstiyer TPRSS24BS00038,205.99,13,/trendyolmilla/siyah-beyaz-straplez-yaka-detayli-dokuma-bustiyer-tprss24bs00038-p-816233996,Büstiyer
23,356741703,TRENDYOLMİLLA,Ekru Balen Detaylı Örme Saten Büstiyer TPRSS23BS00006,390.99,658,/trendyolmilla/ekru-balen-detayli-orme-saten-bustiyer-tprss23bs00006-p-356741703,Büstiyer
48,464945255,TRENDYOLMİLLA,Siyah Pamuklu Askılı V Yaka Esnek Örme Büstiyer TWOSS23BS00021,174.99,217,/trendyolmilla/siyah-pamuklu-askili-v-yaka-esnek-orme-bustiyer-twoss23bs00021-p-464945255,Büstiyer
49,648339705,TRENDYOLMİLLA,Beyaz Kuş Gözü Detaylı Denim Büstiyer TWOSS23BS00010,331.99,248,/trendyolmilla/beyaz-kus-gozu-detayli-denim-bustiyer-twoss23bs00010-p-648339705,Büstiyer
50,660303094,TRENDYOLMİLLA,X Zeynep Tosun Siyah Taş Aksesuarlı Büstiyer TCLSS23BS00015,344.99,212,/trendyolmilla/x-zeynep-tosun-siyah-tas-aksesuarli-bustiyer-tclss23bs00015-p-660303094,Büstiyer
51,792749463,TRENDYOLMİLLA,Siyah Crop Bağlama Detaylı Dokuma Büstiyer TPRSS24BS00027,354.99,58,/trendyolmilla/siyah-crop-baglama-detayli-dokuma-bustiyer-tprss24bs00027-p-792749463,Büstiyer
52,811941926,TRENDYOLMİLLA,Siyah Korse Detaylı Dokuma Büstiyer TPRSS24BS00037,185.99,6,/trendyolmilla/siyah-korse-detayli-dokuma-bustiyer-tprss24bs00037-p-811941926,Büstiyer
53,385993744,TRENDYOLMİLLA,Mavi Dikiş Detaylı Straplez Denim Büstiyer TWOSS23BS00008,271.99,353,/trendyolmilla/mavi-dikis-detayli-straplez-denim-bustiyer-twoss23bs00008-p-385993744,Büstiyer
54,366256973,TRENDYOLMİLLA,Kahverengi Crop Astarlı Korse Detaylı Agraflı Örme Dantel Büstiyer TPRAW23BS00072,299.99,624,/trendyolmilla/kahverengi-crop-astarli-korse-detayli-agrafli-orme-dantel-bustiyer-tpraw23bs00072-p-366256973,Büstiyer
55,827740481,TRENDYOLMİLLA,Gül Kurusu 3 Boyutlu Çiçekli Dokuma Büstiyer TPRSS24BS00046,444.99,8,/trendyolmilla/gul-kurusu-3-boyutlu-cicekli-dokuma-bustiyer-tprss24bs00046-p-827740481,Büstiyer
56,835053791,TRENDYOLMİLLA,Siyah Crop Dokuma Saten Büstiyer TPRSS24BS00048,281.99,0,/trendyolmilla/siyah-crop-dokuma-saten-bustiyer-tprss24bs00048-p-835053791,Büstiyer
57,235912816,TRENDYOLMİLLA,Pembe Straplez Dokuma Büstiyer TPRSS21BS0032,234.99,1765,/trendyolmilla/pembe-straplez-dokuma-bustiyer-tprss21bs0032-p-235912816,Büstiyer
58,835053790,TRENDYOLMİLLA,Petrol Crop Dokuma Saten Büstiyer TPRSS24BS00048,281.99,1,/trendyolmilla/petrol-crop-dokuma-saten-bustiyer-tprss24bs00048-p-835053790,Büstiyer
59,815530877,TRENDYOLMİLLA,Kırmızı Crop Dokuma Büstiyer TPRSS24BS00020,259.99,16,/trendyolmilla/kirmizi-crop-dokuma-bustiyer-tprss24bs00020-p-815530877,Büstiyer
60,797887448,TRENDYOLMİLLA,Siyah Carmen Yaka Dokuma Büstiyer TPRSS24BS00018,337.99,23,/trendyolmilla/siyah-carmen-yaka-dokuma-bustiyer-tprss24bs00018-p-797887448,Büstiyer
61,243550242,TRENDYOLMİLLA,Bridal Beyaz Crop Astarlı Otrişli Dokuma Büstiyer TPRSS22BS00018,334.99,1386,/trendyolmilla/bridal-beyaz-crop-astarli-otrisli-dokuma-bustiyer-tprss22bs00018-p-243550242,Büstiyer
62,784308282,TRENDYOLMİLLA,Siyah Crop Korse Detaylı Örme Büstiyer TPRSS24BS00007,174.99,26,/trendyolmilla/siyah-crop-korse-detayli-orme-bustiyer-tprss24bs00007-p-784308282,Büstiyer
63,815530878,TRENDYOLMİLLA,Siyah Crop Dokuma Büstiyer TPRSS24BS00020,310.99,20,/trendyolmilla/siyah-crop-dokuma-bustiyer-tprss24bs00020-p-815530878,Büstiyer
64,819963266,TRENDYOLMİLLA,Pudra İncili Korse Detaylı Dokuma Büstiyer TPRSS24BS00042,478.99,8,/trendyolmilla/pudra-incili-korse-detayli-dokuma-bustiyer-tprss24bs00042-p-819963266,Büstiyer
65,190084162,TRENDYOLMİLLA,Siyah Crop Balenli Dokuma Büstiyer TPRSS22BS0024,373.99,2416,/trendyolmilla/siyah-crop-balenli-dokuma-bustiyer-tprss22bs0024-p-190084162,Büstiyer
66,736607861,TRENDYOLMİLLA,Siyah Crop Astarlı Korse Detaylı Örme Büstiyer TPRSS23BS00006,350.99,78,/trendyolmilla/siyah-crop-astarli-korse-detayli-orme-bustiyer-tprss23bs00006-p-736607861,Büstiyer
67,650496679,TRENDYOLMİLLA,Siyah Fitted/Vücuda Oturan Crop Askılı Krep Örme Büstiyer TWOSS23BS00036,244.99,487,/trendyolmilla/siyah-fitted-vucuda-oturan-crop-askili-krep-orme-bustiyer-twoss23bs00036-p-650496679,Büstiyer
68,782105203,TRENDYOLMİLLA,Beyaz Fitted/Vücuda Oturan Crop Askılı Krep Örme Büstiyer TWOSS23BS00036,243.99,47,/trendyolmilla/beyaz-fitted-vucuda-oturan-crop-askili-krep-orme-bustiyer-twoss23bs00036-p-782105203,Büstiyer
69,820029217,TRENDYOLMİLLA,Lacivert Dokuma Payet Büstiyer TPRSS24BS00044,167.99,2,/trendyolmilla/lacivert-dokuma-payet-bustiyer-tprss24bs00044-p-820029217,Büstiyer
70,816492154,TRENDYOLMİLLA,Pembe Crop Bağlama Detaylı Dokuma Büstiyer TPRSS24BS00027,368.99,19,/trendyolmilla/pembe-crop-baglama-detayli-dokuma-bustiyer-tprss24bs00027-p-816492154,Büstiyer
71,820136629,TRENDYOLMİLLA,Açık Mavi Volanlı Denim Büstiyer TWOSS24BS00019,367.99,10,/trendyolmilla/acik-mavi-volanli-denim-bustiyer-twoss24bs00019-p-820136629,Büstiyer
72,805040456,TRENDYOLMİLLA,Siyah Crop Kalp Formlu Püsküllü Dokuma Büstiyer TPRSS24BS00031,162.99,18,/trendyolmilla/siyah-crop-kalp-formlu-puskullu-dokuma-bustiyer-tprss24bs00031-p-805040456,Büstiyer
73,793692752,TRENDYOLMİLLA,Limited Edition Siyah Crop Çizgilli Dokuma Büstiyer TPRSS24BS00029,170.99,19,/trendyolmilla/limited-edition-siyah-crop-cizgilli-dokuma-bustiyer-tprss24bs00029-p-793692752,Büstiyer
74,133990379,TRENDYOLMİLLA,X Sagaza Studio Siyah Parıltılı Lastik Detaylı Örme Büstiyer TPRAW22BS0014,157.99,7160,/trendyolmilla/x-sagaza-studio-siyah-pariltili-lastik-detayli-orme-bustiyer-tpraw22bs0014-p-133990379,Büstiyer
75,380998307,TRENDYOLMİLLA,Mavi Crop Parıltılı Örme Büstiyer TPRSS23BS00042,256.99,171,/trendyolmilla/mavi-crop-pariltili-orme-bustiyer-tprss23bs00042-p-380998307,Büstiyer
76,820133936,TRENDYOLMİLLA,Koyu Mavi Bağlama Detaylı Denim Büstiyer TWOSS24BS00017,356.99,6,/trendyolmilla/koyu-mavi-baglama-detayli-denim-bustiyer-twoss24bs00017-p-820133936,Büstiyer
77,784313564,TRENDYOLMİLLA,Bridal Beyaz Crop Dokuma Büstiyer TPRSS24BS00010,191.99,19,/trendyolmilla/bridal-beyaz-crop-dokuma-bustiyer-tprss24bs00010-p-784313564,Büstiyer
78,460386693,TRENDYOLMİLLA,X Sagaza Studio Siyah Lastik Detaylı Büstiyer TCLSS23BS00008,162.99,87,/trendyolmilla/x-sagaza-studio-siyah-lastik-detayli-bustiyer-tclss23bs00008-p-460386693,Büstiyer
79,650496677,TRENDYOLMİLLA,Fuşya Fitted/Vücuda Oturan Crop Askılı Krep Örme Büstiyer TWOSS23BS00036,180.99,202,/trendyolmilla/fusya-fitted-vucuda-oturan-crop-askili-krep-orme-bustiyer-twoss23bs00036-p-650496677,Büstiyer
80,788964880,TRENDYOLMİLLA,Siyah Parlak Taşlı Korse Detaylı Dokuma Büstiyer TPRSS24BS00023,269.99,16,/trendyolmilla/siyah-parlak-tasli-korse-detayli-dokuma-bustiyer-tprss24bs00023-p-788964880,Büstiyer
81,444150814,TRENDYOLMİLLA,Siyah Crop Aksesuarlı Örme Büstiyer TPRSS23BS00088,324.99,346,/trendyolmilla/siyah-crop-aksesuarli-orme-bustiyer-tprss23bs00088-p-444150814,Büstiyer
82,640371370,TRENDYOLMİLLA,Pembe Crop Astarlı Korse Detaylı Agraflı Örme Dantel Büstiyer TPRAW23BS00062,314.99,527,/trendyolmilla/pembe-crop-astarli-korse-detayli-agrafli-orme-dantel-bustiyer-tpraw23bs00062-p-640371370,Büstiyer
83,812327026,TRENDYOLMİLLA,Lila Korse Detaylı Çiçek Aksesuarlı Dokuma Büstiyer TPRSS24BS00022,290.99,15,/trendyolmilla/lila-korse-detayli-cicek-aksesuarli-dokuma-bustiyer-tprss24bs00022-p-812327026,Büstiyer
84,788674827,TRENDYOLMİLLA,Siyah Fermuarlı Dokuma Büstiyer TPRSS24BS00025,244.99,67,/trendyolmilla/siyah-fermuarli-dokuma-bustiyer-tprss24bs00025-p-788674827,Büstiyer
85,792480756,TRENDYOLMİLLA,Pembe Korse Detaylı Dokuma Büstiyer TPRSS24BS00011,264.99,24,/trendyolmilla/pembe-korse-detayli-dokuma-bustiyer-tprss24bs00011-p-792480756,Büstiyer
86,782019965,TRENDYOLMİLLA,Bridal Beyaz Crop Astarlı Agraflı Dokuma Dantel Büstiyer TPRAW23BS00045,308.99,64,/trendyolmilla/bridal-beyaz-crop-astarli-agrafli-dokuma-dantel-bustiyer-tpraw23bs00045-p-782019965,Büstiyer
87,785117275,TRENDYOLMİLLA,Beyaz Carmen Yaka Dokuma Büstiyer TPRSS24BS00019,332.99,20,/trendyolmilla/beyaz-carmen-yaka-dokuma-bustiyer-tprss24bs00019-p-785117275,Büstiyer
88,774683464,TRENDYOLMİLLA,Mavi Asimetrik Straplez Denim Büstiyer TWOSS24BS00002,216.99,20,/trendyolmilla/mavi-asimetrik-straplez-denim-bustiyer-twoss24bs00002-p-774683464,Büstiyer
89,819647922,TRENDYOLMİLLA,Siyah Halter Yaka Örme Payet Büstiyer TPRSS24BS00041,309.99,12,/trendyolmilla/siyah-halter-yaka-orme-payet-bustiyer-tprss24bs00041-p-819647922,Büstiyer
90,776677767,TRENDYOLMİLLA,Siyah Crop Parlak Taşlı Dokuma Büstiyer TPRSS24BS00002,215.99,27,/trendyolmilla/siyah-crop-parlak-tasli-dokuma-bustiyer-tprss24bs00002-p-776677767,Büstiyer
91,683347281,TRENDYOLMİLLA,Siyah Crop Parlak Taşlı Dokuma Büstiyer TPRSS23BS00130,311.99,136,/trendyolmilla/siyah-crop-parlak-tasli-dokuma-bustiyer-tprss23bs00130-p-683347281,Büstiyer
92,807520940,TRENDYOLMİLLA,X Zeynep Tosun Siyah Örme Parlak Taşlı Büstiyer TCLSS24BS00001,393.99,14,/trendyolmilla/x-zeynep-tosun-siyah-orme-parlak-tasli-bustiyer-tclss24bs00001-p-807520940,Büstiyer
93,302714084,TRENDYOLMİLLA,X Sagaza Studio Siyah Metal Aksesuar Detaylı Örme Büstiyer TPRSS22BS00019,302.99,1087,/trendyolmilla/x-sagaza-studio-siyah-metal-aksesuar-detayli-orme-bustiyer-tprss22bs00019-p-302714084,Büstiyer
94,809910745,TRENDYOLMİLLA,Bordo Crop Dokuma Büstiyer TPRSS24BS00010,159.99,11,/trendyolmilla/bordo-crop-dokuma-bustiyer-tprss24bs00010-p-809910745,Büstiyer
95,782101846,TRENDYOLMİLLA,Bridal Beyaz Crop Aksesuarlı Örme Büstiyer TPRSS23BS00088,289.99,13,/trendyolmilla/bridal-beyaz-crop-aksesuarli-orme-bustiyer-tprss23bs00088-p-782101846,Büstiyer
96,827736583,TRENDYOLMİLLA,Siyah Taş Baskılı Dokuma Büstiyer TPRSS24BS00045,298.99,4,/trendyolmilla/siyah-tas-baskili-dokuma-bustiyer-tprss24bs00045-p-827736583,Büstiyer
97,816764786,TRENDYOLMİLLA,Siyah Parlak Taşlı Parıltılı Dokuma Büstiyer TPRSS24BS00040,352.99,11,/trendyolmilla/siyah-parlak-tasli-pariltili-dokuma-bustiyer-tprss24bs00040-p-816764786,Büstiyer
98,780971296,TRENDYOLMİLLA,Mavi Önden Düğmeli Straplez Denim Büstiyer TWOSS24BS00005,324.99,21,/trendyolmilla/mavi-onden-dugmeli-straplez-denim-bustiyer-twoss24bs00005-p-780971296,Büstiyer
99,827736585,TRENDYOLMİLLA,Taş Taş Baskılı Dokuma Büstiyer TPRSS24BS00045,205.99,2,/trendyolmilla/tas-tas-baskili-dokuma-bustiyer-tprss24bs00045-p-827736585,Büstiyer
100,785188980,TRENDYOLMİLLA,Koyu Mavi Dikiş Detaylı Straplez Denim Büstiyer TWOSS24BS00009,289.99,13,/trendyolmilla/koyu-mavi-dikis-detayli-straplez-denim-bustiyer-twoss24bs00009-p-785188980,Büstiyer
101,776678412,TRENDYOLMİLLA,Fuşya Crop Dokuma Büstiyer TPRSS24BS00003,130.99,9,/trendyolmilla/fusya-crop-dokuma-bustiyer-tprss24bs00003-p-776678412,Büstiyer
102,784344178,TRENDYOLMİLLA,Çok Renkli Desenli Crop Astarlı Parıltılı Pullu Örme Payet Büstiyer TPRSS24BS00009,228.99,28,/trendyolmilla/cok-renkli-desenli-crop-astarli-pariltili-pullu-orme-payet-bustiyer-tprss24bs00009-p-784344178,Büstiyer
103,784313563,TRENDYOLMİLLA,Siyah Crop Dokuma Büstiyer TPRSS24BS00010,251.99,23,/trendyolmilla/siyah-crop-dokuma-bustiyer-tprss24bs00010-p-784313563,Büstiyer
104,639475539,TRENDYOLMİLLA,Bridal Ekru Crop Kalp Yaka Dokuma Büstiyer TPRSS23BS00125,293.99,199,/trendyolmilla/bridal-ekru-crop-kalp-yaka-dokuma-bustiyer-tprss23bs00125-p-639475539,Büstiyer
105,784177418,TRENDYOLMİLLA,Siyah Vücuda Oturan Örme Dantel Büstiyer TPRSS24BS00008,175.99,10,/trendyolmilla/siyah-vucuda-oturan-orme-dantel-bustiyer-tprss24bs00008-p-784177418,Büstiyer
106,789051614,TRENDYOLMİLLA,Bridal Beyaz Korse Detaylı Çiçek Aksesuarlı Dokuma Büstiyer TPRSS24BS00022,365.99,48,/trendyolmilla/bridal-beyaz-korse-detayli-cicek-aksesuarli-dokuma-bustiyer-tprss24bs00022-p-789051614,Büstiyer
107,217462613,TRENDYOLMİLLA,Ekru Crop Astarlı Dokuma Büstiyer TPRSS22BS0065,369.99,513,/trendyolmilla/ekru-crop-astarli-dokuma-bustiyer-tprss22bs0065-p-217462613,Büstiyer
108,792755237,TRENDYOLMİLLA,Siyah Crop Dantel Detaylı Dokuma Saten BüstiyerTPRSS24BS00028,68.99,11,/trendyolmilla/siyah-crop-dantel-detayli-dokuma-saten-bustiyertprss24bs00028-p-792755237,Büstiyer
109,805255078,TRENDYOLMİLLA,Pembe Crop Fiyonk Detaylı Dokuma Büstiyer TPRSS24BS00035,311.99,36,/trendyolmilla/pembe-crop-fiyonk-detayli-dokuma-bustiyer-tprss24bs00035-p-805255078,Büstiyer
110,815572384,TRENDYOLMİLLA,X Zeynep Tosun Siyah Örme Aksesuarlı Büstiyer TCLSS24BS00005,195.99,3,/trendyolmilla/x-zeynep-tosun-siyah-orme-aksesuarli-bustiyer-tclss24bs00005-p-815572384,Büstiyer
111,380998304,TRENDYOLMİLLA,Siyah Crop Parıltılı Örme Büstiyer TPRSS23BS00042,244.99,251,/trendyolmilla/siyah-crop-pariltili-orme-bustiyer-tprss23bs00042-p-380998304,Büstiyer
112,800252064,TRENDYOLMİLLA,Bej %100 Keten Büstiyer TWOSS24BS00013,299.99,14,/trendyolmilla/bej-100-keten-bustiyer-twoss24bs00013-p-800252064,Büstiyer
113,776684974,TRENDYOLMİLLA,Siyah Crop Dokuma Büstiyer TPRSS24BS00001,182.99,15,/trendyolmilla/siyah-crop-dokuma-bustiyer-tprss24bs00001-p-776684974,Büstiyer
114,817885811,TRENDYOLMİLLA,Taş Crop Astarlı Agraflı Dokuma Dantel Büstiyer TPRAW23BS00045,192.99,4,/trendyolmilla/tas-crop-astarli-agrafli-dokuma-dantel-bustiyer-tpraw23bs00045-p-817885811,Büstiyer
115,769204834,TRENDYOLMİLLA,Mavi-Çok Renkli Çiçek Basklı Örme Tül Büstiyer TPRSS23BS00104,244.99,11,/trendyolmilla/mavi-cok-renkli-cicek-baskli-orme-tul-bustiyer-tprss23bs00104-p-769204834,Büstiyer
116,671989520,TRENDYOLMİLLA,X Zeynep Tosun Siyah Güneş Aksesuar Detaylı Simli Örme Büstiyer TCLSS23BS00012,169.99,158,/trendyolmilla/x-zeynep-tosun-siyah-gunes-aksesuar-detayli-simli-orme-bustiyer-tclss23bs00012-p-671989520,Büstiyer
117,364452382,TRENDYOLMİLLA,Açık Pembe Crop Astarlı Örme Büstiyer TPRSS22BS00005,187.99,189,/trendyolmilla/acik-pembe-crop-astarli-orme-bustiyer-tprss22bs00005-p-364452382,Büstiyer
118,745944457,TRENDYOLMİLLA,Siyah Crop Payet Büstiyer TPRAW24BS00010,141.99,61,/trendyolmilla/siyah-crop-payet-bustiyer-tpraw24bs00010-p-745944457,Büstiyer
119,220451866,TRENDYOLMİLLA,Siyah Vücuda Oturan Astarlı Püsküllü Dokuma Büstiyer TPRSS22BS0070,312.99,825,/trendyolmilla/siyah-vucuda-oturan-astarli-puskullu-dokuma-bustiyer-tprss22bs0070-p-220451866,Büstiyer
120,784308093,TRENDYOLMİLLA,Birdal Beyaz Crop Dokuma Büstiyer TPRSS24BS00006,285.99,24,/trendyolmilla/birdal-beyaz-crop-dokuma-bustiyer-tprss24bs00006-p-784308093,Büstiyer
121,807533070,TRENDYOLMİLLA,X Zeynep Tosun Beyaz Örme Aksesuarlı Balenli Büstiyer TCLSS24BS00002,459.99,3,/trendyolmilla/x-zeynep-tosun-beyaz-orme-aksesuarli-balenli-bustiyer-tclss24bs00002-p-807533070,Büstiyer
122,807533071,TRENDYOLMİLLA,X Zeynep Tosun Lacivert Örme Aksesuarlı Balenli Büstiyer TCLSS24BS00002,520.99,10,/trendyolmilla/x-zeynep-tosun-lacivert-orme-aksesuarli-balenli-bustiyer-tclss24bs00002-p-807533071,Büstiyer
123,815571639,TRENDYOLMİLLA,X Zeynep Tosun Kahverengi Örme Yılan Aksesuarlı Büstiyer TCLSS24BS00000,446.99,9,/trendyolmilla/x-zeynep-tosun-kahverengi-orme-yilan-aksesuarli-bustiyer-tclss24bs00000-p-815571639,Büstiyer
124,782425069,TRENDYOLMİLLA,Siyah Crop Astarlı Korse Detaylı Dokuma Büstiyer TPRSS24BS00005,284.99,16,/trendyolmilla/siyah-crop-astarli-korse-detayli-dokuma-bustiyer-tprss24bs00005-p-782425069,Büstiyer
125,365969213,TRENDYOLMİLLA,Siyah Crop Aksesuarlı Dokuma Büstiyer TPRSS23BS00018,299.99,185,/trendyolmilla/siyah-crop-aksesuarli-dokuma-bustiyer-tprss23bs00018-p-365969213,Büstiyer
126,811934226,TRENDYOLMİLLA,Siyah Straplez Parıltılı Simli Örme Büstiyer TPRSS24BS00036,262.99,16,/trendyolmilla/siyah-straplez-pariltili-simli-orme-bustiyer-tprss24bs00036-p-811934226,Büstiyer
127,776678415,TRENDYOLMİLLA,Siyah Crop Dokuma Büstiyer TPRSS24BS00003,157.99,7,/trendyolmilla/siyah-crop-dokuma-bustiyer-tprss24bs00003-p-776678415,Büstiyer
128,815579397,TRENDYOLMİLLA,X Zeynep Tosun Saks Örme Parlak Taşlı Büstiyer TCLSS24BS00004,200.99,2,/trendyolmilla/x-zeynep-tosun-saks-orme-parlak-tasli-bustiyer-tclss24bs00004-p-815579397,Büstiyer
129,788987833,TRENDYOLMİLLA,Çok Renkli Vücuda Oturan Örme Korse Detaylı Tül Büstiyer TPRSS24BS00024,171.99,21,/trendyolmilla/cok-renkli-vucuda-oturan-orme-korse-detayli-tul-bustiyer-tprss24bs00024-p-788987833,Büstiyer
130,241726397,TRENDYOLMİLLA,X Sagaza Studio Beyaz Bağlama Detaylı Büstiyer TPRSS22BS00013,225.99,445,/trendyolmilla/x-sagaza-studio-beyaz-baglama-detayli-bustiyer-tprss22bs00013-p-241726397,Büstiyer
131,805039227,TRENDYOLMİLLA,Siyah Crop Gül Detaylı Dokuma Büstiyer TPRSS24BS00032,113.99,6,/trendyolmilla/siyah-crop-gul-detayli-dokuma-bustiyer-tprss24bs00032-p-805039227,Büstiyer
132,788983172,TRENDYOLMİLLA,Siyah Korse Detaylı Dokuma Organze Büstiyer TPRSS24BS00021,191.99,21,/trendyolmilla/siyah-korse-detayli-dokuma-organze-bustiyer-tprss24bs00021-p-788983172,Büstiyer
133,788987830,TRENDYOLMİLLA,Siyah Vücuda Oturan Korse Detaylı Örme Tül Büstiyer TPRSS24BS00024,142.99,19,/trendyolmilla/siyah-vucuda-oturan-korse-detayli-orme-tul-bustiyer-tprss24bs00024-p-788987830,Büstiyer
134,363181170,TRENDYOLMİLLA,Bej Crop Astarlı Dokuma Saten Büstiyer TPRSS23BS00013,422.99,155,/trendyolmilla/bej-crop-astarli-dokuma-saten-bustiyer-tprss23bs00013-p-363181170,Büstiyer
135,800162690,TRENDYOLMİLLA,Beyaz Crop Volanlı Dokuma Poplin Büstiyer TPRSS24BS00030,209.99,16,/trendyolmilla/beyaz-crop-volanli-dokuma-poplin-bustiyer-tprss24bs00030-p-800162690,Büstiyer
136,776684972,TRENDYOLMİLLA,Bridal Beyaz Crop Dokuma Büstiyer TPRSS24BS00001,239.99,20,/trendyolmilla/bridal-beyaz-crop-dokuma-bustiyer-tprss24bs00001-p-776684972,Büstiyer
137,380351755,TRENDYOLMİLLA,Saks Crop Astarlı Örme Büstiyer TPRSS23BS00050,62.99,22,/trendyolmilla/saks-crop-astarli-orme-bustiyer-tprss23bs00050-p-380351755,Büstiyer
138,640031741,TRENDYOLMİLLA,Mavi Crop Denim Parlak Taşlı Büstiyer TPRSS23BS00116,151.99,100,/trendyolmilla/mavi-crop-denim-parlak-tasli-bustiyer-tprss23bs00116-p-640031741,Büstiyer
139,808016882,TRENDYOLMİLLA,X Zeynep Tosun Siyah Örme Bağlama Detaylı Balenli Büstiyer TCLSS24BS00003,510.99,7,/trendyolmilla/x-zeynep-tosun-siyah-orme-baglama-detayli-balenli-bustiyer-tclss24bs00003-p-808016882,Büstiyer
140,241256161,TRENDYOLMİLLA,Saks Crop Astarlı Biyeli Dokuma Büstiyer TPRSS22BS0026,281.99,380,/trendyolmilla/saks-crop-astarli-biyeli-dokuma-bustiyer-tprss22bs0026-p-241256161,Büstiyer
141,785117274,TRENDYOLMİLLA,Kırmızı Carmen Yaka Dokuma Büstiyer TPRSS24BS00019,293.99,21,/trendyolmilla/kirmizi-carmen-yaka-dokuma-bustiyer-tprss24bs00019-p-785117274,Büstiyer
142,380948843,TRENDYOLMİLLA,Siyah Crop Astarlı Parlak Taşlı Dokuma Büstiyer TPRSS23BS00047,348.99,425,/trendyolmilla/siyah-crop-astarli-parlak-tasli-dokuma-bustiyer-tprss23bs00047-p-380948843,Büstiyer
143,785729655,TRENDYOLMİLLA,Bridal Beyaz Crop Fırfırlı Örme Büstiyer TPRSS24BS00014,159.99,12,/trendyolmilla/bridal-beyaz-crop-firfirli-orme-bustiyer-tprss24bs00014-p-785729655,Büstiyer
144,192674145,TRENDYOLMİLLA,Ekru Balenli Bağlamalı Dokuma Büstiyer TPRSS22BS0026,408.99,1814,/trendyolmilla/ekru-balenli-baglamali-dokuma-bustiyer-tprss22bs0026-p-192674145,Büstiyer
145,805040255,TRENDYOLMİLLA,Siyah Vücuda Oturan Dokuma Büstiyer TPRSS24BS00034,204.99,21,/trendyolmilla/siyah-vucuda-oturan-dokuma-bustiyer-tprss24bs00034-p-805040255,Büstiyer
146,788964879,TRENDYOLMİLLA,Bridal Beyaz Parlak Taşlı Korse Detaylı Dokuma Büstiyer TPRSS24BS00023,335.99,16,/trendyolmilla/bridal-beyaz-parlak-tasli-korse-detayli-dokuma-bustiyer-tprss24bs00023-p-788964879,Büstiyer
147,782434789,TRENDYOLMİLLA,Lacivert Crop Parıltılı Örme Büstiyer TPRSS24BS00004,183.99,17,/trendyolmilla/lacivert-crop-pariltili-orme-bustiyer-tprss24bs00004-p-782434789,Büstiyer
148,172431698,TRENDYOLMİLLA,Yeşil Geometrik Desenli Örme Büstiyer TPRSS22BS0006,93.99,1266,/trendyolmilla/yesil-geometrik-desenli-orme-bustiyer-tprss22bs0006-p-172431698,Büstiyer
149,785729656,TRENDYOLMİLLA,Mor Crop Fırfırlı Örme Büstiyer TPRSS24BS00014,122.99,15,/trendyolmilla/mor-crop-firfirli-orme-bustiyer-tprss24bs00014-p-785729656,Büstiyer
150,814346917,TRENDYOLMİLLA,Pembe Crop Korse Detaylı Dokuma Büstiyer TPRSS24BS00006,161.99,6,/trendyolmilla/pembe-crop-korse-detayli-dokuma-bustiyer-tprss24bs00006-p-814346917,Büstiyer
151,812841516,Edit by Trendyol,Siyah Straplez Cut Out Detaylı Büstiyer TEDSS24BS00000,65.99,5,/edit-by-trendyol/siyah-straplez-cut-out-detayli-bustiyer-tedss24bs00000-p-812841516,Büstiyer
152,776684455,TRENDYOLMİLLA,Siyah Crop Kemerli Dokuma Büstiyer TPRSS24BS00000,173.99,16,/trendyolmilla/siyah-crop-kemerli-dokuma-bustiyer-tprss24bs00000-p-776684455,Büstiyer
153,771067642,TRENDYOLMİLLA,Siyah Kalp Yaka Dokuma Büstiyer TPRSS23BS00125,234.99,8,/trendyolmilla/siyah-kalp-yaka-dokuma-bustiyer-tprss23bs00125-p-771067642,Büstiyer
154,808842012,TRENDYOLMİLLA,Siyah Pilise Fitted/vücuda Oturan Crop Esnek Örme Büstiyer TWOSS24BS00015,133.99,12,/trendyolmilla/siyah-pilise-fitted-vucuda-oturan-crop-esnek-orme-bustiyer-twoss24bs00015-p-808842012,Büstiyer
155,380999298,TRENDYOLMİLLA,Mavi Crop Pencere/Cut Out Detaylı Aksesuarlı Örme Büstiyer TPRSS23BS00044,240.99,194,/trendyolmilla/mavi-crop-pencere-cut-out-detayli-aksesuarli-orme-bustiyer-tprss23bs00044-p-380999298,Büstiyer
156,820135767,TRENDYOLMİLLA,Gri Denim Büstiyer TWOSS24BS00018,259.99,0,/trendyolmilla/gri-denim-bustiyer-twoss24bs00018-p-820135767,Büstiyer
157,220451878,TRENDYOLMİLLA,Ekru Vücuda Oturan Astarlı Püsküllü Dokuma Büstiyer TPRSS22BS0070,349.99,408,/trendyolmilla/ekru-vucuda-oturan-astarli-puskullu-dokuma-bustiyer-tprss22bs0070-p-220451878,Büstiyer
158,768951757,TRENDYOLMİLLA,Bordo Crop Astarlı Parıltılı Örme Büstiyer TPRSS23BS00011,263.99,31,/trendyolmilla/bordo-crop-astarli-pariltili-orme-bustiyer-tprss23bs00011-p-768951757,Büstiyer
159,785184653,TRENDYOLMİLLA,Beyaz Straplez Denim Büstiyer TWOSS24BS00006,109.99,2,/trendyolmilla/beyaz-straplez-denim-bustiyer-twoss24bs00006-p-785184653,Büstiyer
160,784352135,TRENDYOLMİLLA,Antrasit Crop Metalik Görünümlü Büstiyer TPRSS24BS00012,163.99,12,/trendyolmilla/antrasit-crop-metalik-gorunumlu-bustiyer-tprss24bs00012-p-784352135,Büstiyer
161,363082239,TRENDYOLMİLLA,Siyah Crop Astarl Parıltılı Örme Büstiyer TPRSS23BS00011,310.99,40,/trendyolmilla/siyah-crop-astarl-pariltili-orme-bustiyer-tprss23bs00011-p-363082239,Büstiyer
162,192674141,TRENDYOLMİLLA,Siyah Balenli Bağlamalı Dokuma Büstiyer TPRSS22BS0026,406.99,1566,/trendyolmilla/siyah-balenli-baglamali-dokuma-bustiyer-tprss22bs0026-p-192674141,Büstiyer
163,831635575,TRENDYOLMİLLA,Kırmızı Crop Astarlı Dokuma Büstiyer TPRSS22BS0065,313.99,0,/trendyolmilla/kirmizi-crop-astarli-dokuma-bustiyer-tprss22bs0065-p-831635575,Büstiyer
164,635712061,TRENDYOLMİLLA,Gri Crop Astarlı Parıltılı Örme Büstiyer TPRSS23BS00011,268.99,90,/trendyolmilla/gri-crop-astarli-pariltili-orme-bustiyer-tprss23bs00011-p-635712061,Büstiyer
165,220455241,TRENDYOLMİLLA,Siyah Crop Astarlı Dokuma Büstiyer TPRSS22BS0069,195.99,435,/trendyolmilla/siyah-crop-astarli-dokuma-bustiyer-tprss22bs0069-p-220455241,Büstiyer
166,812841512,Edit by Trendyol,Mavi Straplez Cut Out Detaylı Büstiyer TEDSS24BS00000,58.99,3,/edit-by-trendyol/mavi-straplez-cut-out-detayli-bustiyer-tedss24bs00000-p-812841512,Büstiyer
167,370971485,TRENDYOLMİLLA,Siyah Crop Astarlı Biyeli Korse Detaylı Örme Dantel Büstiyer TPRSS23BS00032,325.99,243,/trendyolmilla/siyah-crop-astarli-biyeli-korse-detayli-orme-dantel-bustiyer-tprss23bs00032-p-370971485,Büstiyer
168,812831505,TRENDYOLMİLLA,Lacivert Crop Astarlı Korse Detaylı Örme Büstiyer TPRSS23BS00006,319.99,8,/trendyolmilla/lacivert-crop-astarli-korse-detayli-orme-bustiyer-tprss23bs00006-p-812831505,Büstiyer
169,812831521,TRENDYOLMİLLA,Fuşya Crop Astarlı Korse Detaylı Örme Büstiyer TPRSS23BS00006,298.99,3,/trendyolmilla/fusya-crop-astarli-korse-detayli-orme-bustiyer-tprss23bs00006-p-812831521,Büstiyer
170,785184652,TRENDYOLMİLLA,Mavi Straplez Denim Büstiyer TWOSS24BS00006,179.99,10,/trendyolmilla/mavi-straplez-denim-bustiyer-twoss24bs00006-p-785184652,Büstiyer
171,647413294,TRENDYOLMİLLA,Açık Bej Crop Parıltılı Örme Büstiyer TPRSS23BS00011,184.99,145,/trendyolmilla/acik-bej-crop-pariltili-orme-bustiyer-tprss23bs00011-p-647413294,Büstiyer
172,775715728,TRENDYOLMİLLA,Siyah Düğme Detaylı Straplez Denim Büstiyer TWOSS24BS00000,296.99,12,/trendyolmilla/siyah-dugme-detayli-straplez-denim-bustiyer-twoss24bs00000-p-775715728,Büstiyer
173,318856252,TRENDYOLMİLLA,Siyah Crop Örme Büstiyer TPRAW23BS00054,254.99,330,/trendyolmilla/siyah-crop-orme-bustiyer-tpraw23bs00054-p-318856252,Büstiyer
174,805039229,TRENDYOLMİLLA,Pembe Crop Gül Detaylı Dokuma Büstiyer TPRSS24BS00032,139.99,12,/trendyolmilla/pembe-crop-gul-detayli-dokuma-bustiyer-tprss24bs00032-p-805039229,Büstiyer
175,824716933,TRENDYOLMİLLA,Beyaz Crop Astarlı Korse Detaylı Örme Büstiyer TPRSS23BS00006,341.99,7,/trendyolmilla/beyaz-crop-astarli-korse-detayli-orme-bustiyer-tprss23bs00006-p-824716933,Büstiyer
176,812327027,TRENDYOLMİLLA,Kırmızı Korse Detaylı Çiçek Aksesuarlı Dokuma Büstiyer TPRSS24BS00022,444.99,15,/trendyolmilla/kirmizi-korse-detayli-cicek-aksesuarli-dokuma-bustiyer-tprss24bs00022-p-812327027,Büstiyer
177,774666932,TRENDYOLMİLLA,Mavi Dikiş Detaylı Straplez Denim Büstiyer TWOSS24BS00003,261.99,12,/trendyolmilla/mavi-dikis-detayli-straplez-denim-bustiyer-twoss24bs00003-p-774666932,Büstiyer
178,365966539,TRENDYOLMİLLA,Mavi-Yeşil Crop Biyeli Dokuma Büstiyer TPRSS23BS00016,255.99,110,/trendyolmilla/mavi-yesil-crop-biyeli-dokuma-bustiyer-tprss23bs00016-p-365966539,Büstiyer
179,639475521,TRENDYOLMİLLA,Pembe Kalp Yaka Dokuma Büstiyer TPRSS23BS00125,171.99,156,/trendyolmilla/pembe-kalp-yaka-dokuma-bustiyer-tprss23bs00125-p-639475521,Büstiyer
180,808842008,TRENDYOLMİLLA,Beyaz Pilise Fitted/vücuda Oturan Crop Esnek Örme Büstiyer TWOSS24BS00015,140.99,11,/trendyolmilla/beyaz-pilise-fitted-vucuda-oturan-crop-esnek-orme-bustiyer-twoss24bs00015-p-808842008,Büstiyer
181,217462612,TRENDYOLMİLLA,Fuşya Crop Astarlı Dokuma Büstiyer TPRSS22BS0065,223.99,9,/trendyolmilla/fusya-crop-astarli-dokuma-bustiyer-tprss22bs0065-p-217462612,Büstiyer
182,774369524,Edit by Trendyol,Koyu Mavi Straplez Denim Büstiyer TWOAW24BS00014,289.99,54,/edit-by-trendyol/koyu-mavi-straplez-denim-bustiyer-twoaw24bs00014-p-774369524,Büstiyer
183,639464652,TRENDYOLMİLLA,Antrasit Crop Parıltılı Örme Büstiyer TPRSS23BS00124,189.99,83,/trendyolmilla/antrasit-crop-pariltili-orme-bustiyer-tprss23bs00124-p-639464652,Büstiyer
184,370971487,TRENDYOLMİLLA,Ekru Crop Astarlı Biyeli Korse Detaylı Örme Dantel Büstiyer TPRSS23BS00032,372.99,83,/trendyolmilla/ekru-crop-astarli-biyeli-korse-detayli-orme-dantel-bustiyer-tprss23bs00032-p-370971487,Büstiyer
185,769919436,TRENDYOLMİLLA,Kırmızı Crop Korse Detaylı Dokuma Büstiyer TPRSS21BS0032,358.99,36,/trendyolmilla/kirmizi-crop-korse-detayli-dokuma-bustiyer-tprss21bs0032-p-769919436,Büstiyer
186,380353312,TRENDYOLMİLLA,Siyah-Beyaz Crop Astarlı Dokuma Büstiyer TPRSS23BS00052,293.99,346,/trendyolmilla/siyah-beyaz-crop-astarli-dokuma-bustiyer-tprss23bs00052-p-380353312,Büstiyer
187,805040459,TRENDYOLMİLLA,Kırmızı Kalp Formlu Püsküllü Crop Büstiyer TPRSS24BS00031,247.99,20,/trendyolmilla/kirmizi-kalp-formlu-puskullu-crop-bustiyer-tprss24bs00031-p-805040459,Büstiyer
188,771058483,TRENDYOLMİLLA,Gri Crop Astarlı Biyeli Dokuma Büstiyer TPRSS22BS0026,268.99,12,/trendyolmilla/gri-crop-astarli-biyeli-dokuma-bustiyer-tprss22bs0026-p-771058483,Büstiyer
189,388339249,TRENDYOLMİLLA,Siyah Crop Örme Dokulu Büstiyer TPRSS23BS00082,94.99,49,/trendyolmilla/siyah-crop-orme-dokulu-bustiyer-tprss23bs00082-p-388339249,Büstiyer
190,770035187,TRENDYOLMİLLA,Ekru Carmen Yaka Balenli Korse Detaylı Dokuma Büstiyer TPRSS23BS00121,376.99,7,/trendyolmilla/ekru-carmen-yaka-balenli-korse-detayli-dokuma-bustiyer-tprss23bs00121-p-770035187,Büstiyer
191,769917907,TRENDYOLMİLLA,Saks Crop Astarlı Korse Detaylı Agraflı Örme Dantel Büstiyer TPRAW23BS00062,311.99,8,/trendyolmilla/saks-crop-astarli-korse-detayli-agrafli-orme-dantel-bustiyer-tpraw23bs00062-p-769917907,Büstiyer
192,785138038,TRENDYOLMİLLA,Siyah Crop Gipeli Dokuma Büstiyer TPRSS24BS00013,109.99,8,/trendyolmilla/siyah-crop-gipeli-dokuma-bustiyer-tprss24bs00013-p-785138038,Büstiyer
193,776677764,TRENDYOLMİLLA,Gri Crop Parlak Taşlı Dokuma Büstiyer TPRSS24BS00002,158.99,9,/trendyolmilla/gri-crop-parlak-tasli-dokuma-bustiyer-tprss24bs00002-p-776677764,Büstiyer
194,388340432,TRENDYOLMİLLA,Çok Renkli Crop Örme Pencere/Cut Out Detaylı Hayvan Desenli Büstiyer TPRSS23BS00081,94.99,28,/trendyolmilla/cok-renkli-crop-orme-pencere-cut-out-detayli-hayvan-desenli-bustiyer-tprss23bs00081-p-388340432,Büstiyer
195,834162748,TRENDYOLMİLLA,Çok Renkli Leopar Desenli Crop Astarlı Dokuma Büstiyer TPRSS22BS0065,327.99,0,/trendyolmilla/cok-renkli-leopar-desenli-crop-astarli-dokuma-bustiyer-tprss22bs0065-p-834162748,Büstiyer
196,107201702,TRENDYOLMİLLA,Siyah Crop Astarlı Aksesuarlı Dokuma Büstiyer TPRSS21BS0039,356.99,915,/trendyolmilla/siyah-crop-astarli-aksesuarli-dokuma-bustiyer-tprss21bs0039-p-107201702,Büstiyer
197,751636180,TRENDYOLMİLLA,Siyah Crop Parlak Taşlı Dokuma Büstiyer TPRAW24BS00026,355.99,34,/trendyolmilla/siyah-crop-parlak-tasli-dokuma-bustiyer-tpraw24bs00026-p-751636180,Büstiyer
198,785156330,TRENDYOLMİLLA,Siyah Crop Örme Dantel Büstiyer TPRSS24BS00017,225.99,14,/trendyolmilla/siyah-crop-orme-dantel-bustiyer-tprss24bs00017-p-785156330,Büstiyer
199,380351757,TRENDYOLMİLLA,Ekru Crop Astarlı Örme Büstiyer TPRSS23BS00050,115.99,17,/trendyolmilla/ekru-crop-astarli-orme-bustiyer-tprss23bs00050-p-380351757,Büstiyer
200,792480757,TRENDYOLMİLLA,Bridal Beyaz Korse Detaylı Dokuma Büstiyer TPRSS24BS00011,376.99,16,/trendyolmilla/bridal-beyaz-korse-detayli-dokuma-bustiyer-tprss24bs00011-p-792480757,Büstiyer
201,782012870,TRENDYOLMİLLA,Fuşya Crop Astarlı Otrişli Korse Detaylı Dokuma Büstiyer TPRSS22BS00018,330.99,19,/trendyolmilla/fusya-crop-astarli-otrisli-korse-detayli-dokuma-bustiyer-tprss22bs00018-p-782012870,Büstiyer
202,76003034,TRENDYOLMİLLA,Ekru Crop Astarlı Dokuma Büstiyer TPRSS21BS0008,383.99,787,/trendyolmilla/ekru-crop-astarli-dokuma-bustiyer-tprss21bs0008-p-76003034,Büstiyer
203,355487134,TRENDYOLMİLLA,Kiremit Crop Astarlı Örme Saten Büstiyer TPRSS23BS00000,162.99,74,/trendyolmilla/kiremit-crop-astarli-orme-saten-bustiyer-tprss23bs00000-p-355487134,Büstiyer
204,194273423,TRENDYOLMİLLA,Saks Crop Dokuma Korse Detaylı Büstiyer TPRSS21BS0032,287.99,700,/trendyolmilla/saks-crop-dokuma-korse-detayli-bustiyer-tprss21bs0032-p-194273423,Büstiyer
205,808016879,TRENDYOLMİLLA,X Zeynep Tosun Beyaz Örme Bağlama Detaylı Balenli Büstiyer TCLSS24BS00003,592.99,20,/trendyolmilla/x-zeynep-tosun-beyaz-orme-baglama-detayli-balenli-bustiyer-tclss24bs00003-p-808016879,Büstiyer
206,641056692,TRENDYOLMİLLA,Siyah Carmen Yaka Balenli Korse Detaylı Dokuma Büstiyer TPRSS23BS00121,478.99,305,/trendyolmilla/siyah-carmen-yaka-balenli-korse-detayli-dokuma-bustiyer-tprss23bs00121-p-641056692,Büstiyer
