,ID,MARKA,URUN_NAME,FIYAT,RATE_COUNT,URUN_LINK,KATEGORI
0,800163899,TRENDYOLMİLLA,Siyah Vatkalı Dokuma Uzun Gece Abiye Elbise TPRSS24AE00087,612.99,228,/trendyolmilla/siyah-vatkali-dokuma-uzun-gece-abiye-elbise-tprss24ae00087-p-800163899,Abiye
1,217397968,TRENDYOLMİLLA,Siyah Vücuda Oturan Astarlı Otrişli Dokuma Uzun Gece Abiye Elbise TPRSS22AE0095,682.99,5200,/trendyolmilla/siyah-vucuda-oturan-astarli-otrisli-dokuma-uzun-gece-abiye-elbise-tprss22ae0095-p-217397968,Abiye
2,788675310,TRENDYOLMİLLA,Kırmızı Dokuma Şık Abiye Elbise TPRSS24AE00011,715.99,236,/trendyolmilla/kirmizi-dokuma-sik-abiye-elbise-tprss24ae00011-p-788675310,Abiye
3,660272828,TRENDYOLMİLLA,X Zeynep Tosun Açık Yeşil Vücuda Oturan Dikiş Detaylı Abiye & Mezuniyet Elbisesi TCLSS23AE00010,384.99,584,/trendyolmilla/x-zeynep-tosun-acik-yesil-vucuda-oturan-dikis-detayli-abiye-mezuniyet-elbisesi-tclss23ae00010-p-660272828,Abiye
4,660274893,TRENDYOLMİLLA,X Zeynep Tosun Açık Yeşil Volanlı Abiye & Mezuniyet Elbisesi TCLSS23AE00011,196.99,351,/trendyolmilla/x-zeynep-tosun-acik-yesil-volanli-abiye-mezuniyet-elbisesi-tclss23ae00011-p-660274893,Abiye
5,822057923,TRENDYOLMİLLA,Saks Vücuda Oturan Drapeli Dokuma Uzun Şık Abiye Elbise TPRSS24AE00226,522.99,31,/trendyolmilla/saks-vucuda-oturan-drapeli-dokuma-uzun-sik-abiye-elbise-tprss24ae00226-p-822057923,Abiye
6,805254457,TRENDYOLMİLLA,Siyah Yırtmaç Detaylı Dokuma Uzun Şık Abiye Elbise TPRSS24AE00121,686.99,95,/trendyolmilla/siyah-yirtmac-detayli-dokuma-uzun-sik-abiye-elbise-tprss24ae00121-p-805254457,Abiye
7,828051208,TRENDYOLMİLLA,Bakır A-Kesim Parıltılı Dokuma Uzun Şık Abiye Elbise TPRSS24AE00240,3138.99,1,/trendyolmilla/bakir-a-kesim-pariltili-dokuma-uzun-sik-abiye-elbise-tprss24ae00240-p-828051208,Abiye
8,35160248,TRENDYOLMİLLA,Mürdüm A-Kesim Dokuma Uzun Gece Abiye Elbise TPRSS19FZ0511,663.99,3066,/trendyolmilla/murdum-a-kesim-dokuma-uzun-gece-abiye-elbise-tprss19fz0511-p-35160248,Abiye
9,40056578,TRENDYOLMİLLA,Saks Detaylı Dokuma Uzun Gece Abiye Elbise TPRSS20AE0274,587.99,1890,/trendyolmilla/saks-detayli-dokuma-uzun-gece-abiye-elbise-tprss20ae0274-p-40056578,Abiye
10,660227548,TRENDYOLMİLLA,X Zeynep Tosun Gri Vücuda Oturan Astarlı Zincir Detaylı Abiye & Mezuniyet Elbisesi TCLSS23AE00000,1151.99,672,/trendyolmilla/x-zeynep-tosun-gri-vucuda-oturan-astarli-zincir-detayli-abiye-mezuniyet-elbisesi-tclss23ae00000-p-660227548,Abiye
11,796292462,TRENDYOLMİLLA,Kırmızı Fiyonk Detaylı Dokuma Uzun Gece Abiye Elbise TPRSS24AE00073,639.99,104,/trendyolmilla/kirmizi-fiyonk-detayli-dokuma-uzun-gece-abiye-elbise-tprss24ae00073-p-796292462,Abiye
12,770255914,TRENDYOLMİLLA,Lacivert Yaka Detaylı Dokuma Abiye Gece Elbise TPRSS21AE0121,716.99,50,/trendyolmilla/lacivert-yaka-detayli-dokuma-abiye-gece-elbise-tprss21ae0121-p-770255914,Abiye
13,804300805,TRENDYOLMİLLA,Siyah Aksesuarlı Dokuma Uzun Gece Abiye Elbise TPRSS24AE00127,469.99,43,/trendyolmilla/siyah-aksesuarli-dokuma-uzun-gece-abiye-elbise-tprss24ae00127-p-804300805,Abiye
14,672067212,TRENDYOLMİLLA,X Zeynep Tosun Fuşya Vücuda Oturan Korse Detaylı Abiye & Mezuniyet Elbisesi TCLSS23AE00013,359.99,350,/trendyolmilla/x-zeynep-tosun-fusya-vucuda-oturan-korse-detayli-abiye-mezuniyet-elbisesi-tclss23ae00013-p-672067212,Abiye
15,801747715,TRENDYOLMİLLA,Pudra Dokuma Şık Abiye Elbise TPRSS24AE00110,1443.99,18,/trendyolmilla/pudra-dokuma-sik-abiye-elbise-tprss24ae00110-p-801747715,Abiye
16,808016177,TRENDYOLMİLLA,Kırmızı A-Kesim Dokuma Abiye & Mezuniyet Elbise TPRSS24AE00163,757.99,64,/trendyolmilla/kirmizi-a-kesim-dokuma-abiye-mezuniyet-elbise-tprss24ae00163-p-808016177,Abiye
17,517601585,TRENDYOLMİLLA,Siyah Tek Omuz Dokuma Uzun Gece Abiye Elbise TPRSS23AE00228,733.99,281,/trendyolmilla/siyah-tek-omuz-dokuma-uzun-gece-abiye-elbise-tprss23ae00228-p-517601585,Abiye
18,808016176,TRENDYOLMİLLA,Siyah A-Kesim Dokuma Abiye & Mezuniyet Elbise TPRSS24AE00163,796.99,75,/trendyolmilla/siyah-a-kesim-dokuma-abiye-mezuniyet-elbise-tprss24ae00163-p-808016176,Abiye
19,816758950,TRENDYOLMİLLA,Zümrüt Yeşili Vücuda Oturan Dokuma Uzun Gece Abiye Elbise TPRSS24AE00007,321.99,3,/trendyolmilla/zumrut-yesili-vucuda-oturan-dokuma-uzun-gece-abiye-elbise-tprss24ae00007-p-816758950,Abiye
20,811535845,TRENDYOLMİLLA,X Zeynep Tosun Siyah Cut Out ve Aksesuar Detaylı Uzun Gece Abiye & Mezuniyet Elbisesi TCLSS24AE00001,794.99,29,/trendyolmilla/x-zeynep-tosun-siyah-cut-out-ve-aksesuar-detayli-uzun-gece-abiye-mezuniyet-elbisesi-tclss24ae00001-p-811535845,Abiye
21,793691401,TRENDYOLMİLLA,Limited Edition Siyah Vücuda Oturan Aksesuarlı Örme Uzun Gece Abiye Elbise TPRSS24AE00046,169.99,69,/trendyolmilla/limited-edition-siyah-vucuda-oturan-aksesuarli-orme-uzun-gece-abiye-elbise-tprss24ae00046-p-793691401,Abiye
22,800163898,TRENDYOLMİLLA,Petrol Vatkalı Dokuma Uzun Gece Abiye Elbise TPRSS24AE00087,672.99,91,/trendyolmilla/petrol-vatkali-dokuma-uzun-gece-abiye-elbise-tprss24ae00087-p-800163898,Abiye
23,805256619,TRENDYOLMİLLA,Siyah Dokuma Uzun Abiye Elbise TPRSS24AE00131,512.99,36,/trendyolmilla/siyah-dokuma-uzun-abiye-elbise-tprss24ae00131-p-805256619,Abiye
49,217398045,TRENDYOLMİLLA,Bridal Ekru Vücuda Oturan Astarlı Otrişli Dokuma Düğün/Nikah Uzun Gece Abiye Elbise TPRSS22AE0095,280.99,1712,/trendyolmilla/bridal-ekru-vucuda-oturan-astarli-otrisli-dokuma-dugun-nikah-uzun-gece-abiye-elbise-tprss22ae0095-p-217398045,Abiye
50,671987830,TRENDYOLMİLLA,X Zeynep Tosun Turuncu-Fuşya Güneş Aksesuar Detaylı Taşlı Elbise TCLSS23AE00008,479.99,241,/trendyolmilla/x-zeynep-tosun-turuncu-fusya-gunes-aksesuar-detayli-tasli-elbise-tclss23ae00008-p-671987830,Abiye
51,805254453,TRENDYOLMİLLA,Bordo Dokuma Uzun Şık Abiye Elbise TPRSS24AE00121,626.99,65,/trendyolmilla/bordo-dokuma-uzun-sik-abiye-elbise-tprss24ae00121-p-805254453,Abiye
52,660274890,TRENDYOLMİLLA,X Zeynep Tosun Siyah Volanlı Abiye & Mezuniyet Elbisesi TCLSS23AE00011,441.99,303,/trendyolmilla/x-zeynep-tosun-siyah-volanli-abiye-mezuniyet-elbisesi-tclss23ae00011-p-660274890,Abiye
53,40187442,TRENDYOLMİLLA,Siyah Aksesuar Detaylı Dokuma Uzun Gece Abiye Elbise TPRSS20AE0321,683.99,1749,/trendyolmilla/siyah-aksesuar-detayli-dokuma-uzun-gece-abiye-elbise-tprss20ae0321-p-40187442,Abiye
54,772553888,TRENDYOLMİLLA,Fuşya A-Kesim Astarlı Pencere/Cut Out Detaylı Degrade Dokuma Şifon Abiye Elbise TPRSS23AE00077,697.99,55,/trendyolmilla/fusya-a-kesim-astarli-pencere-cut-out-detayli-degrade-dokuma-sifon-abiye-elbise-tprss23ae00077-p-772553888,Abiye
55,131451700,TRENDYOLMİLLA,Siyah A-Kesim Dokuma Uzun Gece Abiye Elbise TPRSS19FZ0511,667.99,2502,/trendyolmilla/siyah-a-kesim-dokuma-uzun-gece-abiye-elbise-tprss19fz0511-p-131451700,Abiye
56,805592882,TRENDYOLMİLLA,Açık Pembe Vücuda Oturan Otrişli Dokuma Gece Abiye Elbise TPRSS22AE0095,528.99,54,/trendyolmilla/acik-pembe-vucuda-oturan-otrisli-dokuma-gece-abiye-elbise-tprss22ae0095-p-805592882,Abiye
57,788675311,TRENDYOLMİLLA,Bridal Beyaz Gül Detaylı Dokuma Şık Abiye Elbise TPRSS24AE00011,596.99,134,/trendyolmilla/bridal-beyaz-gul-detayli-dokuma-sik-abiye-elbise-tprss24ae00011-p-788675311,Abiye
58,192321435,TRENDYOLMİLLA,Kırmızı Yaka Detaylı Dokuma Uzun Gece Abiye Elbise TPRSS21AE0121,689.99,734,/trendyolmilla/kirmizi-yaka-detayli-dokuma-uzun-gece-abiye-elbise-tprss21ae0121-p-192321435,Abiye
59,370977161,TRENDYOLMİLLA,Siyah Dokuma Uzun Gece Abiye Elbise TPRSS23AE00005,490.99,266,/trendyolmilla/siyah-dokuma-uzun-gece-abiye-elbise-tprss23ae00005-p-370977161,Abiye
60,800185328,TRENDYOLMİLLA,Çok Renkli A-Kesim Çiçekli Dokuma Şifon Uzun Abiye Elbise TPRSS24AE00094,827.99,52,/trendyolmilla/cok-renkli-a-kesim-cicekli-dokuma-sifon-uzun-abiye-elbise-tprss24ae00094-p-800185328,Abiye
61,218373947,TRENDYOLMİLLA,Siyah Örme Uzun Gece Abiye Elbise TPRSS22AE0112,533.99,545,/trendyolmilla/siyah-orme-uzun-gece-abiye-elbise-tprss22ae0112-p-218373947,Abiye
62,444515133,TRENDYOLMİLLA,Zümrüt Yeşili A-Kesim Dokuma Uzun Gece Abiye Elbise TPRSS23AE00095,355.99,270,/trendyolmilla/zumrut-yesili-a-kesim-dokuma-uzun-gece-abiye-elbise-tprss23ae00095-p-444515133,Abiye
63,791866650,TRENDYOLMİLLA,Yağ Yeşili A-Kesim Kuşaklı Astalı Örme Uzun Gece Abiye Elbise TPRSS24AE00020,750.99,33,/trendyolmilla/yag-yesili-a-kesim-kusakli-astali-orme-uzun-gece-abiye-elbise-tprss24ae00020-p-791866650,Abiye
64,88286059,TRENDYOLMİLLA,Siyah Pencere/Cut Out Detaylı Dokuma Uzun Gece Abiye Elbise TPRSS21AE0066,487.99,2059,/trendyolmilla/siyah-pencere-cut-out-detayli-dokuma-uzun-gece-abiye-elbise-tprss21ae0066-p-88286059,Abiye
65,796293934,TRENDYOLMİLLA,Siyah Vücuda Oturan Korse Detaylı Dokuma Düğün/Nikah Uzun Gece Abiye Elbise TPRSS24AE00069,660.99,35,/trendyolmilla/siyah-vucuda-oturan-korse-detayli-dokuma-dugun-nikah-uzun-gece-abiye-elbise-tprss24ae00069-p-796293934,Abiye
66,799401807,TRENDYOLMİLLA,Siyah Vücuda Oturan Degaje Yaka Dokuma Uzun Gece Abiye Elbise TPRSS24AE00083,570.99,29,/trendyolmilla/siyah-vucuda-oturan-degaje-yaka-dokuma-uzun-gece-abiye-elbise-tprss24ae00083-p-799401807,Abiye
67,128345444,TRENDYOLMİLLA,Zümrüt Yeşili Astarlı Örme Uzun Gece Abiye Elbise TPRSS19UT0099,490.99,2992,/trendyolmilla/zumrut-yesili-astarli-orme-uzun-gece-abiye-elbise-tprss19ut0099-p-128345444,Abiye
68,806912930,TRENDYOLMİLLA,Siyah A-Kesim Dokuma Şifon Uzun Gece Abiye Elbise TPRSS24AE0016,550.99,27,/trendyolmilla/siyah-a-kesim-dokuma-sifon-uzun-gece-abiye-elbise-tprss24ae0016-p-806912930,Abiye
69,792748111,TRENDYOLMİLLA,Lacivert Tek Kol Örme Payet Uzun Gece Abiye Elbise TPRSS24AE00028,862.99,34,/trendyolmilla/lacivert-tek-kol-orme-payet-uzun-gece-abiye-elbise-tprss24ae00028-p-792748111,Abiye
70,226087378,TRENDYOLMİLLA,Tarçın Yaka Detaylı Örme Uzun Gece Abiye Elbise TPRSS22AE00003,562.99,776,/trendyolmilla/tarcin-yaka-detayli-orme-uzun-gece-abiye-elbise-tprss22ae00003-p-226087378,Abiye
71,795313072,TRENDYOLMİLLA,Pembe Vücuda Oturan Çiçek Detaylı Dokuma Uzun Gece Abiye Elbise TPRSS24AE00051,364.99,21,/trendyolmilla/pembe-vucuda-oturan-cicek-detayli-dokuma-uzun-gece-abiye-elbise-tprss24ae00051-p-795313072,Abiye
72,86795493,TRENDYOLMİLLA,Mürdüm Yaka Detaylı Dokuma Uzun Gece Abiye Elbise TPRSS21AE0045,646.99,1332,/trendyolmilla/murdum-yaka-detayli-dokuma-uzun-gece-abiye-elbise-tprss21ae0045-p-86795493,Abiye
73,775722156,TRENDYOLMİLLA,Zümrüt Yeşlili A-Kesim Dokuma Abiye Gece Elbise TPRSS19FZ0511,713.99,28,/trendyolmilla/zumrut-yeslili-a-kesim-dokuma-abiye-gece-elbise-tprss19fz0511-p-775722156,Abiye
74,822082413,TRENDYOLMİLLA,Siyah A-Kesim Carmen Yaka Dokuma Şifon Abiye & Mezuniyet Elbise TPRSS24AE00222,764.99,25,/trendyolmilla/siyah-a-kesim-carmen-yaka-dokuma-sifon-abiye-mezuniyet-elbise-tprss24ae00222-p-822082413,Abiye
75,822067481,TRENDYOLMİLLA,Zümrüt Yeşili Tek Omuz Dokuma Saten Abiye & Mezuniyet Elbise TPRSS24AE00231,445.99,3,/trendyolmilla/zumrut-yesili-tek-omuz-dokuma-saten-abiye-mezuniyet-elbise-tprss24ae00231-p-822067481,Abiye
76,660272836,TRENDYOLMİLLA,X Zeynep Tosun Lacivert Vücuda Oturan Dikiş Detaylı Abiye & Mezuniyet Elbisesi TCLSS23AE00010,979.99,760,/trendyolmilla/x-zeynep-tosun-lacivert-vucuda-oturan-dikis-detayli-abiye-mezuniyet-elbisesi-tclss23ae00010-p-660272836,Abiye
77,218373946,TRENDYOLMİLLA,Bordo Örme Uzun Gece Abiye Elbise TPRSS22AE0112,495.99,1056,/trendyolmilla/bordo-orme-uzun-gece-abiye-elbise-tprss22ae0112-p-218373946,Abiye
78,822058825,TRENDYOLMİLLA,Mor A-Kesim Dokuma Saten Uzun Abiye & Mezuniyet Elbise TPRSS24AE00227,390.99,3,/trendyolmilla/mor-a-kesim-dokuma-saten-uzun-abiye-mezuniyet-elbise-tprss24ae00227-p-822058825,Abiye
79,673804453,TRENDYOLMİLLA,X Zeynep Tosun Lacivert Vücuda Oturan Korse Detaylı Abiye & Mezuniyet Elbisesi TCLSS23AE00013,715.99,547,/trendyolmilla/x-zeynep-tosun-lacivert-vucuda-oturan-korse-detayli-abiye-mezuniyet-elbisesi-tclss23ae00013-p-673804453,Abiye
80,796055961,TRENDYOLMİLLA,Siyah Dokuma Şifon Şık Abiye Elbise TPRSS24AE00057,454.99,29,/trendyolmilla/siyah-dokuma-sifon-sik-abiye-elbise-tprss24ae00057-p-796055961,Abiye
81,822065487,TRENDYOLMİLLA,Zümrüt Yeşili Vücuda Oturan Tek Kol Detaylı Örme Uzun Şık Abiye & Mezuniyet Elbise TPRSS24AE00228,589.99,12,/trendyolmilla/zumrut-yesili-vucuda-oturan-tek-kol-detayli-orme-uzun-sik-abiye-mezuniyet-elbise-tprss24ae00228-p-822065487,Abiye
82,795307445,TRENDYOLMİLLA,Bordo A-Kesim Volanlı Dokuma Uzun Gece Abiye Elbise TPRSS24AE00054,800.99,68,/trendyolmilla/bordo-a-kesim-volanli-dokuma-uzun-gece-abiye-elbise-tprss24ae00054-p-795307445,Abiye
83,801748556,TRENDYOLMİLLA,Mavi Dokuma Saten Uzun Şık Abiye Elbise TPRSS24AE00112,1669.99,43,/trendyolmilla/mavi-dokuma-saten-uzun-sik-abiye-elbise-tprss24ae00112-p-801748556,Abiye
84,793672272,TRENDYOLMİLLA,Limited Edition Kırmızı Vücuda Oturan Örme Uzun Gece Abiye Elbise TPRSS24AE00047,286.99,60,/trendyolmilla/limited-edition-kirmizi-vucuda-oturan-orme-uzun-gece-abiye-elbise-tprss24ae00047-p-793672272,Abiye
85,98965580,TRENDYOLMİLLA,Siyah Dokuma Uzun Gece Abiye Elbise TPRSS21AE0185,687.99,1675,/trendyolmilla/siyah-dokuma-uzun-gece-abiye-elbise-tprss21ae0185-p-98965580,Abiye
86,806714671,TRENDYOLMİLLA,Siyah Vücuda Oturan Parıltılı Simli Örme Uzun Gece Abiye Elbise TPRSS24AE00155,178.99,9,/trendyolmilla/siyah-vucuda-oturan-pariltili-simli-orme-uzun-gece-abiye-elbise-tprss24ae00155-p-806714671,Abiye
87,6257002,TRENDYOLMİLLA,Siyah Astarlı Parıltılı Aksesuarlı Örme Uzun Gece Abiye Elbise TPRSS19UT0102,893.99,4822,/trendyolmilla/siyah-astarli-pariltili-aksesuarli-orme-uzun-gece-abiye-elbise-tprss19ut0102-p-6257002,Abiye
88,811966248,TRENDYOLMİLLA,Fuşya Vücuda Oturan Örme Uzun Gece Abiye Elbise TPRSS24AE00172,706.99,31,/trendyolmilla/fusya-vucuda-oturan-orme-uzun-gece-abiye-elbise-tprss24ae00172-p-811966248,Abiye
89,807674030,TRENDYOLMİLLA,Siyah Korse Detaylı Dokuma Uzun Abiye Elbise TPRSS24AE00151,540.99,62,/trendyolmilla/siyah-korse-detayli-dokuma-uzun-abiye-elbise-tprss24ae00151-p-807674030,Abiye
90,817556999,TRENDYOLMİLLA,Zümrüt Yeşili A-Kesim Dokuma Uzun Abiye & Mezuniyet Elbise TPRSS24AE00210,582.99,4,/trendyolmilla/zumrut-yesili-a-kesim-dokuma-uzun-abiye-mezuniyet-elbise-tprss24ae00210-p-817556999,Abiye
91,486517706,TRENDYOLMİLLA,Siyah Astarlı Korse Detaylı Örme Uzun Gece Abiye Elbise TPRSS23AE00167,771.99,248,/trendyolmilla/siyah-astarli-korse-detayli-orme-uzun-gece-abiye-elbise-tprss23ae00167-p-486517706,Abiye
92,211968065,TRENDYOLMİLLA,Siyah Bel Detaylı Örme Uzun Gece Abiye Elbise TPRSS22AE0040,629.99,956,/trendyolmilla/siyah-bel-detayli-orme-uzun-gece-abiye-elbise-tprss22ae0040-p-211968065,Abiye
93,824368175,TRENDYOLMİLLA,Lila-Çok Renkli A-Kesim Baskılı Dokuma Uzun Şık Abiye Elbise TPRSS24AE00243,2637.99,1,/trendyolmilla/lila-cok-renkli-a-kesim-baskili-dokuma-uzun-sik-abiye-elbise-tprss24ae00243-p-824368175,Abiye
94,825542697,TRENDYOLMİLLA,Bordo-Çok Renkli A-Kesim Tek Omuz Dokuma Tül Uzun Şık Abiye Elbise TPRSS24AE00249,542.99,5,/trendyolmilla/bordo-cok-renkli-a-kesim-tek-omuz-dokuma-tul-uzun-sik-abiye-elbise-tprss24ae00249-p-825542697,Abiye
95,812110319,TRENDYOLMİLLA,Beyaz Taş Baskı Dokuma Uzun Şık Abiye Elbise TPRSS24AE00183,1877.99,9,/trendyolmilla/beyaz-tas-baski-dokuma-uzun-sik-abiye-elbise-tprss24ae00183-p-812110319,Abiye
96,801813175,TRENDYOLMİLLA,Zümrüt Yeşili Dokuma Saten Uzun Şık Abiye Elbise TPRSS24AE00113,1456.99,23,/trendyolmilla/zumrut-yesili-dokuma-saten-uzun-sik-abiye-elbise-tprss24ae00113-p-801813175,Abiye
97,796045461,TRENDYOLMİLLA,Zümrüt Yeşili Volan Detaylı Dokuma Şık Abiye Elbise TPRSS24AE00066,462.99,13,/trendyolmilla/zumrut-yesili-volan-detayli-dokuma-sik-abiye-elbise-tprss24ae00066-p-796045461,Abiye
98,805251006,TRENDYOLMİLLA,Saks Volanlı Tek Kol Dokuma Uzun Abiye Elbise TPRSS24AE00126,604.99,34,/trendyolmilla/saks-volanli-tek-kol-dokuma-uzun-abiye-elbise-tprss24ae00126-p-805251006,Abiye
99,799401806,TRENDYOLMİLLA,Mavi Vücuda Oturan Degaje Yaka Dokuma Uzun Gece Abiye Elbise TPRSS24AE00083,496.99,30,/trendyolmilla/mavi-vucuda-oturan-degaje-yaka-dokuma-uzun-gece-abiye-elbise-tprss24ae00083-p-799401806,Abiye
100,793672273,TRENDYOLMİLLA,Limited Edition Siyah Vücuda Oturan Örme Gece Uzun Abiye Elbise TPRSS24AE00047,380.99,64,/trendyolmilla/limited-edition-siyah-vucuda-oturan-orme-gece-uzun-abiye-elbise-tprss24ae00047-p-793672273,Abiye
101,819072749,TRENDYOLMİLLA,Siyah A-Kesim Volanlı Dokuma Uzun Gece Abiye Elbise TPRSS24AE00054,678.99,17,/trendyolmilla/siyah-a-kesim-volanli-dokuma-uzun-gece-abiye-elbise-tprss24ae00054-p-819072749,Abiye
102,86795477,TRENDYOLMİLLA,Gri-Mint Kruvaze Astarlı Dokuma Uzun Gece Abiye Elbise TPRSS21AE0045,628.99,1346,/trendyolmilla/gri-mint-kruvaze-astarli-dokuma-uzun-gece-abiye-elbise-tprss21ae0045-p-86795477,Abiye
103,365853390,TRENDYOLMİLLA,Saks Örme Uzun Gece Abiye Elbise TPRSS22AE0112,563.99,193,/trendyolmilla/saks-orme-uzun-gece-abiye-elbise-tprss22ae0112-p-365853390,Abiye
104,817555799,TRENDYOLMİLLA,Gümüş A-Kesim Örme Abiye & Mezuniyet Elbise TPRSS24AE00211,511.99,3,/trendyolmilla/gumus-a-kesim-orme-abiye-mezuniyet-elbise-tprss24ae00211-p-817555799,Abiye
105,789014590,TRENDYOLMİLLA,Mürdüm A-Kesim Dokuma Saten Uzun Gece Abiye Elbise TPRSS24AE00008,765.99,22,/trendyolmilla/murdum-a-kesim-dokuma-saten-uzun-gece-abiye-elbise-tprss24ae00008-p-789014590,Abiye
106,792751896,TRENDYOLMİLLA,Gri A-Kesim Örme Payet Uzun Gece Abiye Elbise TPRSS24AE00036,942.99,30,/trendyolmilla/gri-a-kesim-orme-payet-uzun-gece-abiye-elbise-tprss24ae00036-p-792751896,Abiye
107,792748110,TRENDYOLMİLLA,Siyah-Beyaz Üstü Mat Saten Detaylı Dokuma Uzun Gece Abiye Elbise TPRSS24AE00025,476.99,21,/trendyolmilla/siyah-beyaz-ustu-mat-saten-detayli-dokuma-uzun-gece-abiye-elbise-tprss24ae00025-p-792748110,Abiye
108,815433713,TRENDYOLMİLLA,Siyah Vücuda Oturan Dokuma Uzun Abiye & Mezuniyet Elbise TPRSS24AE00043,831.99,10,/trendyolmilla/siyah-vucuda-oturan-dokuma-uzun-abiye-mezuniyet-elbise-tprss24ae00043-p-815433713,Abiye
109,800171329,TRENDYOLMİLLA,Kırmızı A-Kesim Düğmeli Dokuma Uzun Abiye Elbise TPRSS24AE00095,595.99,19,/trendyolmilla/kirmizi-a-kesim-dugmeli-dokuma-uzun-abiye-elbise-tprss24ae00095-p-800171329,Abiye
110,796077124,TRENDYOLMİLLA,Siyah A-Kesim Dokuma Şifon Uzun Abiye Elbise TPRSS24AE00058,631.99,26,/trendyolmilla/siyah-a-kesim-dokuma-sifon-uzun-abiye-elbise-tprss24ae00058-p-796077124,Abiye
111,816491733,TRENDYOLMİLLA,Siyah Dokuma Abiye & Mezuniyet Elbise TPRSS24AE00073,659.99,22,/trendyolmilla/siyah-dokuma-abiye-mezuniyet-elbise-tprss24ae00073-p-816491733,Abiye
112,796041565,TRENDYOLMİLLA,Turuncu Vücuda Oturan Dokuma Uzun Şık Abiye Elbise TPRSS24AE00061,301.99,21,/trendyolmilla/turuncu-vucuda-oturan-dokuma-uzun-sik-abiye-elbise-tprss24ae00061-p-796041565,Abiye
113,824691581,TRENDYOLMİLLA,Siyah Fırfır Detaylı Dokuma Uzun Şık Abiye Elbise TPRSS24AE00251,577.99,13,/trendyolmilla/siyah-firfir-detayli-dokuma-uzun-sik-abiye-elbise-tprss24ae00251-p-824691581,Abiye
114,816074814,TRENDYOLMİLLA,Fuşya Dokuma Abiye & Mezuniyet Elbise TPRSS23AE00095,486.99,3,/trendyolmilla/fusya-dokuma-abiye-mezuniyet-elbise-tprss23ae00095-p-816074814,Abiye
115,467174014,TRENDYOLMİLLA,Siyah Detaylı Uzun Gece Abiye Elbise TPRSS23AE00162,516.99,964,/trendyolmilla/siyah-detayli-uzun-gece-abiye-elbise-tprss23ae00162-p-467174014,Abiye
116,805255265,TRENDYOLMİLLA,Saks Vücuda Oturan Dokuma Uzun Abiye Elbise TPRSS24AE00129,230.99,14,/trendyolmilla/saks-vucuda-oturan-dokuma-uzun-abiye-elbise-tprss24ae00129-p-805255265,Abiye
117,788164218,TRENDYOLMİLLA,Mürdüm A-Kesim Dokuma Abiye & Mezuniyet Elbise TPRSS23AE00095,531.99,38,/trendyolmilla/murdum-a-kesim-dokuma-abiye-mezuniyet-elbise-tprss23ae00095-p-788164218,Abiye
118,792750791,TRENDYOLMİLLA,Bridal Beyaz İnci Detaylı Dokuma Düğün/Nikah Uzun Gece Abiye Elbise TPRSS24AE00043,520.99,49,/trendyolmilla/bridal-beyaz-inci-detayli-dokuma-dugun-nikah-uzun-gece-abiye-elbise-tprss24ae00043-p-792750791,Abiye
119,796298444,TRENDYOLMİLLA,Gül Kurusu Dokuma Şifon Uzun Gece Abiye Elbise TPRSS24AE00072,374.99,19,/trendyolmilla/gul-kurusu-dokuma-sifon-uzun-gece-abiye-elbise-tprss24ae00072-p-796298444,Abiye
120,796045462,TRENDYOLMİLLA,Kırmızı Volan Detaylı Dokuma Şık Abiye Elbise TPRSS24AE00066,609.99,42,/trendyolmilla/kirmizi-volan-detayli-dokuma-sik-abiye-elbise-tprss24ae00066-p-796045462,Abiye
121,792747830,TRENDYOLMİLLA,Fuşya Vücuda Oturan Fırfırlı Örme Uzun Gece Abiye Elbise TPRSS24AE00027,642.99,39,/trendyolmilla/fusya-vucuda-oturan-firfirli-orme-uzun-gece-abiye-elbise-tprss24ae00027-p-792747830,Abiye
122,208572099,TRENDYOLMİLLA,Siyah Astarlı Biyeli Dokuma Şifon Uzun Gece Abiye Elbise TPRSS22AE0012,544.99,1234,/trendyolmilla/siyah-astarli-biyeli-dokuma-sifon-uzun-gece-abiye-elbise-tprss22ae0012-p-208572099,Abiye
123,35014810,TRENDYOLMİLLA,Siyah Drape Detaylı Örme Uzun Gece Abiye Elbise TPRSS19UT0099,592.99,3942,/trendyolmilla/siyah-drape-detayli-orme-uzun-gece-abiye-elbise-tprss19ut0099-p-35014810,Abiye
124,819311437,TRENDYOLMİLLA,Kırmızı Dokuma Abiye & Mezuniyet Elbise TPRSS24AE00087,731.99,13,/trendyolmilla/kirmizi-dokuma-abiye-mezuniyet-elbise-tprss24ae00087-p-819311437,Abiye
125,812325598,TRENDYOLMİLLA,Limited Edition Pembe Vücuda Oturan Gül Aksesuarlı Örme Uzun Abiye Elbise TPRSS24AE00047,220.99,7,/trendyolmilla/limited-edition-pembe-vucuda-oturan-gul-aksesuarli-orme-uzun-abiye-elbise-tprss24ae00047-p-812325598,Abiye
126,796041230,TRENDYOLMİLLA,Siyah Dokuma Abiye & Mezuniyet Elbise TPRSS24AE00060,780.99,39,/trendyolmilla/siyah-dokuma-abiye-mezuniyet-elbise-tprss24ae00060-p-796041230,Abiye
127,800171330,TRENDYOLMİLLA,Siyah A-Kesim Düğmeli Dokuma Uzun Abiye Elbise TPRSS24AE00095,460.99,25,/trendyolmilla/siyah-a-kesim-dugmeli-dokuma-uzun-abiye-elbise-tprss24ae00095-p-800171330,Abiye
128,444203022,TRENDYOLMİLLA,Siyah Astarlı Dokuma Uzun Gece Abiye Elbise TPRSS23AE00067,791.99,331,/trendyolmilla/siyah-astarli-dokuma-uzun-gece-abiye-elbise-tprss23ae00067-p-444203022,Abiye
129,788986457,TRENDYOLMİLLA,Siyah Vücuda Oturan Korse Detaylı Dokuma Saten Uzun Gece Abiye Elbise TPRSS24AE00001,585.99,52,/trendyolmilla/siyah-vucuda-oturan-korse-detayli-dokuma-saten-uzun-gece-abiye-elbise-tprss24ae00001-p-788986457,Abiye
130,796077128,TRENDYOLMİLLA,Gül Kurusu A-Kesim Dokuma Şifon Uzun Şık Abiye Elbise TPRSS24AE00058,558.99,17,/trendyolmilla/gul-kurusu-a-kesim-dokuma-sifon-uzun-sik-abiye-elbise-tprss24ae00058-p-796077128,Abiye
131,805255266,TRENDYOLMİLLA,Siyah Vücuda Oturan Askılı Dokuma Uzun Abiye Elbise TPRSS24AE00129,208.99,17,/trendyolmilla/siyah-vucuda-oturan-askili-dokuma-uzun-abiye-elbise-tprss24ae00129-p-805255266,Abiye
132,772226517,TRENDYOLMİLLA,Siyah Astarlı Volanlı Dokuma Uzun Gece Abiye Elbise TPRSS21AE0044,694.99,60,/trendyolmilla/siyah-astarli-volanli-dokuma-uzun-gece-abiye-elbise-tprss21ae0044-p-772226517,Abiye
133,807674031,TRENDYOLMİLLA,Kırmızı Korse Detaylı Dokuma Uzun Abiye Elbise TPRSS24AE00151,596.99,57,/trendyolmilla/kirmizi-korse-detayli-dokuma-uzun-abiye-elbise-tprss24ae00151-p-807674031,Abiye
134,186451244,TRENDYOLMİLLA,Saks Astarlı Örme Uzun Gece Abiye Elbise TPRSS19UT0099,596.99,1586,/trendyolmilla/saks-astarli-orme-uzun-gece-abiye-elbise-tprss19ut0099-p-186451244,Abiye
135,90831335,TRENDYOLMİLLA,Siyah Vücuda Oturan Astarlı Dokuma Uzun Gece Abiye Elbise TPRSS21AE0047,634.99,2015,/trendyolmilla/siyah-vucuda-oturan-astarli-dokuma-uzun-gece-abiye-elbise-tprss21ae0047-p-90831335,Abiye
136,800006900,TRENDYOLMİLLA,Mavi Parıltılı Örme Uzun Gece Abiye Elbise TPRSS24AE00093,787.99,36,/trendyolmilla/mavi-pariltili-orme-uzun-gece-abiye-elbise-tprss24ae00093-p-800006900,Abiye
137,805250953,TRENDYOLMİLLA,Bordo Volanlı Tek Kol Dokuma Uzun Abiye Elbise TPRSS24AE00125,342.99,18,/trendyolmilla/bordo-volanli-tek-kol-dokuma-uzun-abiye-elbise-tprss24ae00125-p-805250953,Abiye
138,790832108,TRENDYOLMİLLA,Bridal Beyaz A-Kesim Dokuma Abiye & Mezuniyet Elbise TPRSS19FZ0511,977.99,42,/trendyolmilla/bridal-beyaz-a-kesim-dokuma-abiye-mezuniyet-elbise-tprss19fz0511-p-790832108,Abiye
139,792754735,TRENDYOLMİLLA,Siyah Göğüsten Bağlama Detaylı Örme Dantel Uzun Abiye Elbise TPRSS24AE00031,832.99,22,/trendyolmilla/siyah-gogusten-baglama-detayli-orme-dantel-uzun-abiye-elbise-tprss24ae00031-p-792754735,Abiye
140,819058383,TRENDYOLMİLLA,Kırmızı Vücuda Oturan Otrişli Dokuma Gece Abiye Elbise TPRSS22AE0095,410.99,21,/trendyolmilla/kirmizi-vucuda-oturan-otrisli-dokuma-gece-abiye-elbise-tprss22ae0095-p-819058383,Abiye
141,812083662,TRENDYOLMİLLA,Siyah Vücuda Oturan Taş Aksesuarlı Tek Kol Uzun Dokuma Şık Abiye Elbise TPRSS24AE00166,428.99,2,/trendyolmilla/siyah-vucuda-oturan-tas-aksesuarli-tek-kol-uzun-dokuma-sik-abiye-elbise-tprss24ae00166-p-812083662,Abiye
142,796045463,TRENDYOLMİLLA,Siyah Volanlı Dokuma Şık Abiye Elbise TPRSS24AE00066,553.99,44,/trendyolmilla/siyah-volanli-dokuma-sik-abiye-elbise-tprss24ae00066-p-796045463,Abiye
143,386585295,TRENDYOLMİLLA,Siyah Dokuma Pencere/Cut Out Detaylı Saten Uzun Gece Abiye Elbisesi TPRSS23AE00036,115.99,32,/trendyolmilla/siyah-dokuma-pencere-cut-out-detayli-saten-uzun-gece-abiye-elbisesi-tprss23ae00036-p-386585295,Abiye
144,799400923,TRENDYOLMİLLA,Mürdüm Vücuda Oturan Örme Uzun Gece Abiye Elbise TPRSS24AE00082,626.99,52,/trendyolmilla/murdum-vucuda-oturan-orme-uzun-gece-abiye-elbise-tprss24ae00082-p-799400923,Abiye
147,808293334,TRENDYOLMİLLA,Bordo Vücuda Oturan Dokuma Uzun Abiye Elbise TPRSS24AE00143,346.99,12,/trendyolmilla/bordo-vucuda-oturan-dokuma-uzun-abiye-elbise-tprss24ae00143-p-808293334,Abiye
148,811535848,TRENDYOLMİLLA,X Zeynep Tosun Saks Örme Cut Out ve C Aksesuar Detaylı Uzun Gece Abiye Elbisesi TCLSS24AE00001,1127.99,17,/trendyolmilla/x-zeynep-tosun-saks-orme-cut-out-ve-c-aksesuar-detayli-uzun-gece-abiye-elbisesi-tclss24ae00001-p-811535848,Abiye
149,820054661,TRENDYOLMİLLA,Zümrüt Yeşili Parlak Taş Toka Detaylı Örme Uzun Gece Abiye Elbise TPRSS24AE00230,575.99,1,/trendyolmilla/zumrut-yesili-parlak-tas-toka-detayli-orme-uzun-gece-abiye-elbise-tprss24ae00230-p-820054661,Abiye
150,6673927,TRENDYOLMİLLA,Siyah Taş Aksesuar Detaylı Örme Uzun Gece Abiye Elbise TPRSS23EL00509,553.99,1266,/trendyolmilla/siyah-tas-aksesuar-detayli-orme-uzun-gece-abiye-elbise-tprss23el00509-p-6673927,Abiye
151,833992710,TRENDYOLMİLLA,Siyah Gül Detaylı Dokuma Uzun Abiye Elbise TPRSS24AE00260,719.99,1,/trendyolmilla/siyah-gul-detayli-dokuma-uzun-abiye-elbise-tprss24ae00260-p-833992710,Abiye
152,444201665,TRENDYOLMİLLA,Siyah-Beyaz Astarlı Dokuma Uzun Gece Abiye Elbise TPRSS23AE00065,504.99,53,/trendyolmilla/siyah-beyaz-astarli-dokuma-uzun-gece-abiye-elbise-tprss23ae00065-p-444201665,Abiye
153,805041487,TRENDYOLMİLLA,Kırmızı Göğüs Detaylı Vücuda Oturan Uzun Gece Abiye Elbise TPRSS24AE00115,140.99,11,/trendyolmilla/kirmizi-gogus-detayli-vucuda-oturan-uzun-gece-abiye-elbise-tprss24ae00115-p-805041487,Abiye
155,4900356,TRENDYOLMİLLA,Bordo Vücuda Oturan Astarlı Volanlı Örme Uzun Gece Abiye Elbise TPRSS19UT0026,643.99,2142,/trendyolmilla/bordo-vucuda-oturan-astarli-volanli-orme-uzun-gece-abiye-elbise-tprss19ut0026-p-4900356,Abiye
156,807438499,TRENDYOLMİLLA,Saks A-Kesim Örme Abiye & Mezuniyet Elbise TPRSS24AE00099,1141.99,13,/trendyolmilla/saks-a-kesim-orme-abiye-mezuniyet-elbise-tprss24ae00099-p-807438499,Abiye
157,789042791,TRENDYOLMİLLA,Siyah Vücuda Oturan Dokuma Uzun Gece Abiye Elbise TPRSS24AE00007,309.99,38,/trendyolmilla/siyah-vucuda-oturan-dokuma-uzun-gece-abiye-elbise-tprss24ae00007-p-789042791,Abiye
158,827737334,TRENDYOLMİLLA,Siyah A-Kesim Otriş Detaylı Dokuma Uzun Gece Abiye Elbise TPRSS24AE00237,733.99,3,/trendyolmilla/siyah-a-kesim-otris-detayli-dokuma-uzun-gece-abiye-elbise-tprss24ae00237-p-827737334,Abiye
159,226087371,TRENDYOLMİLLA,Siyah Örme Uzun Gece Abiye Elbise TPRSS23AE00157,747.99,526,/trendyolmilla/siyah-orme-uzun-gece-abiye-elbise-tprss23ae00157-p-226087371,Abiye
160,194301811,TRENDYOLMİLLA,Zümrüt Yeşili Astarlı Volanlı Dokuma Uzun Gece Abiye Elbise TPRSS21AE0044,707.99,799,/trendyolmilla/zumrut-yesili-astarli-volanli-dokuma-uzun-gece-abiye-elbise-tprss21ae0044-p-194301811,Abiye
161,455699171,TRENDYOLMİLLA,Fuşya Vücuda Oturan Dokuma Dokuma Uzun Gece Abiye Elbise TPRSS23AE00133,428.99,176,/trendyolmilla/fusya-vucuda-oturan-dokuma-dokuma-uzun-gece-abiye-elbise-tprss23ae00133-p-455699171,Abiye
162,808293534,TRENDYOLMİLLA,Gül Kurusu Dokuma Uzun Abiye Elbise TPRSS24AE00144,528.99,19,/trendyolmilla/gul-kurusu-dokuma-uzun-abiye-elbise-tprss24ae00144-p-808293534,Abiye
163,812087300,TRENDYOLMİLLA,Gül Kurusu A-Kesim Straplez Dokuma Uzun Abiye Elbise TPRSS24AE00180,618.99,9,/trendyolmilla/gul-kurusu-a-kesim-straplez-dokuma-uzun-abiye-elbise-tprss24ae00180-p-812087300,Abiye
164,820052581,TRENDYOLMİLLA,Siyah Uzun Örme Tül Pelerin Detaylı Gece Abiye Elbise TPRSS24AE00229,607.99,7,/trendyolmilla/siyah-uzun-orme-tul-pelerin-detayli-gece-abiye-elbise-tprss24ae00229-p-820052581,Abiye
165,819959701,TRENDYOLMİLLA,Siyah A-Kesim Dokuma Uzun Gece Abiye Elbise TPRSS24AE00219,395.99,3,/trendyolmilla/siyah-a-kesim-dokuma-uzun-gece-abiye-elbise-tprss24ae00219-p-819959701,Abiye
166,795263792,TRENDYOLMİLLA,Siyah Volanlı Dokuma Saten Uzun Gece Abiye Elbise TPRSS24AE00056,306.99,21,/trendyolmilla/siyah-volanli-dokuma-saten-uzun-gece-abiye-elbise-tprss24ae00056-p-795263792,Abiye
167,813263627,TRENDYOLMİLLA,Pembe Vücuda Oturan Balık Kesim Dokuma Uzun Şık Abiye Elbise TPRSS24AE00170,793.99,13,/trendyolmilla/pembe-vucuda-oturan-balik-kesim-dokuma-uzun-sik-abiye-elbise-tprss24ae00170-p-813263627,Abiye
168,788674517,TRENDYOLMİLLA,Siyah Parıltılı Taşlı Dokuma Uzun Gece Abiye Elbise TPRSS24AE00012,402.99,25,/trendyolmilla/siyah-pariltili-tasli-dokuma-uzun-gece-abiye-elbise-tprss24ae00012-p-788674517,Abiye
169,814796844,TRENDYOLMİLLA,Mürdüm Dokuma Abiye & Mezuniyet Elbise TPRSS24AE00011,857.99,15,/trendyolmilla/murdum-dokuma-abiye-mezuniyet-elbise-tprss24ae00011-p-814796844,Abiye
171,812087311,TRENDYOLMİLLA,Siyah A-Kesim Straplez Dokuma Uzun Abiye Elbise TPRSS24AE00180,724.99,8,/trendyolmilla/siyah-a-kesim-straplez-dokuma-uzun-abiye-elbise-tprss24ae00180-p-812087311,Abiye
172,819647606,TRENDYOLMİLLA,Pudra İnci İşlemeli Parlak Taşlı Dokuma Uzun Gece Abiye Elbise TPRSS24AE00223,823.99,23,/trendyolmilla/pudra-inci-islemeli-parlak-tasli-dokuma-uzun-gece-abiye-elbise-tprss24ae00223-p-819647606,Abiye
173,806912929,TRENDYOLMİLLA,Bordo A-Kesim Dokuma Şifon Uzun Gece Abiye Elbise TPRSS24AE0016,570.99,31,/trendyolmilla/bordo-a-kesim-dokuma-sifon-uzun-gece-abiye-elbise-tprss24ae0016-p-806912929,Abiye
174,819822830,TRENDYOLMİLLA,Zümrüt Yeşili Vücuda Oturan Örme Uzun Gece Abiye Elbise TPRSS24AE00019,390.99,1,/trendyolmilla/zumrut-yesili-vucuda-oturan-orme-uzun-gece-abiye-elbise-tprss24ae00019-p-819822830,Abiye
175,812086466,TRENDYOLMİLLA,Açık Yeşil Gül Detaylı Dokuma Uzun Şık Abiye Elbise TPRSS24AE00179,475.99,4,/trendyolmilla/acik-yesil-gul-detayli-dokuma-uzun-sik-abiye-elbise-tprss24ae00179-p-812086466,Abiye
176,796155632,TRENDYOLMİLLA,Siyah Vücuda Oturan Dokuma Şık Abiye Elbise TPRSS24AE00067,558.99,13,/trendyolmilla/siyah-vucuda-oturan-dokuma-sik-abiye-elbise-tprss24ae00067-p-796155632,Abiye
177,807574164,TRENDYOLMİLLA,Bordo Askı Detaylı Örme Uzun Şık Abiye Elbise TPRSS24AE00165,446.99,14,/trendyolmilla/bordo-aski-detayli-orme-uzun-sik-abiye-elbise-tprss24ae00165-p-807574164,Abiye
178,796298009,TRENDYOLMİLLA,Fuşya A-Kesim Dokuma Şifon Elbise TPRSS24AE00071,640.99,11,/trendyolmilla/fusya-a-kesim-dokuma-sifon-elbise-tprss24ae00071-p-796298009,Abiye
179,805254228,TRENDYOLMİLLA,Siyah A-Kesim Dokuma Uzun Abiye Elbise TPRSS24AE00118,766.99,35,/trendyolmilla/siyah-a-kesim-dokuma-uzun-abiye-elbise-tprss24ae00118-p-805254228,Abiye
180,824691579,TRENDYOLMİLLA,Bordo Fırfır Detaylı Dokuma Uzun Şık Abiye Elbise TPRSS24AE00251,548.99,6,/trendyolmilla/bordo-firfir-detayli-dokuma-uzun-sik-abiye-elbise-tprss24ae00251-p-824691579,Abiye
181,817890726,TRENDYOLMİLLA,Siyah Vücuda Oturan Örme Uzun Gece Abiye Elbise TPRSS24AE00176,271.99,6,/trendyolmilla/siyah-vucuda-oturan-orme-uzun-gece-abiye-elbise-tprss24ae00176-p-817890726,Abiye
182,791866364,TRENDYOLMİLLA,Bridal Beyaz Balık Örme Uzun Düğün/Nikah Gece Abiye Elbise TPRSS24AE00024,337.99,30,/trendyolmilla/bridal-beyaz-balik-orme-uzun-dugun-nikah-gece-abiye-elbise-tprss24ae00024-p-791866364,Abiye
183,788666013,TRENDYOLMİLLA,Siyah Vücuda Oturan Fırfırlı Örme Uzun Gece Abiye Elbise TPRSS24AE00015,185.99,18,/trendyolmilla/siyah-vucuda-oturan-firfirli-orme-uzun-gece-abiye-elbise-tprss24ae00015-p-788666013,Abiye
184,819311429,TRENDYOLMİLLA,Fuşya Dokuma Abiye & Mezuniyet Elbise TPRSS24AE00087,459.99,3,/trendyolmilla/fusya-dokuma-abiye-mezuniyet-elbise-tprss24ae00087-p-819311429,Abiye
186,806913619,TRENDYOLMİLLA,Siyah Vücuda Oturan Otrişli Dokuma Uzun Gece Abiye Elbise TPRSS24AE00160,398.99,22,/trendyolmilla/siyah-vucuda-oturan-otrisli-dokuma-uzun-gece-abiye-elbise-tprss24ae00160-p-806913619,Abiye
187,84924862,TRENDYOLMİLLA,Mürdüm Volanlı Dokuma Uzun Gece Abiye Elbise TPRSS21AE0010,630.99,539,/trendyolmilla/murdum-volanli-dokuma-uzun-gece-abiye-elbise-tprss21ae0010-p-84924862,Abiye
188,213587327,TRENDYOLMİLLA,Siyah Biye Detaylı Örme Uzun Gece Abiye Elbise TPRSS22AE0047,472.99,1335,/trendyolmilla/siyah-biye-detayli-orme-uzun-gece-abiye-elbise-tprss22ae0047-p-213587327,Abiye
189,799992301,TRENDYOLMİLLA,Kahverengi Vücuda Oturan Örme Uzun Gece Abiye Elbise TPRSS24AE00086,535.99,18,/trendyolmilla/kahverengi-vucuda-oturan-orme-uzun-gece-abiye-elbise-tprss24ae00086-p-799992301,Abiye
190,816731742,TRENDYOLMİLLA,Çok Renkli Astarlı Örme Tül Uzun Gece Abiye Elbise TPRSS24AE00203,389.99,4,/trendyolmilla/cok-renkli-astarli-orme-tul-uzun-gece-abiye-elbise-tprss24ae00203-p-816731742,Abiye
191,88576428,TRENDYOLMİLLA,Siyah Taş Aksesuar Detaylı Dokuma Uzun Gece Abiye Elbise TPRSS23EL00509,680.99,1750,/trendyolmilla/siyah-tas-aksesuar-detayli-dokuma-uzun-gece-abiye-elbise-tprss23el00509-p-88576428,Abiye
192,812087802,TRENDYOLMİLLA,Siyah A-Kesim Taş Aksesuarlı Dokuma Uzun Abiye Elbise TPRSS24AE00175,441.99,10,/trendyolmilla/siyah-a-kesim-tas-aksesuarli-dokuma-uzun-abiye-elbise-tprss24ae00175-p-812087802,Abiye
193,808293335,TRENDYOLMİLLA,Siyah Vücuda Oturan Dokuma Uzun Abiye Elbise TPRSS24AE00143,514.99,16,/trendyolmilla/siyah-vucuda-oturan-dokuma-uzun-abiye-elbise-tprss24ae00143-p-808293335,Abiye
194,796294729,TRENDYOLMİLLA,Siyah Vücuda Oturan Dokuma Şifon Elbise TPRSS24AE00070,270.99,11,/trendyolmilla/siyah-vucuda-oturan-dokuma-sifon-elbise-tprss24ae00070-p-796294729,Abiye
195,819073318,TRENDYOLMİLLA,Kırmızı Vücuda Oturan Örme Uzun Gece Abiye Elbise TPRSS24AE00082,560.99,4,/trendyolmilla/kirmizi-vucuda-oturan-orme-uzun-gece-abiye-elbise-tprss24ae00082-p-819073318,Abiye
196,805255437,TRENDYOLMİLLA,Turuncu Volanlı Tek Kol Dokuma Uzun Abiye Elbise TPRSS24AE00130,593.99,25,/trendyolmilla/turuncu-volanli-tek-kol-dokuma-uzun-abiye-elbise-tprss24ae00130-p-805255437,Abiye
197,789004221,TRENDYOLMİLLA,Kırmızı Vücuda Oturan Dokuma Uzun Gece Abiye Elbise TPRSS24AE00009,614.99,37,/trendyolmilla/kirmizi-vucuda-oturan-dokuma-uzun-gece-abiye-elbise-tprss24ae00009-p-789004221,Abiye
198,455982365,TRENDYOLMİLLA,Siyah Örme Uzun Gece Abiye Elbise TPRSS23AE00157,672.99,253,/trendyolmilla/siyah-orme-uzun-gece-abiye-elbise-tprss23ae00157-p-455982365,Abiye
199,805592883,TRENDYOLMİLLA,Saks Vücuda Oturan Otrişli Dokuma Gece Abiye Elbise TPRSS22AE0095,687.99,12,/trendyolmilla/saks-vucuda-oturan-otrisli-dokuma-gece-abiye-elbise-tprss22ae0095-p-805592883,Abiye
200,816731748,TRENDYOLMİLLA,Mavi-Çok Renkli Astarlı Örme Tül Uzun Gece Abiye Elbise TPRSS24AE00203,275.99,5,/trendyolmilla/mavi-cok-renkli-astarli-orme-tul-uzun-gece-abiye-elbise-tprss24ae00203-p-816731748,Abiye
201,781979628,TRENDYOLMİLLA,Bordo A-Kesim Astarsız Dokuma Abiye & Mezuniyet Elbise TPRSS19UT0054,408.99,17,/trendyolmilla/bordo-a-kesim-astarsiz-dokuma-abiye-mezuniyet-elbise-tprss19ut0054-p-781979628,Abiye
202,808293608,TRENDYOLMİLLA,Lila Volanlı Dokuma Uzun Abiye Elbise TPRSS24AE00145,365.99,14,/trendyolmilla/lila-volanli-dokuma-uzun-abiye-elbise-tprss24ae00145-p-808293608,Abiye
203,807620218,TRENDYOLMİLLA,X Zeynep Tosun Siyah Örme Aksesuar ve Eldiven Detaylı Uzun Abiye & Mezuniyet Elbisesi TCLSS24AE00011,1079.99,26,/trendyolmilla/x-zeynep-tosun-siyah-orme-aksesuar-ve-eldiven-detayli-uzun-abiye-mezuniyet-elbisesi-tclss24ae00011-p-807620218,Abiye
204,792756271,TRENDYOLMİLLA,Siyah Kol Detaylı Dokuma Abiye Elbise TPRSS24AE00032,343.99,23,/trendyolmilla/siyah-kol-detayli-dokuma-abiye-elbise-tprss24ae00032-p-792756271,Abiye
205,808293535,TRENDYOLMİLLA,Turuncu Dokuma Uzun Şık Abiye Elbise TPRSS24AE00144,632.99,28,/trendyolmilla/turuncu-dokuma-uzun-sik-abiye-elbise-tprss24ae00144-p-808293535,Abiye
206,793835356,TRENDYOLMİLLA,Limited Edition Haki A-Kesim Volanlı Dokuma Abiye Elbise TPRSS24AE00050,873.99,49,/trendyolmilla/limited-edition-haki-a-kesim-volanli-dokuma-abiye-elbise-tprss24ae00050-p-793835356,Abiye
207,804300488,TRENDYOLMİLLA,Mor A-Kesim Dokuma Şifon Uzun Gece Abiye Elbise TPRSS24AE00117,399.99,10,/trendyolmilla/mor-a-kesim-dokuma-sifon-uzun-gece-abiye-elbise-tprss24ae00117-p-804300488,Abiye
208,795307449,TRENDYOLMİLLA,Zümrüt Yeşili A-Kesim Volanlı Dokuma Uzun Gece Abiye Elbise TPRSS24AE00054,800.99,32,/trendyolmilla/zumrut-yesili-a-kesim-volanli-dokuma-uzun-gece-abiye-elbise-tprss24ae00054-p-795307449,Abiye
209,791867096,TRENDYOLMİLLA,Siyah Vücuda Oturan Parlak Taşlı Dokuma Uzun Gece Abiye Elbise TPRSS24AE00023,972.99,37,/trendyolmilla/siyah-vucuda-oturan-parlak-tasli-dokuma-uzun-gece-abiye-elbise-tprss24ae00023-p-791867096,Abiye
210,796041229,TRENDYOLMİLLA,Zümrüt Yeşili Düz Slim Dokuma Abiye & Mezuniyet Elbisesi,383.99,16,/trendyolmilla/zumrut-yesili-duz-slim-dokuma-abiye-mezuniyet-elbisesi-p-796041229,Abiye
211,789049681,TRENDYOLMİLLA,Siyah Vücuda Oturan Dokuma Otrişli Uzun Gece Abiye Elbise TPRSS24AE00004,278.99,16,/trendyolmilla/siyah-vucuda-oturan-dokuma-otrisli-uzun-gece-abiye-elbise-tprss24ae00004-p-789049681,Abiye
212,312884180,TRENDYOLMİLLA,Mor Drape Detaylı Örme Uzun Gece Abiye Elbise TPRSS19UT0099,692.99,434,/trendyolmilla/mor-drape-detayli-orme-uzun-gece-abiye-elbise-tprss19ut0099-p-312884180,Abiye
213,250708806,TRENDYOLMİLLA,Siyah A-Kesim Dokuma Saten Uzun Gece Abiye Elbise TPRSS22AE0076,536.99,774,/trendyolmilla/siyah-a-kesim-dokuma-saten-uzun-gece-abiye-elbise-tprss22ae0076-p-250708806,Abiye
214,824691293,TRENDYOLMİLLA,Kırmızı Kemer Detaylı Dokuma Uzun Abiye Elbise TPRSS24AE00250,412.99,9,/trendyolmilla/kirmizi-kemer-detayli-dokuma-uzun-abiye-elbise-tprss24ae00250-p-824691293,Abiye
215,6428427,TRENDYOLMİLLA,Siyah Pencere/Cut Out Detaylı Dokuma Uzun Gece Abiye Elbise TPRSS19UT0124,530.99,2358,/trendyolmilla/siyah-pencere-cut-out-detayli-dokuma-uzun-gece-abiye-elbise-tprss19ut0124-p-6428427,Abiye
216,467897739,TRENDYOLMİLLA,Ekru Vücuda Oturan Astarlı Dokuma Saten Düğün/Nikah Uzun Gece Abiye Elbisesi TPRSS23AE00079,99.99,22,/trendyolmilla/ekru-vucuda-oturan-astarli-dokuma-saten-dugun-nikah-uzun-gece-abiye-elbisesi-tprss23ae00079-p-467897739,Abiye
217,208572100,TRENDYOLMİLLA,Kırmızı Sırt Biye Detaylı Dokuma Uzun Gece Abiye Elbise TPRSS22AE0012,489.99,868,/trendyolmilla/kirmizi-sirt-biye-detayli-dokuma-uzun-gece-abiye-elbise-tprss22ae0012-p-208572100,Abiye
218,811508654,TRENDYOLMİLLA,X Yapay Zekâ Lila A-Kesim Astarlı Fiyonk Detaylı Dokuma Şifon Uzun Gece Abiye Elbise TPRSS24AE00173,245.99,13,/trendyolmilla/x-yapay-zeka-lila-a-kesim-astarli-fiyonk-detayli-dokuma-sifon-uzun-gece-abiye-elbise-tprss24ae00173-p-811508654,Abiye
219,455979453,TRENDYOLMİLLA,Fuşya A-Kesim Astarlı Pencere/Cut Out Detaylı Uzun Gece Abiye Elbise TPRSS23AE00158,135.99,23,/trendyolmilla/fusya-a-kesim-astarli-pencere-cut-out-detayli-uzun-gece-abiye-elbise-tprss23ae00158-p-455979453,Abiye
220,805250764,TRENDYOLMİLLA,Siyah Vücuda Oturan Dokuma Uzun Abiye Elbise TPRSS24AE00123,400.99,20,/trendyolmilla/siyah-vucuda-oturan-dokuma-uzun-abiye-elbise-tprss24ae00123-p-805250764,Abiye
221,800006898,TRENDYOLMİLLA,Siyah Parıltılı Örme Uzun Gece Abiye Elbise TPRSS24AE00093,920.99,30,/trendyolmilla/siyah-pariltili-orme-uzun-gece-abiye-elbise-tprss24ae00093-p-800006898,Abiye
222,805255436,TRENDYOLMİLLA,Zümrüt Yeşili Volanlı Tek Kol Dokuma Uzun Abiye Elbise TPRSS24AE00130,463.99,11,/trendyolmilla/zumrut-yesili-volanli-tek-kol-dokuma-uzun-abiye-elbise-tprss24ae00130-p-805255436,Abiye
223,380730677,TRENDYOLMİLLA,Yağ Yeşil Örme Pencere/Cut Out Detaylı Uzun Gece Abiye Elbisesi TPRSS23AE00021,87.99,40,/trendyolmilla/yag-yesil-orme-pencere-cut-out-detayli-uzun-gece-abiye-elbisesi-tprss23ae00021-p-380730677,Abiye
225,805250877,TRENDYOLMİLLA,Pudra Parıltılı Vücuda Oturan Drapeli Örme Uzun Abiye Elbise TPRSS24AE00128,387.99,0,/trendyolmilla/pudra-pariltili-vucuda-oturan-drapeli-orme-uzun-abiye-elbise-tprss24ae00128-p-805250877,Abiye
226,266766859,TRENDYOLMİLLA,Lacivert Parıltılı Örme Payet Uzun Gece Abiye Elbise TPRSS22AE00052,616.99,423,/trendyolmilla/lacivert-pariltili-orme-payet-uzun-gece-abiye-elbise-tprss22ae00052-p-266766859,Abiye
227,505521448,TRENDYOLMİLLA,Ekru A-Kesim Şifon Düğün/Nikah Uzun Gece Abiye Elbisesi TPRSS23AE00215,299.99,43,/trendyolmilla/ekru-a-kesim-sifon-dugun-nikah-uzun-gece-abiye-elbisesi-tprss23ae00215-p-505521448,Abiye
228,811938100,TRENDYOLMİLLA,Siyah Vücuda Oturan Dokuma Uzun Gece Abiye Elbise TPRSS24AE00171,623.99,16,/trendyolmilla/siyah-vucuda-oturan-dokuma-uzun-gece-abiye-elbise-tprss24ae00171-p-811938100,Abiye
229,812086473,TRENDYOLMİLLA,Kırmızı Vücuda Oturan Gül Detaylı Dokuma Uzun Abiye Elbise TPRSS24AE00179,695.99,16,/trendyolmilla/kirmizi-vucuda-oturan-gul-detayli-dokuma-uzun-abiye-elbise-tprss24ae00179-p-812086473,Abiye
230,805254763,TRENDYOLMİLLA,Lacivert A-Kesim Asimetrik Yaka Örme Uzun Abiye Elbise TPRSS24AE00122,466.99,12,/trendyolmilla/lacivert-a-kesim-asimetrik-yaka-orme-uzun-abiye-elbise-tprss24ae00122-p-805254763,Abiye
231,817555051,TRENDYOLMİLLA,Siyah A-Kesim Dokuma Uzun Abiye & Mezuniyet Elbise TPRSS24AE00209,760.99,0,/trendyolmilla/siyah-a-kesim-dokuma-uzun-abiye-mezuniyet-elbise-tprss24ae00209-p-817555051,Abiye
232,792584014,TRENDYOLMİLLA,Mor A-Kesim Fırfırlı Dokuma Uzun Gece Abiye Elbise TPRSS24AE00040,325.99,32,/trendyolmilla/mor-a-kesim-firfirli-dokuma-uzun-gece-abiye-elbise-tprss24ae00040-p-792584014,Abiye
233,6257000,TRENDYOLMİLLA,Bordo Astarlı Örme Uzun Gece Abiye Elbise TPRSS19UT0099,661.99,2611,/trendyolmilla/bordo-astarli-orme-uzun-gece-abiye-elbise-tprss19ut0099-p-6257000,Abiye
234,721745897,TRENDYOLMİLLA,X Zeynep Tosun Açık Yeşil Vücuda Oturan Korse Detaylı Abiye & Mezuniyet Elbisesi TCLSS23AE00013,368.99,70,/trendyolmilla/x-zeynep-tosun-acik-yesil-vucuda-oturan-korse-detayli-abiye-mezuniyet-elbisesi-tclss23ae00013-p-721745897,Abiye
235,791867088,TRENDYOLMİLLA,Bridal Beyaz Parlak Taşlı Dokuma Uzun Düğün/Nikah Gece Abiye Elbise TPRSS24AE00023,586.99,7,/trendyolmilla/bridal-beyaz-parlak-tasli-dokuma-uzun-dugun-nikah-gece-abiye-elbise-tprss24ae00023-p-791867088,Abiye
236,805255267,TRENDYOLMİLLA,Bordo Vücuda Oturan Dokuma Uzun Abiye Elbise TPRSS24AE00129,386.99,19,/trendyolmilla/bordo-vucuda-oturan-dokuma-uzun-abiye-elbise-tprss24ae00129-p-805255267,Abiye
237,819333852,TRENDYOLMİLLA,Beyaz A-Kesim Carmen Yaka Örme Tül Uzun Gece Abiye Elbise TPRSS24AE00068,439.99,0,/trendyolmilla/beyaz-a-kesim-carmen-yaka-orme-tul-uzun-gece-abiye-elbise-tprss24ae00068-p-819333852,Abiye
238,805256507,TRENDYOLMİLLA,Pembe Carmen Yaka Dokuma Şifon Uzun Şık Abiye Elbise TPRSS24AE00137,1363.99,93,/trendyolmilla/pembe-carmen-yaka-dokuma-sifon-uzun-sik-abiye-elbise-tprss24ae00137-p-805256507,Abiye
239,808016015,TRENDYOLMİLLA,Pembe Vücuda Oturan Volan Detaylı Tek Kol Dokuma Uzun Abiye Elbise TPRSS24AE00152,536.99,8,/trendyolmilla/pembe-vucuda-oturan-volan-detayli-tek-kol-dokuma-uzun-abiye-elbise-tprss24ae00152-p-808016015,Abiye
241,775316879,TRENDYOLMİLLA,Kırmızı Dokuma Abiye & Mezuniyet Elbise TPRSS19UT0124,507.99,35,/trendyolmilla/kirmizi-dokuma-abiye-mezuniyet-elbise-tprss19ut0124-p-775316879,Abiye
242,806714669,TRENDYOLMİLLA,Siyah-Pembe Vücuda Oturan Parıltılı Simli Örme Uzun Gece Abiye Elbise TPRSS24AE00155,208.99,0,/trendyolmilla/siyah-pembe-vucuda-oturan-pariltili-simli-orme-uzun-gece-abiye-elbise-tprss24ae00155-p-806714669,Abiye
243,812098393,TRENDYOLMİLLA,Siyah Taş Aksesuarlı Dokuma Uzun Şık Abiye Elbise TPRSS24AE00185,1750.99,17,/trendyolmilla/siyah-tas-aksesuarli-dokuma-uzun-sik-abiye-elbise-tprss24ae00185-p-812098393,Abiye
244,822954031,TRENDYOLMİLLA,Lacivert Örme Tül Şık Abiye Elbise TPRSS24AE00103,740.99,5,/trendyolmilla/lacivert-orme-tul-sik-abiye-elbise-tprss24ae00103-p-822954031,Abiye
246,807674015,TRENDYOLMİLLA,Siyah Korse Detaylı Dokuma Uzun Abiye Elbise TPRSS24AE00148,636.99,33,/trendyolmilla/siyah-korse-detayli-dokuma-uzun-abiye-elbise-tprss24ae00148-p-807674015,Abiye
247,793673896,TRENDYOLMİLLA,Limited Edition Siyah A-Kesim Pencere/Cut Out Detaylı Örme Gece Uzun Abiye Elbise TPRSS24AE00049,499.99,32,/trendyolmilla/limited-edition-siyah-a-kesim-pencere-cut-out-detayli-orme-gece-uzun-abiye-elbise-tprss24ae00049-p-793673896,Abiye
248,796155628,TRENDYOLMİLLA,Fuşya Vücuda Oturan Dokuma Şık Abiye Elbise TPRSS24AE00067,509.99,7,/trendyolmilla/fusya-vucuda-oturan-dokuma-sik-abiye-elbise-tprss24ae00067-p-796155628,Abiye
250,775723308,TRENDYOLMİLLA,Bordo Dokuma Abiye & Mezuniyet Elbise TPRSS21AE0185,708.99,16,/trendyolmilla/bordo-dokuma-abiye-mezuniyet-elbise-tprss21ae0185-p-775723308,Abiye
251,796041563,TRENDYOLMİLLA,Saks Vücuda Oturan Dokuma Uzun Şık Abiye Elbise TPRSS24AE00061,327.99,16,/trendyolmilla/saks-vucuda-oturan-dokuma-uzun-sik-abiye-elbise-tprss24ae00061-p-796041563,Abiye
252,808301410,TRENDYOLMİLLA,Turuncu Göğüs Detaylı Vücuda Oturan Dokuma Uzun Gece Abiye Elbise TPRSS24AE00115,239.99,15,/trendyolmilla/turuncu-gogus-detayli-vucuda-oturan-dokuma-uzun-gece-abiye-elbise-tprss24ae00115-p-808301410,Abiye
253,6580636,TRENDYOLMİLLA,Saks A-Kesim Yırtmaç Dekolteli Dokuma Uzun Gece Abiye Elbise TPRSS19FZ0511,801.99,1368,/trendyolmilla/saks-a-kesim-yirtmac-dekolteli-dokuma-uzun-gece-abiye-elbise-tprss19fz0511-p-6580636,Abiye
254,825443252,TRENDYOLMİLLA,Bordo Vücuda Oturan Dokuma Abiye Elbise TPRSS24AE00252,382.99,3,/trendyolmilla/bordo-vucuda-oturan-dokuma-abiye-elbise-tprss24ae00252-p-825443252,Abiye
255,819647602,TRENDYOLMİLLA,Açık Mavi İnci İşlemeli Parlak Taşlı Dokuma Uzun Gece Abiye Elbise TPRSS24AE00223,816.99,3,/trendyolmilla/acik-mavi-inci-islemeli-parlak-tasli-dokuma-uzun-gece-abiye-elbise-tprss24ae00223-p-819647602,Abiye
256,193107632,TRENDYOLMİLLA,Zümrüt Yeşili Pili Detaylı Dokuma Uzun Gece Abiye Elbise TPRSS20AE0049,584.99,438,/trendyolmilla/zumrut-yesili-pili-detayli-dokuma-uzun-gece-abiye-elbise-tprss20ae0049-p-193107632,Abiye
257,784173294,TRENDYOLMİLLA,Siyah A-Kesim Örme Uzun Gece Abiye Elbise TPRSS24AE00000,377.99,11,/trendyolmilla/siyah-a-kesim-orme-uzun-gece-abiye-elbise-tprss24ae00000-p-784173294,Abiye
258,384196865,TRENDYOLMİLLA,Siyah Otrişli Dokuma Uzun Gece Abiye Elbise TPRSS23AE00032,871.99,443,/trendyolmilla/siyah-otrisli-dokuma-uzun-gece-abiye-elbise-tprss23ae00032-p-384196865,Abiye
259,4463855,TRENDYOLMİLLA,Zümrüt Yeşili Vücuda Oturan Astarlı Volanlı Örme Uzun Gece Abiye Elbise TPRSS19UT0026,516.99,2120,/trendyolmilla/zumrut-yesili-vucuda-oturan-astarli-volanli-orme-uzun-gece-abiye-elbise-tprss19ut0026-p-4463855,Abiye
260,816761537,TRENDYOLMİLLA,Bordo Vücuda Oturan Dokuma Parlak Taşlı Dokuma Uzun Gece Abiye Elbise TPRSS24AE00023,571.99,0,/trendyolmilla/bordo-vucuda-oturan-dokuma-parlak-tasli-dokuma-uzun-gece-abiye-elbise-tprss24ae00023-p-816761537,Abiye
261,805254717,TRENDYOLMİLLA,Siyah Vücuda Oturan Örme Şık Abiye Elbise TPRSS24AE00120,523.99,11,/trendyolmilla/siyah-vucuda-oturan-orme-sik-abiye-elbise-tprss24ae00120-p-805254717,Abiye
262,772548125,TRENDYOLMİLLA,Mürdüm Taş Aksesuar Detaylı Dokuma Uzun Gece Abiye Elbise TPRSS23EL00509,423.99,16,/trendyolmilla/murdum-tas-aksesuar-detayli-dokuma-uzun-gece-abiye-elbise-tprss23el00509-p-772548125,Abiye
263,797204995,TRENDYOLMİLLA,Saks A-Kesim Örme Abiye & Mezuniyet Elbise TPRSS24AE00044,429.99,11,/trendyolmilla/saks-a-kesim-orme-abiye-mezuniyet-elbise-tprss24ae00044-p-797204995,Abiye
265,801208536,TRENDYOLMİLLA,Saks A-Kesim Örme Abiye & Mezuniyet Elbise TPRSS24AE00065,1000.99,27,/trendyolmilla/saks-a-kesim-orme-abiye-mezuniyet-elbise-tprss24ae00065-p-801208536,Abiye
266,788878737,TRENDYOLMİLLA,Siyah A-Kesim Kemer Detaylı Dokuma Uzun Şık Abiye Elbise TPRSS24AE00013,980.99,22,/trendyolmilla/siyah-a-kesim-kemer-detayli-dokuma-uzun-sik-abiye-elbise-tprss24ae00013-p-788878737,Abiye
267,455846862,TRENDYOLMİLLA,Mor Astarlı Parıltılı Örme Uzun Gece Abiye Elbise TPRSS23AE00145,784.99,88,/trendyolmilla/mor-astarli-pariltili-orme-uzun-gece-abiye-elbise-tprss23ae00145-p-455846862,Abiye
268,805255464,TRENDYOLMİLLA,Gri Metalik Dokuma Uzun Abiye Elbise TPRSS24AE00133,897.99,43,/trendyolmilla/gri-metalik-dokuma-uzun-abiye-elbise-tprss24ae00133-p-805255464,Abiye
269,807519323,TRENDYOLMİLLA,X Zeynep Tosun Kırmızı Balık Örme Bağlama Detaylı Uzun Abiye & Mezuniyet Elbisesi TCLSS24AE00009,787.99,15,/trendyolmilla/x-zeynep-tosun-kirmizi-balik-orme-baglama-detayli-uzun-abiye-mezuniyet-elbisesi-tclss24ae00009-p-807519323,Abiye
270,805041488,TRENDYOLMİLLA,Siyah Göğüs Detaylı Vücuda Oturan Dokuma Uzun Gece Abiye Elbise TPRSS24AE00115,208.99,15,/trendyolmilla/siyah-gogus-detayli-vucuda-oturan-dokuma-uzun-gece-abiye-elbise-tprss24ae00115-p-805041488,Abiye
271,783931903,TRENDYOLMİLLA,Fuşya Dokuma Abiye & Mezuniyet Elbise TPRSS20AE0274,655.99,30,/trendyolmilla/fusya-dokuma-abiye-mezuniyet-elbise-tprss20ae0274-p-783931903,Abiye
272,721730622,TRENDYOLMİLLA,X Zeynep Tosun Nar Çiçeği Volanlı Abiye & Mezuniyet Elbisesi TCLSS23AE00011,476.99,50,/trendyolmilla/x-zeynep-tosun-nar-cicegi-volanli-abiye-mezuniyet-elbisesi-tclss23ae00011-p-721730622,Abiye
273,824361937,TRENDYOLMİLLA,Çok Renkli Çiçek Desenli Tek Omuz Dokuma Uzun Şık Abiye Elbise TPRSS24AE00245,3230.99,5,/trendyolmilla/cok-renkli-cicek-desenli-tek-omuz-dokuma-uzun-sik-abiye-elbise-tprss24ae00245-p-824361937,Abiye
274,805256785,TRENDYOLMİLLA,Mint Taş Baskılı Dokuma Uzun Abiye Elbise TPRSS24AE00135,587.99,10,/trendyolmilla/mint-tas-baskili-dokuma-uzun-abiye-elbise-tprss24ae00135-p-805256785,Abiye
275,605769887,TRENDYOLMİLLA,Ekru Örme Saten Astarlı Volanlı Düğün/Nikah Uzun Gece Abiye Elbisesi TPRSS23AE00237,140.99,36,/trendyolmilla/ekru-orme-saten-astarli-volanli-dugun-nikah-uzun-gece-abiye-elbisesi-tprss23ae00237-p-605769887,Abiye
276,815425938,TRENDYOLMİLLA,Zümrüt Yeşili Düşük Kol Taş Aksesuar Detaylı Uzun Dokuma Şık Abiye Elbise TPRSS24AE00186,2999.0,3,/trendyolmilla/zumrut-yesili-dusuk-kol-tas-aksesuar-detayli-uzun-dokuma-sik-abiye-elbise-tprss24ae00186-p-815425938,Abiye
277,805037709,TRENDYOLMİLLA,Siyah Vücuda Oturan Astarlı Parıltılı Örme Uzun Gece Abiye Elbise TPRSS24AE00114,389.99,18,/trendyolmilla/siyah-vucuda-oturan-astarli-pariltili-orme-uzun-gece-abiye-elbise-tprss24ae00114-p-805037709,Abiye
278,833225365,TRENDYOLMİLLA,Bordo Saten Dokuma Balık Kesim Uzun Abiye & Mezuniyet Elbise TPRSS24AE00001,671.99,1,/trendyolmilla/bordo-saten-dokuma-balik-kesim-uzun-abiye-mezuniyet-elbise-tprss24ae00001-p-833225365,Abiye
279,808016016,TRENDYOLMİLLA,Saks Vücuda Oturan Volan Detaylı Tek Kol Dokuma Uzun Abiye Elbise TPRSS24AE00152,531.99,11,/trendyolmilla/saks-vucuda-oturan-volan-detayli-tek-kol-dokuma-uzun-abiye-elbise-tprss24ae00152-p-808016016,Abiye
280,807512225,TRENDYOLMİLLA,X Zeynep Tosun Saks Anvelop Örme Aksesuar Detaylı Uzun Abiye & Mezuniyet Elbisesi TCLSS24AE00007,839.99,13,/trendyolmilla/x-zeynep-tosun-saks-anvelop-orme-aksesuar-detayli-uzun-abiye-mezuniyet-elbisesi-tclss24ae00007-p-807512225,Abiye
281,788984762,TRENDYOLMİLLA,Siyah Vücuda Oturan Örme Dantel Detaylı Uzun Gece Abiye Elbise TPRSS24AE00003,234.99,19,/trendyolmilla/siyah-vucuda-oturan-orme-dantel-detayli-uzun-gece-abiye-elbise-tprss24ae00003-p-788984762,Abiye
282,825443344,TRENDYOLMİLLA,Siyah Vücuda Oturan Dokuma Abiye Elbise TPRSS24AE00252,304.99,2,/trendyolmilla/siyah-vucuda-oturan-dokuma-abiye-elbise-tprss24ae00252-p-825443344,Abiye
283,212003764,TRENDYOLMİLLA,Siyah Detaylı Örme Uzun Gece Abiye Elbise TPRSS22AE0034,527.99,240,/trendyolmilla/siyah-detayli-orme-uzun-gece-abiye-elbise-tprss22ae0034-p-212003764,Abiye
284,792303037,TRENDYOLMİLLA,Beyaz Dokuma Abiye & Mezuniyet Elbise TPRSS21AE0010,696.99,58,/trendyolmilla/beyaz-dokuma-abiye-mezuniyet-elbise-tprss21ae0010-p-792303037,Abiye
285,815531847,TRENDYOLMİLLA,Limited Edition Kırmızı A-Kesim Pencere/Cut Out Detaylı Örme Gece Uzun Abiye Elbise TPRSS24AE00049,780.99,26,/trendyolmilla/limited-edition-kirmizi-a-kesim-pencere-cut-out-detayli-orme-gece-uzun-abiye-elbise-tprss24ae00049-p-815531847,Abiye
286,455982353,TRENDYOLMİLLA,Saks Düğme Detaylı Örme Saten Uzun Gece Abiye Elbise TPRSS23AE00157,459.99,287,/trendyolmilla/saks-dugme-detayli-orme-saten-uzun-gece-abiye-elbise-tprss23ae00157-p-455982353,Abiye
287,90414305,TRENDYOLMİLLA,Siyah Astarlı Örme Uzun Gece Abiye Elbise TPRSS21AE0049,661.99,448,/trendyolmilla/siyah-astarli-orme-uzun-gece-abiye-elbise-tprss21ae0049-p-90414305,Abiye
288,380730583,TRENDYOLMİLLA,Tarçın Örme Pencere/Cut Out Detaylı Uzun Gece Abiye Elbise TPRSS23AE00021,110.99,22,/trendyolmilla/tarcin-orme-pencere-cut-out-detayli-uzun-gece-abiye-elbise-tprss23ae00021-p-380730583,Abiye
289,792749237,TRENDYOLMİLLA,Siyah A-Kesim Gül Detaylı Dokuma Saten Uzun Gece Abiye Elbise TPRSS24AE00029,840.99,14,/trendyolmilla/siyah-a-kesim-gul-detayli-dokuma-saten-uzun-gece-abiye-elbise-tprss24ae00029-p-792749237,Abiye
290,796414393,TRENDYOLMİLLA,Mor Dokuma Payet Uzun Şık Abiye Elbise TPRSS24AE00081,781.99,10,/trendyolmilla/mor-dokuma-payet-uzun-sik-abiye-elbise-tprss24ae00081-p-796414393,Abiye
291,824363864,TRENDYOLMİLLA,Fuşya-Çok Renkli Çiçekli Dokuma Uzun Abiye Elbise TPRSS24AE00241,2685.99,5,/trendyolmilla/fusya-cok-renkli-cicekli-dokuma-uzun-abiye-elbise-tprss24ae00241-p-824363864,Abiye
292,822058193,TRENDYOLMİLLA,Siyah Vücuda Oturan Asimetrik Yaka Bel Detaylı Dokuma Uzun Şık Abiye Elbise TPRSS24AE00225,575.99,20,/trendyolmilla/siyah-vucuda-oturan-asimetrik-yaka-bel-detayli-dokuma-uzun-sik-abiye-elbise-tprss24ae00225-p-822058193,Abiye
293,815425895,TRENDYOLMİLLA,Kırmızı Düşük Kol Taş Aksesuar Detaylı Uzun Dokuma Şık Abiye Elbise TPRSS24AE00186,2999.0,4,/trendyolmilla/kirmizi-dusuk-kol-tas-aksesuar-detayli-uzun-dokuma-sik-abiye-elbise-tprss24ae00186-p-815425895,Abiye
294,802060999,TRENDYOLMİLLA,Siyah Dantel Detaylı Dokuma Saten Uzun Gece Abiye Elbise TPRSS24AE00037,294.99,15,/trendyolmilla/siyah-dantel-detayli-dokuma-saten-uzun-gece-abiye-elbise-tprss24ae00037-p-802060999,Abiye
295,792587484,TRENDYOLMİLLA,Çok Renkli Fırfırlı Dokuma Uzun Gece Abiye Elbise TPRSS24AE00045,858.99,42,/trendyolmilla/cok-renkli-firfirli-dokuma-uzun-gece-abiye-elbise-tprss24ae00045-p-792587484,Abiye
296,806913618,TRENDYOLMİLLA,Bridal Beyaz Vücuda Oturan Otrişli Dokuma Düğün/Nikah Uzun Gece Abiye Elbise TPRSS24AE00160,149.99,4,/trendyolmilla/bridal-beyaz-vucuda-oturan-otrisli-dokuma-dugun-nikah-uzun-gece-abiye-elbise-tprss24ae00160-p-806913618,Abiye
297,772218838,TRENDYOLMİLLA,Saks Pencere/Cut Out Detaylı Örme Uzun Gece Abiye Elbise TPRSS23AE00157,608.99,19,/trendyolmilla/saks-pencere-cut-out-detayli-orme-uzun-gece-abiye-elbise-tprss23ae00157-p-772218838,Abiye
298,812101424,TRENDYOLMİLLA,Siyah Dokuma Abiye & Mezuniyet Elbise TPRSS24AE00184,2331.99,3,/trendyolmilla/siyah-dokuma-abiye-mezuniyet-elbise-tprss24ae00184-p-812101424,Abiye
299,822953986,TRENDYOLMİLLA,Lila Pullu Örme Tül Uzun Şık Abiye Elbise TPRSS24AE00103,690.99,2,/trendyolmilla/lila-pullu-orme-tul-uzun-sik-abiye-elbise-tprss24ae00103-p-822953986,Abiye
300,799401809,TRENDYOLMİLLA,Fuşya Vücuda Oturan Degaje Yaka Dokuma Uzun Gece Abiye Elbise TPRSS24AE00083,437.99,14,/trendyolmilla/fusya-vucuda-oturan-degaje-yaka-dokuma-uzun-gece-abiye-elbise-tprss24ae00083-p-799401809,Abiye
301,819333564,TRENDYOLMİLLA,Mor Kol Detaylı Dokuma Abiye Elbise TPRSS24AE00032,547.99,3,/trendyolmilla/mor-kol-detayli-dokuma-abiye-elbise-tprss24ae00032-p-819333564,Abiye
303,805254643,TRENDYOLMİLLA,Siyah Asimetrik Yaka Dokuma Uzun Abiye Elbise TPRSS24AE00119,362.99,8,/trendyolmilla/siyah-asimetrik-yaka-dokuma-uzun-abiye-elbise-tprss24ae00119-p-805254643,Abiye
305,801411908,TRENDYOLMİLLA,Mor Pullu Örme Tül Uzun Şık Abiye Elbise TPRSS24AE00103,663.99,11,/trendyolmilla/mor-pullu-orme-tul-uzun-sik-abiye-elbise-tprss24ae00103-p-801411908,Abiye
306,815856585,TRENDYOLMİLLA,Siyah Pullu Payet Detaylı Tül Uzun Abiye Elbise TPRSS24AE00214,721.99,2,/trendyolmilla/siyah-pullu-payet-detayli-tul-uzun-abiye-elbise-tprss24ae00214-p-815856585,Abiye
307,808293733,TRENDYOLMİLLA,Zümrüt Yeşili Volan Detaylı Kemerli Dokuma Uzun Şık Abiye Elbise TPRSS24AE00146,607.99,16,/trendyolmilla/zumrut-yesili-volan-detayli-kemerli-dokuma-uzun-sik-abiye-elbise-tprss24ae00146-p-808293733,Abiye
308,801748140,TRENDYOLMİLLA,Siyah Dokuma Uzun Gece Abiye Elbise TPRSS24AE00111,1113.99,6,/trendyolmilla/siyah-dokuma-uzun-gece-abiye-elbise-tprss24ae00111-p-801748140,Abiye
309,479683963,TRENDYOLMİLLA,Pudra Astarlı Parıltılı Simli Örme Uzun Gece Abiye Elbise TPRSS23AE00251,152.99,25,/trendyolmilla/pudra-astarli-pariltili-simli-orme-uzun-gece-abiye-elbise-tprss23ae00251-p-479683963,Abiye
310,805254642,TRENDYOLMİLLA,Fuşya Asimetrik Yaka Dokuma Uzun Abiye Elbise TPRSS24AE00119,336.99,11,/trendyolmilla/fusya-asimetrik-yaka-dokuma-uzun-abiye-elbise-tprss24ae00119-p-805254642,Abiye
311,799993445,TRENDYOLMİLLA,Saks A-Kesim Tek Kol Aksesuarlı Dokuma Şifon Uzun Gece Abiye Elbise TPRSS24AE00085,407.99,23,/trendyolmilla/saks-a-kesim-tek-kol-aksesuarli-dokuma-sifon-uzun-gece-abiye-elbise-tprss24ae00085-p-799993445,Abiye
312,833225322,TRENDYOLMİLLA,Zümrüt Yeşili Dokuma Saten Balık Kesim Uzun Abiye & Mezuniyet Elbise TPRSS24AE00001,671.99,0,/trendyolmilla/zumrut-yesili-dokuma-saten-balik-kesim-uzun-abiye-mezuniyet-elbise-tprss24ae00001-p-833225322,Abiye
313,805255327,TRENDYOLMİLLA,Siyah Vücuda Oturan Taş Aksesuarlı Tek Kol Dokuma Uzun Abiye Elbise TPRSS24AE00132,303.99,15,/trendyolmilla/siyah-vucuda-oturan-tas-aksesuarli-tek-kol-dokuma-uzun-abiye-elbise-tprss24ae00132-p-805255327,Abiye
314,812101711,TRENDYOLMİLLA,Beyaz Taş Baskılı Dokuma Uzun Abiye Elbise TPRSS24AE00184,2103.99,3,/trendyolmilla/beyaz-tas-baskili-dokuma-uzun-abiye-elbise-tprss24ae00184-p-812101711,Abiye
315,815841552,TRENDYOLMİLLA,Zümrüt Yeşili Drapeli Örme Uzun Şık Abiye Elbise TPRSS24AE00104,1143.99,5,/trendyolmilla/zumrut-yesili-drapeli-orme-uzun-sik-abiye-elbise-tprss24ae00104-p-815841552,Abiye
316,815841621,TRENDYOLMİLLA,Siyah Drapeli Örme Uzun Şık Abiye Elbise TPRSS24AE00104,844.99,8,/trendyolmilla/siyah-drapeli-orme-uzun-sik-abiye-elbise-tprss24ae00104-p-815841621,Abiye
317,444112793,TRENDYOLMİLLA,Siyah Vücuda Oturan Dokuma Saten Uzun Gece Abiye Elbisesi TPRSS23AE00079,185.99,34,/trendyolmilla/siyah-vucuda-oturan-dokuma-saten-uzun-gece-abiye-elbisesi-tprss23ae00079-p-444112793,Abiye
318,468238911,TRENDYOLMİLLA,Siyah Vücuda Oturan Örme Out Detaylı Parıltılı Uzun Gece Abiye Elbise TPRSS23AE00029,140.99,40,/trendyolmilla/siyah-vucuda-oturan-orme-out-detayli-pariltili-uzun-gece-abiye-elbise-tprss23ae00029-p-468238911,Abiye
319,790832609,TRENDYOLMİLLA,Beyaz Dokuma Abiye & Mezuniyet Elbise TPRSS23AE00228,621.99,33,/trendyolmilla/beyaz-dokuma-abiye-mezuniyet-elbise-tprss23ae00228-p-790832609,Abiye
320,365929066,TRENDYOLMİLLA,Saks Vücuda Oturan Astarlı Volanlı Örme Uzun Gece Abiye Elbise TPRSS19UT0026,668.99,190,/trendyolmilla/saks-vucuda-oturan-astarli-volanli-orme-uzun-gece-abiye-elbise-tprss19ut0026-p-365929066,Abiye
321,796289492,TRENDYOLMİLLA,Lila A-Kesim Carmen Yaka Örme Tül Uzun Gece Abiye Elbise TPRSS24AE00068,658.99,14,/trendyolmilla/lila-a-kesim-carmen-yaka-orme-tul-uzun-gece-abiye-elbise-tprss24ae00068-p-796289492,Abiye
322,807674037,TRENDYOLMİLLA,Mürdüm Dokuma Uzun Şık Abiye Elbise TPRSS24AE00150,659.99,35,/trendyolmilla/murdum-dokuma-uzun-sik-abiye-elbise-tprss24ae00150-p-807674037,Abiye
323,623316261,TRENDYOLMİLLA,Mor Astarlı Dokuma Saten Uzun Gece Abiye Elbise TPRSS23AE00221,238.99,36,/trendyolmilla/mor-astarli-dokuma-saten-uzun-gece-abiye-elbise-tprss23ae00221-p-623316261,Abiye
324,792400839,TRENDYOLMİLLA,Gümüş Astarlı Metalik Dokuma Balık Uzun Gece Abiye Elbise TPRSS24AE00017,719.99,8,/trendyolmilla/gumus-astarli-metalik-dokuma-balik-uzun-gece-abiye-elbise-tprss24ae00017-p-792400839,Abiye
325,788969170,TRENDYOLMİLLA,Siyah Parlak Taş Aksesuarlı Dokuma Saten Uzun Gece Abiye Elbise TPRSS24AE00006,696.99,32,/trendyolmilla/siyah-parlak-tas-aksesuarli-dokuma-saten-uzun-gece-abiye-elbise-tprss24ae00006-p-788969170,Abiye
326,516697803,TRENDYOLMİLLA,Çok Renkli Vücuda Oturan Örme Çiçek Desenli Uzun Gece Abiye Elbisesi TPRSS23AE00223,222.99,59,/trendyolmilla/cok-renkli-vucuda-oturan-orme-cicek-desenli-uzun-gece-abiye-elbisesi-tprss23ae00223-p-516697803,Abiye
327,801743770,TRENDYOLMİLLA,Lacivert Dokuma Tül Uzun Şık Abiye Elbise TPRSS24AE00106,1459.99,4,/trendyolmilla/lacivert-dokuma-tul-uzun-sik-abiye-elbise-tprss24ae00106-p-801743770,Abiye
328,812601153,TRENDYOLMİLLA,Fuşya Vücuda Oturan Dokuma Uzun Şık Abiye & Mezuniyet Elbise TPRSS24AE00188,631.99,11,/trendyolmilla/fusya-vucuda-oturan-dokuma-uzun-sik-abiye-mezuniyet-elbise-tprss24ae00188-p-812601153,Abiye
329,789047498,TRENDYOLMİLLA,Nar Çiçeği Anvelop Volanlı Dokuma Uzun Gece Abiye Elbise TPRSS24AE00005,618.99,10,/trendyolmilla/nar-cicegi-anvelop-volanli-dokuma-uzun-gece-abiye-elbise-tprss24ae00005-p-789047498,Abiye
330,772221469,TRENDYOLMİLLA,Kırmızı Biye Detaylı Örme Uzun Gece Abiye Elbise TPRSS22AE0047,381.99,7,/trendyolmilla/kirmizi-biye-detayli-orme-uzun-gece-abiye-elbise-tprss22ae0047-p-772221469,Abiye
331,792751267,TRENDYOLMİLLA,Bridal Beyaz A-Kesim Örme Payet Düğün/Nikah Uzun Gece Abiye Elbise TPRSS24AE00039,442.99,15,/trendyolmilla/bridal-beyaz-a-kesim-orme-payet-dugun-nikah-uzun-gece-abiye-elbise-tprss24ae00039-p-792751267,Abiye
332,518813405,TRENDYOLMİLLA,Çok Renkli A-Kesim Dokuma Astarlı Şifon Volanlı Uzun Gece Abiye Elbise TPRSS23AE00202,196.99,42,/trendyolmilla/cok-renkli-a-kesim-dokuma-astarli-sifon-volanli-uzun-gece-abiye-elbise-tprss23ae00202-p-518813405,Abiye
333,796289490,TRENDYOLMİLLA,Siyah A-Kesim Carmen Yaka Örme Tül Uzun Gece Abiye Elbise TPRSS24AE00068,662.99,21,/trendyolmilla/siyah-a-kesim-carmen-yaka-orme-tul-uzun-gece-abiye-elbise-tprss24ae00068-p-796289490,Abiye
334,386585287,TRENDYOLMİLLA,Açık Sarı Dokuma Pencere/Cut Out Detaylı Saten Uzun Gece Abiye Elbise TPRSS23AE00036,157.99,36,/trendyolmilla/acik-sari-dokuma-pencere-cut-out-detayli-saten-uzun-gece-abiye-elbise-tprss23ae00036-p-386585287,Abiye
335,804726878,TRENDYOLMİLLA,Pudra Dokuma Dantel Şık Abiye Elbise TPRSS24AE00142,226.99,6,/trendyolmilla/pudra-dokuma-dantel-sik-abiye-elbise-tprss24ae00142-p-804726878,Abiye
339,388249212,TRENDYOLMİLLA,Bordo Dokuma Pencere/Cut Out Detaylı Uzun Gece Abiye Elbisesi TPRSS23AE00046,137.99,44,/trendyolmilla/bordo-dokuma-pencere-cut-out-detayli-uzun-gece-abiye-elbisesi-tprss23ae00046-p-388249212,Abiye
340,819029893,TRENDYOLMİLLA,Kahverengi A-Kesim Örme Abiye & Mezuniyet Elbise TPRSS24AE00014,828.99,23,/trendyolmilla/kahverengi-a-kesim-orme-abiye-mezuniyet-elbise-tprss24ae00014-p-819029893,Abiye
341,801746906,TRENDYOLMİLLA,Siyah Drapeli Dokuma Saten Uzun Gece Abiye Elbise TPRSS24AE00109,1577.99,8,/trendyolmilla/siyah-drapeli-dokuma-saten-uzun-gece-abiye-elbise-tprss24ae00109-p-801746906,Abiye
342,801409328,TRENDYOLMİLLA,Lacivert Parlak Metalik Baskılı Örme Şık Abiye Elbise TPRSS24AE00101,1150.99,5,/trendyolmilla/lacivert-parlak-metalik-baskili-orme-sik-abiye-elbise-tprss24ae00101-p-801409328,Abiye
343,801745244,TRENDYOLMİLLA,Zümrüt Yeşili Dokuma Tül Uzun Şık Abiye Elbise TPRSS24AE00107,1614.99,8,/trendyolmilla/zumrut-yesili-dokuma-tul-uzun-sik-abiye-elbise-tprss24ae00107-p-801745244,Abiye
344,639795376,TRENDYOLMİLLA,Ekru Dokuma Astarlı Parıltılı Payet Düğün/Nikah Uzun Gece Abiye Elbisesi TPRSS23AE00261,137.99,17,/trendyolmilla/ekru-dokuma-astarli-pariltili-payet-dugun-nikah-uzun-gece-abiye-elbisesi-tprss23ae00261-p-639795376,Abiye
345,799191285,TRENDYOLMİLLA,Pembe Vücuda Oturan Asimetrik Yaka Dokuma Poplin Uzun Gece Abiye Elbise TPRSS24AE00084,600.99,8,/trendyolmilla/pembe-vucuda-oturan-asimetrik-yaka-dokuma-poplin-uzun-gece-abiye-elbise-tprss24ae00084-p-799191285,Abiye
346,791864546,TRENDYOLMİLLA,Siyah Kol Detaylı Örme Uzun Gece Abiye Elbise TPRSS24AE00018,316.99,11,/trendyolmilla/siyah-kol-detayli-orme-uzun-gece-abiye-elbise-tprss24ae00018-p-791864546,Abiye
347,380383111,TRENDYOLMİLLA,Siyah A-Kesim Astarlı Örme Pencere/Cut Out Detaylı Uzun Gece Abiye Elbisesi TPRSS23AE00010,245.99,47,/trendyolmilla/siyah-a-kesim-astarli-orme-pencere-cut-out-detayli-uzun-gece-abiye-elbisesi-tprss23ae00010-p-380383111,Abiye
348,807574155,TRENDYOLMİLLA,Siyah Askı Detaylı Örme Uzun Şık Abiye Elbise TPRSS24AE00165,345.99,24,/trendyolmilla/siyah-aski-detayli-orme-uzun-sik-abiye-elbise-tprss24ae00165-p-807574155,Abiye
350,792751587,TRENDYOLMİLLA,Bordo Dokuma Saten Uzun Gece Abiye Elbise TPRSS24AE00038,415.99,19,/trendyolmilla/bordo-dokuma-saten-uzun-gece-abiye-elbise-tprss24ae00038-p-792751587,Abiye
351,801411521,TRENDYOLMİLLA,Zümrüt Yeşili Kemer Detaylı Örme Uzun Abiye Elbise TPRSS24AE00102,1128.99,15,/trendyolmilla/zumrut-yesili-kemer-detayli-orme-uzun-abiye-elbise-tprss24ae00102-p-801411521,Abiye
352,801745925,TRENDYOLMİLLA,Siyah Dokuma Tül Şık Abiye Elbise TPRSS24AE00108,1087.99,5,/trendyolmilla/siyah-dokuma-tul-sik-abiye-elbise-tprss24ae00108-p-801745925,Abiye
353,453434460,TRENDYOLMİLLA,Çok Renkli A-Kesim Astarlı Çiçek Desenli Uzun Gece Abiye Elbise TPRSS23AE00121,200.99,55,/trendyolmilla/cok-renkli-a-kesim-astarli-cicek-desenli-uzun-gece-abiye-elbise-tprss23ae00121-p-453434460,Abiye
354,795263790,TRENDYOLMİLLA,Zümrüt Yeşili Volanlı Dokuma Saten Uzun Gece Abiye Elbise TPRSS24AE00056,644.99,21,/trendyolmilla/zumrut-yesili-volanli-dokuma-saten-uzun-gece-abiye-elbise-tprss24ae00056-p-795263790,Abiye
355,799191291,TRENDYOLMİLLA,Siyah Vücuda Oturan Asimetrik Yaka Dokuma Poplin Uzun Gece Abiye Elbise TPRSS24AE00084,703.99,12,/trendyolmilla/siyah-vucuda-oturan-asimetrik-yaka-dokuma-poplin-uzun-gece-abiye-elbise-tprss24ae00084-p-799191291,Abiye
356,455976163,TRENDYOLMİLLA,Siyah Vücuda Oturan Astarlı Volanlı Dokuma Uzun Gece Abiye Elbise TPRSS23AE00156,722.99,302,/trendyolmilla/siyah-vucuda-oturan-astarli-volanli-dokuma-uzun-gece-abiye-elbise-tprss23ae00156-p-455976163,Abiye
357,824368617,TRENDYOLMİLLA,Fuşya Dokuma Tül Uzun Şık Abiye Elbise TPRSS24AE00246,1922.99,4,/trendyolmilla/fusya-dokuma-tul-uzun-sik-abiye-elbise-tprss24ae00246-p-824368617,Abiye
358,815857494,TRENDYOLMİLLA,Mürdüm Dokuma Abiye & Mezuniyet Elbise TPRSS24AE00066,688.99,11,/trendyolmilla/murdum-dokuma-abiye-mezuniyet-elbise-tprss24ae00066-p-815857494,Abiye
359,833052910,TRENDYOLMİLLA,Kırmızı Vücuda Oturan Carmen Yaka Dokuma Uzun Abiye Elbise TPRSS24AE00253,706.99,1,/trendyolmilla/kirmizi-vucuda-oturan-carmen-yaka-dokuma-uzun-abiye-elbise-tprss24ae00253-p-833052910,Abiye
360,828051763,TRENDYOLMİLLA,Mint A-Kesim Dokuma Uzun Şık Abiye Elbise TPRSS24AE00244,2982.99,0,/trendyolmilla/mint-a-kesim-dokuma-uzun-sik-abiye-elbise-tprss24ae00244-p-828051763,Abiye
361,824368210,TRENDYOLMİLLA,Yeşil-Çok Renkli Çiçekli Tek Kol Dokuma Uzun Abiye Elbise TPRSS24AE00245,3926.99,8,/trendyolmilla/yesil-cok-renkli-cicekli-tek-kol-dokuma-uzun-abiye-elbise-tprss24ae00245-p-824368210,Abiye
362,824364340,TRENDYOLMİLLA,Sarı-Çok Renkli Çiçekli Dokuma Uzun Abiye Elbise TPRSS24AE00242,3243.99,7,/trendyolmilla/sari-cok-renkli-cicekli-dokuma-uzun-abiye-elbise-tprss24ae00242-p-824364340,Abiye
363,819822765,TRENDYOLMİLLA,Gül Kurusu Vücuda Oturan Astarlı Dokuma Uzun Gece Abiye Elbise TPRSS24AE00016,513.99,2,/trendyolmilla/gul-kurusu-vucuda-oturan-astarli-dokuma-uzun-gece-abiye-elbise-tprss24ae00016-p-819822765,Abiye
364,819008980,TRENDYOLMİLLA,X Yapay Zekâ Beyaz Biye Detaylı Dokuma Uzun Gece Abiye Elbise TPRSS24AE00232,517.99,1,/trendyolmilla/x-yapay-zeka-beyaz-biye-detayli-dokuma-uzun-gece-abiye-elbise-tprss24ae00232-p-819008980,Abiye
365,819008904,TRENDYOLMİLLA,X Yapay Zekâ Beyaz-Çok Renkli A-Kesim Çiçekli Dokuma Uzun Gece Abiye Elbise TPRSS24AE00233,676.99,6,/trendyolmilla/x-yapay-zeka-beyaz-cok-renkli-a-kesim-cicekli-dokuma-uzun-gece-abiye-elbise-tprss24ae00233-p-819008904,Abiye
367,811938094,TRENDYOLMİLLA,Bordo Vücuda Oturan Tek Kol Dokuma Uzun Gece Abiye Elbise TPRSS24AE00171,617.99,9,/trendyolmilla/bordo-vucuda-oturan-tek-kol-dokuma-uzun-gece-abiye-elbise-tprss24ae00171-p-811938094,Abiye
368,808293606,TRENDYOLMİLLA,Mint Volanlı Dokuma Uzun Abiye Elbise TPRSS24AE00145,429.99,13,/trendyolmilla/mint-volanli-dokuma-uzun-abiye-elbise-tprss24ae00145-p-808293606,Abiye
369,807673985,TRENDYOLMİLLA,Beyaz Derin V Yaka Dokuma Uzun Şık Abiye Elbise TPRSS24AE00147,270.99,9,/trendyolmilla/beyaz-derin-v-yaka-dokuma-uzun-sik-abiye-elbise-tprss24ae00147-p-807673985,Abiye
370,807614416,TRENDYOLMİLLA,X Zeynep Tosun Siyah Örme Aksesuar Detaylı Gece Abiye & Mezuniyet Elbisesi TCLSS24AE00003,924.99,12,/trendyolmilla/x-zeynep-tosun-siyah-orme-aksesuar-detayli-gece-abiye-mezuniyet-elbisesi-tclss24ae00003-p-807614416,Abiye
371,807519526,TRENDYOLMİLLA,X Zeynep Tosun Koyu Kahverengi Örme Yılan Aksesuarlı Abiye & Mezuniyet Elbisesi TCLSS24AE00014,1313.99,14,/trendyolmilla/x-zeynep-tosun-koyu-kahverengi-orme-yilan-aksesuarli-abiye-mezuniyet-elbisesi-tclss24ae00014-p-807519526,Abiye
372,807519322,TRENDYOLMİLLA,X Zeynep Tosun Siyah Balık Örme Bağlama Detaylı Uzun Gece Abiye & Mezuniyet Elbisesi TCLSS24AE00009,1003.99,11,/trendyolmilla/x-zeynep-tosun-siyah-balik-orme-baglama-detayli-uzun-gece-abiye-mezuniyet-elbisesi-tclss24ae00009-p-807519322,Abiye
373,807512221,TRENDYOLMİLLA,X Zeynep Tosun Kırmızı Anvelop Örme Aksesuar Detaylı Uzun Abiye & Mezuniyet Elbisesi TCLSS24AE00007,871.99,9,/trendyolmilla/x-zeynep-tosun-kirmizi-anvelop-orme-aksesuar-detayli-uzun-abiye-mezuniyet-elbisesi-tclss24ae00007-p-807512221,Abiye
374,807511428,TRENDYOLMİLLA,X Zeynep Tosun Siyah Örme Carmen Yaka Dantelli Uzun Gece Abiye & Mezuniyet Elbisesi TCLSS24AE00006,1731.99,21,/trendyolmilla/x-zeynep-tosun-siyah-orme-carmen-yaka-dantelli-uzun-gece-abiye-mezuniyet-elbisesi-tclss24ae00006-p-807511428,Abiye
375,807508139,TRENDYOLMİLLA,X Zeynep Tosun Fuşya Örme Korse Detaylı Uzun Gece Abiye & Mezuniyet Elbisesi TCLSS24AE00004,1133.99,15,/trendyolmilla/x-zeynep-tosun-fusya-orme-korse-detayli-uzun-gece-abiye-mezuniyet-elbisesi-tclss24ae00004-p-807508139,Abiye
378,804726490,TRENDYOLMİLLA,Siyah Vücuda Oturan Dokuma Uzun Şık Abiye Elbise TPRSS24AE00141,1214.99,10,/trendyolmilla/siyah-vucuda-oturan-dokuma-uzun-sik-abiye-elbise-tprss24ae00141-p-804726490,Abiye
379,804725657,TRENDYOLMİLLA,Bordo Saten Kemer Detaylı Uzun Abiye Elbise TPRSS24AE00140,848.99,8,/trendyolmilla/bordo-saten-kemer-detayli-uzun-abiye-elbise-tprss24ae00140-p-804725657,Abiye
380,801742144,TRENDYOLMİLLA,Zümrüt Yeşili Dokuma Uzun Gece Abiye Elbise TPRSS24AE00105,1403.99,6,/trendyolmilla/zumrut-yesili-dokuma-uzun-gece-abiye-elbise-tprss24ae00105-p-801742144,Abiye
381,800167467,TRENDYOLMİLLA,Siyah A-Kesim Örme Tül Uzun Şık Abiye Elbise TPRSS24AE00090,558.99,17,/trendyolmilla/siyah-a-kesim-orme-tul-uzun-sik-abiye-elbise-tprss24ae00090-p-800167467,Abiye
382,800166834,TRENDYOLMİLLA,Siyah Taş Aksesuarlı Dokuma Uzun Gece Abiye Elbise TPRSS24AE00089,578.99,11,/trendyolmilla/siyah-tas-aksesuarli-dokuma-uzun-gece-abiye-elbise-tprss24ae00089-p-800166834,Abiye
383,800007298,TRENDYOLMİLLA,Gül Kurusu Fırfırlı Dokuma Şifon Uzun Gece Abiye Elbise TPRSS24AE00092,962.99,14,/trendyolmilla/gul-kurusu-firfirli-dokuma-sifon-uzun-gece-abiye-elbise-tprss24ae00092-p-800007298,Abiye
384,799992753,TRENDYOLMİLLA,Petrol A-Kesim Parıltılı Örme Uzun Gece Abiye Elbise TPRSS24AE00100,1011.99,46,/trendyolmilla/petrol-a-kesim-pariltili-orme-uzun-gece-abiye-elbise-tprss24ae00100-p-799992753,Abiye
385,796293935,TRENDYOLMİLLA,Bridal Beyaz Vücuda Oturan Korse Detaylı Dokuma Düğün/Nikah Uzun Gece Abiye Elbise TPRSS24AE00069,594.99,27,/trendyolmilla/bridal-beyaz-vucuda-oturan-korse-detayli-dokuma-dugun-nikah-uzun-gece-abiye-elbise-tprss24ae00069-p-796293935,Abiye
386,796086741,TRENDYOLMİLLA,Gümüş A-Kesim Örme Şık Uzun Abiye Elbise TPRSS24AE00059,905.99,10,/trendyolmilla/gumus-a-kesim-orme-sik-uzun-abiye-elbise-tprss24ae00059-p-796086741,Abiye
387,795551747,TRENDYOLMİLLA,Yeşil A-Kesim Örme Abiye & Mezuniyet Elbise TPRSS24AE00014,958.99,31,/trendyolmilla/yesil-a-kesim-orme-abiye-mezuniyet-elbise-tprss24ae00014-p-795551747,Abiye
388,792756773,TRENDYOLMİLLA,Nar Çiçeği A-Kesim Volanlı Dokuma Elbise TPRSS24AE00033,740.99,16,/trendyolmilla/nar-cicegi-a-kesim-volanli-dokuma-elbise-tprss24ae00033-p-792756773,Abiye
389,792750386,TRENDYOLMİLLA,Bridal Beyaz Dokuma Saten Düğün/Nikah Uzun Gece Abiye Elbise TPRSS24AE00042,1207.99,14,/trendyolmilla/bridal-beyaz-dokuma-saten-dugun-nikah-uzun-gece-abiye-elbise-tprss24ae00042-p-792750386,Abiye
390,792748774,TRENDYOLMİLLA,Bridal Beyaz Vücuda Oturan Dokuma Dantel Düğün/Nikah Uzun Gece Abiye Elbise TPRSS24AE00030,590.99,13,/trendyolmilla/bridal-beyaz-vucuda-oturan-dokuma-dantel-dugun-nikah-uzun-gece-abiye-elbise-tprss24ae00030-p-792748774,Abiye
391,791967200,TRENDYOLMİLLA,Gümüş Vücuda Oturan Parıltılı Örme Uzun Gece Abiye Elbise TPRSS24AE00041,439.99,19,/trendyolmilla/gumus-vucuda-oturan-pariltili-orme-uzun-gece-abiye-elbise-tprss24ae00041-p-791967200,Abiye
392,791900283,TRENDYOLMİLLA,Lacivert A-Kesim Astarlı Örme Uzun Gece Abiye Elbise TPRSS24AE00021,418.99,12,/trendyolmilla/lacivert-a-kesim-astarli-orme-uzun-gece-abiye-elbise-tprss24ae00021-p-791900283,Abiye
393,791900282,TRENDYOLMİLLA,Mürdüm A-Kesim Astarlı Örme Uzun Gece Abiye Elbise TPRSS24AE00021,585.99,6,/trendyolmilla/murdum-a-kesim-astarli-orme-uzun-gece-abiye-elbise-tprss24ae00021-p-791900282,Abiye
394,791898231,TRENDYOLMİLLA,Pudra A-Kesim Asimetrik Astarlı Dokuma Uzun Gece Abiye Elbise TPRSS24AE00022,556.99,11,/trendyolmilla/pudra-a-kesim-asimetrik-astarli-dokuma-uzun-gece-abiye-elbise-tprss24ae00022-p-791898231,Abiye
395,791865534,TRENDYOLMİLLA,Siyah Vücuda Oturan Örme Uzun Gece Abiye Elbise TPRSS24AE00019,353.99,23,/trendyolmilla/siyah-vucuda-oturan-orme-uzun-gece-abiye-elbise-tprss24ae00019-p-791865534,Abiye
396,789042789,TRENDYOLMİLLA,Mor Vücuda Oturan Dokuma Uzun Gece Abiye Elbise TPRSS24AE00007,359.99,8,/trendyolmilla/mor-vucuda-oturan-dokuma-uzun-gece-abiye-elbise-tprss24ae00007-p-789042789,Abiye
397,784815437,TRENDYOLMİLLA,Mavi-Çok Renkli Degrade Desenli Tek Omuz Örme Uzun Gece Abiye Elbise TPRSS23AE00279,221.99,17,/trendyolmilla/mavi-cok-renkli-degrade-desenli-tek-omuz-orme-uzun-gece-abiye-elbise-tprss23ae00279-p-784815437,Abiye
398,770257088,TRENDYOLMİLLA,Zümrüt Yeşili Vücuda Oturan Dokuma Otrişli Gece Abiye Elbisesi TPRSS22AE0095,449.99,13,/trendyolmilla/zumrut-yesili-vucuda-oturan-dokuma-otrisli-gece-abiye-elbisesi-tprss22ae0095-p-770257088,Abiye
399,704957354,TRENDYOLMİLLA,Çok Renkli Degrade Desenli Tek Omuz Örme Uzun Gece Abiye Elbise TPRSS23AE00279,634.99,116,/trendyolmilla/cok-renkli-degrade-desenli-tek-omuz-orme-uzun-gece-abiye-elbise-tprss23ae00279-p-704957354,Abiye
400,674895839,TRENDYOLMİLLA,X Zeynep Tosun Lacivert Güneş Aksesuar Detaylı Abiye & Mezuniyet Elbisesi TCLSS23AE00002,1082.99,455,/trendyolmilla/x-zeynep-tosun-lacivert-gunes-aksesuar-detayli-abiye-mezuniyet-elbisesi-tclss23ae00002-p-674895839,Abiye
401,645505724,TRENDYOLMİLLA,Bordo A-Kesim Parıltılı Uzun Gece Abiye Elbise TPRSS23AE00242,362.99,44,/trendyolmilla/bordo-a-kesim-pariltili-uzun-gece-abiye-elbise-tprss23ae00242-p-645505724,Abiye
402,641060704,TRENDYOLMİLLA,Siyah Vücuda Oturan Parlak Taşlı Örme Uzun Gece Abiye Elbise TPRSS23AE00249,833.99,221,/trendyolmilla/siyah-vucuda-oturan-parlak-tasli-orme-uzun-gece-abiye-elbise-tprss23ae00249-p-641060704,Abiye
403,641060240,TRENDYOLMİLLA,Bordo Tek Omuz Büzgü Detaylı Uzun Gece Abiye Elbisesi TPRSS23AE00257,200.99,31,/trendyolmilla/bordo-tek-omuz-buzgu-detayli-uzun-gece-abiye-elbisesi-tprss23ae00257-p-641060240,Abiye
404,623362686,TRENDYOLMİLLA,Siyah Taş Askı Detaylı V Yaka Uzun Gece Abiye Elbise TPRSS23AE00220,166.99,20,/trendyolmilla/siyah-tas-aski-detayli-v-yaka-uzun-gece-abiye-elbise-tprss23ae00220-p-623362686,Abiye
405,517014227,TRENDYOLMİLLA,Siyah Vücuda Oturan Dokuma Yırtmaçlı Uzun Gece Abiye Elbise TPRSS23AE00232,224.99,60,/trendyolmilla/siyah-vucuda-oturan-dokuma-yirtmacli-uzun-gece-abiye-elbise-tprss23ae00232-p-517014227,Abiye
406,516953248,TRENDYOLMİLLA,Siyah A-Kesim Astarlı Pencere/Cut Out Uzun Gece Abiye Elbise TPRSS23AE00180,201.99,58,/trendyolmilla/siyah-a-kesim-astarli-pencere-cut-out-uzun-gece-abiye-elbise-tprss23ae00180-p-516953248,Abiye
407,444446356,TRENDYOLMİLLA,Pudra Dokuma Biyeli Dokulu Kendinden Desenli Uzun Gece Abiye Elbisesi TPRSS23AE00114,161.99,50,/trendyolmilla/pudra-dokuma-biyeli-dokulu-kendinden-desenli-uzun-gece-abiye-elbisesi-tprss23ae00114-p-444446356,Abiye
408,386590809,TRENDYOLMİLLA,Siyah Dokuma Uzun Gece Abiye Elbise TPRSS23AE00035,519.99,248,/trendyolmilla/siyah-dokuma-uzun-gece-abiye-elbise-tprss23ae00035-p-386590809,Abiye
409,386588010,TRENDYOLMİLLA,Zümrüt Yeşili Dokuma Biyeli Uzun Gece Abiye Elbisesi TPRSS23AE00041,114.99,62,/trendyolmilla/zumrut-yesili-dokuma-biyeli-uzun-gece-abiye-elbisesi-tprss23ae00041-p-386588010,Abiye
410,380995234,TRENDYOLMİLLA,Siyah Vücuda Oturan Örme Pencere/Cut Out Detaylı Parıltılı Uzun Gece Abiye Elbisesi TPRSS23AE00015,243.99,43,/trendyolmilla/siyah-vucuda-oturan-orme-pencere-cut-out-detayli-pariltili-uzun-gece-abiye-elbisesi-tprss23ae00015-p-380995234,Abiye
411,131451701,TRENDYOLMİLLA,Açık Mor A-Kesim Kol Detaylı Volanlı Uzun Gece Abiye Elbisesi TPRSS19FZ0278,193.99,395,/trendyolmilla/acik-mor-a-kesim-kol-detayli-volanli-uzun-gece-abiye-elbisesi-tprss19fz0278-p-131451701,Abiye
412,774228302,TRENDYOL MODEST,Açık Yeşil Şal Detaylı Abiye Elbise TCTSS24DB00036,489.99,330,/trendyol-modest/acik-yesil-sal-detayli-abiye-elbise-tctss24db00036-p-774228302,Abiye
413,771435832,TRENDYOL MODEST,Yeşil Beli Britli Saten Abiye Elbise TCTSS23DB0003,737.99,193,/trendyol-modest/yesil-beli-britli-saten-abiye-elbise-tctss23db0003-p-771435832,Abiye
414,411983982,TRENDYOL MODEST,Su Yeşili Manşeti ve Omzu Düğmeli Saten Abiye Elbise,283.93,163,/trendyol-modest/su-yesili-manseti-ve-omzu-dugmeli-saten-abiye-elbise-p-411983982,Abiye
415,795602713,TRENDYOL MODEST,Lacivert Şal Detaylı Abiye Elbise TCTSS24DB00036,691.78,42,/trendyol-modest/lacivert-sal-detayli-abiye-elbise-tctss24db00036-p-795602713,Abiye
416,424586826,TRENDYOL MODEST,Haki Beli Britli Saten Abiye Elbise TCTSS23DB00037,679.99,1144,/trendyol-modest/haki-beli-britli-saten-abiye-elbise-tctss23db00037-p-424586826,Abiye
417,781317964,TRENDYOL MODEST,Yağ Yeşili Pliseli Dokuma Astarlı Şifon Elbise TCTSS24DB00040,683.99,99,/trendyol-modest/yag-yesili-pliseli-dokuma-astarli-sifon-elbise-tctss24db00040-p-781317964,Abiye
418,811131904,TRENDYOL MODEST,Haki Şal Detaylı Abiye Elbise TCTSS24DB00036,523.99,29,/trendyol-modest/haki-sal-detayli-abiye-elbise-tctss24db00036-p-811131904,Abiye
419,391658933,TRENDYOL MODEST,Mavi Saten Yüzeyli Etnik Desenli Abiye Elbise TCTSS23DB00028,494.98,763,/trendyol-modest/mavi-saten-yuzeyli-etnik-desenli-abiye-elbise-tctss23db00028-p-391658933,Abiye
420,771435831,TRENDYOL MODEST,Lacivert Beli Britli Saten Abiye Elbise TCTSS23DB00037,657.96,126,/trendyol-modest/lacivert-beli-britli-saten-abiye-elbise-tctss23db00037-p-771435831,Abiye
421,424632874,TRENDYOL MODEST,Lacivert Beli Büzgülü Saten Abiye Elbise TCTSS23DB00043,759.99,258,/trendyol-modest/lacivert-beli-buzgulu-saten-abiye-elbise-tctss23db00043-p-424632874,Abiye
422,812112171,TRENDYOL MODEST,Lacivert Şal Detaylı Saten Abiye TCTAW24DB00004,556.99,25,/trendyol-modest/lacivert-sal-detayli-saten-abiye-tctaw24db00004-p-812112171,Abiye
423,777526137,TRENDYOL MODEST,Pembe Çiçekli Eteği Kat Kat Şifon Dokuma Abiye Elbise TCTSS24DB00007,799.99,33,/trendyol-modest/pembe-cicekli-etegi-kat-kat-sifon-dokuma-abiye-elbise-tctss24db00007-p-777526137,Abiye
424,682364509,TRENDYOL MODEST,Mavi Beli Britli Saten Abiye Elbise TCTSS23DB00037,692.99,910,/trendyol-modest/mavi-beli-britli-saten-abiye-elbise-tctss23db00037-p-682364509,Abiye
425,811131906,TRENDYOL MODEST,Lila Şal Detaylı Abiye Elbise TCTSS24DB00036,619.99,31,/trendyol-modest/lila-sal-detayli-abiye-elbise-tctss24db00036-p-811131906,Abiye
426,773488435,TRENDYOL MODEST,Lacivert Büzgü Detaylı Dokuma Saten Abiye Elbise TCTSS24DB00037,597.99,90,/trendyol-modest/lacivert-buzgu-detayli-dokuma-saten-abiye-elbise-tctss24db00037-p-773488435,Abiye
427,257343177,TRENDYOL MODEST,Turuncu Yaka ve Manşeti Drape Detaylı Kuşaklı Dokuma Abiye Elbise TCTSS22EB0142,367.99,840,/trendyol-modest/turuncu-yaka-ve-manseti-drape-detayli-kusakli-dokuma-abiye-elbise-tctss22eb0142-p-257343177,Abiye
428,811131900,TRENDYOL MODEST,Pudra Şal Detaylı Abiye Elbise TCTSS24DB00036,1039.99,51,/trendyol-modest/pudra-sal-detayli-abiye-elbise-tctss24db00036-p-811131900,Abiye
429,361902680,TRENDYOL MODEST,Siyah Yaka ve Manşeti Drape Detaylı Kuşaklı Dokuma Abiye Elbise TCTSS22EB0142,709.99,255,/trendyol-modest/siyah-yaka-ve-manseti-drape-detayli-kusakli-dokuma-abiye-elbise-tctss22eb0142-p-361902680,Abiye
430,812448902,TRENDYOL MODEST,Lacivert Pliseli Dokuma Astarlı Şifon Elbise TCTSS24DB00040,709.99,15,/trendyol-modest/lacivert-pliseli-dokuma-astarli-sifon-elbise-tctss24db00040-p-812448902,Abiye
431,814797640,TRENDYOL MODEST,Fuşya Şal Detaylı Abiye Elbise TCTSS24DB00036,642.99,10,/trendyol-modest/fusya-sal-detayli-abiye-elbise-tctss24db00036-p-814797640,Abiye
432,648309304,TRENDYOL MODEST,Haki Beli Büzgülü Saten Abiye Elbise TCTSS23DB00043,809.99,201,/trendyol-modest/haki-beli-buzgulu-saten-abiye-elbise-tctss23db00043-p-648309304,Abiye
433,363487315,TRENDYOL MODEST,Taş Çapraz Bağlama Detaylı Saten Abiye Elbise TCTAW22EB0105,449.99,192,/trendyol-modest/tas-capraz-baglama-detayli-saten-abiye-elbise-tctaw22eb0105-p-363487315,Abiye
434,776164386,TRENDYOL MODEST,Ekru Fuşya Desenli Saten Dokuma Abiye Elbise TCTSS24DB00017,449.99,35,/trendyol-modest/ekru-fusya-desenli-saten-dokuma-abiye-elbise-tctss24db00017-p-776164386,Abiye
435,773523516,TRENDYOL MODEST,Lacivert Kruvaze Model Kendinden Desenli Abiye Elbise TCTSS24DB00021,519.99,17,/trendyol-modest/lacivert-kruvaze-model-kendinden-desenli-abiye-elbise-tctss24db00021-p-773523516,Abiye
436,815382720,TRENDYOL MODEST,Lacivert Saten Dokuma Abiye/Gece Elbisesi TCTSS24DB00055,511.99,5,/trendyol-modest/lacivert-saten-dokuma-abiye-gece-elbisesi-tctss24db00055-p-815382720,Abiye
437,810905148,TRENDYOL MODEST,Lacivert Gül Detaylı Özel Gün Dokuma Saten Abiye Elbise TCTSS24DB00043,859.99,27,/trendyol-modest/lacivert-gul-detayli-ozel-gun-dokuma-saten-abiye-elbise-tctss24db00043-p-810905148,Abiye
438,772571922,TRENDYOL MODEST,Mercan Kuşaklı Yarım Kollu Dokuma Elbise TCTSS24DB00009,376.99,68,/trendyol-modest/mercan-kusakli-yarim-kollu-dokuma-elbise-tctss24db00009-p-772571922,Abiye
439,411899484,TRENDYOL MODEST,Siyah Taş ve Manşeti Otriş Detaylı Abiye Elbise TCTSS23DB00039,619.99,241,/trendyol-modest/siyah-tas-ve-manseti-otris-detayli-abiye-elbise-tctss23db00039-p-411899484,Abiye
440,773774644,TRENDYOL MODEST,Kahverengi Saten Yüzeyli Etnik Desenli Abiye Elbise TCTSS23DB00028,338.49,17,/trendyol-modest/kahverengi-saten-yuzeyli-etnik-desenli-abiye-elbise-tctss23db00028-p-773774644,Abiye
441,772460870,TRENDYOL MODEST,Lacivert Fitted Bubble Saten Düz Dokuma TCTSS22EB0142,610.49,35,/trendyol-modest/lacivert-fitted-bubble-saten-duz-dokuma-tctss22eb0142-p-772460870,Abiye
442,810905145,TRENDYOL MODEST,Haki Gül Detaylı Özel Gün Dokuma Saten Abiye Elbise TCTSS24DB00043,739.99,6,/trendyol-modest/haki-gul-detayli-ozel-gun-dokuma-saten-abiye-elbise-tctss24db00043-p-810905145,Abiye
443,810187739,TRENDYOL MODEST,Mor Pliseli Dokuma Astarlı Şifon Elbise TCTSS24DB00040,655.49,14,/trendyol-modest/mor-pliseli-dokuma-astarli-sifon-elbise-tctss24db00040-p-810187739,Abiye
444,814797641,TRENDYOL MODEST,Gül Kurusu Şal Detaylı Abiye Elbise TCTSS24DB00036,764.99,10,/trendyol-modest/gul-kurusu-sal-detayli-abiye-elbise-tctss24db00036-p-814797641,Abiye
445,738506980,TRENDYOL MODEST,Açık Yeşil Püsküllü Pelerin-Tulum Abiye Takım TCTAW24DB00007,611.99,98,/trendyol-modest/acik-yesil-puskullu-pelerin-tulum-abiye-takim-tctaw24db00007-p-738506980,Abiye
446,794632064,TRENDYOL MODEST,Haki Büzgü Detaylı Dokuma Saten Abiye Elbise TCTSS24DB00037,438.99,11,/trendyol-modest/haki-buzgu-detayli-dokuma-saten-abiye-elbise-tctss24db00037-p-794632064,Abiye
447,659121014,TRENDYOL MODEST,Lacivert Beli Drapeli Balon Kollu Kendinden Desenli Abiye Elbise TCTSS23DB00017,779.99,211,/trendyol-modest/lacivert-beli-drapeli-balon-kollu-kendinden-desenli-abiye-elbise-tctss23db00017-p-659121014,Abiye
448,788388688,TRENDYOL MODEST,Kırmızı Saten Yüzeyli Etnik Desenli Abiye Elbise TCTSS23DB00028,529.99,35,/trendyol-modest/kirmizi-saten-yuzeyli-etnik-desenli-abiye-elbise-tctss23db00028-p-788388688,Abiye
449,794503555,TRENDYOL MODEST,Lacivert Püsküllü Abiye Tulum-Pelerin Takım TCTAW24DB00007,579.99,67,/trendyol-modest/lacivert-puskullu-abiye-tulum-pelerin-takim-tctaw24db00007-p-794503555,Abiye
450,819711134,TRENDYOL MODEST,Lacivert Manşeti Nakış İşlemeli Dokuma Saten Abiye Elbise TCTSS24DB00061,494.99,2,/trendyol-modest/lacivert-manseti-nakis-islemeli-dokuma-saten-abiye-elbise-tctss24db00061-p-819711134,Abiye
451,781960070,TRENDYOL MODEST,Krem Gül Detaylı Nikah / Özel Gün Dokuma Saten Abiye Elbise TCTSS24DB00043,782.99,107,/trendyol-modest/krem-gul-detayli-nikah-ozel-gun-dokuma-saten-abiye-elbise-tctss24db00043-p-781960070,Abiye
452,794559232,TRENDYOL MODEST,Saks Kuşaklı Yarım Kollu Dokuma Elbise TCTSS24DB00009,405.99,42,/trendyol-modest/saks-kusakli-yarim-kollu-dokuma-elbise-tctss24db00009-p-794559232,Abiye
453,814836179,TRENDYOL MODEST,Lacivert Otriş Detaylı Payetli Abiye Elbise TCTSS24DB00049,980.99,11,/trendyol-modest/lacivert-otris-detayli-payetli-abiye-elbise-tctss24db00049-p-814836179,Abiye
454,191133774,TRENDYOL MODEST,Yeşil Yaka ve Manşeti Drape Detaylı Kuşaklı Dokuma Abiye Elbise TCTSS22EB0142,789.99,2755,/trendyol-modest/yesil-yaka-ve-manseti-drape-detayli-kusakli-dokuma-abiye-elbise-tctss22eb0142-p-191133774,Abiye
455,803394488,TRENDYOL MODEST,Siyah Kemerli Pelerin Detaylı Şık Dokuma Abiye Elbise TCTSS24DB00003,585.99,18,/trendyol-modest/siyah-kemerli-pelerin-detayli-sik-dokuma-abiye-elbise-tctss24db00003-p-803394488,Abiye
456,815379563,TRENDYOL MODEST,Lacivert Otriş Detaylı Dokuma Abiye Gece Elbisesi TCTSS24DB00053,519.99,1,/trendyol-modest/lacivert-otris-detayli-dokuma-abiye-gece-elbisesi-tctss24db00053-p-815379563,Abiye
457,781317966,TRENDYOL MODEST,Krem Pliseli Dokuma Astarlı Şifon Bride/Özel Gün Elbisesi TCTSS24DB00040,575.99,73,/trendyol-modest/krem-pliseli-dokuma-astarli-sifon-bride-ozel-gun-elbisesi-tctss24db00040-p-781317966,Abiye
458,738499828,TRENDYOL MODEST,Haki Şal Detaylı Saten Abiye TCTAW24DB00004,629.99,126,/trendyol-modest/haki-sal-detayli-saten-abiye-tctaw24db00004-p-738499828,Abiye
459,819710944,TRENDYOL MODEST,Haki Boncuk Kemerli Dokuma Saten Abiye Elbise TCTSS24DB00059,496.99,0,/trendyol-modest/haki-boncuk-kemerli-dokuma-saten-abiye-elbise-tctss24db00059-p-819710944,Abiye
460,815382526,TRENDYOL MODEST,Vizon Püskül Detaylı Saten Dokuma Abiye/Gece Elbisesi TCTSS24DB00052,642.99,0,/trendyol-modest/vizon-puskul-detayli-saten-dokuma-abiye-gece-elbisesi-tctss24db00052-p-815382526,Abiye
461,822211335,TRENDYOL MODEST,Lila Beli Britli Saten Abiye Elbise TCTSS23DB00037,669.99,9,/trendyol-modest/lila-beli-britli-saten-abiye-elbise-tctss23db00037-p-822211335,Abiye
462,773186456,TRENDYOL MODEST,Siyah Bileği Otrişli Saten Dokuma Abiye Elbise TCTSS24DB00035,449.99,10,/trendyol-modest/siyah-bilegi-otrisli-saten-dokuma-abiye-elbise-tctss24db00035-p-773186456,Abiye
463,827231194,TRENDYOL MODEST,Koyu Haki Beli Büzgülü Saten Abiye Elbise TCTSS23DB00043,899.99,2,/trendyol-modest/koyu-haki-beli-buzgulu-saten-abiye-elbise-tctss23db00043-p-827231194,Abiye
464,376137043,TRENDYOL MODEST,Koyu Mavi Yaka ve Manşeti Drape Detaylı Kuşaklı Dokuma Abiye Elbise TCTSS22EB0142,579.49,105,/trendyol-modest/koyu-mavi-yaka-ve-manseti-drape-detayli-kusakli-dokuma-abiye-elbise-tctss22eb0142-p-376137043,Abiye
465,786379043,TRENDYOL MODEST,Haki Taş ve Manşeti Otriş Detaylı Abiye Elbise TCTSS23DB00039,449.99,12,/trendyol-modest/haki-tas-ve-manseti-otris-detayli-abiye-elbise-tctss23db00039-p-786379043,Abiye
466,363487313,TRENDYOL MODEST,Pembe Çapraz Bağlama Detaylı Saten Abiye Elbise TCTAW22EB0105,689.99,110,/trendyol-modest/pembe-capraz-baglama-detayli-saten-abiye-elbise-tctaw22eb0105-p-363487313,Abiye
467,411706012,TRENDYOL MODEST,Siyah Arkadan Bağlama Detaylı Abiye Elbise TCTSS23DB00036,485.99,89,/trendyol-modest/siyah-arkadan-baglama-detayli-abiye-elbise-tctss23db00036-p-411706012,Abiye
468,819303384,TRENDYOL MODEST,Yeşil Şal Yakalı Çiçek Desenli Dokuma Abiye Elbise TCTSS24DB00063,899.99,2,/trendyol-modest/yesil-sal-yakali-cicek-desenli-dokuma-abiye-elbise-tctss24db00063-p-819303384,Abiye
469,810264860,TRENDYOL MODEST,Haki Abiye Tulum Püsküllü Pelerin Takım TCTAW24DB00007,629.99,5,/trendyol-modest/haki-abiye-tulum-puskullu-pelerin-takim-tctaw24db00007-p-810264860,Abiye
470,771437588,TRENDYOL MODEST,Açık Yeşil Çapraz Bağlama Detaylı Saten Görünümlü Abiye Elbise TCTAW22EB0105,692.99,49,/trendyol-modest/acik-yesil-capraz-baglama-detayli-saten-gorunumlu-abiye-elbise-tctaw22eb0105-p-771437588,Abiye
471,810264837,TRENDYOL MODEST,Kırmızı Püsküllü Abiye Tulum- Pelerin Takım TCTAW24DB00007,549.99,12,/trendyol-modest/kirmizi-puskullu-abiye-tulum-pelerin-takim-tctaw24db00007-p-810264837,Abiye
472,773190342,TRENDYOL MODEST,Çok Renkli Çiçek Desenli Saten Dokuma Elbise TCTSS24DB00016,259.99,8,/trendyol-modest/cok-renkli-cicek-desenli-saten-dokuma-elbise-tctss24db00016-p-773190342,Abiye
473,773772040,TRENDYOL MODEST,Taş Kendinden Çiçek Desenli Balon Kollu Elbise TCTSS24DB00012,289.99,4,/trendyol-modest/tas-kendinden-cicek-desenli-balon-kollu-elbise-tctss24db00012-p-773772040,Abiye
474,782349124,TRENDYOL MODEST,Siyah Yarasa Kollu Simli Şık Abiye Elbise TCTSS24DB00042,484.49,12,/trendyol-modest/siyah-yarasa-kollu-simli-sik-abiye-elbise-tctss24db00042-p-782349124,Abiye
475,774230032,TRENDYOL MODEST,Haki Püskül Detaylı Saten Dokuma Kaftan Abiye Elbise TCTSS24DB00038,429.99,34,/trendyol-modest/haki-puskul-detayli-saten-dokuma-kaftan-abiye-elbise-tctss24db00038-p-774230032,Abiye
476,771784979,TRENDYOL MODEST,Yeşil Beli Drapeli Balon Kollu Kendinden Desenli Abiye Elbise TCTSS23DB00017,769.99,28,/trendyol-modest/yesil-beli-drapeli-balon-kollu-kendinden-desenli-abiye-elbise-tctss23db00017-p-771784979,Abiye
477,784189053,TRENDYOL MODEST,Haki Dokuma Kaftanlı Abiye Elbise TCTSS24DB00000,479.99,13,/trendyol-modest/haki-dokuma-kaftanli-abiye-elbise-tctss24db00000-p-784189053,Abiye
478,814833403,TRENDYOL MODEST,Taş Payetli Abiye Elbise TCTSS24DB00048,999.99,11,/trendyol-modest/tas-payetli-abiye-elbise-tctss24db00048-p-814833403,Abiye
479,786977028,TRENDYOL MODEST,Fuşya Saten Yüzeyli Etnik Desenli Abiye Elbise TCTSS23DB00028,359.99,15,/trendyol-modest/fusya-saten-yuzeyli-etnik-desenli-abiye-elbise-tctss23db00028-p-786977028,Abiye
480,133249415,TRENDYOL MODEST,Lacivert Çapraz Bağlama Detaylı Saten Abiye Elbise TCTAW22EB0105,769.99,1939,/trendyol-modest/lacivert-capraz-baglama-detayli-saten-abiye-elbise-tctaw22eb0105-p-133249415,Abiye
481,811131903,TRENDYOL MODEST,Kırmızı Şal Detaylı Abiye Elbise TCTSS24DB00036,1499.99,43,/trendyol-modest/kirmizi-sal-detayli-abiye-elbise-tctss24db00036-p-811131903,Abiye
482,822211329,TRENDYOL MODEST,Mint Beli Britli Saten Abiye Elbise TCTSS23DB00037,728.99,8,/trendyol-modest/mint-beli-britli-saten-abiye-elbise-tctss23db00037-p-822211329,Abiye
483,796332437,TRENDYOL MODEST,Haki Kruvaze Yakalı Dokuma Saten Abiye Elbise TCTSS24DB00046,239.99,9,/trendyol-modest/haki-kruvaze-yakali-dokuma-saten-abiye-elbise-tctss24db00046-p-796332437,Abiye
484,781956271,TRENDYOL MODEST,Ekru Saten Dokuma Bride Nikah/Özel Gün Uzun Gece Abiye Elbisesi TCTSS24DB00041,819.99,15,/trendyol-modest/ekru-saten-dokuma-bride-nikah-ozel-gun-uzun-gece-abiye-elbisesi-tctss24db00041-p-781956271,Abiye
485,392293033,TRENDYOL MODEST,Ekru nu Kolye Aksesuarlı A-Line Krep Abiye Elbise TCTSS23DB00023,377.99,91,/trendyol-modest/ekru-nu-kolye-aksesuarli-a-line-krep-abiye-elbise-tctss23db00023-p-392293033,Abiye
486,814836178,TRENDYOL MODEST,Zümrüt Yeşili Otriş Detaylı Payetli Abiye Elbise TCTSS24DB00049,818.99,5,/trendyol-modest/zumrut-yesili-otris-detayli-payetli-abiye-elbise-tctss24db00049-p-814836178,Abiye
487,828922484,TRENDYOL MODEST,Bordo Beli Drapeli Balon Kollu Kendinden Desenli Abiye Elbise TCTSS23DB00017,1079.99,1,/trendyol-modest/bordo-beli-drapeli-balon-kollu-kendinden-desenli-abiye-elbise-tctss23db00017-p-828922484,Abiye
488,786740054,TRENDYOL MODEST,Ekru Kruvaze Detaylı Nikah/Özel Gün Uzun Bride Abiye Elbisesi TCTAW22EB0105,431.99,18,/trendyol-modest/ekru-kruvaze-detayli-nikah-ozel-gun-uzun-bride-abiye-elbisesi-tctaw22eb0105-p-786740054,Abiye
489,412002472,TRENDYOL MODEST,Koyu Haki Kemerli Saten Abiye Elbise TCTSS23DB00019,369.99,75,/trendyol-modest/koyu-haki-kemerli-saten-abiye-elbise-tctss23db00019-p-412002472,Abiye
490,831637616,TRENDYOL MODEST,Zümrüt Yeşili Taşlı Kemerli Uzun Saten Dokuma Abiye/Gece Elbisesi TCTSS24DB00054,1299.99,1,/trendyol-modest/zumrut-yesili-tasli-kemerli-uzun-saten-dokuma-abiye-gece-elbisesi-tctss24db00054-p-831637616,Abiye
491,775819040,TRENDYOL MODEST,Yeşil Dokuma Astarlı Şifon Çiçekli Abiye Elbise TCTSS24DB00015,566.99,13,/trendyol-modest/yesil-dokuma-astarli-sifon-cicekli-abiye-elbise-tctss24db00015-p-775819040,Abiye
492,788388669,TRENDYOL MODEST,Yeşil Saten Yüzeyli Etnik Desenli Abiye Elbise TCTSS23DB00028,584.99,19,/trendyol-modest/yesil-saten-yuzeyli-etnik-desenli-abiye-elbise-tctss23db00028-p-788388669,Abiye
493,411705716,TRENDYOL MODEST,Lacivert Düz Tesettür Abiye TCTSS23DB00020,630.49,81,/trendyol-modest/lacivert-duz-tesettur-abiye-tctss23db00020-p-411705716,Abiye
494,773124489,TRENDYOL MODEST,Siyah Kolları Şifon Beli İnci Detaylı Abiye Elbise TCTSS24DB00005,719.99,8,/trendyol-modest/siyah-kollari-sifon-beli-inci-detayli-abiye-elbise-tctss24db00005-p-773124489,Abiye
495,828062085,TRENDYOL MODEST,Bordo Pelerin Detaylı Saten Dokuma Abiye Elbise TCTSS24DB00071,1279.99,0,/trendyol-modest/bordo-pelerin-detayli-saten-dokuma-abiye-elbise-tctss24db00071-p-828062085,Abiye
496,785193559,TRENDYOL MODEST,Beyaz Nikah/Özel Gün Dokuma Bride Abiye Elbise TCTSS24DB00044,709.99,14,/trendyol-modest/beyaz-nikah-ozel-gun-dokuma-bride-abiye-elbise-tctss24db00044-p-785193559,Abiye
497,700377200,TRENDYOL MODEST,Mor Beli Büzgülü Saten Abiye Elbise TCTSS23DB00043,789.99,54,/trendyol-modest/mor-beli-buzgulu-saten-abiye-elbise-tctss23db00043-p-700377200,Abiye
498,829993220,TRENDYOL MODEST,Zümrüt Yeşili Kemer Detaylı Saten Dokuma Abiye Gece Elbisesi TCTSS24DB00067,1151.99,0,/trendyol-modest/zumrut-yesili-kemer-detayli-saten-dokuma-abiye-gece-elbisesi-tctss24db00067-p-829993220,Abiye
499,829941194,TRENDYOL MODEST,Yağ Yeşil Saten Gül Detaylı Dokuma Abiye Gece Elbisesi TCTSS24DB00070,1106.99,1,/trendyol-modest/yag-yesil-saten-gul-detayli-dokuma-abiye-gece-elbisesi-tctss24db00070-p-829941194,Abiye
500,828053811,TRENDYOL MODEST,Camel Eteği Fırfırlı Saten Dokuma Abiye Elbise TCTSS24DB00075,1199.99,0,/trendyol-modest/camel-etegi-firfirli-saten-dokuma-abiye-elbise-tctss24db00075-p-828053811,Abiye
501,819711024,TRENDYOL MODEST,Yeşil Manşeti Aksesuar Nakışlı Dokuma Saten Abiye Elbise TCTSS24DB00060,496.99,2,/trendyol-modest/yesil-manseti-aksesuar-nakisli-dokuma-saten-abiye-elbise-tctss24db00060-p-819711024,Abiye
502,819303382,TRENDYOL MODEST,Pembe Şal Yakalı Çiçek Desenli Dokuma Abiye Elbise TCTSS24DB00063,899.99,3,/trendyol-modest/pembe-sal-yakali-cicek-desenli-dokuma-abiye-elbise-tctss24db00063-p-819303382,Abiye
503,819300210,TRENDYOL MODEST,Sarı Şal Yakalı Çiçek Desenli Dokuma Abiye Elbise TCTSS24DB00063,899.99,0,/trendyol-modest/sari-sal-yakali-cicek-desenli-dokuma-abiye-elbise-tctss24db00063-p-819300210,Abiye
504,815943689,TRENDYOL MODEST,Lacivert Eteği Katlı Saten Dokuma Abiye/Gece Elbisesi TCTSS24DB00050,2059.99,13,/trendyol-modest/lacivert-etegi-katli-saten-dokuma-abiye-gece-elbisesi-tctss24db00050-p-815943689,Abiye
505,812371837,TRENDYOL MODEST,Yeşil Çiçekli Eteği Kat Kat Şifon Dokuma Abiye Elbise TCTSS24DB00007,1169.99,0,/trendyol-modest/yesil-cicekli-etegi-kat-kat-sifon-dokuma-abiye-elbise-tctss24db00007-p-812371837,Abiye
506,810264851,TRENDYOL MODEST,Lila Abiye Tulum Püsküllü Pelerin Takım TCTAW24DB00007,829.99,16,/trendyol-modest/lila-abiye-tulum-puskullu-pelerin-takim-tctaw24db00007-p-810264851,Abiye
507,809774933,TRENDYOL MODEST,Krem Beli Britli Saten Bride Abiye Elbise TCTSS23DB0003,695.99,18,/trendyol-modest/krem-beli-britli-saten-bride-abiye-elbise-tctss23db0003-p-809774933,Abiye
508,776182439,TRENDYOL MODEST,Fuşya Çiçek Kemerli Şifon Pelerinli Saten Abiye Tulum TCTSS24DB00010,899.99,29,/trendyol-modest/fusya-cicek-kemerli-sifon-pelerinli-saten-abiye-tulum-tctss24db00010-p-776182439,Abiye
509,773510072,TRENDYOL MODEST,Lila Kemerli Pelerin Detaylı Şık Dokuma Abiye Elbise TCTSS24DB00003,419.99,25,/trendyol-modest/lila-kemerli-pelerin-detayli-sik-dokuma-abiye-elbise-tctss24db00003-p-773510072,Abiye
510,738504359,TRENDYOL MODEST,Yeşil Uçuş Uçuş Saten Abiye Elbise TCTAW24DB00008,737.99,35,/trendyol-modest/yesil-ucus-ucus-saten-abiye-elbise-tctaw24db00008-p-738504359,Abiye
511,411810701,TRENDYOL MODEST,Turuncu Beli Kuşaklı Saten Abiye Elbise TCTSS23DB00038,439.99,41,/trendyol-modest/turuncu-beli-kusakli-saten-abiye-elbise-tctss23db00038-p-411810701,Abiye
512,392185630,TRENDYOL MODEST,Açık Pembe Kemerli Saten Abiye Elbise TCTSS23DB00019,349.99,68,/trendyol-modest/acik-pembe-kemerli-saten-abiye-elbise-tctss23db00019-p-392185630,Abiye
513,392093580,TRENDYOL MODEST,Pudra Kemerli Geniş Kesim Saten Abiye Elbise TCTSS23DB00014,446.49,88,/trendyol-modest/pudra-kemerli-genis-kesim-saten-abiye-elbise-tctss23db00014-p-392093580,Abiye
514,391922947,TRENDYOL MODEST,Kahverengi Kuşaklı Saten Yüzeyli Desenli Abiye Elbise TCTSS23DB00030,659.99,143,/trendyol-modest/kahverengi-kusakli-saten-yuzeyli-desenli-abiye-elbise-tctss23db00030-p-391922947,Abiye
