,ID,MARKA,URUN_NAME,FIYAT,RATE_COUNT,URUN_LINK,KATEGORI
0,789622071,TRENDYOLMİLLA,Siyah Düz Slim Regular Düğme Detaylı Crop Yelek TWOSS23YE00037,247.99,737,/trendyolmilla/siyah-duz-slim-regular-dugme-detayli-crop-yelek-twoss23ye00037-p-789622071,Yelek
1,661635733,TRENDYOLMİLLA,Mavi Denim Yelek TWOSS23YE00036,459.99,1312,/trendyolmilla/mavi-denim-yelek-twoss23ye00036-p-661635733,Yelek
2,88917898,TRENDYOLMİLLA,Siyah Fitted Düğmeli Dokuma Yelek TWOSS21YE0009,435.99,5105,/trendyolmilla/siyah-fitted-dugmeli-dokuma-yelek-twoss21ye0009-p-88917898,Yelek
3,382210694,TRENDYOLMİLLA,Bej Fitted Düğme Detaylı Crop Dokuma Keten Görünümlü Yelek TWOSS23YE00016,386.99,582,/trendyolmilla/bej-fitted-dugme-detayli-crop-dokuma-keten-gorunumlu-yelek-twoss23ye00016-p-382210694,Yelek
4,782213857,TRENDYOLMİLLA,Siyah Regular Önü Asimetrik Düğmeli Dokuma Yelek TWOSS24YE00007,505.99,317,/trendyolmilla/siyah-regular-onu-asimetrik-dugmeli-dokuma-yelek-twoss24ye00007-p-782213857,Yelek
5,219171229,TRENDYOLMİLLA,Siyah Regular Dokuma Yelek TWOSS22YE0053,406.99,2335,/trendyolmilla/siyah-regular-dokuma-yelek-twoss22ye0053-p-219171229,Yelek
6,690824780,TRENDYOLMİLLA,Siyah Regular Düğme Detaylı Çizgili Crop Yelek TWOSS23YE00037,207.99,1132,/trendyolmilla/siyah-regular-dugme-detayli-cizgili-crop-yelek-twoss23ye00037-p-690824780,Yelek
7,814865649,TRENDYOLMİLLA,Vizon Düğme Detaylı V Yaka Crop Regular/Normal Kesim Esnek Örme Yelek TWOSS23YE00037,247.99,43,/trendyolmilla/vizon-dugme-detayli-v-yaka-crop-regular-normal-kesim-esnek-orme-yelek-twoss23ye00037-p-814865649,Yelek
8,782062373,TRENDYOLMİLLA,Vizon Premium Regular Kalıp Crop Dokuma Yelek TWOSS24YE00017,531.99,122,/trendyolmilla/vizon-premium-regular-kalip-crop-dokuma-yelek-twoss24ye00017-p-782062373,Yelek
9,195655338,TRENDYOLMİLLA,Taş Fitted Düğmeli Dokuma Yelek TWOSS21YE0009,403.99,1263,/trendyolmilla/tas-fitted-dugmeli-dokuma-yelek-twoss21ye0009-p-195655338,Yelek
10,781047129,TRENDYOLMİLLA,Bej Regular Pamuk Crop Keten Dokuma Yelek TWOSS24YE00024,335.99,77,/trendyolmilla/bej-regular-pamuk-crop-keten-dokuma-yelek-twoss24ye00024-p-781047129,Yelek
11,704487731,TRENDYOLMİLLA,Siyah Slim Fit Straplez Dokuma Yelek TWOAW24YE00034,376.99,838,/trendyolmilla/siyah-slim-fit-straplez-dokuma-yelek-twoaw24ye00034-p-704487731,Yelek
12,794602167,TRENDYOLMİLLA,Ekru Fitted Limited Edition Tek Omuz Gül Detaylı Dokuma Yelek TWOSS24YE00038,302.99,93,/trendyolmilla/ekru-fitted-limited-edition-tek-omuz-gul-detayli-dokuma-yelek-twoss24ye00038-p-794602167,Yelek
13,772274978,TRENDYOLMİLLA,Ekru Regular Crop Dokuma Yelek TWOSS22YE0053,463.99,33,/trendyolmilla/ekru-regular-crop-dokuma-yelek-twoss22ye0053-p-772274978,Yelek
14,788440413,TRENDYOLMİLLA,Antrasit Fitted/Vücuda Oturan Melanjlı Fermuarlı Dik Yaka Ay Kol Kalın Yelek TWOSS24YE00011,300.99,61,/trendyolmilla/antrasit-fitted-vucuda-oturan-melanjli-fermuarli-dik-yaka-ay-kol-kalin-yelek-twoss24ye00011-p-788440413,Yelek
15,302138100,TRENDYOLMİLLA,Siyah Fitted Aksesuar Detaylı Dokuma Yelek TWOAW23YE00032,505.99,1707,/trendyolmilla/siyah-fitted-aksesuar-detayli-dokuma-yelek-twoaw23ye00032-p-302138100,Yelek
16,773613093,TRENDYOLMİLLA,Bej Fitted Fitted Düğmeli Dokuma Yelek TWOSS21YE0009,517.99,66,/trendyolmilla/bej-fitted-fitted-dugmeli-dokuma-yelek-twoss21ye0009-p-773613093,Yelek
17,269267238,TRENDYOLMİLLA,Siyah Regular Kemerli Dokuma Yelek TWOAW23YE00021,340.99,1256,/trendyolmilla/siyah-regular-kemerli-dokuma-yelek-twoaw23ye00021-p-269267238,Yelek
18,814822687,TRENDYOLMİLLA,Kırmızı Fitted Fitted Gül Detaylı Dokuma Yelek TWOSS24YE00026,401.99,51,/trendyolmilla/kirmizi-fitted-fitted-gul-detayli-dokuma-yelek-twoss24ye00026-p-814822687,Yelek
19,77789262,TRENDYOLMİLLA,Açık Mavi Fitted Düğmeli Dokuma Yelek TWOSS21YE0009,499.99,1127,/trendyolmilla/acik-mavi-fitted-dugmeli-dokuma-yelek-twoss21ye0009-p-77789262,Yelek
20,788440416,TRENDYOLMİLLA,Bej Fitted/Vücuda Oturan Melanjlı Fermuarlı Dik Yaka Ay Kol Kalın Yelek TWOSS24YE00011,304.99,81,/trendyolmilla/bej-fitted-vucuda-oturan-melanjli-fermuarli-dik-yaka-ay-kol-kalin-yelek-twoss24ye00011-p-788440416,Yelek
21,781044389,TRENDYOLMİLLA,Bej Çizgili Pamuk Keten Crop Dokuma Yelek TWOSS24YE00025,405.99,175,/trendyolmilla/bej-cizgili-pamuk-keten-crop-dokuma-yelek-twoss24ye00025-p-781044389,Yelek
22,316674045,TRENDYOL MODEST,Siyah Beli Yarım Kemer Kapamalı Dokuma Yelek TCTAW23YL00006,466.99,519,/trendyol-modest/siyah-beli-yarim-kemer-kapamali-dokuma-yelek-tctaw23yl00006-p-316674045,Yelek
23,772237765,TRENDYOLMİLLA,Koyu Bej Regular Dokuma Yelek TWOSS22YE0053,351.99,21,/trendyolmilla/koyu-bej-regular-dokuma-yelek-twoss22ye0053-p-772237765,Yelek
48,800284898,TRENDYOLMİLLA,Siyah %100 Keten Fitted Yelek TWOSS24YE00040,519.99,36,/trendyolmilla/siyah-100-keten-fitted-yelek-twoss24ye00040-p-800284898,Yelek
49,736127730,TRENDYOLMİLLA,Siyah Premium Düğmeli Dokuma Yelek TWOAW24YE00061,496.99,334,/trendyolmilla/siyah-premium-dugmeli-dokuma-yelek-twoaw24ye00061-p-736127730,Yelek
50,835461114,TRENDYOLMİLLA,Koyu Mavi Önden Bağlamalı Oversize Denim Yelek TWOAW25YE00063,559.99,4,/trendyolmilla/koyu-mavi-onden-baglamali-oversize-denim-yelek-twoaw25ye00063-p-835461114,Yelek
51,812366767,TRENDYOL MODEST,Koyu Bej Beli Yarım Kemer Kapamalı Dokuma Yelek TCTAW23YL00006,420.49,5,/trendyol-modest/koyu-bej-beli-yarim-kemer-kapamali-dokuma-yelek-tctaw23yl00006-p-812366767,Yelek
52,202879256,TRENDYOLMİLLA,Siyah Regular Düğmeli Dokuma Yelek TWOSS22YE0046,435.99,1114,/trendyolmilla/siyah-regular-dugmeli-dokuma-yelek-twoss22ye0046-p-202879256,Yelek
53,782563389,TRENDYOLMİLLA,Ekru Fitted Gül Detaylı Dokuma Yelek TWOSS24YE00026,429.99,79,/trendyolmilla/ekru-fitted-gul-detayli-dokuma-yelek-twoss24ye00026-p-782563389,Yelek
54,782563391,TRENDYOLMİLLA,Siyah Fitted Gül Detaylı Dokuma Yelek TWOSS24YE00026,392.99,43,/trendyolmilla/siyah-fitted-gul-detayli-dokuma-yelek-twoss24ye00026-p-782563391,Yelek
55,814823707,TRENDYOLMİLLA,Siyah Fitted Fitted Limited Edition Tek Omuz Gül Detaylı Dokuma Yelek TWOSS24YE00038,317.99,39,/trendyolmilla/siyah-fitted-fitted-limited-edition-tek-omuz-gul-detayli-dokuma-yelek-twoss24ye00038-p-814823707,Yelek
56,740914484,TRENDYOLMİLLA,Koyu Mavi Denim Yelek TWOAW24YE00072,369.99,247,/trendyolmilla/koyu-mavi-denim-yelek-twoaw24ye00072-p-740914484,Yelek
57,822261796,TRENDYOLMİLLA,Siyah Fitted Fitted Fermuarlı Dik Yaka Ay Kol Kalın Yelek TWOSS24YE00011,299.99,40,/trendyolmilla/siyah-fitted-fitted-fermuarli-dik-yaka-ay-kol-kalin-yelek-twoss24ye00011-p-822261796,Yelek
58,814876710,Edit by Trendyol,Lacivert Regular Dokuma Yelek TEDSS24YE00000,344.99,13,/edit-by-trendyol/lacivert-regular-dokuma-yelek-tedss24ye00000-p-814876710,Yelek
59,738395570,TRENDYOLMİLLA,Siyah Fitted Dokuma Yelek TWOAW24YE00068,507.99,404,/trendyolmilla/siyah-fitted-dokuma-yelek-twoaw24ye00068-p-738395570,Yelek
60,755929581,TRENDYOLMİLLA,Antrasit Fitted Düğmeli Dokuma Yelek TWOSS21YE0009,412.99,77,/trendyolmilla/antrasit-fitted-dugmeli-dokuma-yelek-twoss21ye0009-p-755929581,Yelek
61,831052872,Edit by Trendyol,Siyah Regular Dokuma Yelek TEDSS24YE00002,511.99,5,/edit-by-trendyol/siyah-regular-dokuma-yelek-tedss24ye00002-p-831052872,Yelek
62,774508322,TRENDYOLMİLLA,Ekru Fitted Dokuma Yelek TWOAW23YE00032,393.99,49,/trendyolmilla/ekru-fitted-dokuma-yelek-twoaw23ye00032-p-774508322,Yelek
63,774508323,TRENDYOLMİLLA,Açık Haki Aksesuar Detaylı Fitted Dokuma Yelek TWOAW23YE00032,564.99,80,/trendyolmilla/acik-haki-aksesuar-detayli-fitted-dokuma-yelek-twoaw23ye00032-p-774508323,Yelek
64,805978858,TRENDYOL MODEST,Ekru Çizgili Keten Görünümlü Dokuma Yelek TCTSS24YL00010,459.99,28,/trendyol-modest/ekru-cizgili-keten-gorunumlu-dokuma-yelek-tctss24yl00010-p-805978858,Yelek
65,133093615,TRENDYOLMİLLA,Koyu Mavi Gömlek Yaka Cep Detaylı %100 Pamuk Denim Yelek Ceket TCTAW22CK0006,509.99,2456,/trendyolmilla/koyu-mavi-gomlek-yaka-cep-detayli-100-pamuk-denim-yelek-ceket-tctaw22ck0006-p-133093615,Yelek
66,828744344,TRENDYOLMİLLA,Bej Slim Fit Straplez Dokuma Yelek TWOAW24YE00034,354.99,1,/trendyolmilla/bej-slim-fit-straplez-dokuma-yelek-twoaw24ye00034-p-828744344,Yelek
67,782069321,TRENDYOLMİLLA,Lacivert Çizgili Poliviskon Regular Dokuma Yelek TWOSS24YE00020,383.99,20,/trendyolmilla/lacivert-cizgili-poliviskon-regular-dokuma-yelek-twoss24ye00020-p-782069321,Yelek
68,447926506,TRENDYOL MODEST,Haki Kuşaklı Geniş Omuzlu Dokuma Yelek TCTSS23YL00049,413.99,153,/trendyol-modest/haki-kusakli-genis-omuzlu-dokuma-yelek-tctss23yl00049-p-447926506,Yelek
69,814878301,Edit by Trendyol,Taş Regular Dokuma Yelek TEDSS24YE00001,353.99,12,/edit-by-trendyol/tas-regular-dokuma-yelek-tedss24ye00001-p-814878301,Yelek
70,782063864,TRENDYOLMİLLA,Gri Regular Vatkalı Dokuma Yelek TWOSS24YE00018,568.99,72,/trendyolmilla/gri-regular-vatkali-dokuma-yelek-twoss24ye00018-p-782063864,Yelek
71,792881912,TRENDYOL MODEST,Siyah Finike Düz Dokuma Yelek TCTSS24YL00002,336.99,20,/trendyol-modest/siyah-finike-duz-dokuma-yelek-tctss24yl00002-p-792881912,Yelek
72,782068826,TRENDYOLMİLLA,Ekru Regular Straplez Dokuma Yelek TWOSS24YE00019,520.99,46,/trendyolmilla/ekru-regular-straplez-dokuma-yelek-twoss24ye00019-p-782068826,Yelek
73,736127652,TRENDYOLMİLLA,Gri Premium Fitted Düğmeli Dokuma Yelek TWOAW24YE00061,486.99,239,/trendyolmilla/gri-premium-fitted-dugmeli-dokuma-yelek-twoaw24ye00061-p-736127652,Yelek
74,374790854,TRENDYOLMİLLA,Lacivert Fitted Astarlı Düğmeli Dokuma Yelek TWOSS21YE0009,452.99,277,/trendyolmilla/lacivert-fitted-astarli-dugmeli-dokuma-yelek-twoss21ye0009-p-374790854,Yelek
75,708370493,TRENDYOLMİLLA,Bej Fitted Dokuma Aksesuar Detaylı Yelek TWOAW23YE00032,464.99,181,/trendyolmilla/bej-fitted-dokuma-aksesuar-detayli-yelek-twoaw23ye00032-p-708370493,Yelek
76,383637416,TRENDYOL MODEST,Lacivert Beli Bağlama Detaylı Dokuma Astarlı Yelek TCTSS23YL00029,511.49,347,/trendyol-modest/lacivert-beli-baglama-detayli-dokuma-astarli-yelek-tctss23yl00029-p-383637416,Yelek
77,831052874,Edit by Trendyol,Bej Yuvarlak Yakalı Regular Dokuma Yelek TEDSS24YE00002,438.99,5,/edit-by-trendyol/bej-yuvarlak-yakali-regular-dokuma-yelek-tedss24ye00002-p-831052874,Yelek
78,785188691,TRENDYOLMİLLA,Koyu Mavi More Sustainable Fitted Denim Yelek TWOSS24YE00029,429.99,41,/trendyolmilla/koyu-mavi-more-sustainable-fitted-denim-yelek-twoss24ye00029-p-785188691,Yelek
79,445589626,TRENDYOLMİLLA,Ekru Crop Dokuma Düğün/Nikah Yelek TPRSS23YE00000,251.99,103,/trendyolmilla/ekru-crop-dokuma-dugun-nikah-yelek-tprss23ye00000-p-445589626,Yelek
80,780325693,TRENDYOLMİLLA,Ekru Fitted Tek Kol Dokuma Yelek TWOSS24YE00016,589.99,93,/trendyolmilla/ekru-fitted-tek-kol-dokuma-yelek-twoss24ye00016-p-780325693,Yelek
81,672020479,TRENDYOLMİLLA,Siyah Gömlek Yaka Cep Detaylı %100 Pamuk Denim Yelek Ceket TCTAW22CK0006,489.99,92,/trendyolmilla/siyah-gomlek-yaka-cep-detayli-100-pamuk-denim-yelek-ceket-tctaw22ck0006-p-672020479,Yelek
82,460437615,TRENDYOLMİLLA,X Sagaza Studio Bej Cep Detaylı Yelek TCLSS23YE00001,585.99,485,/trendyolmilla/x-sagaza-studio-bej-cep-detayli-yelek-tclss23ye00001-p-460437615,Yelek
83,805941960,TRENDYOL MODEST,Mint Astarlı Düğme Kapamalı Dokuma Yelek TCTSS23YL00022,377.99,34,/trendyol-modest/mint-astarli-dugme-kapamali-dokuma-yelek-tctss23yl00022-p-805941960,Yelek
84,782527128,TRENDYOLMİLLA,Vizon Poliviskon Premium Asimetrik Crop Dokuma Yelek TWOSS24YE00028,318.99,19,/trendyolmilla/vizon-poliviskon-premium-asimetrik-crop-dokuma-yelek-twoss24ye00028-p-782527128,Yelek
85,133093613,TRENDYOLMİLLA,Antrasit Gömlek Yaka Cep Detaylı %100 Pamuk Denim Yelek Ceket TCTAW22CK0006,509.99,2748,/trendyolmilla/antrasit-gomlek-yaka-cep-detayli-100-pamuk-denim-yelek-ceket-tctaw22ck0006-p-133093613,Yelek
86,791668307,TRENDYOL MODEST,Bej Gol Düğmeli Şık Tüvit Dokuma Yelek TCTSS24YL00005,229.99,11,/trendyol-modest/bej-gol-dugmeli-sik-tuvit-dokuma-yelek-tctss24yl00005-p-791668307,Yelek
87,789996968,TRENDYOLMİLLA,Mavi Regular Düğmeli Ekstra Geniş Kalıp Oversize Dokuma Yelek TWOSS24YE00035,629.99,62,/trendyolmilla/mavi-regular-dugmeli-ekstra-genis-kalip-oversize-dokuma-yelek-twoss24ye00035-p-789996968,Yelek
88,807292397,TRENDYOLMİLLA,Mavi Bağlamalı Fitted Denim Yelek TWOSS24YE00047,599.99,117,/trendyolmilla/mavi-baglamali-fitted-denim-yelek-twoss24ye00047-p-807292397,Yelek
89,806275435,TRENDYOLMİLLA,Camel Regular Keten Görünümlü Düğmeli Dokuma Yelek TWOSS24YE00046,108.99,14,/trendyolmilla/camel-regular-keten-gorunumlu-dugmeli-dokuma-yelek-twoss24ye00046-p-806275435,Yelek
90,773546171,TRENDYOLMİLLA,Camel Regular Kemerli Dokuma Yelek TWOAW23YE00021,540.99,40,/trendyolmilla/camel-regular-kemerli-dokuma-yelek-twoaw23ye00021-p-773546171,Yelek
91,790023684,TRENDYOLMİLLA,Siyah Fitted Dokuma Crop Yelek TWOSS24YE00032,512.99,30,/trendyolmilla/siyah-fitted-dokuma-crop-yelek-twoss24ye00032-p-790023684,Yelek
92,796380382,TRENDYOLMİLLA,Siyah Fitted Poliviskon Güllü Çizgili Yelek Limited Edition TWOSS24YE00039,478.99,16,/trendyolmilla/siyah-fitted-poliviskon-gullu-cizgili-yelek-limited-edition-twoss24ye00039-p-796380382,Yelek
93,776733034,TRENDYOLMİLLA,Mavi Önden Bağlamalı Fitted Denim Yelek TWOSS24YE00010,200.99,22,/trendyolmilla/mavi-onden-baglamali-fitted-denim-yelek-twoss24ye00010-p-776733034,Yelek
94,816778145,TRENDYOL MODEST,Koyu Bej Ceket Yaka Beli Bağlama Detaylı Astarlı Dokuma Yelek TCTAW24YL00025,474.99,6,/trendyol-modest/koyu-bej-ceket-yaka-beli-baglama-detayli-astarli-dokuma-yelek-tctaw24yl00025-p-816778145,Yelek
95,829180088,TRENDYOLMİLLA,Ekru Oversize Denim Yelek TWOAW25YE00030,549.99,4,/trendyolmilla/ekru-oversize-denim-yelek-twoaw25ye00030-p-829180088,Yelek
96,318040088,TRENDYOL MODEST,Siyah Zincir Kemer Detaylı Dokuma Yelek TCTAW23YL00013,412.99,748,/trendyol-modest/siyah-zincir-kemer-detayli-dokuma-yelek-tctaw23yl00013-p-318040088,Yelek
97,794538412,TRENDYOLMİLLA,Siyah Fitted Uzun Boy Yelek TWOSS24YE00036,286.99,37,/trendyolmilla/siyah-fitted-uzun-boy-yelek-twoss24ye00036-p-794538412,Yelek
98,738400808,TRENDYOLMİLLA,Siyah Regular Bağlamalı Dokuma Yelek TWOAW24YE00071,467.99,167,/trendyolmilla/siyah-regular-baglamali-dokuma-yelek-twoaw24ye00071-p-738400808,Yelek
99,820042224,TRENDYOLMİLLA,Ekru Düğmeli V Yaka Regular Yelek TWOAW25YE00019,446.99,0,/trendyolmilla/ekru-dugmeli-v-yaka-regular-yelek-twoaw25ye00019-p-820042224,Yelek
100,822669820,TRENDYOLMİLLA,Gri Melanj Fermuarlı Bisiklet Yaka Regular Yelek TWOAW25YE00020,484.99,0,/trendyolmilla/gri-melanj-fermuarli-bisiklet-yaka-regular-yelek-twoaw25ye00020-p-822669820,Yelek
101,746295758,TRENDYOL MODEST,Siyah Ceket Yaka Beli Bağlama Detaylı Astarlı Dokuma Yelek TCTAW24YL00025,474.99,51,/trendyol-modest/siyah-ceket-yaka-beli-baglama-detayli-astarli-dokuma-yelek-tctaw24yl00025-p-746295758,Yelek
102,819101742,TRENDYOL MODEST,Siyah Aksesuar Detaylı Kumaş Dokuma Yelek TCTSS24YL00011,471.99,12,/trendyol-modest/siyah-aksesuar-detayli-kumas-dokuma-yelek-tctss24yl00011-p-819101742,Yelek
103,376007719,TRENDYOL MODEST,Taş Dokuma Astarlı Düğme Kapamalı Yelek TCTSS23YL00022,404.99,341,/trendyol-modest/tas-dokuma-astarli-dugme-kapamali-yelek-tctss23yl00022-p-376007719,Yelek
104,790817183,TRENDYOL MODEST,Siyah Kuşak Detaylı Dokuma Yelek TCTSS24YL00004,365.49,29,/trendyol-modest/siyah-kusak-detayli-dokuma-yelek-tctss24yl00004-p-790817183,Yelek
105,831753243,TRENDYOLMİLLA,Siyah Regular Suni Deri Peluş Detaylı Yelek TWOAW25YE00038,1099.99,0,/trendyolmilla/siyah-regular-suni-deri-pelus-detayli-yelek-twoaw25ye00038-p-831753243,Yelek
106,410887877,TRENDYOL MODEST,Vizon Zincir Kemer Detaylı Dokuma Yelek TCTAW23YL00013,649.99,269,/trendyol-modest/vizon-zincir-kemer-detayli-dokuma-yelek-tctaw23yl00013-p-410887877,Yelek
107,790816974,TRENDYOL MODEST,Bej Kuşak Detaylı Dokuma Yelek TCTSS24YL00004,559.99,32,/trendyol-modest/bej-kusak-detayli-dokuma-yelek-tctss24yl00004-p-790816974,Yelek
108,792882157,TRENDYOL MODEST,Vizon V Yaka Cepli Dokuma Yelek TCTSS24YL00001,359.99,18,/trendyol-modest/vizon-v-yaka-cepli-dokuma-yelek-tctss24yl00001-p-792882157,Yelek
109,811150776,TRENDYOLMİLLA,X Yapay Zekâ Siyah Slim Tül Detaylı Kuşaklı Yelek TWOSS24YE00049,350.99,10,/trendyolmilla/x-yapay-zeka-siyah-slim-tul-detayli-kusakli-yelek-twoss24ye00049-p-811150776,Yelek
110,792881275,TRENDYOL MODEST,Açık Haki Finike Düz Dokuma Yelek TCTSS24YL00002,459.99,26,/trendyol-modest/acik-haki-finike-duz-dokuma-yelek-tctss24yl00002-p-792881275,Yelek
111,791633301,TRENDYOL MODEST,Siyah Önden Bağlama Kapamalı Dokuma Yelek TCTSS24YL00003,529.99,14,/trendyol-modest/siyah-onden-baglama-kapamali-dokuma-yelek-tctss24yl00003-p-791633301,Yelek
112,791662245,TRENDYOL MODEST,Siyah Gold Detaylı Kuşaklı Düz Dokuma Yelek TCTSS24YL00006,329.99,12,/trendyol-modest/siyah-gold-detayli-kusakli-duz-dokuma-yelek-tctss24yl00006-p-791662245,Yelek
113,672082672,TRENDYOLMİLLA,Haki Kapüşonlu Su İtici Uzun Şişme Yelek TWOAW24YE00017,413.99,26,/trendyolmilla/haki-kapusonlu-su-itici-uzun-sisme-yelek-twoaw24ye00017-p-672082672,Yelek
114,318042137,TRENDYOL MODEST,Siyah Beli Kemerli Ceket Yaka Dokuma Yelek TCTAW23YL00014,397.99,729,/trendyol-modest/siyah-beli-kemerli-ceket-yaka-dokuma-yelek-tctaw23yl00014-p-318042137,Yelek
115,675210456,TRENDYOLMİLLA,Siyah-Vizon Oversize Kapüşonlu Çift Taraflı Su İtici Uzun Şişme Yelek TWOAW24YE00020,449.99,44,/trendyolmilla/siyah-vizon-oversize-kapusonlu-cift-tarafli-su-itici-uzun-sisme-yelek-twoaw24ye00020-p-675210456,Yelek
116,322343349,TRENDYOLMİLLA,Kahverengi Şişme Yelek TWOAW23YE00059,309.99,537,/trendyolmilla/kahverengi-sisme-yelek-twoaw23ye00059-p-322343349,Yelek
117,828806341,TRENDYOLMİLLA,Bordo Regular Dokuma Yelek TWOSS22YE0046,484.99,0,/trendyolmilla/bordo-regular-dokuma-yelek-twoss22ye0046-p-828806341,Yelek
118,813483192,TRENDYOLMİLLA,Ekru Regular Polo Yaka Yelek TWOAW25YE00011,409.99,1,/trendyolmilla/ekru-regular-polo-yaka-yelek-twoaw25ye00011-p-813483192,Yelek
121,828566504,TRENDYOLMİLLA,Ekru Dik Yaka Fermuarlı Regular Yelek TWOAW25YE00033,407.99,0,/trendyolmilla/ekru-dik-yaka-fermuarli-regular-yelek-twoaw25ye00033-p-828566504,Yelek
122,374790827,TRENDYOLMİLLA,Camel Fitted Astarlı Düğmeli Dokuma Yelek TWOSS21YE0009,446.99,292,/trendyolmilla/camel-fitted-astarli-dugmeli-dokuma-yelek-twoss21ye0009-p-374790827,Yelek
123,672437023,TRENDYOLMİLLA,Bej Oversize Kapüşonlu Su İtici Şişme Yelek TWOAW24YE00019,609.99,96,/trendyolmilla/bej-oversize-kapusonlu-su-itici-sisme-yelek-twoaw24ye00019-p-672437023,Yelek
124,731444542,TRENDYOL MODEST,Siyah Astarlı Tek Düğmeli Dokuma Finike Kumaş Yelek TCTAW24YL00017,512.99,123,/trendyol-modest/siyah-astarli-tek-dugmeli-dokuma-finike-kumas-yelek-tctaw24yl00017-p-731444542,Yelek
125,672082685,TRENDYOLMİLLA,Siyah Kapüşonlu Su İtici Uzun Şişme Yelek TWOAW24YE00017,422.99,29,/trendyolmilla/siyah-kapusonlu-su-itici-uzun-sisme-yelek-twoaw24ye00017-p-672082685,Yelek
126,813303728,TRENDYOLMİLLA,Ekru Regular Püskül Detaylı Yelek TWOAW25YE00009,578.99,0,/trendyolmilla/ekru-regular-puskul-detayli-yelek-twoaw25ye00009-p-813303728,Yelek
127,792876279,TRENDYOLMİLLA,Siyah Oversize Cep Detaylı Yelek TWOSS24YE00037,659.99,20,/trendyolmilla/siyah-oversize-cep-detayli-yelek-twoss24ye00037-p-792876279,Yelek
128,814876493,Edit by Trendyol,Gri Regular Dokuma Yelek TEDSS24YE00000,339.99,15,/edit-by-trendyol/gri-regular-dokuma-yelek-tedss24ye00000-p-814876493,Yelek
129,806500492,TRENDYOLMİLLA,Koyu Mavi Oversize Kapüşonlu Su İtici Şişme Yelek TWOAW24YE00019,559.99,1,/trendyolmilla/koyu-mavi-oversize-kapusonlu-su-itici-sisme-yelek-twoaw24ye00019-p-806500492,Yelek
130,820170207,TRENDYOLMİLLA,Siyah Oversize Kürk Yelek TWOAW25YE00005,989.99,0,/trendyolmilla/siyah-oversize-kurk-yelek-twoaw25ye00005-p-820170207,Yelek
131,812364497,TRENDYOLMİLLA,Gri Regular Buklet Yelek TWOAW25YE00012,348.99,2,/trendyolmilla/gri-regular-buklet-yelek-twoaw25ye00012-p-812364497,Yelek
132,812364496,TRENDYOLMİLLA,Mürdüm Regular Buklet Yelek TWOAW25YE00012,348.99,1,/trendyolmilla/murdum-regular-buklet-yelek-twoaw25ye00012-p-812364496,Yelek
133,828566498,TRENDYOLMİLLA,Bej Dik Yaka Fermuarlı Regular Yelek TWOAW25YE00033,425.99,0,/trendyolmilla/bej-dik-yaka-fermuarli-regular-yelek-twoaw25ye00033-p-828566498,Yelek
134,806494441,TRENDYOLMİLLA,Ekru Kapüşonlu Kemerli Su İtici Şişme Yelek TWOSS21YE0002,699.99,0,/trendyolmilla/ekru-kapusonlu-kemerli-su-itici-sisme-yelek-twoss21ye0002-p-806494441,Yelek
135,784449738,TRENDYOLMİLLA,Kırmızı Su İtici Şişme Yelek TWOAW23YE00059,319.99,10,/trendyolmilla/kirmizi-su-itici-sisme-yelek-twoaw23ye00059-p-784449738,Yelek
136,796185529,TRENDYOL MODEST,Bej Finike Kemer Detaylı Dokuma Yelek TCTSS24YL00008,349.99,19,/trendyol-modest/bej-finike-kemer-detayli-dokuma-yelek-tctss24yl00008-p-796185529,Yelek
137,828566674,TRENDYOLMİLLA,Siyah Çizgili V Yaka Regular Yelek TWOAW25YE00034,359.99,0,/trendyolmilla/siyah-cizgili-v-yaka-regular-yelek-twoaw25ye00034-p-828566674,Yelek
138,814516959,TRENDYOLMİLLA,Vizon Regular Dikiş Detaylı Kapitone Şişme Yelek TWOAW25YE00015,679.99,0,/trendyolmilla/vizon-regular-dikis-detayli-kapitone-sisme-yelek-twoaw25ye00015-p-814516959,Yelek
139,672437026,TRENDYOLMİLLA,Siyah Oversize Kapüşonlu Su İtici Şişme Yelek TWOAW24YE00019,609.99,117,/trendyolmilla/siyah-oversize-kapusonlu-su-itici-sisme-yelek-twoaw24ye00019-p-672437026,Yelek
140,773613104,TRENDYOLMİLLA,Beyaz Fitted Fitted Düğmeli Dokuma Yelek TWOSS21YE0009,543.99,57,/trendyolmilla/beyaz-fitted-fitted-dugmeli-dokuma-yelek-twoss21ye0009-p-773613104,Yelek
141,773613111,TRENDYOLMİLLA,Vizon Fitted Düğmeli Dokuma Yelek TWOSS21YE0009,511.99,25,/trendyolmilla/vizon-fitted-dugmeli-dokuma-yelek-twoss21ye0009-p-773613111,Yelek
142,812698580,TRENDYOLMİLLA,Siyah Slim Tüylü Yelek TWOAW25YE00010,421.99,0,/trendyolmilla/siyah-slim-tuylu-yelek-twoaw25ye00010-p-812698580,Yelek
143,730953840,TRENDYOL MODEST,Siyah Cep Detaylı Tüvit Dokuma Yelek TCTAW24YE00000,419.99,184,/trendyol-modest/siyah-cep-detayli-tuvit-dokuma-yelek-tctaw24ye00000-p-730953840,Yelek
144,829252219,TRENDYOLMİLLA,Koyu Mavi Fitted Denim Yelek TWOAW25YE00031,346.99,2,/trendyolmilla/koyu-mavi-fitted-denim-yelek-twoaw25ye00031-p-829252219,Yelek
145,782538994,TRENDYOLMİLLA,Siyah Regular Kapuşonlu Fermuarlı Sıfır Kol Yelek TWOSS24YE00012,283.99,17,/trendyolmilla/siyah-regular-kapusonlu-fermuarli-sifir-kol-yelek-twoss24ye00012-p-782538994,Yelek
146,791662163,TRENDYOL MODEST,Bej Gold Detaylı Kuşaklı Düz Dokuma Yelek TCTSS24YL00006,249.99,16,/trendyol-modest/bej-gold-detayli-kusakli-duz-dokuma-yelek-tctss24yl00006-p-791662163,Yelek
147,815366577,TRENDYOLMİLLA,Siyah Regular Suni Deri Biker Yelek TWOAW25YE00014,879.99,0,/trendyolmilla/siyah-regular-suni-deri-biker-yelek-twoaw25ye00014-p-815366577,Yelek
148,783816039,TRENDYOLMİLLA,Ekru Bomber Yelek TWOSS24YE00022,479.99,13,/trendyolmilla/ekru-bomber-yelek-twoss24ye00022-p-783816039,Yelek
149,796044501,TRENDYOLMİLLA,Ekru Oversize Tüvit İnce Yelek TWOSS24YE00034,449.99,9,/trendyolmilla/ekru-oversize-tuvit-ince-yelek-twoss24ye00034-p-796044501,Yelek
150,790036216,TRENDYOLMİLLA,Camel Regular Premium Düğme Detaylı Dokuma Keten Görünümlü Yelek TWOSS24YE00031,486.99,26,/trendyolmilla/camel-regular-premium-dugme-detayli-dokuma-keten-gorunumlu-yelek-twoss24ye00031-p-790036216,Yelek
151,775985841,TRENDYOLMİLLA,Koyu Mavi Fitted Denim Yelek TWOSS24YE00004,389.99,16,/trendyolmilla/koyu-mavi-fitted-denim-yelek-twoss24ye00004-p-775985841,Yelek
152,300279413,TRENDYOLMİLLA,Siyah Kuşaklı Kapitone Şişme Yelek TWOAW23YE00038,699.99,340,/trendyolmilla/siyah-kusakli-kapitone-sisme-yelek-twoaw23ye00038-p-300279413,Yelek
153,322343277,TRENDYOLMİLLA,Taş Regular Su itici Şişme Yelek TWOAW23YE00059,499.99,579,/trendyolmilla/tas-regular-su-itici-sisme-yelek-twoaw23ye00059-p-322343277,Yelek
154,815745688,TRENDYOLMİLLA,Vizon %100 Keten Fitted Yelek TWOSS24YE00052,749.99,12,/trendyolmilla/vizon-100-keten-fitted-yelek-twoss24ye00052-p-815745688,Yelek
155,787746047,TRENDYOL MODEST,Beyaz Cep Detaylı Tüvit Dokuma Yelek TCTAW24YE00000,339.99,22,/trendyol-modest/beyaz-cep-detayli-tuvit-dokuma-yelek-tctaw24ye00000-p-787746047,Yelek
156,782297144,TRENDYOLMİLLA,Bej Premium Straplez Regular Dokuma Yelek TWOSS24YE00021,530.99,42,/trendyolmilla/bej-premium-straplez-regular-dokuma-yelek-twoss24ye00021-p-782297144,Yelek
157,322343294,TRENDYOLMİLLA,Siyah Regular Su itici Şişme Yelek TWOAW23YE00059,489.99,675,/trendyolmilla/siyah-regular-su-itici-sisme-yelek-twoaw23ye00059-p-322343294,Yelek
158,141079772,TRENDYOLMİLLA,Camel Kuşaklı Çift Cepli Trençkot Yelek TCTAW22YL0003,659.99,769,/trendyolmilla/camel-kusakli-cift-cepli-trenckot-yelek-tctaw22yl0003-p-141079772,Yelek
159,125880797,TRENDYOLMİLLA,Indigo Gömlek Yaka Cep Detaylı %100 Pamuk Denim Yelek Ceket TCTAW22CK0006,509.99,3400,/trendyolmilla/indigo-gomlek-yaka-cep-detayli-100-pamuk-denim-yelek-ceket-tctaw22ck0006-p-125880797,Yelek
160,86537426,TRENDYOLMİLLA,Siyah Kapüşonlu Kemerli Su İtici Şişme Yelek TWOSS21YE0002,659.99,1877,/trendyolmilla/siyah-kapusonlu-kemerli-su-itici-sisme-yelek-twoss21ye0002-p-86537426,Yelek
