,ID,MARKA,URUN_NAME,FIYAT,RATE_COUNT,URUN_LINK,KATEGORI
0,786968494,Trendyol Curve,Siyah-Beyaz Çizgili Fittili Örme Bluz TBBSS24AF00022,204.99,137,/trendyol-curve/siyah-beyaz-cizgili-fittili-orme-bluz-tbbss24af00022-p-786968494,BB Bluz
1,193271242,Trendyol Curve,Siyah Sırtı Bağlama Detaylı Örme Bluz TBBSS22AF0058,183.99,785,/trendyol-curve/siyah-sirti-baglama-detayli-orme-bluz-tbbss22af0058-p-193271242,BB Bluz
2,791613438,Trendyol Curve,Siyah Bodycon Triko Bluz TBBSS24AF00052,214.99,143,/trendyol-curve/siyah-bodycon-triko-bluz-tbbss24af00052-p-791613438,BB Bluz
3,790721215,Trendyol Curve,Siyah Fermuarlı Örme Bluz TBBSS24AF00040,205.99,100,/trendyol-curve/siyah-fermuarli-orme-bluz-tbbss24af00040-p-790721215,BB Bluz
4,835372101,Trendyol Curve,Beyaz Kadın Fiyonklu Dokuma Büyük Beden Bluz TBBAW25AF00021,466.99,7,/trendyol-curve/beyaz-kadin-fiyonklu-dokuma-buyuk-beden-bluz-tbbaw25af00021-p-835372101,BB Bluz
5,372983272,Trendyol Curve,Fuşya Düşük Omuz Detaylı Örme Bluz TBBSS22AF0052,163.99,262,/trendyol-curve/fusya-dusuk-omuz-detayli-orme-bluz-tbbss22af0052-p-372983272,BB Bluz
6,183382291,Trendyol Curve,Siyah Düşük Omuz Detaylı Örme Bluz TBBSS22AF0052,233.99,2232,/trendyol-curve/siyah-dusuk-omuz-detayli-orme-bluz-tbbss22af0052-p-183382291,BB Bluz
7,364518874,Trendyol Curve,Siyah Fittilli Gömlek Yaka Örme Bluz TBBSS22BZ0750,257.99,1358,/trendyol-curve/siyah-fittilli-gomlek-yaka-orme-bluz-tbbss22bz0750-p-364518874,BB Bluz
8,372983288,Trendyol Curve,Saks Düşük Omuz Detaylı Örme Bluz TBBSS22AF0052,182.99,364,/trendyol-curve/saks-dusuk-omuz-detayli-orme-bluz-tbbss22af0052-p-372983288,BB Bluz
9,678691517,Trendyol Curve,Kırmızı Fitilli Örme Bluz TBBSS22BZ0750,197.99,86,/trendyol-curve/kirmizi-fitilli-orme-bluz-tbbss22bz0750-p-678691517,BB Bluz
10,196006515,Trendyol Curve,Beyaz Fitilli Örme Bluz TBBSS22BZ0750,263.99,1727,/trendyol-curve/beyaz-fitilli-orme-bluz-tbbss22bz0750-p-196006515,BB Bluz
11,785203904,Trendyol Curve,Siyah Degaje Yaka Askılı Örme Bluz TBBSS24AF00006,217.99,132,/trendyol-curve/siyah-degaje-yaka-askili-orme-bluz-tbbss24af00006-p-785203904,BB Bluz
12,814376612,Trendyol Curve,Antrasit Tül Astarlı Asimetrik Yaka Örme Bluz TBBSS24AF00025,202.99,31,/trendyol-curve/antrasit-tul-astarli-asimetrik-yaka-orme-bluz-tbbss24af00025-p-814376612,BB Bluz
13,793584071,Trendyol Curve,Siyah Crop Kolu Fırfırlı Volanlı Kruvaze Yaka Plaj Giyim Bluz TBBSS24AF00071,388.99,133,/trendyol-curve/siyah-crop-kolu-firfirli-volanli-kruvaze-yaka-plaj-giyim-bluz-tbbss24af00071-p-793584071,BB Bluz
14,800274028,Trendyol Curve,Sarı Çiçek Desenli Örme Bluz TBBSS24AF00086,201.99,53,/trendyol-curve/sari-cicek-desenli-orme-bluz-tbbss24af00086-p-800274028,BB Bluz
15,792587261,Trendyol Curve,Siyah Kalp Yaka Mesh Detaylı Örme Bluz TBBSS24AF00046,186.99,84,/trendyol-curve/siyah-kalp-yaka-mesh-detayli-orme-bluz-tbbss24af00046-p-792587261,BB Bluz
16,797234573,Trendyol Curve,Kırmızı Asimetrik Yaka Örme Bluz TBBSS24AF00077,187.99,89,/trendyol-curve/kirmizi-asimetrik-yaka-orme-bluz-tbbss24af00077-p-797234573,BB Bluz
17,464821221,Trendyol Curve,Siyah U Yaka Çıtçıtlı Crop Örme Bluz TBBSS23AF00062,182.99,208,/trendyol-curve/siyah-u-yaka-citcitli-crop-orme-bluz-tbbss23af00062-p-464821221,BB Bluz
18,230721667,Trendyol Curve,Lila Kare Yaka Fermuarlı Örme Bluz TBBSS22BZ00005,167.99,361,/trendyol-curve/lila-kare-yaka-fermuarli-orme-bluz-tbbss22bz00005-p-230721667,BB Bluz
19,786384109,Trendyol Curve,Açık Mavi Dokuma Bluz TBBSS24AF00000,258.99,71,/trendyol-curve/acik-mavi-dokuma-bluz-tbbss24af00000-p-786384109,BB Bluz
20,792871375,Trendyol Curve,Siyah Fitted/Vücuda Oturan Polo Yaka Esnek Örme Bluz TBBSS24AF00065,233.99,105,/trendyol-curve/siyah-fitted-vucuda-oturan-polo-yaka-esnek-orme-bluz-tbbss24af00065-p-792871375,BB Bluz
21,814881554,Trendyol Curve,Kırmızı Fermuarlı Örme Bluz TBBSS24AF00040,203.99,51,/trendyol-curve/kirmizi-fermuarli-orme-bluz-tbbss24af00040-p-814881554,BB Bluz
22,809718820,Trendyol Curve,Çok Renkli Süprem Örme Büyük Beden Bluz,130.99,11,/trendyol-curve/cok-renkli-suprem-orme-buyuk-beden-bluz-p-809718820,BB Bluz
23,786994578,Trendyol Curve,Siyah Kayık Degaje Yaka Örme Bluz TBBSS24AF00021,203.99,67,/trendyol-curve/siyah-kayik-degaje-yaka-orme-bluz-tbbss24af00021-p-786994578,BB Bluz
48,196006517,Trendyol Curve,Lacivert Fitilli Örme Bluz TBBSS22BZ0750,261.99,1125,/trendyol-curve/lacivert-fitilli-orme-bluz-tbbss22bz0750-p-196006517,BB Bluz
49,819726664,Trendyol Curve,Siyah Kaşkorse Örme Büyük Beden Bluz,159.99,25,/trendyol-curve/siyah-kaskorse-orme-buyuk-beden-bluz-p-819726664,BB Bluz
50,230340529,Trendyol Curve,Siyah Kalp Yaka Balon Kol Örme Bluz TBBSS22BZ00004,250.99,739,/trendyol-curve/siyah-kalp-yaka-balon-kol-orme-bluz-tbbss22bz00004-p-230340529,BB Bluz
51,789041993,Trendyol Curve,Siyah Birit Detaylı Fitilli Örme Bluz TBBSS24AF00005,166.99,24,/trendyol-curve/siyah-birit-detayli-fitilli-orme-bluz-tbbss24af00005-p-789041993,BB Bluz
52,806033916,Trendyol Curve,Turuncu Vücudu Saran İnce Triko Fermuarlı Bluz TBBSS23AF00020,146.99,31,/trendyol-curve/turuncu-vucudu-saran-ince-triko-fermuarli-bluz-tbbss23af00020-p-806033916,BB Bluz
53,453673795,Trendyol Curve,Siyah Bisiklet Yaka Basic Örme Bluz TBBSS23AF00053,184.99,215,/trendyol-curve/siyah-bisiklet-yaka-basic-orme-bluz-tbbss23af00053-p-453673795,BB Bluz
54,791613448,Trendyol Curve,Ekru Bodycon Triko Bluz TBBSS24AF00052,242.99,82,/trendyol-curve/ekru-bodycon-triko-bluz-tbbss24af00052-p-791613448,BB Bluz
55,411339843,Trendyol Curve,Koyu Mint Kruvaze Bağlama Detaylı Örme Bluz TBBSS23AH00126,182.99,226,/trendyol-curve/koyu-mint-kruvaze-baglama-detayli-orme-bluz-tbbss23ah00126-p-411339843,BB Bluz
56,443790529,Trendyol Curve,Koyu Mint Yaka Detaylı Fitilli Örme T-shirt TBBSS23BF00012,148.99,154,/trendyol-curve/koyu-mint-yaka-detayli-fitilli-orme-t-shirt-tbbss23bf00012-p-443790529,BB Bluz
57,775751875,Trendyol Curve,Gül Kurusu Kaşkorse Örme Büyük Beden Bluz,153.99,57,/trendyol-curve/gul-kurusu-kaskorse-orme-buyuk-beden-bluz-p-775751875,BB Bluz
58,786970652,Trendyol Curve,Çok Renkli Desenli Mesh Örme Bluz TBBSS24AF00024,134.99,39,/trendyol-curve/cok-renkli-desenli-mesh-orme-bluz-tbbss24af00024-p-786970652,BB Bluz
59,796358906,Trendyol Curve,Mavi Sırt Detaylı Örme Bluz TBBSS24AF00061,191.99,36,/trendyol-curve/mavi-sirt-detayli-orme-bluz-tbbss24af00061-p-796358906,BB Bluz
60,820020839,Trendyol Curve,Ekru Tül Dokuma Büyük Beden Bluz,141.99,1,/trendyol-curve/ekru-tul-dokuma-buyuk-beden-bluz-p-820020839,BB Bluz
61,797237514,Trendyol Curve,Yeşil Büzgü Detaylı Örme Bluz TBBSS24AF00078,141.99,21,/trendyol-curve/yesil-buzgu-detayli-orme-bluz-tbbss24af00078-p-797237514,BB Bluz
62,195997042,Trendyol Curve,Taş Dokuma Düğmeli Kı Volanlı Büyük Beden Bluz TBBSS22BZ0714,257.99,364,/trendyol-curve/tas-dokuma-dugmeli-ki-volanli-buyuk-beden-bluz-tbbss22bz0714-p-195997042,BB Bluz
63,379991016,Trendyol Curve,Siyah Askılı Crop Örme Bluz TBBSS23AF00013,186.99,487,/trendyol-curve/siyah-askili-crop-orme-bluz-tbbss23af00013-p-379991016,BB Bluz
64,447695022,Trendyol Curve,Siyah Tek Kol Örme Bluz TBBSS23AF00044,217.99,230,/trendyol-curve/siyah-tek-kol-orme-bluz-tbbss23af00044-p-447695022,BB Bluz
65,786995122,Trendyol Curve,Pudra Metalik Baskılı Örme Bluz TBBSS24AF00007,167.99,91,/trendyol-curve/pudra-metalik-baskili-orme-bluz-tbbss24af00007-p-786995122,BB Bluz
66,411407638,Trendyol Curve,Koyu Yeşil Vücudu Saran İnce Triko Fermuarlı Bluz TBBSS23AF00020,151.99,154,/trendyol-curve/koyu-yesil-vucudu-saran-ince-triko-fermuarli-bluz-tbbss23af00020-p-411407638,BB Bluz
67,806266253,Trendyol Curve,Altın Metalik Baskılı Örme Bluz TBBSS24AF00007,132.99,29,/trendyol-curve/altin-metalik-baskili-orme-bluz-tbbss24af00007-p-806266253,BB Bluz
68,196029486,Trendyol Curve,Siyah Dokuma V Yaka Bağlamalı Bluz TBBSS22BZ0753,367.99,753,/trendyol-curve/siyah-dokuma-v-yaka-baglamali-bluz-tbbss22bz0753-p-196029486,BB Bluz
69,187949405,Trendyol Curve,Siyah Ayarlanabilir Askılı Dokuma Volanlı Yaka Büyük Beden Bluz TBBSS22AF0023,470.99,1018,/trendyol-curve/siyah-ayarlanabilir-askili-dokuma-volanli-yaka-buyuk-beden-bluz-tbbss22af0023-p-187949405,BB Bluz
70,793576688,Trendyol Curve,Siyah Askılı Dantelli Dokuma Büyük Beden Bluz TBBSS24AF00070,202.99,50,/trendyol-curve/siyah-askili-dantelli-dokuma-buyuk-beden-bluz-tbbss24af00070-p-793576688,BB Bluz
71,183116994,Trendyol Curve,Siyah Kısa Kol Dokuma Volanlı Büyük Beden Bluz TBBSS22AF0002,290.99,922,/trendyol-curve/siyah-kisa-kol-dokuma-volanli-buyuk-beden-bluz-tbbss22af0002-p-183116994,BB Bluz
72,443798456,Trendyol Curve,Zümrüt Yeşil Baskılı Fitilli Örme Bluz TBBSS23BF00013,149.99,570,/trendyol-curve/zumrut-yesil-baskili-fitilli-orme-bluz-tbbss23bf00013-p-443798456,BB Bluz
73,792883669,Trendyol Curve,Siyah-Ekru Çizgili 2'li Paket Viskoz Esnek Örme Bluz TBBSS24AF00068,218.99,33,/trendyol-curve/siyah-ekru-cizgili-2-li-paket-viskoz-esnek-orme-bluz-tbbss24af00068-p-792883669,BB Bluz
74,447994323,Trendyol Curve,Siyah Kruvaze Yaka Kolu Fırfırlı Plaj Giyim Bluz TBBSS23AH00113,234.99,141,/trendyol-curve/siyah-kruvaze-yaka-kolu-firfirli-plaj-giyim-bluz-tbbss23ah00113-p-447994323,BB Bluz
75,303500998,Trendyol Curve,Siyah Fitiili Cut-Out Detaylı Crop Örme Bluz TBBSS22AF00020,227.99,844,/trendyol-curve/siyah-fitiili-cut-out-detayli-crop-orme-bluz-tbbss22af00020-p-303500998,BB Bluz
76,817266181,Trendyol Curve,Kırmızı Dokuma V Yaka Bağlamalı Bluz TBBSS22BZ0753,351.99,26,/trendyol-curve/kirmizi-dokuma-v-yaka-baglamali-bluz-tbbss22bz0753-p-817266181,BB Bluz
77,813638432,Trendyol Curve,Taş Brode Detaylı Askılı Triko Bluz TBBSS24AF00100,223.99,20,/trendyol-curve/tas-brode-detayli-askili-triko-bluz-tbbss24af00100-p-813638432,BB Bluz
78,411339845,Trendyol Curve,Siyah Kruvaze Bağlama Detaylı Örme Bluz TBBSS23AH00126,250.99,322,/trendyol-curve/siyah-kruvaze-baglama-detayli-orme-bluz-tbbss23ah00126-p-411339845,BB Bluz
79,195997036,Trendyol Curve,Siyah Dokuma Düğme Detaylı Bluz TBBSS22BZ0714,271.99,1659,/trendyol-curve/siyah-dokuma-dugme-detayli-bluz-tbbss22bz0714-p-195997036,BB Bluz
80,443785961,Trendyol Curve,Kahverengi Fitilli U Yaka Örme T-Shirt TBBSS23BF00010,192.99,495,/trendyol-curve/kahverengi-fitilli-u-yaka-orme-t-shirt-tbbss23bf00010-p-443785961,BB Bluz
81,801139532,Trendyol Curve,Lacivert Bağcık Detaylı Örme Bluz TBBSS24AF00084,153.99,30,/trendyol-curve/lacivert-bagcik-detayli-orme-bluz-tbbss24af00084-p-801139532,BB Bluz
82,187322563,Trendyol Curve,Siyah Cut-Out Detaylı Örme Bluz TBBSS22AF0009,182.99,1902,/trendyol-curve/siyah-cut-out-detayli-orme-bluz-tbbss22af0009-p-187322563,BB Bluz
83,810050085,Trendyol Curve,Siyah Krep Örme Büyük Beden Bluz,223.99,38,/trendyol-curve/siyah-krep-orme-buyuk-beden-bluz-p-810050085,BB Bluz
84,410838044,Trendyol Curve,Siyah Büzgülü Kısa Kol Örme Bluz TBBSS23AF00016,140.99,183,/trendyol-curve/siyah-buzgulu-kisa-kol-orme-bluz-tbbss23af00016-p-410838044,BB Bluz
85,792884415,Trendyol Curve,Beyaz Brodeli Dik Yaka Basic Kalıp Pamuklu Örme Bluz TBBSS24AF00069,165.99,29,/trendyol-curve/beyaz-brodeli-dik-yaka-basic-kalip-pamuklu-orme-bluz-tbbss24af00069-p-792884415,BB Bluz
86,786397503,Trendyol Curve,Siyah Kayık Yaka Dokuma Bluz TBBSS24AF00038,318.99,17,/trendyol-curve/siyah-kayik-yaka-dokuma-bluz-tbbss24af00038-p-786397503,BB Bluz
87,744102625,Trendyol Curve,Siyah Straplez Örme Bluz TBBAW24DJ00000,218.99,101,/trendyol-curve/siyah-straplez-orme-bluz-tbbaw24dj00000-p-744102625,BB Bluz
88,814264754,Trendyol Curve,Bej Simli Vücudu Saran İnce Triko Bluz TBBSS24AF00101,227.99,21,/trendyol-curve/bej-simli-vucudu-saran-ince-triko-bluz-tbbss24af00101-p-814264754,BB Bluz
89,771106364,Trendyol Curve,Çok Renkli Siyah-Beyaz Gömlek Yaka Uzun Kol Dokuma Şık Bluz TBBAW24AF00062,301.99,209,/trendyol-curve/cok-renkli-siyah-beyaz-gomlek-yaka-uzun-kol-dokuma-sik-bluz-tbbaw24af00062-p-771106364,BB Bluz
90,379991001,Trendyol Curve,İndigo Askılı Crop Örme Bluz TBBSS23AF00013,194.99,329,/trendyol-curve/indigo-askili-crop-orme-bluz-tbbss23af00013-p-379991001,BB Bluz
91,444552052,Trendyol Curve,Siyah Vücudu Saran Askılı İnce Triko Bluz TBBSS23AF00047,180.99,94,/trendyol-curve/siyah-vucudu-saran-askili-ince-triko-bluz-tbbss23af00047-p-444552052,BB Bluz
92,740841022,Trendyol Curve,Siyah Kalp Yaka Tül Detaylı Örme Bluz TBBAW24AF00015,196.99,618,/trendyol-curve/siyah-kalp-yaka-tul-detayli-orme-bluz-tbbaw24af00015-p-740841022,BB Bluz
93,665659809,Trendyol Curve,Siyah Bisiklet Yaka Bodycone Fitilli Örme Bluz TBBSS23AF00087,146.99,215,/trendyol-curve/siyah-bisiklet-yaka-bodycone-fitilli-orme-bluz-tbbss23af00087-p-665659809,BB Bluz
94,443785964,Trendyol Curve,Siyah Fitilli U Yaka Örme T-Shirt TBBSS23BF00010,221.99,623,/trendyol-curve/siyah-fitilli-u-yaka-orme-t-shirt-tbbss23bf00010-p-443785964,BB Bluz
95,774620294,Trendyol Curve,Mavi Kaşkorse Örme Büyük Beden Bluz,262.99,68,/trendyol-curve/mavi-kaskorse-orme-buyuk-beden-bluz-p-774620294,BB Bluz
97,756036895,Trendyol Curve,Siyah-Beyaz Çizgili Sırt Dekolteli Örme Bluz TBBAW24AF00050,127.99,80,/trendyol-curve/siyah-beyaz-cizgili-sirt-dekolteli-orme-bluz-tbbaw24af00050-p-756036895,BB Bluz
98,382948599,Trendyol Curve,Gri Askılı İnce Triko Simli Bluz TBBSS23AF00006,224.99,154,/trendyol-curve/gri-askili-ince-triko-simli-bluz-tbbss23af00006-p-382948599,BB Bluz
99,786971396,Trendyol Curve,Indigo Tül Astarlı Asimetrik Yaka Örme Bluz TBBSS24AF00025,292.99,90,/trendyol-curve/indigo-tul-astarli-asimetrik-yaka-orme-bluz-tbbss24af00025-p-786971396,BB Bluz
100,196029482,Trendyol Curve,Ekru Dokuma V Yaka Bağlamalı Bluz TBBSS22BZ0753,361.99,229,/trendyol-curve/ekru-dokuma-v-yaka-baglamali-bluz-tbbss22bz0753-p-196029482,BB Bluz
101,230721668,Trendyol Curve,Siyah Kare Yaka Fermuarlı Örme Bluz TBBSS22BZ00005,194.99,993,/trendyol-curve/siyah-kare-yaka-fermuarli-orme-bluz-tbbss22bz00005-p-230721668,BB Bluz
102,801332565,Trendyol Curve,Bordo Düğüm Detaylı Örme Bluz TBBSS24AF00085,95.99,35,/trendyol-curve/bordo-dugum-detayli-orme-bluz-tbbss24af00085-p-801332565,BB Bluz
103,814346556,Trendyol Curve,Gri Yaka Detaylı Bodycon Triko Bluz TBBSS24AF00103,100.99,10,/trendyol-curve/gri-yaka-detayli-bodycon-triko-bluz-tbbss24af00103-p-814346556,BB Bluz
104,184188417,Trendyol Curve,Siyah Viskon Dokuma Ayarlanabilir Askılı V-Yaka Büyük Beden Bluz TBBSS22BZ0223,208.99,248,/trendyol-curve/siyah-viskon-dokuma-ayarlanabilir-askili-v-yaka-buyuk-beden-bluz-tbbss22bz0223-p-184188417,BB Bluz
105,379982185,Trendyol Curve,Siyah Askılı Desenli Örme Crop Bluz TBBSS23AF00010,171.99,183,/trendyol-curve/siyah-askili-desenli-orme-crop-bluz-tbbss23af00010-p-379982185,BB Bluz
106,379982179,Trendyol Curve,Mavi Askılı Desenli Örme Crop Bluz TBBSS23AF00010,168.99,141,/trendyol-curve/mavi-askili-desenli-orme-crop-bluz-tbbss23af00010-p-379982179,BB Bluz
107,217432612,Trendyol Curve,Mor Dokuma Bağlama Detaylı Bluz TBBSS22BZ1316,343.99,415,/trendyol-curve/mor-dokuma-baglama-detayli-bluz-tbbss22bz1316-p-217432612,BB Bluz
108,637445246,Trendyol Curve,Saks Kare Yaka Fermuarlı Örme Bluz TBBSS22BZ00005,144.99,205,/trendyol-curve/saks-kare-yaka-fermuarli-orme-bluz-tbbss22bz00005-p-637445246,BB Bluz
109,379990983,Trendyol Curve,Pembe Askılı Crop Örme Bluz TBBSS23AF00013,192.99,326,/trendyol-curve/pembe-askili-crop-orme-bluz-tbbss23af00013-p-379990983,BB Bluz
110,786987635,Trendyol Curve,Beyaz-Mavi Çizgili Transparan Oversize Örme Keten Görünümlü Bluz TBBSS24AF00035,183.99,34,/trendyol-curve/beyaz-mavi-cizgili-transparan-oversize-orme-keten-gorunumlu-bluz-tbbss24af00035-p-786987635,BB Bluz
111,812626046,Trendyol Curve,Kahverengi Sandy Örme Büyük Beden Bluz,215.99,28,/trendyol-curve/kahverengi-sandy-orme-buyuk-beden-bluz-p-812626046,BB Bluz
112,786986344,Trendyol Curve,Çok Renkli Çizgili Transparan Örme Keten Görünümlü Bluz TBBSS24AF00034,216.99,37,/trendyol-curve/cok-renkli-cizgili-transparan-orme-keten-gorunumlu-bluz-tbbss24af00034-p-786986344,BB Bluz
113,446401625,Trendyol Curve,Siyah Dokuma Kolları Şifon Bluz TBBSS23AH00089,364.99,255,/trendyol-curve/siyah-dokuma-kollari-sifon-bluz-tbbss23ah00089-p-446401625,BB Bluz
114,812813948,Trendyol Curve,Saks Askılı İnce Triko Simli Bluz TBBSS23AF00006,223.99,14,/trendyol-curve/saks-askili-ince-triko-simli-bluz-tbbss23af00006-p-812813948,BB Bluz
115,817560746,Trendyol Curve,Lacivert Brodeli Dik Yaka Basic Kalıp Pamuklu Örme Bluz TBBSS24AF00069,189.99,4,/trendyol-curve/lacivert-brodeli-dik-yaka-basic-kalip-pamuklu-orme-bluz-tbbss24af00069-p-817560746,BB Bluz
116,251535559,Trendyol Curve,Siyah Bodycone Fitilli Örme Bluz TBBAW23AF00016,123.99,1144,/trendyol-curve/siyah-bodycone-fitilli-orme-bluz-tbbaw23af00016-p-251535559,BB Bluz
117,813522942,Trendyol Curve,Siyah Dalgıç/Scuba Örme Büyük Beden Bluz TBBSS24AF00099,246.99,2,/trendyol-curve/siyah-dalgic-scuba-orme-buyuk-beden-bluz-tbbss24af00099-p-813522942,BB Bluz
118,792813340,Trendyol Curve,Beyaz Yelek Form Örme Bluz TBBSS24AF00042,198.99,26,/trendyol-curve/beyaz-yelek-form-orme-bluz-tbbss24af00042-p-792813340,BB Bluz
119,412316037,Trendyol Curve,Siyah Vücudu Saran İnce Triko Parlak Bluz TBBSS23AF00019,271.99,261,/trendyol-curve/siyah-vucudu-saran-ince-triko-parlak-bluz-tbbss23af00019-p-412316037,BB Bluz
120,813522296,Trendyol Curve,Beyaz Dalgıç/Scuba Örme Büyük Beden Bluz,221.99,5,/trendyol-curve/beyaz-dalgic-scuba-orme-buyuk-beden-bluz-p-813522296,BB Bluz
121,799044645,Trendyol Curve,Siyah Vücuda Oturan Örme Bluz TBBSS24AF00081,152.99,52,/trendyol-curve/siyah-vucuda-oturan-orme-bluz-tbbss24af00081-p-799044645,BB Bluz
122,813759149,Trendyol Curve,Siyah Nervür Detaylı Örme Bluz,187.99,14,/trendyol-curve/siyah-nervur-detayli-orme-bluz-p-813759149,BB Bluz
123,665720395,Trendyol Curve,Ekru Degaje Yaka Düz Basic Saten Dokuma Bluz,225.99,119,/trendyol-curve/ekru-degaje-yaka-duz-basic-saten-dokuma-bluz-p-665720395,BB Bluz
124,814376795,Trendyol Curve,Siyah Tül Astarlı Asimetrik Yaka Örme Bluz TBBSS24AF00025,259.99,28,/trendyol-curve/siyah-tul-astarli-asimetrik-yaka-orme-bluz-tbbss24af00025-p-814376795,BB Bluz
125,801077332,Trendyol Curve,Ekru %100 Pamuk More Sustainable Dikiş Detaylı Örme Bluz TBBSS24AF00087,141.99,6,/trendyol-curve/ekru-100-pamuk-more-sustainable-dikis-detayli-orme-bluz-tbbss24af00087-p-801077332,BB Bluz
126,712427630,Trendyol Curve,Beyaz V-Yaka Tüvit Desenli Uzun Kol Bluz TBBAW24AF00004,188.99,114,/trendyol-curve/beyaz-v-yaka-tuvit-desenli-uzun-kol-bluz-tbbaw24af00004-p-712427630,BB Bluz
127,817804706,Trendyol Curve,Lila Kaşkorse Örme Büyük Beden Bluz,171.99,19,/trendyol-curve/lila-kaskorse-orme-buyuk-beden-bluz-p-817804706,BB Bluz
128,464829283,Trendyol Curve,Siyah Bisiklet Yaka Düğme Detaylı Örme Bluz TBBSS23AF00071,156.99,141,/trendyol-curve/siyah-bisiklet-yaka-dugme-detayli-orme-bluz-tbbss23af00071-p-464829283,BB Bluz
129,786969917,Trendyol Curve,Siyah-Beyaz Çizgili Örme Bluz TBBSS24AF00023,199.99,21,/trendyol-curve/siyah-beyaz-cizgili-orme-bluz-tbbss24af00023-p-786969917,BB Bluz
130,174863381,Trendyol Curve,Siyah Puantiye Desenli Dokuma Bluz TBBSS22AF0033,239.99,680,/trendyol-curve/siyah-puantiye-desenli-dokuma-bluz-tbbss22af0033-p-174863381,BB Bluz
131,786394699,Trendyol Curve,Yeşil Basic Dokuma Bluz TBBSS24AF00033,193.99,12,/trendyol-curve/yesil-basic-dokuma-bluz-tbbss24af00033-p-786394699,BB Bluz
132,303256149,Trendyol Curve,Bordo Kare Yaka Örme Bluz TBBSS22AF0027,118.99,401,/trendyol-curve/bordo-kare-yaka-orme-bluz-tbbss22af0027-p-303256149,BB Bluz
133,814748011,Trendyol Curve,Antrasit-Lila 2'li Paket Viskoz Esnek Örme Bluz TBBSS24AF00067,252.99,10,/trendyol-curve/antrasit-lila-2-li-paket-viskoz-esnek-orme-bluz-tbbss24af00067-p-814748011,BB Bluz
134,448022489,Trendyol Curve,Pembe Kalp Yaka Dokuma Bluz TBBSS23AF00035,412.99,275,/trendyol-curve/pembe-kalp-yaka-dokuma-bluz-tbbss23af00035-p-448022489,BB Bluz
135,810079625,Trendyol Curve,Lacivert Bodycon Triko Bluz TBBSS24AF00052,241.99,37,/trendyol-curve/lacivert-bodycon-triko-bluz-tbbss24af00052-p-810079625,BB Bluz
136,814702798,Trendyol Curve,Lacivert Saten Dokuma Büyük Beden Bluz TBBSS24AF00104,237.99,2,/trendyol-curve/lacivert-saten-dokuma-buyuk-beden-bluz-tbbss24af00104-p-814702798,BB Bluz
137,786994479,Trendyol Curve,Gül Kurusu Kayık Degaje Yaka Örme Bluz TBBSS24AF00021,166.99,26,/trendyol-curve/gul-kurusu-kayik-degaje-yaka-orme-bluz-tbbss24af00021-p-786994479,BB Bluz
138,793589598,Trendyol Curve,Ekru Bebe Yaka Dokuma Bluz TBBSS24AF00073,157.99,28,/trendyol-curve/ekru-bebe-yaka-dokuma-bluz-tbbss24af00073-p-793589598,BB Bluz
139,196029480,Trendyol Curve,Hardal Dokuma V Yaka Bağlamalı Bluz TBBSS22BZ0753,339.99,447,/trendyol-curve/hardal-dokuma-v-yaka-baglamali-bluz-tbbss22bz0753-p-196029480,BB Bluz
140,371970539,Trendyol Curve,Siyah Kolları Tüllü Dokuma Bluz TBBSS23AF00004,399.99,221,/trendyol-curve/siyah-kollari-tullu-dokuma-bluz-tbbss23af00004-p-371970539,BB Bluz
141,797534557,Trendyol Curve,Mavi Fitilli Çıtçıtlı Örme Bluz TBBSS24AF00075,154.99,25,/trendyol-curve/mavi-fitilli-citcitli-orme-bluz-tbbss24af00075-p-797534557,BB Bluz
142,364108715,Trendyol Curve,Mor Cut-Out Detaylı Örme Bluz TBBSS22AF0009,167.99,185,/trendyol-curve/mor-cut-out-detayli-orme-bluz-tbbss22af0009-p-364108715,BB Bluz
143,410838055,Trendyol Curve,Saks Büzgülü Kısa Kol Örme Bluz TBBSS23AF00016,175.99,348,/trendyol-curve/saks-buzgulu-kisa-kol-orme-bluz-tbbss23af00016-p-410838055,BB Bluz
144,411429594,Trendyol Curve,Turuncu Kalp Yaka Vücudu Saran İnce Triko Bluz TBBSS23AF00021,223.99,171,/trendyol-curve/turuncu-kalp-yaka-vucudu-saran-ince-triko-bluz-tbbss23af00021-p-411429594,BB Bluz
145,786982185,Trendyol Curve,Beyaz Keten Görünümlü Transparan Örme Bluz TBBSS24AF00009,139.99,39,/trendyol-curve/beyaz-keten-gorunumlu-transparan-orme-bluz-tbbss24af00009-p-786982185,BB Bluz
146,266301663,Trendyol Curve,Siyah Balon Kol Kruvaze Yaka Örme Bluz TBBAW23AF00029,291.99,2090,/trendyol-curve/siyah-balon-kol-kruvaze-yaka-orme-bluz-tbbaw23af00029-p-266301663,BB Bluz
147,443783528,Trendyol Curve,Siyah Bağlama Detaylı Örme Bluz TBBSS23AF00033,185.99,223,/trendyol-curve/siyah-baglama-detayli-orme-bluz-tbbss23af00033-p-443783528,BB Bluz
148,809718826,Trendyol Curve,Siyah Süprem Örme Büyük Beden Bluz TBBSS24AF00095,193.99,8,/trendyol-curve/siyah-suprem-orme-buyuk-beden-bluz-tbbss24af00095-p-809718826,BB Bluz
149,806034448,Trendyol Curve,Lacivert Ajurlu/Delikli Püsküllü Triko Bluz TBBSS24AF00047,124.99,12,/trendyol-curve/lacivert-ajurlu-delikli-puskullu-triko-bluz-tbbss24af00047-p-806034448,BB Bluz
150,789051317,Trendyol Curve,Beyaz Hayvan Desenli Vatkalı Örme Bluz TBBSS24AF00041,181.99,40,/trendyol-curve/beyaz-hayvan-desenli-vatkali-orme-bluz-tbbss24af00041-p-789051317,BB Bluz
151,806209041,Trendyol Curve,Beyaz-Mavi Çizgili Örme Bluz TBBSS24AF00090,131.99,16,/trendyol-curve/beyaz-mavi-cizgili-orme-bluz-tbbss24af00090-p-806209041,BB Bluz
152,784450104,Trendyol Curve,Lacivert Çizgili Premium Yumuşak Kumaşlı Fitted Kayık Yaka Esnek Örme Bluz TBBSS24AF00037,235.99,85,/trendyol-curve/lacivert-cizgili-premium-yumusak-kumasli-fitted-kayik-yaka-esnek-orme-bluz-tbbss24af00037-p-784450104,BB Bluz
153,818469561,Trendyol Curve,Haki Düğüm Detaylı Örme Bluz TBBSS24AF00085,144.99,4,/trendyol-curve/haki-dugum-detayli-orme-bluz-tbbss24af00085-p-818469561,BB Bluz
154,411429588,Trendyol Curve,Siyah Kalp Yaka Vücudu Saran İnce Triko Bluz TBBSS23AF00021,158.99,190,/trendyol-curve/siyah-kalp-yaka-vucudu-saran-ince-triko-bluz-tbbss23af00021-p-411429588,BB Bluz
155,448022478,Trendyol Curve,Siyah Gipeli Dokuma Büyük Beden Bluz,411.99,405,/trendyol-curve/siyah-gipeli-dokuma-buyuk-beden-bluz-p-448022478,BB Bluz
156,212018486,Trendyol Curve,Siyah Boyfriend V Yaka Yırtmaçlı Örme Bluz TBBSS22BZ1080,178.99,1072,/trendyol-curve/siyah-boyfriend-v-yaka-yirtmacli-orme-bluz-tbbss22bz1080-p-212018486,BB Bluz
157,245165111,Trendyol Curve,Siyah Örme Tül Crop Bluz TBBSS22BZ00017,174.99,1115,/trendyol-curve/siyah-orme-tul-crop-bluz-tbbss22bz00017-p-245165111,BB Bluz
158,804004767,Trendyol Curve,Çok Renkli Gri-Beyaz Gömlek Yaka Uzun Kol Dokuma Şık Bluz TBBAW24AF00062,133.99,12,/trendyol-curve/cok-renkli-gri-beyaz-gomlek-yaka-uzun-kol-dokuma-sik-bluz-tbbaw24af00062-p-804004767,BB Bluz
159,443785958,Trendyol Curve,Taş Fitilli U Yaka Örme T-Shirt TBBSS23BF00010,217.99,460,/trendyol-curve/tas-fitilli-u-yaka-orme-t-shirt-tbbss23bf00010-p-443785958,BB Bluz
160,816433159,Trendyol Curve,Taş Askılı Dantelli Dokuma Büyük Beden Bluz TBBSS24AF00070,227.99,11,/trendyol-curve/tas-askili-dantelli-dokuma-buyuk-beden-bluz-tbbss24af00070-p-816433159,BB Bluz
161,792866288,Trendyol Curve,Siyah Vatkalı Kruvaze Yaka Esnek Çıtçıtlı Örme Bluz TBBSS24AF00064,237.99,38,/trendyol-curve/siyah-vatkali-kruvaze-yaka-esnek-citcitli-orme-bluz-tbbss24af00064-p-792866288,BB Bluz
162,818470524,Trendyol Curve,Açık Mavi Süprem Örme Büyük Beden Bluz TBBSS24AF00077,198.99,8,/trendyol-curve/acik-mavi-suprem-orme-buyuk-beden-bluz-tbbss24af00077-p-818470524,BB Bluz
163,793604313,Trendyol Curve,Beyaz Yaka Detaylı Dokuma Bluz TBBSS24AF00074,363.99,57,/trendyol-curve/beyaz-yaka-detayli-dokuma-bluz-tbbss24af00074-p-793604313,BB Bluz
164,792864957,Trendyol Curve,Yeşil Asimetrik Yaka Cut-Out Detaylı Esnek Çıtçıtlı Örme Bluz TBBSS24AF00063,191.99,15,/trendyol-curve/yesil-asimetrik-yaka-cut-out-detayli-esnek-citcitli-orme-bluz-tbbss24af00063-p-792864957,BB Bluz
165,816902552,Trendyol Curve,Mint Fitted/Vücuda Oturan Polo Yaka Esnek Örme Bluz TBBSS24AF00065,212.99,14,/trendyol-curve/mint-fitted-vucuda-oturan-polo-yaka-esnek-orme-bluz-tbbss24af00065-p-816902552,BB Bluz
166,763575729,Trendyol Curve,Siyah V Yaka Ayarlanabilir Askılı Büzgü Detaylı Dokuma Bluz TBBAW24AF00061,228.99,14,/trendyol-curve/siyah-v-yaka-ayarlanabilir-askili-buzgu-detayli-dokuma-bluz-tbbaw24af00061-p-763575729,BB Bluz
167,813759150,Trendyol Curve,Bordo İnterlok Örme Büyük Beden Bluz,158.99,3,/trendyol-curve/bordo-interlok-orme-buyuk-beden-bluz-p-813759150,BB Bluz
169,379986566,Trendyol Curve,Siyah Yanları Büzgülü Vatkalı Örme Crop Bluz TBBSS23AF00011,203.99,188,/trendyol-curve/siyah-yanlari-buzgulu-vatkali-orme-crop-bluz-tbbss23af00011-p-379986566,BB Bluz
170,792549401,Trendyol Curve,Ekru Polo Yaka Kruvaze Kapama Dokuma Bluz TBBSS24AF00043,380.99,33,/trendyol-curve/ekru-polo-yaka-kruvaze-kapama-dokuma-bluz-tbbss24af00043-p-792549401,BB Bluz
171,443790530,Trendyol Curve,Lacivert Yaka Detaylı Fitilli Örme T-shirt TBBSS23BF00012,209.99,147,/trendyol-curve/lacivert-yaka-detayli-fitilli-orme-t-shirt-tbbss23bf00012-p-443790530,BB Bluz
172,817804691,Trendyol Curve,Bej Kaşkorse Örme Büyük Beden Bluz,202.99,12,/trendyol-curve/bej-kaskorse-orme-buyuk-beden-bluz-p-817804691,BB Bluz
173,815374845,Trendyol Curve,Ekru İnci Detaylı Fitilli Triko Bluz TBBSS24AF00105,301.99,12,/trendyol-curve/ekru-inci-detayli-fitilli-triko-bluz-tbbss24af00105-p-815374845,BB Bluz
174,801078258,Trendyol Curve,Mint %100 Pamuk More Sustainable Dikiş Detaylı Örme Bluz TBBSS24AF00087,215.99,9,/trendyol-curve/mint-100-pamuk-more-sustainable-dikis-detayli-orme-bluz-tbbss24af00087-p-801078258,BB Bluz
175,833178365,Trendyol Curve,Siyah Sandy Örme Büyük Beden Bluz,289.99,0,/trendyol-curve/siyah-sandy-orme-buyuk-beden-bluz-p-833178365,BB Bluz
176,773813387,Trendyol Curve,Siyah-Beyaz Bisiklet Yaka Örme Bluz TBBAW24AF00063,264.99,73,/trendyol-curve/siyah-beyaz-bisiklet-yaka-orme-bluz-tbbaw24af00063-p-773813387,BB Bluz
177,812626044,Trendyol Curve,Lacivert Sandy Örme Büyük Beden Bluz,181.99,20,/trendyol-curve/lacivert-sandy-orme-buyuk-beden-bluz-p-812626044,BB Bluz
178,801177295,Trendyol Curve,Vizon More Sustainable Vücuda Oturan Örme Bluz TBBSS24AF00088,124.99,5,/trendyol-curve/vizon-more-sustainable-vucuda-oturan-orme-bluz-tbbss24af00088-p-801177295,BB Bluz
179,776013704,Trendyol Curve,Kahverengi Kaşkorse Örme Büyük Beden Bluz,164.99,22,/trendyol-curve/kahverengi-kaskorse-orme-buyuk-beden-bluz-p-776013704,BB Bluz
180,790835042,Trendyol Curve,Lila Dokulu Örme Bluz TBBSS24AF00011,151.99,14,/trendyol-curve/lila-dokulu-orme-bluz-tbbss24af00011-p-790835042,BB Bluz
181,356026488,Trendyol Curve,Kahverengi Carmen Yaka Örme Bluz TBBAW23AF00031,282.99,138,/trendyol-curve/kahverengi-carmen-yaka-orme-bluz-tbbaw23af00031-p-356026488,BB Bluz
182,453291236,Trendyol Curve,Siyah Cut-Out Detaylı Örme Bluz TBBSS23AF00051,245.99,138,/trendyol-curve/siyah-cut-out-detayli-orme-bluz-tbbss23af00051-p-453291236,BB Bluz
183,801177008,Trendyol Curve,Siyah More Sustainable Vücuda Oturan Örme Bluz TBBSS24AF00088,156.99,13,/trendyol-curve/siyah-more-sustainable-vucuda-oturan-orme-bluz-tbbss24af00088-p-801177008,BB Bluz
184,187339137,Trendyol Curve,Siyah Cut-Out Detaylı Örme Bluz TBBSS22AF0007,157.99,901,/trendyol-curve/siyah-cut-out-detayli-orme-bluz-tbbss22af0007-p-187339137,BB Bluz
185,818469566,Trendyol Curve,Saks Düğüm Detaylı Örme Bluz TBBSS24AF00085,144.99,1,/trendyol-curve/saks-dugum-detayli-orme-bluz-tbbss24af00085-p-818469566,BB Bluz
186,799045851,Trendyol Curve,Mavi Etek Ucu Detaylı Örme Bluz TBBSS24AF00082,150.99,8,/trendyol-curve/mavi-etek-ucu-detayli-orme-bluz-tbbss24af00082-p-799045851,BB Bluz
187,802090417,Trendyol Curve,Siyah Fitilli Bodycone Triko Bluz TBBSS24AF00054,177.99,12,/trendyol-curve/siyah-fitilli-bodycone-triko-bluz-tbbss24af00054-p-802090417,BB Bluz
188,266301656,Trendyol Curve,Bordo Balon Kol Kruvaze Yaka Örme Bluz TBBAW23AF00029,279.99,1100,/trendyol-curve/bordo-balon-kol-kruvaze-yaka-orme-bluz-tbbaw23af00029-p-266301656,BB Bluz
189,809351340,Trendyol Curve,Beyaz Dokuma Büyük Beden Taşlı Gömlek Yaka Bluz TBBSS24AF00094,270.99,4,/trendyol-curve/beyaz-dokuma-buyuk-beden-tasli-gomlek-yaka-bluz-tbbss24af00094-p-809351340,BB Bluz
190,169825228,Trendyol Curve,Siyah Kare Yaka Fermuarlı Örme Bluz TBBSS22AF0027,271.99,1442,/trendyol-curve/siyah-kare-yaka-fermuarli-orme-bluz-tbbss22af0027-p-169825228,BB Bluz
191,792872673,Trendyol Curve,Tarçın Asimetrik Yakalı Alttan Çıtçıtlı Örme Body TBBSS24AF00066,168.99,18,/trendyol-curve/tarcin-asimetrik-yakali-alttan-citcitli-orme-body-tbbss24af00066-p-792872673,BB Bluz
192,266305554,Trendyol Curve,Siyah U Yaka Çıtçıt Detaylı Örme Crop Bluz TBBAW23AF00030,292.99,1694,/trendyol-curve/siyah-u-yaka-citcit-detayli-orme-crop-bluz-tbbaw23af00030-p-266305554,BB Bluz
193,792207093,Trendyol Curve,Krem Ajurlu Kapüşonlu Triko Bluz TBBSS24AF00048,133.99,13,/trendyol-curve/krem-ajurlu-kapusonlu-triko-bluz-tbbss24af00048-p-792207093,BB Bluz
194,250552023,Trendyol Curve,Bej Dik Yaka Bodycone Fitilli Örme Bluz TBBAW23AF00003,285.99,1008,/trendyol-curve/bej-dik-yaka-bodycone-fitilli-orme-bluz-tbbaw23af00003-p-250552023,BB Bluz
195,809413879,Trendyol Curve,Bordo İnterlok Örme Büyük Beden Bluz,213.99,15,/trendyol-curve/bordo-interlok-orme-buyuk-beden-bluz-p-809413879,BB Bluz
196,806297877,Trendyol Curve,Siyah Dantelli V Yaka Düğmeli Büyük Beden Dokuma Bluz TBBSS24AF00091,435.99,19,/trendyol-curve/siyah-dantelli-v-yaka-dugmeli-buyuk-beden-dokuma-bluz-tbbss24af00091-p-806297877,BB Bluz
197,797517046,Trendyol Curve,Siyah Fitilli Simli Bodycone Triko Bluz TBBSS24AF00059,178.99,18,/trendyol-curve/siyah-fitilli-simli-bodycone-triko-bluz-tbbss24af00059-p-797517046,BB Bluz
198,263248584,Trendyol Curve,Yeşil Triko Bluz TBBAW23AF00018,344.99,952,/trendyol-curve/yesil-triko-bluz-tbbaw23af00018-p-263248584,BB Bluz
199,250552012,Trendyol Curve,Siyah Dik Yaka Bodycone Fitilli Örme Bluz TBBAW23AF00003,281.99,955,/trendyol-curve/siyah-dik-yaka-bodycone-fitilli-orme-bluz-tbbaw23af00003-p-250552012,BB Bluz
200,690673546,Trendyol Curve,Lacivert Balon Kol Kruvaze Yaka Örme Bluz TBBAW23AF00029,285.99,118,/trendyol-curve/lacivert-balon-kol-kruvaze-yaka-orme-bluz-tbbaw23af00029-p-690673546,BB Bluz
201,787992672,Trendyol Curve,Antrasit Fermuarlı Asit Yıkama Örme Bluz TBBSS24AF00028,138.99,26,/trendyol-curve/antrasit-fermuarli-asit-yikama-orme-bluz-tbbss24af00028-p-787992672,BB Bluz
202,168706843,Trendyol Curve,Siyah Omuz Detaylı Örme Bluz TBBSS22AF0045,289.99,997,/trendyol-curve/siyah-omuz-detayli-orme-bluz-tbbss22af0045-p-168706843,BB Bluz
203,347835891,Trendyol Curve,Bej U Yaka Çıtçıt Detaylı Örme Crop Bluz TBBAW23AF00030,297.99,79,/trendyol-curve/bej-u-yaka-citcit-detayli-orme-crop-bluz-tbbaw23af00030-p-347835891,BB Bluz
204,799050330,Trendyol Curve,Siyah Omuz Detaylı Örme Body TBBSS24AF00083,244.99,20,/trendyol-curve/siyah-omuz-detayli-orme-body-tbbss24af00083-p-799050330,BB Bluz
205,353163211,Trendyol Curve,Lacivert Karpuz Kol Triko Bluz TBBAW23AF00018,353.99,205,/trendyol-curve/lacivert-karpuz-kol-triko-bluz-tbbaw23af00018-p-353163211,BB Bluz
206,353163133,Trendyol Curve,Pembe Karpuz Kol Triko Bluz TBBAW23AF00018,344.99,165,/trendyol-curve/pembe-karpuz-kol-triko-bluz-tbbaw23af00018-p-353163133,BB Bluz
207,819011075,Trendyol Curve,Vizon Crop Kolu Fırfırlı Volanlı Kruvaze Yaka Plaj Giyim Bluz TBBSS24AF00071,579.99,12,/trendyol-curve/vizon-crop-kolu-firfirli-volanli-kruvaze-yaka-plaj-giyim-bluz-tbbss24af00071-p-819011075,BB Bluz
208,794462429,Trendyol Curve,Siyah Kol Detaylı Örme Bluz TBBSS24AF00062,153.99,20,/trendyol-curve/siyah-kol-detayli-orme-bluz-tbbss24af00062-p-794462429,BB Bluz
209,271277862,Trendyol Curve,Siyah Vücuda Oturan Büzgülü Örme Gömlek TBBAW23AX00001,170.99,1993,/trendyol-curve/siyah-vucuda-oturan-buzgulu-orme-gomlek-tbbaw23ax00001-p-271277862,BB Bluz
210,250552031,Trendyol Curve,Mor Dik Yaka Bodycone Fitilli Örme Bluz TBBAW23AF00003,285.99,301,/trendyol-curve/mor-dik-yaka-bodycone-fitilli-orme-bluz-tbbaw23af00003-p-250552031,BB Bluz
211,746383265,Trendyol Curve,Kırmızı U Yaka Çıtçıt Detaylı Örme Crop Bluz TBBAW23AF00030,292.99,33,/trendyol-curve/kirmizi-u-yaka-citcit-detayli-orme-crop-bluz-tbbaw23af00030-p-746383265,BB Bluz
212,716487625,Trendyol Curve,Kahverengi Dik Yaka Bodycone Fitilli Örme Bluz TBBAW23AF00003,284.99,46,/trendyol-curve/kahverengi-dik-yaka-bodycone-fitilli-orme-bluz-tbbaw23af00003-p-716487625,BB Bluz
213,833179901,Trendyol Curve,Siyah Sandy Örme Büyük Beden Bluz,282.99,1,/trendyol-curve/siyah-sandy-orme-buyuk-beden-bluz-p-833179901,BB Bluz
214,720890048,Trendyol Curve,Siyah Asimetrik Yaka Fitilli Örme Bluz TBBAW24AF00014,288.99,280,/trendyol-curve/siyah-asimetrik-yaka-fitilli-orme-bluz-tbbaw24af00014-p-720890048,BB Bluz
215,792872962,Trendyol Curve,Indigo Asimetrik Yakalı Alttan Çıtçıtlı Örme BodyTBBSS24AF00066,196.99,19,/trendyol-curve/indigo-asimetrik-yakali-alttan-citcitli-orme-bodytbbss24af00066-p-792872962,BB Bluz
216,815524536,Trendyol Curve,Krem Fitilli Triko Büyük Beden Bluz TBBAW24AF00021,374.99,0,/trendyol-curve/krem-fitilli-triko-buyuk-beden-bluz-tbbaw24af00021-p-815524536,BB Bluz
217,652664909,Trendyol Curve,Açık Yeşil Karpuz Kol Triko Bluz TBBAW23AF00018,353.99,32,/trendyol-curve/acik-yesil-karpuz-kol-triko-bluz-tbbaw23af00018-p-652664909,BB Bluz
218,652664910,Trendyol Curve,Mor Karpuz Kol Triko Bluz TBBAW23AF00018,344.99,88,/trendyol-curve/mor-karpuz-kol-triko-bluz-tbbaw23af00018-p-652664910,BB Bluz
219,271274059,Trendyol Curve,Bordo Pencere/Cut Out Detaylı Crop Örme Bluz TBBAW23AF00037,326.99,111,/trendyol-curve/bordo-pencere-cut-out-detayli-crop-orme-bluz-tbbaw23af00037-p-271274059,BB Bluz
220,250552017,Trendyol Curve,Lacivert Dik Yaka Bodycone Fitilli Örme Bluz TBBAW23AF00003,289.99,218,/trendyol-curve/lacivert-dik-yaka-bodycone-fitilli-orme-bluz-tbbaw23af00003-p-250552017,BB Bluz
221,806206553,Trendyol Curve,Beyaz-Yeşil Çizgili Örme Bluz TBBSS24AF00090,150.99,11,/trendyol-curve/beyaz-yesil-cizgili-orme-bluz-tbbss24af00090-p-806206553,BB Bluz
222,816433164,Trendyol Curve,Indigo Askılı Dantelli Dokuma Büyük Beden Bluz TBBSS24AF00070,182.99,13,/trendyol-curve/indigo-askili-dantelli-dokuma-buyuk-beden-bluz-tbbss24af00070-p-816433164,BB Bluz
223,804715368,Trendyol Curve,Kırmızı Kalp Yaka Vücuda Oturan Örme Bluz TBBSS24AF00089,224.99,41,/trendyol-curve/kirmizi-kalp-yaka-vucuda-oturan-orme-bluz-tbbss24af00089-p-804715368,BB Bluz
224,717247558,Trendyol Curve,Siyah Kayık Yaka Fitilli Örme Bluz TBBAW24AF00002,280.99,162,/trendyol-curve/siyah-kayik-yaka-fitilli-orme-bluz-tbbaw24af00002-p-717247558,BB Bluz
225,786994252,Trendyol Curve,Siyah Büzgü Detaylı Vücuda Oturan Örme Bluz TBBSS24AF00001,189.99,32,/trendyol-curve/siyah-buzgu-detayli-vucuda-oturan-orme-bluz-tbbss24af00001-p-786994252,BB Bluz
226,804714837,Trendyol Curve,Siyah Kalp Yaka Vücuda Oturan Örme Bluz TBBSS24AF00089,264.99,29,/trendyol-curve/siyah-kalp-yaka-vucuda-oturan-orme-bluz-tbbss24af00089-p-804714837,BB Bluz
227,217432614,Trendyol Curve,Bej Bağlama Detaylı Bluz TBBSS22BZ1316,324.99,570,/trendyol-curve/bej-baglama-detayli-bluz-tbbss22bz1316-p-217432614,BB Bluz
228,792872743,Trendyol Curve,Siyah Asimetrik Yakalı Alttan Çıtçıtlı Örme Body TBBSS24AF00066,306.99,18,/trendyol-curve/siyah-asimetrik-yakali-alttan-citcitli-orme-body-tbbss24af00066-p-792872743,BB Bluz
229,829971872,Trendyol Curve,Siyah Kaşkorse Örme Büyük Beden Bluz,281.99,0,/trendyol-curve/siyah-kaskorse-orme-buyuk-beden-bluz-p-829971872,BB Bluz
230,187303189,Trendyol Curve,Siyah Cut-Out Detaylı Örme Bluz TBBSS22AF0012,274.99,239,/trendyol-curve/siyah-cut-out-detayli-orme-bluz-tbbss22af0012-p-187303189,BB Bluz
231,792882551,Trendyol Curve,Siyah-Ekru 2'li Paket Viskoz Esnek Örme Bluz TBBSS24AF00067,319.99,36,/trendyol-curve/siyah-ekru-2-li-paket-viskoz-esnek-orme-bluz-tbbss24af00067-p-792882551,BB Bluz
232,250552025,Trendyol Curve,Vizon Dik Yaka Bodycone Fitilli Örme Bluz TBBAW23AF00003,289.99,294,/trendyol-curve/vizon-dik-yaka-bodycone-fitilli-orme-bluz-tbbaw23af00003-p-250552025,BB Bluz
233,322913081,Trendyol Curve,Ekru Fittilli Biye Detaylı Örme Bluz TBBAW23AF00118,280.99,469,/trendyol-curve/ekru-fittilli-biye-detayli-orme-bluz-tbbaw23af00118-p-322913081,BB Bluz
234,736044050,Trendyol Curve,Siyah Balıkçı Yaka Düz Bodycone Polyelit Triko Büyük Beden Bluz TBBAW24AF00021,374.99,151,/trendyol-curve/siyah-balikci-yaka-duz-bodycone-polyelit-triko-buyuk-beden-bluz-tbbaw24af00021-p-736044050,BB Bluz
235,716507762,Trendyol Curve,Kahverengi Scuba Omuz Detaylı Esnek Örme Bluz TBBAW23AF00010,336.99,64,/trendyol-curve/kahverengi-scuba-omuz-detayli-esnek-orme-bluz-tbbaw23af00010-p-716507762,BB Bluz
236,744346413,Trendyol Curve,Mavi Asimetrik Yaka Örme Bluz TBBAW24AF00032,278.99,113,/trendyol-curve/mavi-asimetrik-yaka-orme-bluz-tbbaw24af00032-p-744346413,BB Bluz
237,353462190,Trendyol Curve,Çok renkli Desenli Bodycone Fitilli Örme Bluz TBBAW23AF00016,244.99,962,/trendyol-curve/cok-renkli-desenli-bodycone-fitilli-orme-bluz-tbbaw23af00016-p-353462190,BB Bluz
238,365737692,Trendyol Curve,Fuşya Kare Yaka Fermuarlı Örme Bluz TBBSS22BZ00005,245.99,140,/trendyol-curve/fusya-kare-yaka-fermuarli-orme-bluz-tbbss22bz00005-p-365737692,BB Bluz
239,744099543,Trendyol Curve,Kahverengi V Yaka Sandy Örme Bluz TBBAW24AF00030,266.99,101,/trendyol-curve/kahverengi-v-yaka-sandy-orme-bluz-tbbaw24af00030-p-744099543,BB Bluz
240,744099454,Trendyol Curve,Siyah V Yaka Sandy Örme Bluz TBBAW24AF00030,284.99,92,/trendyol-curve/siyah-v-yaka-sandy-orme-bluz-tbbaw24af00030-p-744099454,BB Bluz
241,809727720,Trendyol Curve,Siyah Truvakar Kol Örme Bluz TBBSS24BF00060,247.99,17,/trendyol-curve/siyah-truvakar-kol-orme-bluz-tbbss24bf00060-p-809727720,BB Bluz
242,833504975,Trendyol Curve,Siyah Dik Yaka Dantelli Örme Büyük Beden Bluz TBBAW25AF00009,298.99,0,/trendyol-curve/siyah-dik-yaka-dantelli-orme-buyuk-beden-bluz-tbbaw25af00009-p-833504975,BB Bluz
243,833179908,Trendyol Curve,Mürdüm Büzgülü Tek Omuz Örme Büyük Beden Bluz TBBAW25AF00013,282.99,0,/trendyol-curve/murdum-buzgulu-tek-omuz-orme-buyuk-beden-bluz-tbbaw25af00013-p-833179908,BB Bluz
244,833178372,Trendyol Curve,Indigo Büzgü Detaylı Örme Büyük Beden Bluz TBBAW25AF00014,289.99,0,/trendyol-curve/indigo-buzgu-detayli-orme-buyuk-beden-bluz-tbbaw25af00014-p-833178372,BB Bluz
245,829983915,Trendyol Curve,Lacivert Kaşkorse Örme Büyük Beden Bluz,299.99,0,/trendyol-curve/lacivert-kaskorse-orme-buyuk-beden-bluz-p-829983915,BB Bluz
246,819343928,Trendyol Curve,Siyah Kolları Transparan Triko Bluz TBBAW25AF00002,368.99,0,/trendyol-curve/siyah-kollari-transparan-triko-bluz-tbbaw25af00002-p-819343928,BB Bluz
247,819343925,Trendyol Curve,Siyah Kare Yaka Fitilli Düğmeli Triko Bluz TBBAW25AF00001,380.99,2,/trendyol-curve/siyah-kare-yaka-fitilli-dugmeli-triko-bluz-tbbaw25af00001-p-819343925,BB Bluz
248,819343924,Trendyol Curve,Ekru Kare Yaka Fitilli Düğmeli Triko Bluz TBBAW25AF00001,380.99,0,/trendyol-curve/ekru-kare-yaka-fitilli-dugmeli-triko-bluz-tbbaw25af00001-p-819343924,BB Bluz
249,817695549,Trendyol Curve,Siyah Simli Fitilli Carmen Yaka Triko Bluz TBBAW25AF00000,400.99,0,/trendyol-curve/siyah-simli-fitilli-carmen-yaka-triko-bluz-tbbaw25af00000-p-817695549,BB Bluz
250,815803779,Trendyol Curve,Çok Renkli Şal Desenli Fitted/Vücuda Oturan Dik Yaka Tül Esnek Örme Bluz,210.99,7,/trendyol-curve/cok-renkli-sal-desenli-fitted-vucuda-oturan-dik-yaka-tul-esnek-orme-bluz-p-815803779,BB Bluz
251,809352218,Trendyol Curve,Siyah Dokuma Büyük Beden Taşlı Gömlek Yaka Bluz,411.99,9,/trendyol-curve/siyah-dokuma-buyuk-beden-tasli-gomlek-yaka-bluz-p-809352218,BB Bluz
252,797692845,Trendyol Curve,Bordo Kruvaze Yaka Aksesuarlı Body TBBSS24AF00080,397.99,25,/trendyol-curve/bordo-kruvaze-yaka-aksesuarli-body-tbbss24af00080-p-797692845,BB Bluz
253,793586399,Trendyol Curve,Siyah Transparan Görünümlü Tül Bluz TBBSS24AF00072,410.99,32,/trendyol-curve/siyah-transparan-gorunumlu-tul-bluz-tbbss24af00072-p-793586399,BB Bluz
254,786984354,Trendyol Curve,Siyah Puantiyeli Mesh Detaylı Örme Bluz TBBSS24AF00012,130.99,36,/trendyol-curve/siyah-puantiyeli-mesh-detayli-orme-bluz-tbbss24af00012-p-786984354,BB Bluz
255,746536138,Trendyol Curve,Mürdüm Bodycone Fitilli Örme Bluz TBBAW23AF00016,246.99,61,/trendyol-curve/murdum-bodycone-fitilli-orme-bluz-tbbaw23af00016-p-746536138,BB Bluz
256,745126729,Trendyol Curve,Vizon Bisiklet Yaka Düz Basic Fitilli Örme Bluz TBBAW24AF00039,288.99,38,/trendyol-curve/vizon-bisiklet-yaka-duz-basic-fitilli-orme-bluz-tbbaw24af00039-p-745126729,BB Bluz
257,736120600,Trendyol Curve,Siyah Dik Yaka Düz Bodycone Tek Plaka Triko Büyük Beden Bluz TBBAW24AF00022,434.99,62,/trendyol-curve/siyah-dik-yaka-duz-bodycone-tek-plaka-triko-buyuk-beden-bluz-tbbaw24af00022-p-736120600,BB Bluz
258,704768954,Trendyol Curve,Kahverengi Vücuda Oturan Büzgülü Örme Gömlek TBBAW23AX00001,345.99,67,/trendyol-curve/kahverengi-vucuda-oturan-buzgulu-orme-gomlek-tbbaw23ax00001-p-704768954,BB Bluz
259,357707910,Trendyol Curve,Siyah Yaka Detaylı Triko Bluz,320.99,124,/trendyol-curve/siyah-yaka-detayli-triko-bluz-p-357707910,BB Bluz
260,271274057,Trendyol Curve,Siyah Pencere/Cut Out Detaylı Crop Örme Bluz TBBAW23AF00037,324.99,256,/trendyol-curve/siyah-pencere-cut-out-detayli-crop-orme-bluz-tbbaw23af00037-p-271274057,BB Bluz
261,271270917,Trendyol Curve,Siyah Vücuda Oturan Cut-out Detaylı Desenli Örme Desenli Bluz TBBAW23AF00033,274.99,445,/trendyol-curve/siyah-vucuda-oturan-cut-out-detayli-desenli-orme-desenli-bluz-tbbaw23af00033-p-271270917,BB Bluz
262,266354477,Trendyol Curve,Siyah Carmen Yaka Örme Bluz TBBAW23AF00031,285.99,467,/trendyol-curve/siyah-carmen-yaka-orme-bluz-tbbaw23af00031-p-266354477,BB Bluz
263,263248577,Trendyol Curve,Siyah Triko Bluz,344.99,95,/trendyol-curve/siyah-triko-bluz-p-263248577,BB Bluz
264,263248572,Trendyol Curve,Bej Karpuz Kol Triko Bluz,354.99,465,/trendyol-curve/bej-karpuz-kol-triko-bluz-p-263248572,BB Bluz
265,236600756,Trendyol Curve,Fuşya Cut-Out Detaylı Örme Bluz TBBSS22AF0012,272.99,188,/trendyol-curve/fusya-cut-out-detayli-orme-bluz-tbbss22af0012-p-236600756,BB Bluz
266,232688183,Trendyol Curve,Beyaz Puantiyeli Dokuma Bluz TBBSS22AF0033,202.99,717,/trendyol-curve/beyaz-puantiyeli-dokuma-bluz-tbbss22af0033-p-232688183,BB Bluz
267,229788962,Trendyol Curve,Siyah Örme Cut-Out Detaylı Örme Bluz TBBSS22BZ00003,164.99,346,/trendyol-curve/siyah-orme-cut-out-detayli-orme-bluz-tbbss22bz00003-p-229788962,BB Bluz
268,183434087,Trendyol Curve,Siyah Dokuma Dantelli Ayarlanabilir Askılı Büyük Beden Bluz TBBSS22AF0044,261.99,295,/trendyol-curve/siyah-dokuma-dantelli-ayarlanabilir-askili-buyuk-beden-bluz-tbbss22af0044-p-183434087,BB Bluz
