,ID,MARKA,URUN_NAME,FIYAT,RATE_COUNT,URUN_LINK,KATEGORI
0,808381028,TRENDYOLMİLLA,Kırmızı Straplez Premium Aksesuarlı Bikini Üstü TBESS24BU00150,334.99,128,/trendyolmilla/kirmizi-straplez-premium-aksesuarli-bikini-ustu-tbess24bu00150-p-808381028,Bikini Üstü
1,789682110,TRENDYOLMİLLA,Etnik Desenli Bralet Düğümlü Bikini Üstü TBESS24BU00155,316.99,215,/trendyolmilla/etnik-desenli-bralet-dugumlu-bikini-ustu-tbess24bu00155-p-789682110,Bikini Üstü
2,808381015,TRENDYOLMİLLA,Siyah Straplez Premium Aksesuarlı Bikini Üstü TBESS24BU00150,286.99,117,/trendyolmilla/siyah-straplez-premium-aksesuarli-bikini-ustu-tbess24bu00150-p-808381015,Bikini Üstü
3,34197218,TRENDYOLMİLLA,Siyah Üçgen Bikini Üstü TBESS20BU0268,262.99,2907,/trendyolmilla/siyah-ucgen-bikini-ustu-tbess20bu0268-p-34197218,Bikini Üstü
4,68025651,TRENDYOLMİLLA,Siyah Üçgen Push Up Dokulu Bikini Üstü TBESS21BU0010,266.99,2289,/trendyolmilla/siyah-ucgen-push-up-dokulu-bikini-ustu-tbess21bu0010-p-68025651,Bikini Üstü
5,150974073,TRENDYOLMİLLA,Siyah Straplez Tünelli Bikini Üstü TBESS22BU0046,320.99,867,/trendyolmilla/siyah-straplez-tunelli-bikini-ustu-tbess22bu0046-p-150974073,Bikini Üstü
6,50751644,TRENDYOLMİLLA,Siyah Üçgen Fırfırlı Bikini Üstü TBESS21BU0056,242.99,266,/trendyolmilla/siyah-ucgen-firfirli-bikini-ustu-tbess21bu0056-p-50751644,Bikini Üstü
7,789060447,TRENDYOLMİLLA,Hayvan Desenli Üçgen Bikini Üstü TBESS24BU00158,344.99,74,/trendyolmilla/hayvan-desenli-ucgen-bikini-ustu-tbess24bu00158-p-789060447,Bikini Üstü
8,365632834,TRENDYOLMİLLA,Pembe Üçgen Aksesuarlı Bikini Üstü TBESS23BU00328,273.99,556,/trendyolmilla/pembe-ucgen-aksesuarli-bikini-ustu-tbess23bu00328-p-365632834,Bikini Üstü
9,90582070,TRENDYOLMİLLA,Geometrik Desenli Üçgen Bikini Üstü TBESS21BU0343,240.99,3650,/trendyolmilla/geometrik-desenli-ucgen-bikini-ustu-tbess21bu0343-p-90582070,Bikini Üstü
10,358074126,TRENDYOLMİLLA,Ekru Üçgen Dokulu Bikini Üstü TBESS23BU00272,364.99,220,/trendyolmilla/ekru-ucgen-dokulu-bikini-ustu-tbess23bu00272-p-358074126,Bikini Üstü
11,320152559,TRENDYOLMİLLA,Pembe Üçgen Aksesuarlı Bikini Üstü TBESS23BU00063,238.99,852,/trendyolmilla/pembe-ucgen-aksesuarli-bikini-ustu-tbess23bu00063-p-320152559,Bikini Üstü
12,789091869,TRENDYOLMİLLA,Hayvan Desenli Üçgen Aksesuarlı Bikini Üstü TBESS24BU00157,321.99,163,/trendyolmilla/hayvan-desenli-ucgen-aksesuarli-bikini-ustu-tbess24bu00157-p-789091869,Bikini Üstü
13,358103529,TRENDYOLMİLLA,Beyaz Straplez Cut Out/Pencereli Dokulu Bikini Üstü TBESS23BU00247,335.99,326,/trendyolmilla/beyaz-straplez-cut-out-pencereli-dokulu-bikini-ustu-tbess23bu00247-p-358103529,Bikini Üstü
14,83038367,TRENDYOLMİLLA,Ekru Balkonet Dokulu Bikini Üstü TBESS21BU0161,397.99,2823,/trendyolmilla/ekru-balkonet-dokulu-bikini-ustu-tbess21bu0161-p-83038367,Bikini Üstü
15,67902310,TRENDYOLMİLLA,Siyah Bralet Aksesuarlı Bikini Üstü TBESS21BU0166,352.99,1108,/trendyolmilla/siyah-bralet-aksesuarli-bikini-ustu-tbess21bu0166-p-67902310,Bikini Üstü
16,56317296,TRENDYOLMİLLA,Pembe Tek Omuz Fırfırlı Bikini Üstü TBESS21BU0039,318.99,1180,/trendyolmilla/pembe-tek-omuz-firfirli-bikini-ustu-tbess21bu0039-p-56317296,Bikini Üstü
17,315611929,TRENDYOLMİLLA,Hayvan Desenli Tek Omuz Cut Out/Pencereli Bikini Üstü TBESS23BU00052,102.99,508,/trendyolmilla/hayvan-desenli-tek-omuz-cut-out-pencereli-bikini-ustu-tbess23bu00052-p-315611929,Bikini Üstü
18,789683872,TRENDYOLMİLLA,Mavi Straplez Premium Aksesuarlı Bikini Üstü TBESS24BU00150,361.99,111,/trendyolmilla/mavi-straplez-premium-aksesuarli-bikini-ustu-tbess24bu00150-p-789683872,Bikini Üstü
19,365632836,TRENDYOLMİLLA,Siyah Üçgen Aksesuarlı Bikini Üstü TBESS23BU00328,309.99,385,/trendyolmilla/siyah-ucgen-aksesuarli-bikini-ustu-tbess23bu00328-p-365632836,Bikini Üstü
20,144049877,TRENDYOLMİLLA,Siyah Bralet Bağlamalı Bikini Üstü TBESS22BU0279,271.99,746,/trendyolmilla/siyah-bralet-baglamali-bikini-ustu-tbess22bu0279-p-144049877,Bikini Üstü
21,150974080,TRENDYOLMİLLA,Siyah Üçgen Dokulu Bikini Üstü TBESS22BU0017,251.99,1108,/trendyolmilla/siyah-ucgen-dokulu-bikini-ustu-tbess22bu0017-p-150974080,Bikini Üstü
22,167811979,TRENDYOLMİLLA,Etnik Desenli Halter Yaka Bikini Üstü TBESS22BU0354,209.99,1955,/trendyolmilla/etnik-desenli-halter-yaka-bikini-ustu-tbess22bu0354-p-167811979,Bikini Üstü
23,97022889,TRENDYOLMİLLA,Siyah Straplez Bağlamalı Bikini Üstü TBESS21BU0411,149.99,6929,/trendyolmilla/siyah-straplez-baglamali-bikini-ustu-tbess21bu0411-p-97022889,Bikini Üstü
45,772189367,TRENDYOLMİLLA,Kırmızı Bralet Aksesuarlı Bikini Üstü TBESS21BU0166,281.99,19,/trendyolmilla/kirmizi-bralet-aksesuarli-bikini-ustu-tbess21bu0166-p-772189367,Bikini Üstü
48,739204317,TRENDYOLMİLLA,Hayvan Desenli Üçgen Aksesuarlı Bikini Üstü TBESS24BU00002,342.99,54,/trendyolmilla/hayvan-desenli-ucgen-aksesuarli-bikini-ustu-tbess24bu00002-p-739204317,Bikini Üstü
50,762628173,TRENDYOLMİLLA,Siyah Üçgen Dokulu Bikini Üstü TBESS23BU00272,466.99,34,/trendyolmilla/siyah-ucgen-dokulu-bikini-ustu-tbess23bu00272-p-762628173,Bikini Üstü
51,739207606,TRENDYOLMİLLA,Siyah Üçgen Aksesuarlı Bikini Üstü TBESS24BU00035,353.99,41,/trendyolmilla/siyah-ucgen-aksesuarli-bikini-ustu-tbess24bu00035-p-739207606,Bikini Üstü
52,94427797,TRENDYOLMİLLA,Ekru Üçgen Düğümlü Bikini Üstü TBESS21BU0194,242.99,847,/trendyolmilla/ekru-ucgen-dugumlu-bikini-ustu-tbess21bu0194-p-94427797,Bikini Üstü
53,314574424,TRENDYOLMİLLA,Turuncu Üçgen Düğümlü Bikini Üstü TBESS23BU00018,281.99,112,/trendyolmilla/turuncu-ucgen-dugumlu-bikini-ustu-tbess23bu00018-p-314574424,Bikini Üstü
54,315610817,TRENDYOLMİLLA,Siyah Tek Omuz Cut Out/Pencereli Bikini Üstü TBESS23BU00032,212.99,493,/trendyolmilla/siyah-tek-omuz-cut-out-pencereli-bikini-ustu-tbess23bu00032-p-315610817,Bikini Üstü
55,769732820,TRENDYOLMİLLA,Kahverengi Üçgen Çiçek Aplikeli Triko Bikini Üstü TBESS24BU00113,266.99,35,/trendyolmilla/kahverengi-ucgen-cicek-aplikeli-triko-bikini-ustu-tbess24bu00113-p-769732820,Bikini Üstü
56,31845315,TRENDYOLMİLLA,Kırmızı Balkonet Push Up Bikini Üstü TBESS20BU0237,330.99,698,/trendyolmilla/kirmizi-balkonet-push-up-bikini-ustu-tbess20bu0237-p-31845315,Bikini Üstü
57,789093110,TRENDYOLMİLLA,Siyah Balkonet Bağlamalı Bikini Üstü TBESS24BU00156,212.99,18,/trendyolmilla/siyah-balkonet-baglamali-bikini-ustu-tbess24bu00156-p-789093110,Bikini Üstü
58,237799198,TRENDYOLMİLLA,Yeşil Straplez Aksesuarlı Bikini Üstü TBESS22BU00001,286.99,864,/trendyolmilla/yesil-straplez-aksesuarli-bikini-ustu-tbess22bu00001-p-237799198,Bikini Üstü
59,191865137,TRENDYOLMİLLA,Ekru Üçgen Dokulu Bikini Üstü TBESS22BU0017,276.99,999,/trendyolmilla/ekru-ucgen-dokulu-bikini-ustu-tbess22bu0017-p-191865137,Bikini Üstü
60,68025649,TRENDYOLMİLLA,Turuncu Üçgen Push Up Dokulu Bikini Üstü TBESS21BU0010,259.99,3926,/trendyolmilla/turuncu-ucgen-push-up-dokulu-bikini-ustu-tbess21bu0010-p-68025649,Bikini Üstü
61,158544187,TRENDYOLMİLLA,Mavi Üçgen Fırfırlı Bikini Üstü TBESS22BU0023,184.99,421,/trendyolmilla/mavi-ucgen-firfirli-bikini-ustu-tbess22bu0023-p-158544187,Bikini Üstü
62,776070671,TRENDYOLMİLLA,Çizgili Üçgen Dokulu Bikini Üstü TBESS24BU00137,298.99,33,/trendyolmilla/cizgili-ucgen-dokulu-bikini-ustu-tbess24bu00137-p-776070671,Bikini Üstü
63,68025652,TRENDYOLMİLLA,Mavi Üçgen Push Up Dokulu Bikini Üstü TBESS21BU0010,187.99,2449,/trendyolmilla/mavi-ucgen-push-up-dokulu-bikini-ustu-tbess21bu0010-p-68025652,Bikini Üstü
64,357789603,TRENDYOLMİLLA,Siyah Üçgen Nakışlı Bikini Üstü TBESS23BU00252,273.99,61,/trendyolmilla/siyah-ucgen-nakisli-bikini-ustu-tbess23bu00252-p-357789603,Bikini Üstü
65,158544193,TRENDYOLMİLLA,Tarçın Üçgen Fırfırlı Bikini Üstü TBESS22BU0023,275.99,1084,/trendyolmilla/tarcin-ucgen-firfirli-bikini-ustu-tbess22bu0023-p-158544193,Bikini Üstü
66,789676222,TRENDYOLMİLLA,Siyah Straplez Büzgülü Regular Bikini Üstü TBESS24BU00146,305.99,26,/trendyolmilla/siyah-straplez-buzgulu-regular-bikini-ustu-tbess24bu00146-p-789676222,Bikini Üstü
67,59114958,TRENDYOLMİLLA,Siyah Üçgen Dokulu Bikini Üstü TBESS21BU0085,242.99,693,/trendyolmilla/siyah-ucgen-dokulu-bikini-ustu-tbess21bu0085-p-59114958,Bikini Üstü
68,32736501,TRENDYOLMİLLA,Siyah Üçgen Cut Out/Pencereli Bikini Üstü TBESS20BU0202,321.99,1747,/trendyolmilla/siyah-ucgen-cut-out-pencereli-bikini-ustu-tbess20bu0202-p-32736501,Bikini Üstü
69,772142524,TRENDYOLMİLLA,Kırmızı Üçgen Bikini Üstü TBESS20BU0268,254.99,20,/trendyolmilla/kirmizi-ucgen-bikini-ustu-tbess20bu0268-p-772142524,Bikini Üstü
70,776737313,TRENDYOLMİLLA,Lacivert Balkonet Bikini Üstü TBESS24BU00121,263.99,31,/trendyolmilla/lacivert-balkonet-bikini-ustu-tbess24bu00121-p-776737313,Bikini Üstü
71,79255655,TRENDYOLMİLLA,Siyah Halter Yaka Biyeli Bikini Üstü TBESS21BU0027,324.99,1113,/trendyolmilla/siyah-halter-yaka-biyeli-bikini-ustu-tbess21bu0027-p-79255655,Bikini Üstü
73,800370632,TRENDYOLMİLLA,Saks Straplez Aksesuarlı Bikini Üstü TBESS22BU00001,302.99,21,/trendyolmilla/saks-straplez-aksesuarli-bikini-ustu-tbess22bu00001-p-800370632,Bikini Üstü
74,135537548,TRENDYOLMİLLA,Siyah Üçgen Bağlamalı Bikini Üstü TBESS22BU0082,169.99,2286,/trendyolmilla/siyah-ucgen-baglamali-bikini-ustu-tbess22bu0082-p-135537548,Bikini Üstü
75,136166274,TRENDYOLMİLLA,Sarı Balkonet Bikini Üstü TBESS22BU0072,481.99,829,/trendyolmilla/sari-balkonet-bikini-ustu-tbess22bu0072-p-136166274,Bikini Üstü
76,358086255,TRENDYOLMİLLA,Çiçek Desenli Üçgen Nakışlı Bikini Üstü TBESS23BU00256,381.99,262,/trendyolmilla/cicek-desenli-ucgen-nakisli-bikini-ustu-tbess23bu00256-p-358086255,Bikini Üstü
77,150163099,TRENDYOLMİLLA,Yeşil Üçgen Push Up Dokulu Bikini Üstü TBESS21BU0010,299.99,422,/trendyolmilla/yesil-ucgen-push-up-dokulu-bikini-ustu-tbess21bu0010-p-150163099,Bikini Üstü
78,70260813,TRENDYOLMİLLA,Siyah Bralet Bağlamalı Bikini Üstü TBESS21BU0098,290.99,380,/trendyolmilla/siyah-bralet-baglamali-bikini-ustu-tbess21bu0098-p-70260813,Bikini Üstü
79,776236791,TRENDYOLMİLLA,Kahverengi Tek Omuz Büzgülü Bikini Üstü TBESS24BU00134,124.99,17,/trendyolmilla/kahverengi-tek-omuz-buzgulu-bikini-ustu-tbess24bu00134-p-776236791,Bikini Üstü
80,31845316,TRENDYOLMİLLA,Siyah Balkonet Push Up Bikini Üstü TBESS20BU0237,334.99,807,/trendyolmilla/siyah-balkonet-push-up-bikini-ustu-tbess20bu0237-p-31845316,Bikini Üstü
81,328938676,TRENDYOLMİLLA,Saks Üçgen Biyeli Bikini Üstü TBESS23BU00107,296.99,103,/trendyolmilla/saks-ucgen-biyeli-bikini-ustu-tbess23bu00107-p-328938676,Bikini Üstü
82,823054576,TRENDYOLMİLLA,Kahverengi Straplez Premium Aksesuarlı Bikini Üstü TBESS24BU00150,346.99,21,/trendyolmilla/kahverengi-straplez-premium-aksesuarli-bikini-ustu-tbess24bu00150-p-823054576,Bikini Üstü
83,349398188,TRENDYOLMİLLA,Siyah Üçgen Aksesuarlı Bikini Üstü TBESS23BU00045,300.99,159,/trendyolmilla/siyah-ucgen-aksesuarli-bikini-ustu-tbess23bu00045-p-349398188,Bikini Üstü
84,365842001,TRENDYOLMİLLA,Kırmızı Tek Omuz Cut Out/Pencereli Bikini Üstü TBESS23BU00339,53.99,71,/trendyolmilla/kirmizi-tek-omuz-cut-out-pencereli-bikini-ustu-tbess23bu00339-p-365842001,Bikini Üstü
85,762858185,TRENDYOLMİLLA,Ekru Üçgen Fırfırlı Bikini Üstü TBESS22BU0023,304.99,14,/trendyolmilla/ekru-ucgen-firfirli-bikini-ustu-tbess22bu0023-p-762858185,Bikini Üstü
86,769749731,TRENDYOLMİLLA,Siyah Yüzücü Uzun Kollu UV Korumalı Bikini Üstü TBESS24BU00094,317.99,25,/trendyolmilla/siyah-yuzucu-uzun-kollu-uv-korumali-bikini-ustu-tbess24bu00094-p-769749731,Bikini Üstü
87,77777478,TRENDYOLMİLLA,Siyah Balkonet Bikini Üstü TBESS21BU0161,225.99,1248,/trendyolmilla/siyah-balkonet-bikini-ustu-tbess21bu0161-p-77777478,Bikini Üstü
88,775934944,TRENDYOLMİLLA,Pembe Üçgen Dokulu Bikini Üstü TBESS24BU00117,267.99,14,/trendyolmilla/pembe-ucgen-dokulu-bikini-ustu-tbess24bu00117-p-775934944,Bikini Üstü
89,31845317,TRENDYOLMİLLA,Haki Balkonet Push Up Bikini Üstü TBESS20BU0237,403.99,503,/trendyolmilla/haki-balkonet-push-up-bikini-ustu-tbess20bu0237-p-31845317,Bikini Üstü
90,322185028,TRENDYOLMİLLA,Ekru Balkonet Ters V Balenli Bikini Üstü TBESS22BU0203,311.99,107,/trendyolmilla/ekru-balkonet-ters-v-balenli-bikini-ustu-tbess22bu0203-p-322185028,Bikini Üstü
91,739209523,TRENDYOLMİLLA,Siyah Straplez Aksesuarlı Bikini Üstü TBESS24BU00010,104.99,7,/trendyolmilla/siyah-straplez-aksesuarli-bikini-ustu-tbess24bu00010-p-739209523,Bikini Üstü
92,82377232,TRENDYOLMİLLA,Siyah Bralet Bikini Üstü TBESS21BU0104,349.99,796,/trendyolmilla/siyah-bralet-bikini-ustu-tbess21bu0104-p-82377232,Bikini Üstü
93,823054565,TRENDYOLMİLLA,Zümrüt Yeşili Straplez Premium Aksesuarlı Bikini Üstü TBESS24BU00150,310.99,20,/trendyolmilla/zumrut-yesili-straplez-premium-aksesuarli-bikini-ustu-tbess24bu00150-p-823054565,Bikini Üstü
94,775934933,TRENDYOLMİLLA,Saks Üçgen Dokulu Bikini Üstü TBESS24BU00117,253.99,18,/trendyolmilla/saks-ucgen-dokulu-bikini-ustu-tbess24bu00117-p-775934933,Bikini Üstü
95,763945756,TRENDYOLMİLLA,Çiçek Desenli Bralet Cut Out/Pencereli Bikini Üstü TBESS23BU00124,119.99,8,/trendyolmilla/cicek-desenli-bralet-cut-out-pencereli-bikini-ustu-tbess23bu00124-p-763945756,Bikini Üstü
97,799297538,TRENDYOLMİLLA,Hayvan Desenli Üçgen Cut Out/Pencereli Bikini Üstü TBESS24BU00164,171.99,15,/trendyolmilla/hayvan-desenli-ucgen-cut-out-pencereli-bikini-ustu-tbess24bu00164-p-799297538,Bikini Üstü
98,158544367,TRENDYOLMİLLA,Kahverengi Straplez Tünelli Bikini Üstü TBESS22BU0046,335.99,474,/trendyolmilla/kahverengi-straplez-tunelli-bikini-ustu-tbess22bu0046-p-158544367,Bikini Üstü
99,358518684,TRENDYOLMİLLA,Saks Üçgen Bikini Üstü TBESS20BU0268,291.99,123,/trendyolmilla/saks-ucgen-bikini-ustu-tbess20bu0268-p-358518684,Bikini Üstü
100,772428639,TRENDYOLMİLLA,Yeşil Üçgen Boncuk Aksesuarlı Bikini Üstü TBESS23BU00235,169.99,17,/trendyolmilla/yesil-ucgen-boncuk-aksesuarli-bikini-ustu-tbess23bu00235-p-772428639,Bikini Üstü
101,799293092,TRENDYOLMİLLA,Puantiyeli Tek Omuz Volanlı Bikini Üstü TBESS24BU00162,276.99,10,/trendyolmilla/puantiyeli-tek-omuz-volanli-bikini-ustu-tbess24bu00162-p-799293092,Bikini Üstü
102,56317297,TRENDYOLMİLLA,Siyah Tek Omuz Fırfırlı Bikini Üstü TBESS21BU0039,304.99,181,/trendyolmilla/siyah-tek-omuz-firfirli-bikini-ustu-tbess21bu0039-p-56317297,Bikini Üstü
103,691886193,TRENDYOLMİLLA,Kırmızı Straplez Aksesuarlı Bikini Üstü TBESS22BU00001,315.99,60,/trendyolmilla/kirmizi-straplez-aksesuarli-bikini-ustu-tbess22bu00001-p-691886193,Bikini Üstü
104,772428191,TRENDYOLMİLLA,Kırmızı Tek Omuz Fırfırlı Bikini Üstü TBESS21BU0039,219.99,8,/trendyolmilla/kirmizi-tek-omuz-firfirli-bikini-ustu-tbess21bu0039-p-772428191,Bikini Üstü
105,356438189,TRENDYOLMİLLA,Yeşil Balenli Bağlamalı Bikini Üstü TBESS23BU00244,57.99,157,/trendyolmilla/yesil-balenli-baglamali-bikini-ustu-tbess23bu00244-p-356438189,Bikini Üstü
106,739230473,TRENDYOLMİLLA,Yeşil Balkonet Drapeli Push Up Bikini Üstü TBESS24BU00030,132.99,17,/trendyolmilla/yesil-balkonet-drapeli-push-up-bikini-ustu-tbess24bu00030-p-739230473,Bikini Üstü
107,321717172,TRENDYOLMİLLA,Siyah-Beyaz Üçgen Bikini Üstü TBESS21BU0141,243.99,140,/trendyolmilla/siyah-beyaz-ucgen-bikini-ustu-tbess21bu0141-p-321717172,Bikini Üstü
108,33262959,TRENDYOLMİLLA,Kahverengi Üçgen Aksesuarlı Bikini Üstü TBESS20BU0269,176.99,1846,/trendyolmilla/kahverengi-ucgen-aksesuarli-bikini-ustu-tbess20bu0269-p-33262959,Bikini Üstü
109,823045444,TRENDYOLMİLLA,Mavi Balkonet Bikini Üstü TBESS24BU00121,211.99,2,/trendyolmilla/mavi-balkonet-bikini-ustu-tbess24bu00121-p-823045444,Bikini Üstü
110,775947775,TRENDYOLMİLLA,Fuşya Üçgen Bikini Üstü TBESS24BU00133,139.99,15,/trendyolmilla/fusya-ucgen-bikini-ustu-tbess24bu00133-p-775947775,Bikini Üstü
111,816136423,TRENDYOLMİLLA,Çiçek Desenli Üçgen Aksesuarlı Bikini Üstü TBESS24BU00157,319.99,9,/trendyolmilla/cicek-desenli-ucgen-aksesuarli-bikini-ustu-tbess24bu00157-p-816136423,Bikini Üstü
112,225308488,TRENDYOLMİLLA,Siyah Üçgen Gipeli Bikini Üstü TBESS22BU0011,259.99,255,/trendyolmilla/siyah-ucgen-gipeli-bikini-ustu-tbess22bu0011-p-225308488,Bikini Üstü
113,343006608,TRENDYOLMİLLA,Çiçek Desenli Balkonet Bağlamalı Push Up Bikini Üstü TBESS23BU00159,263.99,149,/trendyolmilla/cicek-desenli-balkonet-baglamali-push-up-bikini-ustu-tbess23bu00159-p-343006608,Bikini Üstü
114,763525758,TRENDYOLMİLLA,Siyah Üçgen Düğümlü Bikini Üstü TBESS24BU00086,138.99,11,/trendyolmilla/siyah-ucgen-dugumlu-bikini-ustu-tbess24bu00086-p-763525758,Bikini Üstü
115,762720754,TRENDYOLMİLLA,Kırmızı Balkonet Ters V Balenli Dokulu Bikini Üstü TBESS20BU0194,327.99,16,/trendyolmilla/kirmizi-balkonet-ters-v-balenli-dokulu-bikini-ustu-tbess20bu0194-p-762720754,Bikini Üstü
116,59115218,TRENDYOLMİLLA,Siyah Straplez Dokulu Bikini Üstü TBESS21BU0061,345.99,1132,/trendyolmilla/siyah-straplez-dokulu-bikini-ustu-tbess21bu0061-p-59115218,Bikini Üstü
117,94420225,TRENDYOLMİLLA,Pembe Balenli Gipeli Bikini Üstü TBESS21BU0282,90.99,290,/trendyolmilla/pembe-balenli-gipeli-bikini-ustu-tbess21bu0282-p-94420225,Bikini Üstü
118,769822479,TRENDYOLMİLLA,Siyah Üçgen Bikini Üstü TBESS24BU00040,268.99,30,/trendyolmilla/siyah-ucgen-bikini-ustu-tbess24bu00040-p-769822479,Bikini Üstü
119,776773157,TRENDYOLMİLLA,Mor Straplez Bağlamalı Parlak Lak Baskılı Bikini Üstü TBESS24BU00115,150.99,17,/trendyolmilla/mor-straplez-baglamali-parlak-lak-baskili-bikini-ustu-tbess24bu00115-p-776773157,Bikini Üstü
120,763127239,TRENDYOLMİLLA,Lacivert Balkonet Bikini Üstü TBESS22BU0072,291.99,11,/trendyolmilla/lacivert-balkonet-bikini-ustu-tbess22bu0072-p-763127239,Bikini Üstü
121,739189766,TRENDYOLMİLLA,Siyah Balkonet Push Up Bikini Üstü TBESS24BU00008,179.99,21,/trendyolmilla/siyah-balkonet-push-up-bikini-ustu-tbess24bu00008-p-739189766,Bikini Üstü
122,150974088,TRENDYOLMİLLA,Siyah Üçgen Fırfırlı Bikini Üstü TBESS22BU0023,345.99,746,/trendyolmilla/siyah-ucgen-firfirli-bikini-ustu-tbess22bu0023-p-150974088,Bikini Üstü
123,322939282,TRENDYOLMİLLA,Hayvan Desenli Bralet Cut Out/Pencereli Bikini Üstü TBESS23BU00124,341.99,210,/trendyolmilla/hayvan-desenli-bralet-cut-out-pencereli-bikini-ustu-tbess23bu00124-p-322939282,Bikini Üstü
124,364560091,TRENDYOLMİLLA,Siyah Üçgen Aksesuarlı Simli Bikini Üstü TBESS23BU00306,254.99,178,/trendyolmilla/siyah-ucgen-aksesuarli-simli-bikini-ustu-tbess23bu00306-p-364560091,Bikini Üstü
125,136193598,TRENDYOLMİLLA,Siyah-Beyaz Straplez Cut Out/Pencereli Bikini Üstü TBESS22BU0068,275.99,543,/trendyolmilla/siyah-beyaz-straplez-cut-out-pencereli-bikini-ustu-tbess22bu0068-p-136193598,Bikini Üstü
126,127317027,TRENDYOLMİLLA,Lila Üçgen Bağlamalı Bikini Üstü TBESS22BU0044,95.99,955,/trendyolmilla/lila-ucgen-baglamali-bikini-ustu-tbess22bu0044-p-127317027,Bikini Üstü
127,666784708,TRENDYOLMİLLA,Siyah Üçgen Aksesuarlı Bikini Üstü TBESS23BU00063,334.99,150,/trendyolmilla/siyah-ucgen-aksesuarli-bikini-ustu-tbess23bu00063-p-666784708,Bikini Üstü
128,314570715,TRENDYOLMİLLA,Siyah Halter Yaka Aksesuarlı Bikini Üstü TBESS23BU00016,74.99,71,/trendyolmilla/siyah-halter-yaka-aksesuarli-bikini-ustu-tbess23bu00016-p-314570715,Bikini Üstü
129,739212150,TRENDYOLMİLLA,Siyah Straplez Gipeli Bikini Üstü TBESS24BU00029,327.99,19,/trendyolmilla/siyah-straplez-gipeli-bikini-ustu-tbess24bu00029-p-739212150,Bikini Üstü
130,778044415,TRENDYOLMİLLA,Kahverengi Üçgen Aksesuarlı Bikini Üstü TBESS24BU00099,247.99,19,/trendyolmilla/kahverengi-ucgen-aksesuarli-bikini-ustu-tbess24bu00099-p-778044415,Bikini Üstü
131,772183504,TRENDYOLMİLLA,Kırmızı Üçgen Aksesuarlı Bikini Üstü TBESS23BU00063,156.99,18,/trendyolmilla/kirmizi-ucgen-aksesuarli-bikini-ustu-tbess23bu00063-p-772183504,Bikini Üstü
132,772437325,TRENDYOLMİLLA,Lila Straplez Aksesuarlı Bikini Üstü TBESS22BU00001,247.99,12,/trendyolmilla/lila-straplez-aksesuarli-bikini-ustu-tbess22bu00001-p-772437325,Bikini Üstü
133,762577504,TRENDYOLMİLLA,Yeşil Bralet Aksesuarlı Bikini Üstü TBESS21BU0166,266.99,9,/trendyolmilla/yesil-bralet-aksesuarli-bikini-ustu-tbess21bu0166-p-762577504,Bikini Üstü
134,70316509,TRENDYOLMİLLA,Ekru Bralet Aksesuarlı Bikini Üstü TBESS21BU0207,230.99,475,/trendyolmilla/ekru-bralet-aksesuarli-bikini-ustu-tbess21bu0207-p-70316509,Bikini Üstü
135,762385587,TRENDYOLMİLLA,Siyah Üçgen Düğümlü Bikini Üstü TBESS21BU0194,251.99,16,/trendyolmilla/siyah-ucgen-dugumlu-bikini-ustu-tbess21bu0194-p-762385587,Bikini Üstü
136,149559867,TRENDYOLMİLLA,Siyah Balkonet Ters V Balenli Bikini Üstü TBESS22BU0203,259.99,1498,/trendyolmilla/siyah-balkonet-ters-v-balenli-bikini-ustu-tbess22bu0203-p-149559867,Bikini Üstü
137,149581625,TRENDYOLMİLLA,Siyah Straplez Tünelli Bikini Üstü TBESS22BU0335,196.99,1739,/trendyolmilla/siyah-straplez-tunelli-bikini-ustu-tbess22bu0335-p-149581625,Bikini Üstü
138,763132937,TRENDYOLMİLLA,Haki Balkonet Bikini Üstü TBESS21BU0161,179.99,13,/trendyolmilla/haki-balkonet-bikini-ustu-tbess21bu0161-p-763132937,Bikini Üstü
139,763826937,TRENDYOLMİLLA,Kırmızı Balkonet Dokulu Bikini Üstü TBESS24BU00087,123.99,13,/trendyolmilla/kirmizi-balkonet-dokulu-bikini-ustu-tbess24bu00087-p-763826937,Bikini Üstü
140,776230329,TRENDYOLMİLLA,Pembe Üçgen Büzgülü Bikini Üstü TBESS24BU00131,182.99,16,/trendyolmilla/pembe-ucgen-buzgulu-bikini-ustu-tbess24bu00131-p-776230329,Bikini Üstü
141,763417142,TRENDYOLMİLLA,Siyah Straplez Cut Out/Pencereli Dokulu Bikini Üstü TBESS23BU00247,137.99,12,/trendyolmilla/siyah-straplez-cut-out-pencereli-dokulu-bikini-ustu-tbess23bu00247-p-763417142,Bikini Üstü
142,776221979,TRENDYOLMİLLA,Siyah Bralet Düğümlü Bikini Üstü TBESS24BU00130,89.99,15,/trendyolmilla/siyah-bralet-dugumlu-bikini-ustu-tbess24bu00130-p-776221979,Bikini Üstü
143,762383816,TRENDYOLMİLLA,Siyah Straplez Aksesuarlı Bikini Üstü TBESS22BU00001,395.99,30,/trendyolmilla/siyah-straplez-aksesuarli-bikini-ustu-tbess22bu00001-p-762383816,Bikini Üstü
144,776816437,TRENDYOLMİLLA,Siyah Üçgen Payetli Bikini Üstü TBESS24BU00142,174.99,21,/trendyolmilla/siyah-ucgen-payetli-bikini-ustu-tbess24bu00142-p-776816437,Bikini Üstü
145,320148807,TRENDYOLMİLLA,Soyut Desenli Üçgen Bağlamalı Brazilian Bikini Üstü TBESS23BU00060,231.99,121,/trendyolmilla/soyut-desenli-ucgen-baglamali-brazilian-bikini-ustu-tbess23bu00060-p-320148807,Bikini Üstü
146,127318272,TRENDYOLMİLLA,Kırmızı Balkonet Zincir Aksesuarlı Bikini Üstü TBESS22BU0047,213.99,1107,/trendyolmilla/kirmizi-balkonet-zincir-aksesuarli-bikini-ustu-tbess22bu0047-p-127318272,Bikini Üstü
147,762717875,TRENDYOLMİLLA,Bridal Ekru Üçgen Dokulu Bikini Üstü TBESS21BU0085,265.99,14,/trendyolmilla/bridal-ekru-ucgen-dokulu-bikini-ustu-tbess21bu0085-p-762717875,Bikini Üstü
148,741169843,TRENDYOLMİLLA,Siyah Straplez Aksesuarlı Bikini Üstü TBESS24BU00000,112.99,17,/trendyolmilla/siyah-straplez-aksesuarli-bikini-ustu-tbess24bu00000-p-741169843,Bikini Üstü
149,52783930,TRENDYOLMİLLA,Leopar Desenli Bağlama Detaylı Bikini Üstü TBESS21BU0024,100.99,1056,/trendyolmilla/leopar-desenli-baglama-detayli-bikini-ustu-tbess21bu0024-p-52783930,Bikini Üstü
150,763450627,TRENDYOLMİLLA,Kahverengi Straplez Dokulu Bikini Üstü TBESS24BU00066,230.99,16,/trendyolmilla/kahverengi-straplez-dokulu-bikini-ustu-tbess24bu00066-p-763450627,Bikini Üstü
151,127317026,TRENDYOLMİLLA,Siyah Üçgen Bağlamalı Bikini Üstü TBESS22BU0044,177.99,891,/trendyolmilla/siyah-ucgen-baglamali-bikini-ustu-tbess22bu0044-p-127317026,Bikini Üstü
152,772143216,TRENDYOLMİLLA,Kırmızı Tek Omuz Cut Out/Pencereli Bikini Üstü TBESS23BU00032,110.99,13,/trendyolmilla/kirmizi-tek-omuz-cut-out-pencereli-bikini-ustu-tbess23bu00032-p-772143216,Bikini Üstü
153,374916383,TRENDYOLMİLLA,Kahverengi Üçgen Parlak Lak Baskılı Bikini Üstü TBESS23BU00383,234.99,416,/trendyolmilla/kahverengi-ucgen-parlak-lak-baskili-bikini-ustu-tbess23bu00383-p-374916383,Bikini Üstü
154,762857263,TRENDYOLMİLLA,Kırmızı Üçgen Dokulu Bikini Üstü TBESS22BU0017,246.99,13,/trendyolmilla/kirmizi-ucgen-dokulu-bikini-ustu-tbess22bu0017-p-762857263,Bikini Üstü
155,776271913,TRENDYOLMİLLA,Mavi Straplez Büzgülü Bikini Üstü TBESS24BU00112,227.99,12,/trendyolmilla/mavi-straplez-buzgulu-bikini-ustu-tbess24bu00112-p-776271913,Bikini Üstü
156,762876803,TRENDYOLMİLLA,Haki Straplez Tünelli Bikini Üstü TBESS22BU0046,238.99,15,/trendyolmilla/haki-straplez-tunelli-bikini-ustu-tbess22bu0046-p-762876803,Bikini Üstü
157,33262958,TRENDYOLMİLLA,Beyaz Üçgen Aksesuarlı Bikini Üstü TBESS20BU0269,257.99,712,/trendyolmilla/beyaz-ucgen-aksesuarli-bikini-ustu-tbess20bu0269-p-33262958,Bikini Üstü
158,349357640,TRENDYOLMİLLA,Pembe Halter Yaka Aksesuarlı Bikini Üstü TBESS23BU00016,44.99,31,/trendyolmilla/pembe-halter-yaka-aksesuarli-bikini-ustu-tbess23bu00016-p-349357640,Bikini Üstü
159,775949573,TRENDYOLMİLLA,Siyah Üçgen Bikini Üstü TBESS24BU00133,129.99,27,/trendyolmilla/siyah-ucgen-bikini-ustu-tbess24bu00133-p-775949573,Bikini Üstü
160,142505655,TRENDYOLMİLLA,Batik Desenli Balenli Bikini Üstü TBESS22BU0219,103.99,389,/trendyolmilla/batik-desenli-balenli-bikini-ustu-tbess22bu0219-p-142505655,Bikini Üstü
161,739189736,TRENDYOLMİLLA,Saks Balkonet Push Up Bikini Üstü TBESS24BU00008,157.99,12,/trendyolmilla/saks-balkonet-push-up-bikini-ustu-tbess24bu00008-p-739189736,Bikini Üstü
162,321822273,TRENDYOLMİLLA,Kiremit Balenli Ters V Balenli Dokulu Bikini Üstü TBESS20BU0194,101.99,80,/trendyolmilla/kiremit-balenli-ters-v-balenli-dokulu-bikini-ustu-tbess20bu0194-p-321822273,Bikini Üstü
163,374857988,TRENDYOLMİLLA,Siyah Straplez Aksesuarlı Dokulu Bikini Üstü TBESS23BU00381,187.99,176,/trendyolmilla/siyah-straplez-aksesuarli-dokulu-bikini-ustu-tbess23bu00381-p-374857988,Bikini Üstü
164,762370832,TRENDYOLMİLLA,Saks Üçgen Cut Out/Pencereli Bikini Üstü TBESS20BU0202,240.99,35,/trendyolmilla/saks-ucgen-cut-out-pencereli-bikini-ustu-tbess20bu0202-p-762370832,Bikini Üstü
165,378041561,TRENDYOLMİLLA,Tarçın Tek Omuz Aksesuarlı Bikini Üstü TBESS23BU00227,86.99,33,/trendyolmilla/tarcin-tek-omuz-aksesuarli-bikini-ustu-tbess23bu00227-p-378041561,Bikini Üstü
166,769622941,TRENDYOLMİLLA,Siyah Bralet Simli Bikini Üstü TBESS24BU00106,102.99,5,/trendyolmilla/siyah-bralet-simli-bikini-ustu-tbess24bu00106-p-769622941,Bikini Üstü
167,739156559,TRENDYOLMİLLA,Gül kurusu Bralet Büzgülü Bikini Üstü TBESS24BU00019,112.99,15,/trendyolmilla/gul-kurusu-bralet-buzgulu-bikini-ustu-tbess24bu00019-p-739156559,Bikini Üstü
170,358866829,TRENDYOLMİLLA,Soyut Desenli Üçgen Bağlamalı Bikini Üstü TBESS23BU00281,112.99,149,/trendyolmilla/soyut-desenli-ucgen-baglamali-bikini-ustu-tbess23bu00281-p-358866829,Bikini Üstü
171,799295637,TRENDYOLMİLLA,Soyut Desenli Üçgen Bikini Üstü TBESS24BU00163,214.99,13,/trendyolmilla/soyut-desenli-ucgen-bikini-ustu-tbess24bu00163-p-799295637,Bikini Üstü
172,763901369,TRENDYOLMİLLA,Kırmızı Bralet Bikini Üstü TBESS24BU00073,101.99,24,/trendyolmilla/kirmizi-bralet-bikini-ustu-tbess24bu00073-p-763901369,Bikini Üstü
174,365785180,TRENDYOLMİLLA,Siyah Straplez Simli Bikini Üstü TBESS23BU00302,260.99,317,/trendyolmilla/siyah-straplez-simli-bikini-ustu-tbess23bu00302-p-365785180,Bikini Üstü
175,763411584,TRENDYOLMİLLA,Kırmızı Bralet Bikini Üstü TBESS21BU0104,148.99,6,/trendyolmilla/kirmizi-bralet-bikini-ustu-tbess21bu0104-p-763411584,Bikini Üstü
176,666790256,TRENDYOLMİLLA,Kiremit Straplez Aksesuarlı Bikini Üstü TBESS22BU00001,262.99,69,/trendyolmilla/kiremit-straplez-aksesuarli-bikini-ustu-tbess22bu00001-p-666790256,Bikini Üstü
177,763075780,TRENDYOLMİLLA,Kırmızı Üçgen Push Up Dokulu Bikini Üstü TBESS21BU0010,411.99,28,/trendyolmilla/kirmizi-ucgen-push-up-dokulu-bikini-ustu-tbess21bu0010-p-763075780,Bikini Üstü
178,739159422,TRENDYOLMİLLA,Siyah Bralet Büzgülü Bikini Üstü TBESS24BU00019,215.99,21,/trendyolmilla/siyah-bralet-buzgulu-bikini-ustu-tbess24bu00019-p-739159422,Bikini Üstü
179,763915169,TRENDYOLMİLLA,Siyah Bralet Bikini Üstü TBESS24BU00073,234.99,16,/trendyolmilla/siyah-bralet-bikini-ustu-tbess24bu00073-p-763915169,Bikini Üstü
180,739175433,TRENDYOLMİLLA,Siyah Üçgen Düğümlü Bikini Üstü TBESS24BU00004,307.99,11,/trendyolmilla/siyah-ucgen-dugumlu-bikini-ustu-tbess24bu00004-p-739175433,Bikini Üstü
181,739215212,TRENDYOLMİLLA,Kırmızı Straplez Aksesuarlı Bikini Üstü TBESS24BU00036,211.99,14,/trendyolmilla/kirmizi-straplez-aksesuarli-bikini-ustu-tbess24bu00036-p-739215212,Bikini Üstü
182,776685955,TRENDYOLMİLLA,Soyut Desenli Üçgen Fırfırlı Bikini Üstü TBESS24BU00139,209.99,13,/trendyolmilla/soyut-desenli-ucgen-firfirli-bikini-ustu-tbess24bu00139-p-776685955,Bikini Üstü
183,763109535,TRENDYOLMİLLA,Lila Bralet Bikini Üstü TBESS21BU0104,117.99,14,/trendyolmilla/lila-bralet-bikini-ustu-tbess21bu0104-p-763109535,Bikini Üstü
184,59115220,TRENDYOLMİLLA,Kırmızı Straplez Dokulu Bikini Üstü TBESS21BU0061,65.99,704,/trendyolmilla/kirmizi-straplez-dokulu-bikini-ustu-tbess21bu0061-p-59115220,Bikini Üstü
185,772430024,TRENDYOLMİLLA,Lila Üçgen Bikini Üstü TBESS20BU0268,280.99,11,/trendyolmilla/lila-ucgen-bikini-ustu-tbess20bu0268-p-772430024,Bikini Üstü
186,763098609,TRENDYOLMİLLA,Çiçek Desenli Üçgen Bikini Üstü TBESS21BU0343,184.99,20,/trendyolmilla/cicek-desenli-ucgen-bikini-ustu-tbess21bu0343-p-763098609,Bikini Üstü
187,670994731,TRENDYOLMİLLA,Altın Üçgen Parlak Lak Baskılı Bikini Üstü TBESS23BU00383,167.99,55,/trendyolmilla/altin-ucgen-parlak-lak-baskili-bikini-ustu-tbess23bu00383-p-670994731,Bikini Üstü
188,776225096,TRENDYOLMİLLA,Turuncu Üçgen Büzgülü Bikini Üstü TBESS24BU00131,166.99,14,/trendyolmilla/turuncu-ucgen-buzgulu-bikini-ustu-tbess24bu00131-p-776225096,Bikini Üstü
189,149581628,TRENDYOLMİLLA,Yeşil Tünelli Bikini Üstü TBESS22BU0335,101.99,574,/trendyolmilla/yesil-tunelli-bikini-ustu-tbess22bu0335-p-149581628,Bikini Üstü
190,780863367,TRENDYOLMİLLA,Çiçek Desenli Balkonet Push Up Bikini Üstü TBESS24BU00144,97.99,7,/trendyolmilla/cicek-desenli-balkonet-push-up-bikini-ustu-tbess24bu00144-p-780863367,Bikini Üstü
191,769621601,TRENDYOLMİLLA,Fuşya Bralet Bikini Üstü TBESS24BU00105,123.99,12,/trendyolmilla/fusya-bralet-bikini-ustu-tbess24bu00105-p-769621601,Bikini Üstü
192,52784168,TRENDYOLMİLLA,Yeşil Üçgen Dokulu Bikini Üstü TBESS21BU0085,231.99,1753,/trendyolmilla/yesil-ucgen-dokulu-bikini-ustu-tbess21bu0085-p-52784168,Bikini Üstü
193,763133211,TRENDYOLMİLLA,Vizon Üçgen Cut Out/Pencereli Bikini Üstü TBESS20BU0202,137.99,11,/trendyolmilla/vizon-ucgen-cut-out-pencereli-bikini-ustu-tbess20bu0202-p-763133211,Bikini Üstü
194,762857264,TRENDYOLMİLLA,Yeşil Üçgen Dokulu Bikini Üstü TBESS22BU0017,249.99,13,/trendyolmilla/yesil-ucgen-dokulu-bikini-ustu-tbess22bu0017-p-762857264,Bikini Üstü
195,364490035,TRENDYOLMİLLA,Pembe Tek Omuz Tünelli Bikini Üstü TBESS23BU00290,73.99,23,/trendyolmilla/pembe-tek-omuz-tunelli-bikini-ustu-tbess23bu00290-p-364490035,Bikini Üstü
196,819011733,TRENDYOLMİLLA,Siyah Bralet Düğümlü Bikini Üstü TBESS24BU00155,216.99,8,/trendyolmilla/siyah-bralet-dugumlu-bikini-ustu-tbess24bu00155-p-819011733,Bikini Üstü
197,36498140,TRENDYOLMİLLA,Siyah Balkonet Ters V Balenli Dokulu Bikini Üstü TBESS20BU0194,187.99,1036,/trendyolmilla/siyah-balkonet-ters-v-balenli-dokulu-bikini-ustu-tbess20bu0194-p-36498140,Bikini Üstü
198,776827010,TRENDYOLMİLLA,Kahverengi Balkonet Push Up Bikini Üstü TBESS24BU00127,191.99,11,/trendyolmilla/kahverengi-balkonet-push-up-bikini-ustu-tbess24bu00127-p-776827010,Bikini Üstü
199,315667421,TRENDYOLMİLLA,Siyah Üçgen Tünelli Bikini Üstü TBESS23BU00054,59.99,45,/trendyolmilla/siyah-ucgen-tunelli-bikini-ustu-tbess23bu00054-p-315667421,Bikini Üstü
200,789679471,TRENDYOLMİLLA,Kırmızı Balkonet Ters V Balenli Bikini Üstü TBESS24BU00159,377.99,23,/trendyolmilla/kirmizi-balkonet-ters-v-balenli-bikini-ustu-tbess24bu00159-p-789679471,Bikini Üstü
201,763515846,TRENDYOLMİLLA,Siyah Balkonet Push Up Bikini Üstü TBESS24BU00067,238.99,10,/trendyolmilla/siyah-balkonet-push-up-bikini-ustu-tbess24bu00067-p-763515846,Bikini Üstü
202,769644375,TRENDYOLMİLLA,Siyah Tankini Bikini Üstü TBESS24BU00111,114.99,9,/trendyolmilla/siyah-tankini-bikini-ustu-tbess24bu00111-p-769644375,Bikini Üstü
203,762658854,TRENDYOLMİLLA,Siyah Üçgen Aksesuarlı Bikini Üstü TBESS20BU0269,256.99,16,/trendyolmilla/siyah-ucgen-aksesuarli-bikini-ustu-tbess20bu0269-p-762658854,Bikini Üstü
204,762837720,TRENDYOLMİLLA,Tarçın Balkonet Push Up Bikini Üstü TBESS20BU0237,323.99,13,/trendyolmilla/tarcin-balkonet-push-up-bikini-ustu-tbess20bu0237-p-762837720,Bikini Üstü
205,763518762,TRENDYOLMİLLA,Çiçek Desenli Üçgen Düğümlü Bikini Üstü TBESS24BU00077,122.99,19,/trendyolmilla/cicek-desenli-ucgen-dugumlu-bikini-ustu-tbess24bu00077-p-763518762,Bikini Üstü
206,801804396,TRENDYOLMİLLA,Kahverengi Bralet Premium Aksesuarlı Bikini Üstü TBESS24BU00151,293.99,19,/trendyolmilla/kahverengi-bralet-premium-aksesuarli-bikini-ustu-tbess24bu00151-p-801804396,Bikini Üstü
207,769752494,TRENDYOLMİLLA,Beyaz Bralet Dokulu Bikini Üstü TBESS24BU00063,208.99,21,/trendyolmilla/beyaz-bralet-dokulu-bikini-ustu-tbess24bu00063-p-769752494,Bikini Üstü
208,364473302,TRENDYOLMİLLA,Siyah Balenli Cut Out/Pencereli Bikini Üstü TBESS23BU00291,88.99,70,/trendyolmilla/siyah-balenli-cut-out-pencereli-bikini-ustu-tbess23bu00291-p-364473302,Bikini Üstü
209,776262512,TRENDYOLMİLLA,Siyah Straplez Büzgülü Bikini Üstü TBESS24BU00112,191.99,19,/trendyolmilla/siyah-straplez-buzgulu-bikini-ustu-tbess24bu00112-p-776262512,Bikini Üstü
210,356443538,TRENDYOLMİLLA,Siyah Üçgen V Telli Bikini Üstü TBESS23BU00243,89.99,59,/trendyolmilla/siyah-ucgen-v-telli-bikini-ustu-tbess23bu00243-p-356443538,Bikini Üstü
211,77508128,TRENDYOLMİLLA,Mavi Cut Out/Pencereli Dokulu Bikini Üstü TBESS21BU0235,78.99,1119,/trendyolmilla/mavi-cut-out-pencereli-dokulu-bikini-ustu-tbess21bu0235-p-77508128,Bikini Üstü
212,356799735,TRENDYOLMİLLA,Soyut Desenli Üçgen Aksesuarlı Bikini Üstü TBESS23BU00265,348.99,129,/trendyolmilla/soyut-desenli-ucgen-aksesuarli-bikini-ustu-tbess23bu00265-p-356799735,Bikini Üstü
213,739202102,TRENDYOLMİLLA,Siyah Üçgen Fırfırlı Bikini Üstü TBESS24BU00026,183.99,21,/trendyolmilla/siyah-ucgen-firfirli-bikini-ustu-tbess24bu00026-p-739202102,Bikini Üstü
214,764647776,TRENDYOLMİLLA,Siyah Üçgen Simli Bikini Üstü TBESS24BU00090,238.99,16,/trendyolmilla/siyah-ucgen-simli-bikini-ustu-tbess24bu00090-p-764647776,Bikini Üstü
215,739234457,TRENDYOLMİLLA,Siyah Bralet Düğümlü Bikini Üstü TBESS24BU00027,98.99,30,/trendyolmilla/siyah-bralet-dugumlu-bikini-ustu-tbess24bu00027-p-739234457,Bikini Üstü
216,739230472,TRENDYOLMİLLA,Siyah Balkonet Drapeli Push Up Bikini Üstü TBESS24BU00030,210.99,11,/trendyolmilla/siyah-balkonet-drapeli-push-up-bikini-ustu-tbess24bu00030-p-739230472,Bikini Üstü
217,349154439,TRENDYOLMİLLA,Tarçın Bralet Dokulu Bikini Üstü TBESS23BU00102,53.99,146,/trendyolmilla/tarcin-bralet-dokulu-bikini-ustu-tbess23bu00102-p-349154439,Bikini Üstü
218,89196030,TRENDYOLMİLLA,Kahverengi Üçgen Bikini Üstü TBESS21BU0188,253.99,77,/trendyolmilla/kahverengi-ucgen-bikini-ustu-tbess21bu0188-p-89196030,Bikini Üstü
219,356803147,TRENDYOLMİLLA,Siyah Halter Yaka Cut Out/Pencereli Bikini Üstü TBESS23BU00267,84.99,64,/trendyolmilla/siyah-halter-yaka-cut-out-pencereli-bikini-ustu-tbess23bu00267-p-356803147,Bikini Üstü
220,776069374,TRENDYOLMİLLA,Hayvan Desenli Bralet Bikini Üstü TBESS24BU00125,352.99,30,/trendyolmilla/hayvan-desenli-bralet-bikini-ustu-tbess24bu00125-p-776069374,Bikini Üstü
221,739227914,TRENDYOLMİLLA,Siyah Balkonet V Aksesuarlı Push Up Bikini Üstü TBESS24BU00031,136.99,15,/trendyolmilla/siyah-balkonet-v-aksesuarli-push-up-bikini-ustu-tbess24bu00031-p-739227914,Bikini Üstü
222,776223363,TRENDYOLMİLLA,Haki Bralet Düğümlü Bikini Üstü TBESS24BU00130,143.99,10,/trendyolmilla/haki-bralet-dugumlu-bikini-ustu-tbess24bu00130-p-776223363,Bikini Üstü
223,81242175,TRENDYOLMİLLA,Kırmızı Dokulu Bikini Üstü TBESS21BU0146,65.99,927,/trendyolmilla/kirmizi-dokulu-bikini-ustu-tbess21bu0146-p-81242175,Bikini Üstü
224,740814923,TRENDYOLMİLLA,Kırmızı Üçgen V Aksesuarlı Bikini Üstü TBESS24BU00033,113.99,12,/trendyolmilla/kirmizi-ucgen-v-aksesuarli-bikini-ustu-tbess24bu00033-p-740814923,Bikini Üstü
225,338519846,TRENDYOLMİLLA,Etnik Desenli Üçgen Bağlamalı Bikini Üstü TBESS23BU00170,93.99,46,/trendyolmilla/etnik-desenli-ucgen-baglamali-bikini-ustu-tbess23bu00170-p-338519846,Bikini Üstü
226,339256607,TRENDYOLMİLLA,Mavi Pötikareli Dokulu Straplez Tünelli Bikini Üstü TBESS23BU00144,119.99,40,/trendyolmilla/mavi-potikareli-dokulu-straplez-tunelli-bikini-ustu-tbess23bu00144-p-339256607,Bikini Üstü
227,378675929,TRENDYOLMİLLA,Tarçın Tek Omuz Aksesuarlı Bikini Üstü TBESS23BU00135,67.99,69,/trendyolmilla/tarcin-tek-omuz-aksesuarli-bikini-ustu-tbess23bu00135-p-378675929,Bikini Üstü
228,789668338,TRENDYOLMİLLA,Siyah Balkonet Büzgülü Push Up Bikini Üstü TBESS24BU00148,351.99,16,/trendyolmilla/siyah-balkonet-buzgulu-push-up-bikini-ustu-tbess24bu00148-p-789668338,Bikini Üstü
229,772192837,TRENDYOLMİLLA,Yeşil Tek Omuz Cut Out/Pencereli Bikini Üstü TBESS23BU00032,75.99,10,/trendyolmilla/yesil-tek-omuz-cut-out-pencereli-bikini-ustu-tbess23bu00032-p-772192837,Bikini Üstü
230,776221286,TRENDYOLMİLLA,Fuşya Balkonet Bikini Üstü TBESS24BU00121,235.99,11,/trendyolmilla/fusya-balkonet-bikini-ustu-tbess24bu00121-p-776221286,Bikini Üstü
231,666791241,TRENDYOLMİLLA,Hayvan Desenli Tek Omuz Cut Out/Pencereli Bikini Üstü TBESS23BU00052,156.99,39,/trendyolmilla/hayvan-desenli-tek-omuz-cut-out-pencereli-bikini-ustu-tbess23bu00052-p-666791241,Bikini Üstü
232,789658861,TRENDYOLMİLLA,Çiçek Desenli Balkonet Bağlamalı Push Up Bikini Üstü TBESS24BU00153,362.99,20,/trendyolmilla/cicek-desenli-balkonet-baglamali-push-up-bikini-ustu-tbess24bu00153-p-789658861,Bikini Üstü
233,59115624,TRENDYOLMİLLA,Siyah Bralet Fırfırlı Bikini Üstü TBESS21BU0053,176.99,1314,/trendyolmilla/siyah-bralet-firfirli-bikini-ustu-tbess21bu0053-p-59115624,Bikini Üstü
234,344000037,TRENDYOLMİLLA,Mavi Bralet Fırfırlı Bikini Üstü TBESS23BU00202,70.99,71,/trendyolmilla/mavi-bralet-firfirli-bikini-ustu-tbess23bu00202-p-344000037,Bikini Üstü
235,67907927,TRENDYOLMİLLA,Lila Balenli Bikini Üstü TBESS21BU0017,161.99,880,/trendyolmilla/lila-balenli-bikini-ustu-tbess21bu0017-p-67907927,Bikini Üstü
236,767716989,TRENDYOLMİLLA,Bridal Ekru Tek Omuz Cut Out/Pencereli Bikini Üstü TBESS23BU00032,203.99,12,/trendyolmilla/bridal-ekru-tek-omuz-cut-out-pencereli-bikini-ustu-tbess23bu00032-p-767716989,Bikini Üstü
237,763140983,TRENDYOLMİLLA,Siyah Straplez Aksesuarlı Bikini Üstü TBESS24BU00071,154.99,22,/trendyolmilla/siyah-straplez-aksesuarli-bikini-ustu-tbess24bu00071-p-763140983,Bikini Üstü
238,349144885,TRENDYOLMİLLA,Mor Üçgen Cut Out/Pencereli Bikini Üstü TBESS20BU0202,286.99,99,/trendyolmilla/mor-ucgen-cut-out-pencereli-bikini-ustu-tbess20bu0202-p-349144885,Bikini Üstü
239,776679240,TRENDYOLMİLLA,Fuşya Balkonet Dokulu Bikini Üstü TBESS24BU00136,242.99,16,/trendyolmilla/fusya-balkonet-dokulu-bikini-ustu-tbess24bu00136-p-776679240,Bikini Üstü
240,763550769,TRENDYOLMİLLA,Siyah Yüzücü Fermuarlı Uzun Kollu Bikini Üstü TBESS24BU00049,152.99,13,/trendyolmilla/siyah-yuzucu-fermuarli-uzun-kollu-bikini-ustu-tbess24bu00049-p-763550769,Bikini Üstü
241,78077494,TRENDYOLMİLLA,Siyah Bralet Bağlamalı Bikini Üstü TBESS21BU0272,139.99,866,/trendyolmilla/siyah-bralet-baglamali-bikini-ustu-tbess21bu0272-p-78077494,Bikini Üstü
242,149559866,TRENDYOLMİLLA,Yeşil Balenli Ters V Balenli Bikini Üstü TBESS22BU0203,173.99,311,/trendyolmilla/yesil-balenli-ters-v-balenli-bikini-ustu-tbess22bu0203-p-149559866,Bikini Üstü
243,769830381,TRENDYOLMİLLA,Siyah Balkonet Push Up Dokulu Bikini Üstü TBESS24BU00107,214.99,9,/trendyolmilla/siyah-balkonet-push-up-dokulu-bikini-ustu-tbess24bu00107-p-769830381,Bikini Üstü
244,763420201,TRENDYOLMİLLA,Kahverengi Üçgen Aksesuarlı Simli Bikini Üstü TBESS23BU00306,172.99,14,/trendyolmilla/kahverengi-ucgen-aksesuarli-simli-bikini-ustu-tbess23bu00306-p-763420201,Bikini Üstü
245,346790432,TRENDYOLMİLLA,Pembe Üçgen Boncuk Aksesuarlı Bikini Üstü TBESS23BU00235,380.99,290,/trendyolmilla/pembe-ucgen-boncuk-aksesuarli-bikini-ustu-tbess23bu00235-p-346790432,Bikini Üstü
246,816806137,TRENDYOLMİLLA,Siyah Balkonet Ters V Balenli Bikini Üstü TBESS24BU00159,312.99,10,/trendyolmilla/siyah-balkonet-ters-v-balenli-bikini-ustu-tbess24bu00159-p-816806137,Bikini Üstü
247,817265818,TRENDYOLMİLLA,Geometrik Desenli Bralet Düğümlü Bikini Üstü TBESS24BU00155,228.99,10,/trendyolmilla/geometrik-desenli-bralet-dugumlu-bikini-ustu-tbess24bu00155-p-817265818,Bikini Üstü
248,762728311,TRENDYOLMİLLA,Mavi Üçgen Gipeli Bikini Üstü TBESS22BU0011,176.99,10,/trendyolmilla/mavi-ucgen-gipeli-bikini-ustu-tbess22bu0011-p-762728311,Bikini Üstü
249,167874306,TRENDYOLMİLLA,Leopar Desenli Renk Bloklu Bağlamalı Bikini Üstü TBESS22BU0363,97.99,477,/trendyolmilla/leopar-desenli-renk-bloklu-baglamali-bikini-ustu-tbess22bu0363-p-167874306,Bikini Üstü
250,763509326,TRENDYOLMİLLA,Siyah Bralet Push Up Bikini Üstü TBESS24BU00076,201.99,14,/trendyolmilla/siyah-bralet-push-up-bikini-ustu-tbess24bu00076-p-763509326,Bikini Üstü
251,349332970,TRENDYOLMİLLA,Saks Üçgen Dokulu Bikini Üstü TBESS21BU0085,268.99,73,/trendyolmilla/saks-ucgen-dokulu-bikini-ustu-tbess21bu0085-p-349332970,Bikini Üstü
252,800158893,TRENDYOLMİLLA,Puantiyeli Straplez Bikini Üstü TBESS24BU00147,206.99,25,/trendyolmilla/puantiyeli-straplez-bikini-ustu-tbess24bu00147-p-800158893,Bikini Üstü
253,763138272,TRENDYOLMİLLA,Nar Çiçeği Üçgen Bikini Üstü TBESS20BU0268,235.99,14,/trendyolmilla/nar-cicegi-ucgen-bikini-ustu-tbess20bu0268-p-763138272,Bikini Üstü
254,776673652,TRENDYOLMİLLA,Saks Balkonet Dokulu Bikini Üstü TBESS24BU00136,271.99,10,/trendyolmilla/saks-balkonet-dokulu-bikini-ustu-tbess24bu00136-p-776673652,Bikini Üstü
255,364491765,TRENDYOLMİLLA,Pembe Bralet Cut Out/Pencereli Bikini Üstü TBESS23BU00284,79.99,47,/trendyolmilla/pembe-bralet-cut-out-pencereli-bikini-ustu-tbess23bu00284-p-364491765,Bikini Üstü
256,136128028,TRENDYOLMİLLA,Yeşil Üçgen Aksesuarlı Bikini Üstü TBESS22BU0075,160.99,102,/trendyolmilla/yesil-ucgen-aksesuarli-bikini-ustu-tbess22bu0075-p-136128028,Bikini Üstü
257,349144890,TRENDYOLMİLLA,Kiremit Üçgen Cut Out/Pencereli Bikini Üstü TBESS20BU0202,186.99,108,/trendyolmilla/kiremit-ucgen-cut-out-pencereli-bikini-ustu-tbess20bu0202-p-349144890,Bikini Üstü
258,776269581,TRENDYOLMİLLA,Çiçek Desenli Straplez Büzgülü Bikini Üstü TBESS24BU00141,255.99,15,/trendyolmilla/cicek-desenli-straplez-buzgulu-bikini-ustu-tbess24bu00141-p-776269581,Bikini Üstü
259,772190562,TRENDYOLMİLLA,Kırmızı Üçgen Aksesuarlı Bikini Üstü TBESS23BU00328,220.99,16,/trendyolmilla/kirmizi-ucgen-aksesuarli-bikini-ustu-tbess23bu00328-p-772190562,Bikini Üstü
260,789682857,TRENDYOLMİLLA,Tropikal Desenli Balkonet Nakışlı Bikini Üstü TBESS24BU00154,288.99,21,/trendyolmilla/tropikal-desenli-balkonet-nakisli-bikini-ustu-tbess24bu00154-p-789682857,Bikini Üstü
261,83266431,TRENDYOLMİLLA,Lila Bralet Bikini Üstü TBESS21BU0303,69.99,464,/trendyolmilla/lila-bralet-bikini-ustu-tbess21bu0303-p-83266431,Bikini Üstü
262,365800738,TRENDYOLMİLLA,Yeşil Balenli Ters V Balenli Havlu Bikini Üstü TBESS23BU00323,94.99,97,/trendyolmilla/yesil-balenli-ters-v-balenli-havlu-bikini-ustu-tbess23bu00323-p-365800738,Bikini Üstü
263,322644432,TRENDYOLMİLLA,Çiçek Desenli Tek Omuz Cut Out/Pencereli Bikini Üstü TBESS23BU00086,82.99,71,/trendyolmilla/cicek-desenli-tek-omuz-cut-out-pencereli-bikini-ustu-tbess23bu00086-p-322644432,Bikini Üstü
265,776683238,TRENDYOLMİLLA,Soyut Desenli Üçgen Fırfırlı Bikini Üstü TBESS24BU00139,185.99,21,/trendyolmilla/soyut-desenli-ucgen-firfirli-bikini-ustu-tbess24bu00139-p-776683238,Bikini Üstü
266,349154435,TRENDYOLMİLLA,Yeşil Bralet Dokulu Bikini Üstü TBESS23BU00102,59.99,119,/trendyolmilla/yesil-bralet-dokulu-bikini-ustu-tbess23bu00102-p-349154435,Bikini Üstü
267,349781841,TRENDYOLMİLLA,Etnik Desenli Straplez Bağlamalı Bikini Üstü TBESS23BU00071,67.99,67,/trendyolmilla/etnik-desenli-straplez-baglamali-bikini-ustu-tbess23bu00071-p-349781841,Bikini Üstü
268,772430021,TRENDYOLMİLLA,Yeşil Üçgen Bikini Üstü TBESS20BU0268,220.99,19,/trendyolmilla/yesil-ucgen-bikini-ustu-tbess20bu0268-p-772430021,Bikini Üstü
269,144338494,TRENDYOLMİLLA,Siyah Bralet Bağlamalı Bikini Üstü TBESS22BU0264,210.99,507,/trendyolmilla/siyah-bralet-baglamali-bikini-ustu-tbess22bu0264-p-144338494,Bikini Üstü
271,349841912,TRENDYOLMİLLA,Yeşil Balenli Büzgülü Bikini Üstü TBESS23BU00104,108.99,53,/trendyolmilla/yesil-balenli-buzgulu-bikini-ustu-tbess23bu00104-p-349841912,Bikini Üstü
272,321786273,TRENDYOLMİLLA,Kırmızı Balenli Dokulu Bikini Üstü TBESS23BU00066,77.99,119,/trendyolmilla/kirmizi-balenli-dokulu-bikini-ustu-tbess23bu00066-p-321786273,Bikini Üstü
273,763142944,TRENDYOLMİLLA,Kahverengi Üçgen Bikini Üstü TBESS20BU0268,388.99,13,/trendyolmilla/kahverengi-ucgen-bikini-ustu-tbess20bu0268-p-763142944,Bikini Üstü
274,339254213,TRENDYOLMİLLA,Lacivert Balenli Bağlamalı Dokulu Bikini Üstü TBESS23BU00153,94.99,56,/trendyolmilla/lacivert-balenli-baglamali-dokulu-bikini-ustu-tbess23bu00153-p-339254213,Bikini Üstü
276,789676418,TRENDYOLMİLLA,Siyah Yüzücü Tünelli Uzun Kollu Bikini Üstü TBESS24BU00145,135.99,6,/trendyolmilla/siyah-yuzucu-tunelli-uzun-kollu-bikini-ustu-tbess24bu00145-p-789676418,Bikini Üstü
277,763075800,TRENDYOLMİLLA,Kahverengi Üçgen Push Up Dokulu Bikini Üstü TBESS21BU0010,353.99,8,/trendyolmilla/kahverengi-ucgen-push-up-dokulu-bikini-ustu-tbess21bu0010-p-763075800,Bikini Üstü
278,769813159,TRENDYOLMİLLA,Kırmızı Üçgen Bikini Üstü TBESS24BU00110,250.99,14,/trendyolmilla/kirmizi-ucgen-bikini-ustu-tbess24bu00110-p-769813159,Bikini Üstü
279,763140807,TRENDYOLMİLLA,Yeşil Straplez Aksesuarlı Bikini Üstü TBESS24BU00071,185.99,19,/trendyolmilla/yesil-straplez-aksesuarli-bikini-ustu-tbess24bu00071-p-763140807,Bikini Üstü
280,762370831,TRENDYOLMİLLA,Bridal Ekru Üçgen Cut Out/Pencereli Bikini Üstü TBESS20BU0202,195.99,21,/trendyolmilla/bridal-ekru-ucgen-cut-out-pencereli-bikini-ustu-tbess20bu0202-p-762370831,Bikini Üstü
281,762837722,TRENDYOLMİLLA,Mavi Balkonet Push Up Bikini Üstü TBESS20BU0237,398.99,17,/trendyolmilla/mavi-balkonet-push-up-bikini-ustu-tbess20bu0237-p-762837722,Bikini Üstü
282,775944841,TRENDYOLMİLLA,Siyah Balkonet Tünelli Bikini Üstü TBESS24BU00118,240.99,29,/trendyolmilla/siyah-balkonet-tunelli-bikini-ustu-tbess24bu00118-p-775944841,Bikini Üstü
283,77369316,TRENDYOLMİLLA,Siyah Üçgen Bağlamalı Bikini Üstü TBESS21BU0123,152.99,1076,/trendyolmilla/siyah-ucgen-baglamali-bikini-ustu-tbess21bu0123-p-77369316,Bikini Üstü
284,315631113,TRENDYOLMİLLA,Yeşil Straplez Bağlamalı Bikini Üstü TBESS23BU00003,85.99,43,/trendyolmilla/yesil-straplez-baglamali-bikini-ustu-tbess23bu00003-p-315631113,Bikini Üstü
285,815507796,TRENDYOLMİLLA,Soyut Desenli Tankini Bikini Üstü TBESS24BU00168,269.99,17,/trendyolmilla/soyut-desenli-tankini-bikini-ustu-tbess24bu00168-p-815507796,Bikini Üstü
286,778044397,TRENDYOLMİLLA,Saks Üçgen Aksesuarlı Bikini Üstü TBESS24BU00099,183.99,14,/trendyolmilla/saks-ucgen-aksesuarli-bikini-ustu-tbess24bu00099-p-778044397,Bikini Üstü
287,321825973,TRENDYOLMİLLA,Yeşil Üçgen Bağlamalı Bikini Üstü TBESS22BU0082,114.99,99,/trendyolmilla/yesil-ucgen-baglamali-bikini-ustu-tbess22bu0082-p-321825973,Bikini Üstü
288,143503866,TRENDYOLMİLLA,Renkli Etnik Desenli Bandeau Bikini Üstü TBESS22BU0244,83.99,439,/trendyolmilla/renkli-etnik-desenli-bandeau-bikini-ustu-tbess22bu0244-p-143503866,Bikini Üstü
289,349829570,TRENDYOLMİLLA,Mor Üçgen Cut Out/Pencereli Parlak Lak Baskılı Bikini Üstü TBESS23BU00157,110.99,96,/trendyolmilla/mor-ucgen-cut-out-pencereli-parlak-lak-baskili-bikini-ustu-tbess23bu00157-p-349829570,Bikini Üstü
290,349357637,TRENDYOLMİLLA,Kırmızı Halter Yaka Aksesuarlı Bikini Üstü TBESS23BU00016,62.99,29,/trendyolmilla/kirmizi-halter-yaka-aksesuarli-bikini-ustu-tbess23bu00016-p-349357637,Bikini Üstü
291,149565788,TRENDYOLMİLLA,Yeşil Geometrik Desenli Bikini Üstü TBESS22BU0306,91.99,675,/trendyolmilla/yesil-geometrik-desenli-bikini-ustu-tbess22bu0306-p-149565788,Bikini Üstü
292,32561772,TRENDYOLMİLLA,Siyah Bralet Fermuarlı Bikini Üstü TBESS20BU0266,145.99,1165,/trendyolmilla/siyah-bralet-fermuarli-bikini-ustu-tbess20bu0266-p-32561772,Bikini Üstü
293,790170307,TRENDYOLMİLLA,Mavi Balkonet Bağlamalı Bikini Üstü TBESS24BU00156,245.99,14,/trendyolmilla/mavi-balkonet-baglamali-bikini-ustu-tbess24bu00156-p-790170307,Bikini Üstü
294,59115629,TRENDYOLMİLLA,Kırmızı Bralet Fırfırlı Bikini Üstü TBESS21BU0053,230.99,599,/trendyolmilla/kirmizi-bralet-firfirli-bikini-ustu-tbess21bu0053-p-59115629,Bikini Üstü
295,769752502,TRENDYOLMİLLA,Kırmızı Bralet Dokulu Bikini Üstü TBESS24BU00063,181.99,10,/trendyolmilla/kirmizi-bralet-dokulu-bikini-ustu-tbess24bu00063-p-769752502,Bikini Üstü
296,374885288,TRENDYOLMİLLA,Kırmızı Bralet Bikini Üstü TBESS23BU00346,46.99,88,/trendyolmilla/kirmizi-bralet-bikini-ustu-tbess23bu00346-p-374885288,Bikini Üstü
297,763419425,TRENDYOLMİLLA,Kahverengi Straplez Simli Bikini Üstü TBESS23BU00302,95.99,8,/trendyolmilla/kahverengi-straplez-simli-bikini-ustu-tbess23bu00302-p-763419425,Bikini Üstü
298,739175437,TRENDYOLMİLLA,Yeşil Üçgen Düğümlü Bikini Üstü TBESS24BU00004,110.99,17,/trendyolmilla/yesil-ucgen-dugumlu-bikini-ustu-tbess24bu00004-p-739175437,Bikini Üstü
299,776067834,TRENDYOLMİLLA,Siyah Üçgen Payetli Bikini Üstü TBESS24BU00132,325.99,16,/trendyolmilla/siyah-ucgen-payetli-bikini-ustu-tbess24bu00132-p-776067834,Bikini Üstü
300,320234427,TRENDYOLMİLLA,Mor Balenli Bikini Üstü TBESS23BU00061,75.99,36,/trendyolmilla/mor-balenli-bikini-ustu-tbess23bu00061-p-320234427,Bikini Üstü
301,763129879,TRENDYOLMİLLA,Pudra Üçgen Bikini Üstü TBESS21BU0141,287.99,17,/trendyolmilla/pudra-ucgen-bikini-ustu-tbess21bu0141-p-763129879,Bikini Üstü
302,344000049,TRENDYOLMİLLA,Yeşil Bralet Fırfırlı Bikini Üstü TBESS23BU00202,65.99,58,/trendyolmilla/yesil-bralet-firfirli-bikini-ustu-tbess23bu00202-p-344000049,Bikini Üstü
303,762382164,TRENDYOLMİLLA,Kahverengi Balkonet Bikini Üstü TBESS21BU0088,251.99,18,/trendyolmilla/kahverengi-balkonet-bikini-ustu-tbess21bu0088-p-762382164,Bikini Üstü
304,150974072,TRENDYOLMİLLA,Kırmızı Straplez Tünelli Bikini Üstü TBESS22BU0046,229.99,608,/trendyolmilla/kirmizi-straplez-tunelli-bikini-ustu-tbess22bu0046-p-150974072,Bikini Üstü
305,762600520,TRENDYOLMİLLA,Siyah Üçgen Parlak Lak Baskılı Bikini Üstü TBESS23BU00383,192.99,10,/trendyolmilla/siyah-ucgen-parlak-lak-baskili-bikini-ustu-tbess23bu00383-p-762600520,Bikini Üstü
306,358811021,TRENDYOLMİLLA,Kahverengi Bralet Aksesuarlı Bikini Üstü TBESS21BU0166,101.99,82,/trendyolmilla/kahverengi-bralet-aksesuarli-bikini-ustu-tbess21bu0166-p-358811021,Bikini Üstü
307,127318271,TRENDYOLMİLLA,Siyah Balkonet Zincir Aksesuarlı Bikini Üstü TBESS22BU0047,231.99,568,/trendyolmilla/siyah-balkonet-zincir-aksesuarli-bikini-ustu-tbess22bu0047-p-127318271,Bikini Üstü
308,72069742,TRENDYOLMİLLA,Bordo Bralet Bağlamalı Bikini Üstü TBESS21BU0098,278.99,542,/trendyolmilla/bordo-bralet-baglamali-bikini-ustu-tbess21bu0098-p-72069742,Bikini Üstü
309,322264982,TRENDYOLMİLLA,Yeşil Üçgen Cut Out/Pencereli Bikini Üstü TBESS20BU0202,71.99,203,/trendyolmilla/yesil-ucgen-cut-out-pencereli-bikini-ustu-tbess20bu0202-p-322264982,Bikini Üstü
310,129552325,TRENDYOLMİLLA,Çok Renkli Çiçekli Bikini Üstü TBESS21BU0453,55.99,431,/trendyolmilla/cok-renkli-cicekli-bikini-ustu-tbess21bu0453-p-129552325,Bikini Üstü
311,315614565,TRENDYOLMİLLA,Ekose Desenli Straplez Bağlamalı Bikini Üstü TBESS23BU00034,73.99,126,/trendyolmilla/ekose-desenli-straplez-baglamali-bikini-ustu-tbess23bu00034-p-315614565,Bikini Üstü
312,322323228,TRENDYOLMİLLA,Tarçın Üçgen Dokulu Bikini Üstü TBESS23BU00134,88.99,65,/trendyolmilla/tarcin-ucgen-dokulu-bikini-ustu-tbess23bu00134-p-322323228,Bikini Üstü
313,346018936,TRENDYOLMİLLA,Lila Straplez Büzgülü Bikini Üstü TBESS23BU00213,85.99,53,/trendyolmilla/lila-straplez-buzgulu-bikini-ustu-tbess23bu00213-p-346018936,Bikini Üstü
314,315665846,TRENDYOLMİLLA,Soyut Desenli Üçgen Cut Out/Pencereli Bikini Üstü TBESS23BU00048,66.99,52,/trendyolmilla/soyut-desenli-ucgen-cut-out-pencereli-bikini-ustu-tbess23bu00048-p-315665846,Bikini Üstü
315,356740403,TRENDYOLMİLLA,Kiremit Tek Omuz Cut Out/Pencereli Bikini Üstü TBESS23BU00216,65.99,69,/trendyolmilla/kiremit-tek-omuz-cut-out-pencereli-bikini-ustu-tbess23bu00216-p-356740403,Bikini Üstü
316,358511876,TRENDYOLMİLLA,Çiçek Desenli Bralet Bikini Üstü TBESS21BU0040,89.99,128,/trendyolmilla/cicek-desenli-bralet-bikini-ustu-tbess21bu0040-p-358511876,Bikini Üstü
317,343111217,TRENDYOLMİLLA,Kiremit Üçgen Aksesuarlı Dokulu Bikini Üstü TBESS23BU00160,93.99,95,/trendyolmilla/kiremit-ucgen-aksesuarli-dokulu-bikini-ustu-tbess23bu00160-p-343111217,Bikini Üstü
318,349344392,TRENDYOLMİLLA,Lila Balenli Biyeli Bikini Üstü TBESS23BU00013,78.99,70,/trendyolmilla/lila-balenli-biyeli-bikini-ustu-tbess23bu00013-p-349344392,Bikini Üstü
319,358117112,TRENDYOLMİLLA,Tarçın Balenli Zincir Aksesuarlı Bikini Üstü TBESS22BU0047,80.99,123,/trendyolmilla/tarcin-balenli-zincir-aksesuarli-bikini-ustu-tbess22bu0047-p-358117112,Bikini Üstü
320,314570711,TRENDYOLMİLLA,Kiremit Halter Yaka Aksesuarlı Bikini Üstü TBESS23BU00016,92.99,44,/trendyolmilla/kiremit-halter-yaka-aksesuarli-bikini-ustu-tbess23bu00016-p-314570711,Bikini Üstü
321,772428742,TRENDYOLMİLLA,Yeşil Bralet Bikini Üstü TBESS21BU0104,192.99,10,/trendyolmilla/yesil-bralet-bikini-ustu-tbess21bu0104-p-772428742,Bikini Üstü
322,356400178,TRENDYOLMİLLA,Çiçek Desenli Straplez Bağlamalı Bikini Üstü TBESS23BU00245,85.99,86,/trendyolmilla/cicek-desenli-straplez-baglamali-bikini-ustu-tbess23bu00245-p-356400178,Bikini Üstü
323,364566206,TRENDYOLMİLLA,Siyah Bralet Bağlamalı Bikini Üstü TBESS23BU00296,144.99,25,/trendyolmilla/siyah-bralet-baglamali-bikini-ustu-tbess23bu00296-p-364566206,Bikini Üstü
324,72427438,TRENDYOLMİLLA,Siyah Bralet Aksesuarlı Bikini Üstü TBESS21BU0207,284.99,659,/trendyolmilla/siyah-bralet-aksesuarli-bikini-ustu-tbess21bu0207-p-72427438,Bikini Üstü
325,59115495,TRENDYOLMİLLA,Siyah Straplez Tünelli Bikini Üstü TBESS21BU0059,85.99,638,/trendyolmilla/siyah-straplez-tunelli-bikini-ustu-tbess21bu0059-p-59115495,Bikini Üstü
326,762858603,TRENDYOLMİLLA,Ekru Bralet Fırfırlı Bikini Üstü TBESS21BU0053,313.99,10,/trendyolmilla/ekru-bralet-firfirli-bikini-ustu-tbess21bu0053-p-762858603,Bikini Üstü
327,444035561,TRENDYOLMİLLA,Mavi Balenli Bikini Üstü TBESS23BU00423,114.99,27,/trendyolmilla/mavi-balenli-bikini-ustu-tbess23bu00423-p-444035561,Bikini Üstü
328,95595283,TRENDYOLMİLLA,Mavi Balenli Gipeli Bikini Üstü TBESS21BU0282,94.99,399,/trendyolmilla/mavi-balenli-gipeli-bikini-ustu-tbess21bu0282-p-95595283,Bikini Üstü
329,800149110,TRENDYOLMİLLA,Puantiyeli Straplez Aksesuarlı Bikini Üstü TBESS24BU00165,258.99,9,/trendyolmilla/puantiyeli-straplez-aksesuarli-bikini-ustu-tbess24bu00165-p-800149110,Bikini Üstü
330,322652175,TRENDYOLMİLLA,Kırmızı Tek Omuz Cut Out/Pencereli Bikini Üstü TBESS23BU00135,77.99,62,/trendyolmilla/kirmizi-tek-omuz-cut-out-pencereli-bikini-ustu-tbess23bu00135-p-322652175,Bikini Üstü
331,346018948,TRENDYOLMİLLA,Haki Straplez Büzgülü Bikini Üstü TBESS23BU00213,85.99,55,/trendyolmilla/haki-straplez-buzgulu-bikini-ustu-tbess23bu00213-p-346018948,Bikini Üstü
332,739215195,TRENDYOLMİLLA,Siyah Straplez Aksesuarlı Bikini Üstü TBESS24BU00036,147.99,21,/trendyolmilla/siyah-straplez-aksesuarli-bikini-ustu-tbess24bu00036-p-739215195,Bikini Üstü
333,762370833,TRENDYOLMİLLA,Kırmızı Üçgen Cut Out/Pencereli Bikini Üstü TBESS20BU0202,224.99,10,/trendyolmilla/kirmizi-ucgen-cut-out-pencereli-bikini-ustu-tbess20bu0202-p-762370833,Bikini Üstü
334,776245375,TRENDYOLMİLLA,Siyah Straplez Bikini Üstü TBESS24BU00128,297.99,15,/trendyolmilla/siyah-straplez-bikini-ustu-tbess24bu00128-p-776245375,Bikini Üstü
336,364490903,TRENDYOLMİLLA,Kırmızı Balenli Cut Out/Pencereli Bikini Üstü TBESS23BU00291,87.99,39,/trendyolmilla/kirmizi-balenli-cut-out-pencereli-bikini-ustu-tbess23bu00291-p-364490903,Bikini Üstü
337,350130456,TRENDYOLMİLLA,Etnik Desenli Üçgen Tünelli Bikini Üstü TBESS23BU00048,65.99,73,/trendyolmilla/etnik-desenli-ucgen-tunelli-bikini-ustu-tbess23bu00048-p-350130456,Bikini Üstü
338,69250366,TRENDYOLMİLLA,Siyah Balkonet Bikini Üstü TBESS21BU0088,422.99,703,/trendyolmilla/siyah-balkonet-bikini-ustu-tbess21bu0088-p-69250366,Bikini Üstü
339,150163098,TRENDYOLMİLLA,Fuşya Üçgen Push Up Dokulu Bikini Üstü TBESS21BU0010,282.99,501,/trendyolmilla/fusya-ucgen-push-up-dokulu-bikini-ustu-tbess21bu0010-p-150163098,Bikini Üstü
340,356855012,TRENDYOLMİLLA,Yeşil Bralet Aksesuarlı Bikini Üstü TBESS23BU00237,87.99,58,/trendyolmilla/yesil-bralet-aksesuarli-bikini-ustu-tbess23bu00237-p-356855012,Bikini Üstü
341,769829739,TRENDYOLMİLLA,Siyah Balkonet Bikini Üstü TBESS24BU00096,108.99,18,/trendyolmilla/siyah-balkonet-bikini-ustu-tbess24bu00096-p-769829739,Bikini Üstü
342,358883278,TRENDYOLMİLLA,Yeşil Bralet Bikini Üstü TBESS21BU0303,78.99,112,/trendyolmilla/yesil-bralet-bikini-ustu-tbess21bu0303-p-358883278,Bikini Üstü
343,364455902,TRENDYOLMİLLA,Şal Desenli Bralet Aksesuarlı Bikini Üstü TBESS23BU00293,66.99,91,/trendyolmilla/sal-desenli-bralet-aksesuarli-bikini-ustu-tbess23bu00293-p-364455902,Bikini Üstü
344,764637819,TRENDYOLMİLLA,Siyah Straplez Simli Bikini Üstü TBESS24BU00089,345.99,16,/trendyolmilla/siyah-straplez-simli-bikini-ustu-tbess24bu00089-p-764637819,Bikini Üstü
345,150459047,TRENDYOLMİLLA,Mor Yaprak Desenli Bikini Üstü TBESS20BU0151,44.99,102,/trendyolmilla/mor-yaprak-desenli-bikini-ustu-tbess20bu0151-p-150459047,Bikini Üstü
346,345586694,TRENDYOLMİLLA,Lila Bralet U Telli Bikini Üstü TBESS23BU00232,94.99,57,/trendyolmilla/lila-bralet-u-telli-bikini-ustu-tbess23bu00232-p-345586694,Bikini Üstü
347,349389204,TRENDYOLMİLLA,Kırmızı Balenli Bikini Üstü TBESS23BU00061,117.99,44,/trendyolmilla/kirmizi-balenli-bikini-ustu-tbess23bu00061-p-349389204,Bikini Üstü
348,790452373,TRENDYOLMİLLA,Siyah Balkonet Bağlamalı Push Up Bikini Üstü TBESS24BU00161,442.99,18,/trendyolmilla/siyah-balkonet-baglamali-push-up-bikini-ustu-tbess24bu00161-p-790452373,Bikini Üstü
349,365874751,TRENDYOLMİLLA,Camel Bralet Bikini Üstü TBESS23BU00313,73.99,41,/trendyolmilla/camel-bralet-bikini-ustu-tbess23bu00313-p-365874751,Bikini Üstü
350,322957911,TRENDYOLMİLLA,Çiçek Desenli Balenli Biyeli Bikini Üstü TBESS23BU00131,81.99,60,/trendyolmilla/cicek-desenli-balenli-biyeli-bikini-ustu-tbess23bu00131-p-322957911,Bikini Üstü
351,672345257,TRENDYOLMİLLA,Degrade Desenli Üçgen Bikini Üstü TBESS23BU00435,97.99,27,/trendyolmilla/degrade-desenli-ucgen-bikini-ustu-tbess23bu00435-p-672345257,Bikini Üstü
352,321822279,TRENDYOLMİLLA,Yeşil Balenli Ters V Balenli Dokulu Bikini Üstü TBESS20BU0194,101.99,105,/trendyolmilla/yesil-balenli-ters-v-balenli-dokulu-bikini-ustu-tbess20bu0194-p-321822279,Bikini Üstü
353,365841988,TRENDYOLMİLLA,Siyah Tek Omuz Cut Out/Pencereli Bikini Üstü TBESS23BU00339,84.99,127,/trendyolmilla/siyah-tek-omuz-cut-out-pencereli-bikini-ustu-tbess23bu00339-p-365841988,Bikini Üstü
354,378062547,TRENDYOLMİLLA,Mor Straplez Bikini Üstü TBESS23BU00365,83.99,87,/trendyolmilla/mor-straplez-bikini-ustu-tbess23bu00365-p-378062547,Bikini Üstü
355,378675921,TRENDYOLMİLLA,Siyah Tek Omuz Cut Out/Pencereli Bikini Üstü TBESS23BU00135,70.99,81,/trendyolmilla/siyah-tek-omuz-cut-out-pencereli-bikini-ustu-tbess23bu00135-p-378675921,Bikini Üstü
356,762651035,TRENDYOLMİLLA,Kırmızı Straplez Gipeli Bikini Üstü TBESS24BU00029,225.99,24,/trendyolmilla/kirmizi-straplez-gipeli-bikini-ustu-tbess24bu00029-p-762651035,Bikini Üstü
357,89196027,TRENDYOLMİLLA,Lila Üçgen Bikini Üstü TBESS21BU0188,164.99,1271,/trendyolmilla/lila-ucgen-bikini-ustu-tbess21bu0188-p-89196027,Bikini Üstü
358,359324332,TRENDYOLMİLLA,Vizon Bralet Bikini Üstü TBESS21BU0104,112.99,97,/trendyolmilla/vizon-bralet-bikini-ustu-tbess21bu0104-p-359324332,Bikini Üstü
359,314401371,TRENDYOLMİLLA,Kiremit Straplez Cut Out/Pencereli Bikini Üstü TBESS23BU00030,111.99,59,/trendyolmilla/kiremit-straplez-cut-out-pencereli-bikini-ustu-tbess23bu00030-p-314401371,Bikini Üstü
360,358057164,TRENDYOLMİLLA,Kiremit Üçgen Aksesuarlı Bikini Üstü TBESS23BU00259,73.99,44,/trendyolmilla/kiremit-ucgen-aksesuarli-bikini-ustu-tbess23bu00259-p-358057164,Bikini Üstü
361,365788941,TRENDYOLMİLLA,Hayvan Desenli Halter Yaka Cut Out/Pencereli Bikini Üstü TBESS23BU00320,72.99,82,/trendyolmilla/hayvan-desenli-halter-yaka-cut-out-pencereli-bikini-ustu-tbess23bu00320-p-365788941,Bikini Üstü
362,321825964,TRENDYOLMİLLA,Fuşya Üçgen Bağlamalı Bikini Üstü TBESS22BU0082,107.99,135,/trendyolmilla/fusya-ucgen-baglamali-bikini-ustu-tbess22bu0082-p-321825964,Bikini Üstü
363,378051373,TRENDYOLMİLLA,Mor Straplez Fırfırlı Bikini Üstü TBESS23BU00361,73.99,113,/trendyolmilla/mor-straplez-firfirli-bikini-ustu-tbess23bu00361-p-378051373,Bikini Üstü
364,349769332,TRENDYOLMİLLA,Geometrik Desenli Balenli Şerit Aksesuarlı Bikini Üstü TBESS23BU00131,102.99,45,/trendyolmilla/geometrik-desenli-balenli-serit-aksesuarli-bikini-ustu-tbess23bu00131-p-349769332,Bikini Üstü
365,347733951,TRENDYOLMİLLA,Hayvan Desenli Straplez Bağlamalı Bikini Üstü TBESS23BU00224,88.99,66,/trendyolmilla/hayvan-desenli-straplez-baglamali-bikini-ustu-tbess23bu00224-p-347733951,Bikini Üstü
366,374838754,TRENDYOLMİLLA,Mavi Üçgen Bikini Üstü TBESS23BU00288,86.99,63,/trendyolmilla/mavi-ucgen-bikini-ustu-tbess23bu00288-p-374838754,Bikini Üstü
367,321635792,TRENDYOLMİLLA,Lacivert Straplez Aksesuarlı Bikini Üstü TBESS23BU00074,83.99,58,/trendyolmilla/lacivert-straplez-aksesuarli-bikini-ustu-tbess23bu00074-p-321635792,Bikini Üstü
368,356843717,TRENDYOLMİLLA,Yeşil Üçgen Aksesuarlı Bikini Üstü TBESS23BU00259,81.99,70,/trendyolmilla/yesil-ucgen-aksesuarli-bikini-ustu-tbess23bu00259-p-356843717,Bikini Üstü
369,472900629,TRENDYOLMİLLA,Kırmızı Bralet Dokulu Bikini Üstü TBESS23BU00433,129.99,96,/trendyolmilla/kirmizi-bralet-dokulu-bikini-ustu-tbess23bu00433-p-472900629,Bikini Üstü
370,338544992,TRENDYOLMİLLA,Çiçek Desenli Balenli Bağlamalı Bikini Üstü TBESS23BU00177,103.99,98,/trendyolmilla/cicek-desenli-balenli-baglamali-bikini-ustu-tbess23bu00177-p-338544992,Bikini Üstü
371,350134923,TRENDYOLMİLLA,Puantiyeli Straplez Tünelli Bikini Üstü TBESS23BU00140,95.99,78,/trendyolmilla/puantiyeli-straplez-tunelli-bikini-ustu-tbess23bu00140-p-350134923,Bikini Üstü
372,322940545,TRENDYOLMİLLA,Lila Balenli Volanlı Bikini Üstü TBESS23BU00125,93.99,62,/trendyolmilla/lila-balenli-volanli-bikini-ustu-tbess23bu00125-p-322940545,Bikini Üstü
373,318309330,TRENDYOLMİLLA,Çiçek Desenli Balenli Ters V Balenli Bikini Üstü TBESS23BU00028,92.99,54,/trendyolmilla/cicek-desenli-balenli-ters-v-balenli-bikini-ustu-tbess23bu00028-p-318309330,Bikini Üstü
374,353179421,TRENDYOLMİLLA,Çiçek Desenli Balenli Tünelli Bikini Üstü TBESS23BU00043,68.99,69,/trendyolmilla/cicek-desenli-balenli-tunelli-bikini-ustu-tbess23bu00043-p-353179421,Bikini Üstü
375,339217324,TRENDYOLMİLLA,Siyah Halter Yaka Aksesuarlı Bikini Üstü TBESS23BU00151,81.99,44,/trendyolmilla/siyah-halter-yaka-aksesuarli-bikini-ustu-tbess23bu00151-p-339217324,Bikini Üstü
376,367848872,TRENDYOLMİLLA,Hayvan Desenli Üçgen Bağlamalı Bikini Üstü TBESS23BU00343,77.99,119,/trendyolmilla/hayvan-desenli-ucgen-baglamali-bikini-ustu-tbess23bu00343-p-367848872,Bikini Üstü
377,358550905,TRENDYOLMİLLA,Yeşil Tek Omuz Fırfırlı Bikini Üstü TBESS21BU0039,380.99,127,/trendyolmilla/yesil-tek-omuz-firfirli-bikini-ustu-tbess21bu0039-p-358550905,Bikini Üstü
378,320185908,TRENDYOLMİLLA,Turuncu Straplez Tünelli Bikini Üstü TBESS22BU0335,156.99,135,/trendyolmilla/turuncu-straplez-tunelli-bikini-ustu-tbess22bu0335-p-320185908,Bikini Üstü
379,358813707,TRENDYOLMİLLA,Yeşil Balenli Dokulu Bikini Üstü TBESS21BU0017,77.99,65,/trendyolmilla/yesil-balenli-dokulu-bikini-ustu-tbess21bu0017-p-358813707,Bikini Üstü
380,367352165,TRENDYOLMİLLA,Kiremit Üçgen Bağlamalı Bikini Üstü TBESS22BU0082,96.99,87,/trendyolmilla/kiremit-ucgen-baglamali-bikini-ustu-tbess22bu0082-p-367352165,Bikini Üstü
381,348737350,TRENDYOLMİLLA,Saks Tek Omuz Aksesuarlı Bikini Üstü TBESS23BU00218,91.99,56,/trendyolmilla/saks-tek-omuz-aksesuarli-bikini-ustu-tbess23bu00218-p-348737350,Bikini Üstü
382,365862268,TRENDYOLMİLLA,Mavi Bralet Bikini Üstü TBESS23BU00313,59.99,65,/trendyolmilla/mavi-bralet-bikini-ustu-tbess23bu00313-p-365862268,Bikini Üstü
383,322264987,TRENDYOLMİLLA,Kırmızı Üçgen Cut Out/Pencereli Bikini Üstü TBESS20BU0202,202.99,133,/trendyolmilla/kirmizi-ucgen-cut-out-pencereli-bikini-ustu-tbess20bu0202-p-322264987,Bikini Üstü
384,365617233,TRENDYOLMİLLA,Çiçek Desenli Üçgen Düğümlü Bikini Üstü TBESS23BU00325,60.99,44,/trendyolmilla/cicek-desenli-ucgen-dugumlu-bikini-ustu-tbess23bu00325-p-365617233,Bikini Üstü
385,364570180,TRENDYOLMİLLA,Çiçek Desenli Üçgen Bağlamalı Bikini Üstü TBESS23BU00162,60.99,93,/trendyolmilla/cicek-desenli-ucgen-baglamali-bikini-ustu-tbess23bu00162-p-364570180,Bikini Üstü
386,320159716,TRENDYOLMİLLA,Yeşil Halter Yaka Büzgülü Bikini Üstü TBESS23BU00133,57.99,67,/trendyolmilla/yesil-halter-yaka-buzgulu-bikini-ustu-tbess23bu00133-p-320159716,Bikini Üstü
387,372723072,TRENDYOLMİLLA,Kiremit Üçgen V Telli Bikini Üstü TBESS23BU00243,56.99,20,/trendyolmilla/kiremit-ucgen-v-telli-bikini-ustu-tbess23bu00243-p-372723072,Bikini Üstü
388,340485732,TRENDYOLMİLLA,Turuncu Straplez Alternatif Kullanımlı Dokulu Bikini Üstü TBESS23BU00156,122.99,67,/trendyolmilla/turuncu-straplez-alternatif-kullanimli-dokulu-bikini-ustu-tbess23bu00156-p-340485732,Bikini Üstü
389,344000041,TRENDYOLMİLLA,Pembe Bralet Fırfırlı Bikini Üstü TBESS23BU00202,79.99,91,/trendyolmilla/pembe-bralet-firfirli-bikini-ustu-tbess23bu00202-p-344000041,Bikini Üstü
390,367752186,TRENDYOLMİLLA,Hayvan Desenli Tek Omuz Cut Out/Pencereli Bikini Üstü TBESS23BU00342,67.99,87,/trendyolmilla/hayvan-desenli-tek-omuz-cut-out-pencereli-bikini-ustu-tbess23bu00342-p-367752186,Bikini Üstü
391,329473300,TRENDYOLMİLLA,Kırmızı Bralet Dokulu Bikini Üstü TBESS23BU00102,52.99,111,/trendyolmilla/kirmizi-bralet-dokulu-bikini-ustu-tbess23bu00102-p-329473300,Bikini Üstü
392,356774591,TRENDYOLMİLLA,Geometrik Desenli Üçgen Biyeli Bikini Üstü TBESS23BU00249,66.99,129,/trendyolmilla/geometrik-desenli-ucgen-biyeli-bikini-ustu-tbess23bu00249-p-356774591,Bikini Üstü
393,66460681,TRENDYOLMİLLA,Siyah Bralet Bikini Üstü TBESS21BU0046,96.99,373,/trendyolmilla/siyah-bralet-bikini-ustu-tbess21bu0046-p-66460681,Bikini Üstü
394,365795335,TRENDYOLMİLLA,Fuşya Halter Yaka Cut Out/Pencereli Bikini Üstü TBESS23BU00338,97.99,69,/trendyolmilla/fusya-halter-yaka-cut-out-pencereli-bikini-ustu-tbess23bu00338-p-365795335,Bikini Üstü
395,92852613,TRENDYOLMİLLA,Çizgili Üçgen Bikini Üstü TBESS21BU0384,102.99,958,/trendyolmilla/cizgili-ucgen-bikini-ustu-tbess21bu0384-p-92852613,Bikini Üstü
396,358866841,TRENDYOLMİLLA,Meyve Desenli Üçgen Bağlamalı Bikini Üstü TBESS23BU00281,83.99,63,/trendyolmilla/meyve-desenli-ucgen-baglamali-bikini-ustu-tbess23bu00281-p-358866841,Bikini Üstü
397,364518192,TRENDYOLMİLLA,Kırmızı Balenli Biyeli Bikini Üstü TBESS23BU00015,140.99,62,/trendyolmilla/kirmizi-balenli-biyeli-bikini-ustu-tbess23bu00015-p-364518192,Bikini Üstü
398,314508683,TRENDYOLMİLLA,Soyut Desenli Balenli Bikini Üstü TBESS23BU00050,83.99,83,/trendyolmilla/soyut-desenli-balenli-bikini-ustu-tbess23bu00050-p-314508683,Bikini Üstü
399,322940542,TRENDYOLMİLLA,Siyah Balenli Volanlı Bikini Üstü TBESS23BU00125,101.99,101,/trendyolmilla/siyah-balenli-volanli-bikini-ustu-tbess23bu00125-p-322940542,Bikini Üstü
400,339217317,TRENDYOLMİLLA,Kırmızı Halter Yaka Aksesuarlı Bikini Üstü TBESS23BU00151,89.99,50,/trendyolmilla/kirmizi-halter-yaka-aksesuarli-bikini-ustu-tbess23bu00151-p-339217317,Bikini Üstü
401,359324299,TRENDYOLMİLLA,Nar Çiçeği Bralet Bikini Üstü TBESS21BU0104,69.99,142,/trendyolmilla/nar-cicegi-bralet-bikini-ustu-tbess21bu0104-p-359324299,Bikini Üstü
402,314429567,TRENDYOLMİLLA,Siyah Halter Yaka Aksesuarlı Bikini Üstü TBESS23BU00001,98.99,58,/trendyolmilla/siyah-halter-yaka-aksesuarli-bikini-ustu-tbess23bu00001-p-314429567,Bikini Üstü
403,365802433,TRENDYOLMİLLA,Pembe Tek Omuz Cut Out/Pencereli Havlu Bikini Üstü TBESS23BU00312,91.99,61,/trendyolmilla/pembe-tek-omuz-cut-out-pencereli-havlu-bikini-ustu-tbess23bu00312-p-365802433,Bikini Üstü
404,356780355,TRENDYOLMİLLA,Çiçek Desenli Tek Omuz Aksesuarlı Bikini Üstü TBESS23BU00264,102.99,68,/trendyolmilla/cicek-desenli-tek-omuz-aksesuarli-bikini-ustu-tbess23bu00264-p-356780355,Bikini Üstü
405,358891579,TRENDYOLMİLLA,Yeşil Bralet Cut Out/Pencereli Dokulu Bikini Üstü TBESS22BU0037,67.99,53,/trendyolmilla/yesil-bralet-cut-out-pencereli-dokulu-bikini-ustu-tbess22bu0037-p-358891579,Bikini Üstü
406,358798026,TRENDYOLMİLLA,Hayvan Desenli Üçgen Bikini Üstü TBESS21BU0343,139.99,76,/trendyolmilla/hayvan-desenli-ucgen-bikini-ustu-tbess21bu0343-p-358798026,Bikini Üstü
407,320218298,TRENDYOLMİLLA,Yeşil Bralet Volanlı Bikini Üstü TBESS21BU0053,83.99,132,/trendyolmilla/yesil-bralet-volanli-bikini-ustu-tbess21bu0053-p-320218298,Bikini Üstü
408,33609423,TRENDYOLMİLLA,Tropikal Desenli Bikini Üstü TBESS20BU0151,46.99,213,/trendyolmilla/tropikal-desenli-bikini-ustu-tbess20bu0151-p-33609423,Bikini Üstü
409,358081429,TRENDYOLMİLLA,Siyah Bralet Simli Bikini Üstü TBESS23BU00273,101.99,72,/trendyolmilla/siyah-bralet-simli-bikini-ustu-tbess23bu00273-p-358081429,Bikini Üstü
410,367357929,TRENDYOLMİLLA,Fuşya Straplez Bağlamalı Bikini Üstü TBESS23BU00341,78.99,86,/trendyolmilla/fusya-straplez-baglamali-bikini-ustu-tbess23bu00341-p-367357929,Bikini Üstü
411,349334179,TRENDYOLMİLLA,Yeşil Üçgen Aksesuarlı Bikini Üstü TBESS21BU0298,103.99,82,/trendyolmilla/yesil-ucgen-aksesuarli-bikini-ustu-tbess21bu0298-p-349334179,Bikini Üstü
412,374869227,TRENDYOLMİLLA,Siyah Bralet Aksesuarlı Bikini Üstü TBESS23BU00373,125.99,58,/trendyolmilla/siyah-bralet-aksesuarli-bikini-ustu-tbess23bu00373-p-374869227,Bikini Üstü
413,374885293,TRENDYOLMİLLA,Siyah Bralet Bikini Üstü TBESS23BU00346,91.99,71,/trendyolmilla/siyah-bralet-bikini-ustu-tbess23bu00346-p-374885293,Bikini Üstü
414,358006541,TRENDYOLMİLLA,Yeşil Bralet Havlu Bikini Üstü TBESS23BU00268,63.99,52,/trendyolmilla/yesil-bralet-havlu-bikini-ustu-tbess23bu00268-p-358006541,Bikini Üstü
415,374869214,TRENDYOLMİLLA,Kırmızı Bralet Aksesuarlı Bikini Üstü TBESS23BU00373,88.99,68,/trendyolmilla/kirmizi-bralet-aksesuarli-bikini-ustu-tbess23bu00373-p-374869214,Bikini Üstü
416,801816140,TRENDYOLMİLLA,Yeşil Bralet Premium Aksesuarlı Bikini Üstü TBESS24BU00167,344.99,29,/trendyolmilla/yesil-bralet-premium-aksesuarli-bikini-ustu-tbess24bu00167-p-801816140,Bikini Üstü
417,347733960,TRENDYOLMİLLA,Hayvan Desenli Straplez Bağlamalı Bikini Üstü TBESS23BU00224,81.99,72,/trendyolmilla/hayvan-desenli-straplez-baglamali-bikini-ustu-tbess23bu00224-p-347733960,Bikini Üstü
418,321807921,TRENDYOLMİLLA,Yeşil Üçgen Dokulu Bikini Üstü TBESS23BU00134,72.99,81,/trendyolmilla/yesil-ucgen-dokulu-bikini-ustu-tbess23bu00134-p-321807921,Bikini Üstü
419,77369281,TRENDYOLMİLLA,Kırmızı Üçgen Biyeli Bikini Üstü TBESS21BU0123,107.99,270,/trendyolmilla/kirmizi-ucgen-biyeli-bikini-ustu-tbess21bu0123-p-77369281,Bikini Üstü
420,358813715,TRENDYOLMİLLA,Pembe Balenli Dokulu Bikini Üstü TBESS21BU0017,124.99,72,/trendyolmilla/pembe-balenli-dokulu-bikini-ustu-tbess21bu0017-p-358813715,Bikini Üstü
421,358866836,TRENDYOLMİLLA,Tropikal Desenli Üçgen Bağlamalı Bikini Üstü TBESS23BU00281,111.99,45,/trendyolmilla/tropikal-desenli-ucgen-baglamali-bikini-ustu-tbess23bu00281-p-358866836,Bikini Üstü
422,321586554,TRENDYOLMİLLA,Yeşil Balenli Dokulu Bikini Üstü TBESS23BU00066,68.99,76,/trendyolmilla/yesil-balenli-dokulu-bikini-ustu-tbess23bu00066-p-321586554,Bikini Üstü
423,358808718,TRENDYOLMİLLA,Yeşil Bralet Dokulu Bikini Üstü TBESS21BU0146,97.99,50,/trendyolmilla/yesil-bralet-dokulu-bikini-ustu-tbess21bu0146-p-358808718,Bikini Üstü
424,347691834,TRENDYOLMİLLA,Yeşil Halter Yaka Biyeli Bikini Üstü TBESS21BU0027,84.99,126,/trendyolmilla/yesil-halter-yaka-biyeli-bikini-ustu-tbess21bu0027-p-347691834,Bikini Üstü
425,338930354,TRENDYOLMİLLA,Nar Çiçeği Üçgen Cut Out/Pencereli Parlak Lak Baskılı Bikini Üstü TBESS23BU00157,81.99,62,/trendyolmilla/nar-cicegi-ucgen-cut-out-pencereli-parlak-lak-baskili-bikini-ustu-tbess23bu00157-p-338930354,Bikini Üstü
426,322934974,TRENDYOLMİLLA,Tarçın Bralet Aksesuarlı Bikini Üstü TBESS23BU00122,77.99,116,/trendyolmilla/tarcin-bralet-aksesuarli-bikini-ustu-tbess23bu00122-p-322934974,Bikini Üstü
427,356500544,TRENDYOLMİLLA,Çiçek Desenli Üçgen Nakışlı Bikini Üstü TBESS23BU00279,106.99,95,/trendyolmilla/cicek-desenli-ucgen-nakisli-bikini-ustu-tbess23bu00279-p-356500544,Bikini Üstü
428,344177432,TRENDYOLMİLLA,Lila Bralet Bağlamalı Bikini Üstü TBESS23BU00204,95.99,82,/trendyolmilla/lila-bralet-baglamali-bikini-ustu-tbess23bu00204-p-344177432,Bikini Üstü
429,358883290,TRENDYOLMİLLA,Kırmızı Bralet Bikini Üstü TBESS21BU0303,86.99,44,/trendyolmilla/kirmizi-bralet-bikini-ustu-tbess21bu0303-p-358883290,Bikini Üstü
430,358568320,TRENDYOLMİLLA,Mor Balenli Bikini Üstü TBESS21BU0319,85.99,57,/trendyolmilla/mor-balenli-bikini-ustu-tbess21bu0319-p-358568320,Bikini Üstü
431,358056001,TRENDYOLMİLLA,Yeşil Balenli Dokulu Bikini Üstü TBESS23BU00278,83.99,48,/trendyolmilla/yesil-balenli-dokulu-bikini-ustu-tbess23bu00278-p-358056001,Bikini Üstü
432,322573303,TRENDYOLMİLLA,Yeşil Bralet Bikini Üstü TBESS22BU0034,53.99,153,/trendyolmilla/yesil-bralet-bikini-ustu-tbess22bu0034-p-322573303,Bikini Üstü
433,375084225,TRENDYOLMİLLA,Siyah Tek Omuz Zincir Aksesuarlı Bikini Üstü TBESS23BU00355,141.99,34,/trendyolmilla/siyah-tek-omuz-zincir-aksesuarli-bikini-ustu-tbess23bu00355-p-375084225,Bikini Üstü
434,349178550,TRENDYOLMİLLA,Siyah Straplez Düğümlü Dokulu Bikini Üstü TBESS23BU00180,126.99,65,/trendyolmilla/siyah-straplez-dugumlu-dokulu-bikini-ustu-tbess23bu00180-p-349178550,Bikini Üstü
435,50751642,TRENDYOLMİLLA,Hayvan Desenli Balkonet Bikini Üstü TBESS21BU0018,165.99,1023,/trendyolmilla/hayvan-desenli-balkonet-bikini-ustu-tbess21bu0018-p-50751642,Bikini Üstü
436,358798020,TRENDYOLMİLLA,Hayvan Desenli Üçgen Bikini Üstü TBESS21BU0343,94.99,88,/trendyolmilla/hayvan-desenli-ucgen-bikini-ustu-tbess21bu0343-p-358798020,Bikini Üstü
437,358086252,TRENDYOLMİLLA,Geometrik Desenli Üçgen Nakışlı Bikini Üstü TBESS23BU00256,103.99,50,/trendyolmilla/geometrik-desenli-ucgen-nakisli-bikini-ustu-tbess23bu00256-p-358086252,Bikini Üstü
438,337628190,TRENDYOLMİLLA,Yeşil Balenli Bikini Üstü TBESS23BU00164,81.99,49,/trendyolmilla/yesil-balenli-bikini-ustu-tbess23bu00164-p-337628190,Bikini Üstü
439,321760312,TRENDYOLMİLLA,Mor Üçgen Push Up Dokulu Bikini Üstü TBESS21BU0010,269.99,148,/trendyolmilla/mor-ucgen-push-up-dokulu-bikini-ustu-tbess21bu0010-p-321760312,Bikini Üstü
440,144338521,TRENDYOLMİLLA,Tarçın Bralet Bağlamalı Bikini Üstü TBESS22BU0264,119.99,576,/trendyolmilla/tarcin-bralet-baglamali-bikini-ustu-tbess22bu0264-p-144338521,Bikini Üstü
