,ID,MARKA,URUN_NAME,FIYAT,RATE_COUNT,URUN_LINK,KATEGORI
0,85630598,TRENDYOLMİLLA,Siyah-Beyaz 2'li Paket Fitted/Vücuda Oturan Crop Halter Yaka Fitilli Esnek Örme Atlet TWOSS21AL0058,196.99,24077,/trendyolmilla/siyah-beyaz-2-li-paket-fitted-vucuda-oturan-crop-halter-yaka-fitilli-esnek-orme-atlet-twoss21al0058-p-85630598,Atlet
1,105021469,TRENDYOLMİLLA,Siyah-Beyaz 2'li Paket Pamuklu Spagetti Askılı Crop Esnek Örme Atlet TWOSS21AL0196,263.99,5379,/trendyolmilla/siyah-beyaz-2-li-paket-pamuklu-spagetti-askili-crop-esnek-orme-atlet-twoss21al0196-p-105021469,Atlet
2,813443917,TRENDYOLMİLLA, Siyah-Beyaz-Bej 3'lü Paket Askılı Vücuda Oturan Kare Yaka Esnek Örme Atlet TWOSS24AL00054,264.99,160,/trendyolmilla/siyah-beyaz-bej-3-lu-paket-askili-vucuda-oturan-kare-yaka-esnek-orme-atlet-twoss24al00054-p-813443917,Atlet
3,195194234,TRENDYOLMİLLA,Beyaz Fitted/Vücuda Oturan Havuz Yaka Fitilli Esnek Örme Atlet TWOSS22AL0042,160.99,6272,/trendyolmilla/beyaz-fitted-vucuda-oturan-havuz-yaka-fitilli-esnek-orme-atlet-twoss22al0042-p-195194234,Atlet
4,195194227,TRENDYOLMİLLA,Siyah Fitted/Vücuda Oturan Havuz Yaka Fitilli Esnek Örme Atlet TWOSS22AL0042,169.99,4137,/trendyolmilla/siyah-fitted-vucuda-oturan-havuz-yaka-fitilli-esnek-orme-atlet-twoss22al0042-p-195194227,Atlet
5,463400540,TRENDYOLMİLLA,Siyah Pamuklu Halter Yaka Fitted/Vücuda Oturan Esnek Örme Atlet TWOSS23AL00069,188.99,1674,/trendyolmilla/siyah-pamuklu-halter-yaka-fitted-vucuda-oturan-esnek-orme-atlet-twoss23al00069-p-463400540,Atlet
6,812174964,TRENDYOLMİLLA,Siyah-Beyaz Askılı Regular Esnek 2'li Paket Örme Atlet TWOSS24AL00048,161.99,94,/trendyolmilla/siyah-beyaz-askili-regular-esnek-2-li-paket-orme-atlet-twoss24al00048-p-812174964,Atlet
7,463400523,TRENDYOLMİLLA,Taş Pamuklu Halter Yaka Fitted/Vücuda Oturan Esnek Örme Atlet TWOSS23AL00069,182.99,2016,/trendyolmilla/tas-pamuklu-halter-yaka-fitted-vucuda-oturan-esnek-orme-atlet-twoss23al00069-p-463400523,Atlet
8,819139971,TRENDYOLMİLLA,Siyah-Vizon 2'li Paket Poliamid İçerikli Askılı Crop Fitted Esnek Örme Atlet TWOSS24AL00053,236.99,40,/trendyolmilla/siyah-vizon-2-li-paket-poliamid-icerikli-askili-crop-fitted-esnek-orme-atlet-twoss24al00053-p-819139971,Atlet
9,812176936,TRENDYOLMİLLA,Beyaz-Yeşil 2'li Paket Poliamid İçerikli Askılı Crop Fitted Esnek Örme Atlet TWOSS24AL00053,240.99,53,/trendyolmilla/beyaz-yesil-2-li-paket-poliamid-icerikli-askili-crop-fitted-esnek-orme-atlet-twoss24al00053-p-812176936,Atlet
10,691177049,TRENDYOLMİLLA,Lacivert Pamuklu Halter Yaka Fitted/Vücuda Oturan Esnek Örme Atlet TWOSS23AL00069,190.99,398,/trendyolmilla/lacivert-pamuklu-halter-yaka-fitted-vucuda-oturan-esnek-orme-atlet-twoss23al00069-p-691177049,Atlet
11,117268869,TRENDYOLMİLLA,Tarçın-Ekru 2'li Paket Fitted/Vücuda Oturan Crop Halter Yaka Fitilli Esnek Örme Atlet TWOSS21AL0058,179.99,4617,/trendyolmilla/tarcin-ekru-2-li-paket-fitted-vucuda-oturan-crop-halter-yaka-fitilli-esnek-orme-atlet-twoss21al0058-p-117268869,Atlet
12,107285942,TRENDYOLMİLLA,Siyah-Beyaz 2'li Paket Büzgü Detaylı Havuz Yaka Fitilli Esnek Örme Atlet TWOSS21AL0195,285.99,485,/trendyolmilla/siyah-beyaz-2-li-paket-buzgu-detayli-havuz-yaka-fitilli-esnek-orme-atlet-twoss21al0195-p-107285942,Atlet
13,367949484,TRENDYOLMİLLA,Haki-Bej 2'li Paket Fitted/Vücuda Oturan Crop Halter Yaka Fitilli Esnek Örme Atlet TWOSS21AL0058,208.99,2882,/trendyolmilla/haki-bej-2-li-paket-fitted-vucuda-oturan-crop-halter-yaka-fitilli-esnek-orme-atlet-twoss21al0058-p-367949484,Atlet
14,370982814,TRENDYOLMİLLA,Siyah-Beyaz 2'li Paket Kolsuz Crop Pamuklu Esnek Örme Atlet TWOSS23AL00010,234.99,1263,/trendyolmilla/siyah-beyaz-2-li-paket-kolsuz-crop-pamuklu-esnek-orme-atlet-twoss23al00010-p-370982814,Atlet
15,183243190,TRENDYOLMİLLA,Kahverengi-Bej 2'li Paket Pamuklu Spagetti Askılı Crop Esnek Örme Atlet TWOSS21AL0196,266.99,1269,/trendyolmilla/kahverengi-bej-2-li-paket-pamuklu-spagetti-askili-crop-esnek-orme-atlet-twoss21al0196-p-183243190,Atlet
16,813505791,TRENDYOLMİLLA,Siyah-Beyaz 2'li Paket Halter Yaka Vücuda Oturan Fitilli Esnek Örme Atlet TWOSS24AL00055,180.99,89,/trendyolmilla/siyah-beyaz-2-li-paket-halter-yaka-vucuda-oturan-fitilli-esnek-orme-atlet-twoss24al00055-p-813505791,Atlet
17,798189642,TRENDYOLMİLLA,Siyah Çizgili Fitted Vücuda Oturan Havuz Yaka Fitilli Esnek Örme Atlet TWOSS24AL00033,181.99,61,/trendyolmilla/siyah-cizgili-fitted-vucuda-oturan-havuz-yaka-fitilli-esnek-orme-atlet-twoss24al00033-p-798189642,Atlet
18,782102246,TRENDYOLMİLLA,Ekru Eskitme/Soluk Efektli Pamuklu Halter Yaka Fitted Esnek Örme Atlet TWOSS23AL00069,187.99,95,/trendyolmilla/ekru-eskitme-soluk-efektli-pamuklu-halter-yaka-fitted-esnek-orme-atlet-twoss23al00069-p-782102246,Atlet
19,370982809,TRENDYOLMİLLA,Kahverengi-Bej 2'li Paket Kolsuz Crop Pamuklu Esnek Örme Atlet TWOSS23AL00010,217.99,819,/trendyolmilla/kahverengi-bej-2-li-paket-kolsuz-crop-pamuklu-esnek-orme-atlet-twoss23al00010-p-370982809,Atlet
20,781937061,TRENDYOLMİLLA,Beyaz Askılı Regular Esnek Örme Atlet TWOSS24AL00024,167.99,105,/trendyolmilla/beyaz-askili-regular-esnek-orme-atlet-twoss24al00024-p-781937061,Atlet
21,35522651,TRENDYOLMİLLA,Beyaz Pamuklu Spagetti Askılı Fitted/Vücuda Oturan Crop Esnek Örme Atlet TWOSS20AL0006,140.99,3299,/trendyolmilla/beyaz-pamuklu-spagetti-askili-fitted-vucuda-oturan-crop-esnek-orme-atlet-twoss20al0006-p-35522651,Atlet
22,782103565,TRENDYOLMİLLA,Lacivert-Açık Gri Melanj 2'li Paket Pamuklu Spagetti Askılı Crop Esnek Örme Atlet TWOSS21AL0196,163.99,31,/trendyolmilla/lacivert-acik-gri-melanj-2-li-paket-pamuklu-spagetti-askili-crop-esnek-orme-atlet-twoss21al0196-p-782103565,Atlet
23,195194238,TRENDYOLMİLLA,Gri Melanj Fitted/Vücuda Oturan Havuz Yaka Fitilli Esnek Örme Atlet TWOSS22AL0042,175.99,960,/trendyolmilla/gri-melanj-fitted-vucuda-oturan-havuz-yaka-fitilli-esnek-orme-atlet-twoss22al0042-p-195194238,Atlet
48,778325178,TRENDYOLMİLLA,Ekru Vücuda Oturan Regular Boy Halter Yaka Fitilli Pamuklu Esnek Örme Atlet TWOSS24AL00002,161.99,77,/trendyolmilla/ekru-vucuda-oturan-regular-boy-halter-yaka-fitilli-pamuklu-esnek-orme-atlet-twoss24al00002-p-778325178,Atlet
49,114815541,TRENDYOLMİLLA,Haki Fitted/Vücuda Oturan Crop Halter Yaka Fitilli Esnek Örme Atlet TWOSS21AL0050,106.99,2133,/trendyolmilla/haki-fitted-vucuda-oturan-crop-halter-yaka-fitilli-esnek-orme-atlet-twoss21al0050-p-114815541,Atlet
50,782101679,TRENDYOLMİLLA,Antrasit- Kar melanj 2'li Paket Kolsuz Crop Pamuklu Esnek Örme Atlet TWOSS23AL00010,184.99,77,/trendyolmilla/antrasit-kar-melanj-2-li-paket-kolsuz-crop-pamuklu-esnek-orme-atlet-twoss23al00010-p-782101679,Atlet
51,812727763,Edit by Trendyol,Siyah Beyaz Kontrast Askılı Örme Atlet TEDSS24AL00002,176.99,43,/edit-by-trendyol/siyah-beyaz-kontrast-askili-orme-atlet-tedss24al00002-p-812727763,Atlet
52,682305929,TRENDYOLMİLLA,Antrasit Pamuklu Halter Yaka Fitted/Vücuda Oturan Esnek Örme Atlet TWOSS23AL00069,196.99,198,/trendyolmilla/antrasit-pamuklu-halter-yaka-fitted-vucuda-oturan-esnek-orme-atlet-twoss23al00069-p-682305929,Atlet
53,816604208,TRENDYOLMİLLA,Beyaz Fermuarlı Fitilli Esnek Crop Örme Atlet TWOSS24AL00062,117.99,42,/trendyolmilla/beyaz-fermuarli-fitilli-esnek-crop-orme-atlet-twoss24al00062-p-816604208,Atlet
54,799994728,TRENDYOLMİLLA,Lacivert Askılı Crop Taş Kalp Aksesuar Detaylı Esnek Örme Atlet TWOSS24AL00034,104.99,22,/trendyolmilla/lacivert-askili-crop-tas-kalp-aksesuar-detayli-esnek-orme-atlet-twoss24al00034-p-799994728,Atlet
55,367898638,TRENDYOLMİLLA,Haki-Bej 2'li Paket Büzgü Detaylı Havuz Yaka Fitilli Esnek Örme Atlet TWOSS21AL0195,290.99,181,/trendyolmilla/haki-bej-2-li-paket-buzgu-detayli-havuz-yaka-fitilli-esnek-orme-atlet-twoss21al0195-p-367898638,Atlet
56,813505788,TRENDYOLMİLLA,Gri-Mint 2'li Paket Halter Yaka Vücuda Oturan Fitilli Esnek Örme Atlet TWOSS24AL00055,115.99,80,/trendyolmilla/gri-mint-2-li-paket-halter-yaka-vucuda-oturan-fitilli-esnek-orme-atlet-twoss24al00055-p-813505788,Atlet
57,780929508,TRENDYOLMİLLA,Ekru Crop Fitted/Vücuda Oturan Halter Yaka Pamuklu Esnek Örme Atlet TWOSS24AL00000,109.99,28,/trendyolmilla/ekru-crop-fitted-vucuda-oturan-halter-yaka-pamuklu-esnek-orme-atlet-twoss24al00000-p-780929508,Atlet
58,774356004,Edit by Trendyol,Siyah Askılı Örme Atlet TWOAW24AL00002,66.99,37,/edit-by-trendyol/siyah-askili-orme-atlet-twoaw24al00002-p-774356004,Atlet
59,810300129,TRENDYOLMİLLA,Taş Askılı Regular Esnek Örme Atlet TWOSS24AL00024,118.99,27,/trendyolmilla/tas-askili-regular-esnek-orme-atlet-twoss24al00024-p-810300129,Atlet
60,825256519,TRENDYOLMİLLA,Kırmızı Fitted/Vücuda Oturan Crop Halter Yaka Fitilli Esnek Örme Atlet TWOSS21AL0050,70.99,4,/trendyolmilla/kirmizi-fitted-vucuda-oturan-crop-halter-yaka-fitilli-esnek-orme-atlet-twoss21al0050-p-825256519,Atlet
61,367949486,TRENDYOLMİLLA,Lacivert-Yeşil 2'li Paket Fitted/Vücuda Oturan Crop Halter Yaka Fitilli Örme Atlet TWOSS21AL0058,169.99,611,/trendyolmilla/lacivert-yesil-2-li-paket-fitted-vucuda-oturan-crop-halter-yaka-fitilli-orme-atlet-twoss21al0058-p-367949486,Atlet
62,808846295,TRENDYOLMİLLA,Siyah Kontrast Biye Detaylı Havuz Yaka Vüuda Oturan Fitilli Esnek Örme Atlet TWOSS24AL00044,194.99,54,/trendyolmilla/siyah-kontrast-biye-detayli-havuz-yaka-vuuda-oturan-fitilli-esnek-orme-atlet-twoss24al00044-p-808846295,Atlet
63,806283737,TRENDYOLMİLLA,Siyah Slogan Baskılı Taş Detaylı Yıkamalı Relaxed/Rahat Kalıp Örme Atlet TWOSS24AL00045,140.99,27,/trendyolmilla/siyah-slogan-baskili-tas-detayli-yikamali-relaxed-rahat-kalip-orme-atlet-twoss24al00045-p-806283737,Atlet
64,463400519,TRENDYOLMİLLA,Kahverengi Pamuklu Halter Yaka Fitted/Vücuda Oturan Esnek Örme Atlet TWOSS23AL00069,195.99,320,/trendyolmilla/kahverengi-pamuklu-halter-yaka-fitted-vucuda-oturan-esnek-orme-atlet-twoss23al00069-p-463400519,Atlet
65,259300603,TRENDYOLMİLLA,Haki-Beyaz 2'li Paket Pamuklu Spagetti Askılı Crop Esnek Örme Atlet TWOSS21AL0196,257.99,599,/trendyolmilla/haki-beyaz-2-li-paket-pamuklu-spagetti-askili-crop-esnek-orme-atlet-twoss21al0196-p-259300603,Atlet
66,367949487,TRENDYOLMİLLA, Kahverengi-Turuncu 2'li Paket Fitted/Vücuda Oturan Crop Fitilli Esnek Örme Atlet TWOSS21AL0058,193.99,550,/trendyolmilla/kahverengi-turuncu-2-li-paket-fitted-vucuda-oturan-crop-fitilli-esnek-orme-atlet-twoss21al0058-p-367949487,Atlet
67,778325201,TRENDYOLMİLLA,Gri Melanj Fitted Regular Boy Halter Yaka Fitilli Pamuklu Esnek Örme Atlet TWOSS24AL00002,98.99,30,/trendyolmilla/gri-melanj-fitted-regular-boy-halter-yaka-fitilli-pamuklu-esnek-orme-atlet-twoss24al00002-p-778325201,Atlet
68,367949482,TRENDYOLMİLLA,Lacivert-Gri 2'li Paket Fitted/Vücuda Oturan Crop Halter Yaka Fitilli Esnek Örme Atlet TWOSS21AL0058,188.99,514,/trendyolmilla/lacivert-gri-2-li-paket-fitted-vucuda-oturan-crop-halter-yaka-fitilli-esnek-orme-atlet-twoss21al0058-p-367949482,Atlet
69,812176078,TRENDYOLMİLLA,Siyah-Taş Pamuklu Halter Yaka Fitted/Vücuda Oturan Esnek 2'li Paket Örme Atlet TWOSS24AL00049,239.99,40,/trendyolmilla/siyah-tas-pamuklu-halter-yaka-fitted-vucuda-oturan-esnek-2-li-paket-orme-atlet-twoss24al00049-p-812176078,Atlet
70,819029425,TRENDYOLMİLLA,Kahverengi Fitted/Vücuda Oturan Havuz Yaka Fitilli Esnek Örme Atlet TWOSS22AL0042,175.99,22,/trendyolmilla/kahverengi-fitted-vucuda-oturan-havuz-yaka-fitilli-esnek-orme-atlet-twoss22al0042-p-819029425,Atlet
71,778325176,TRENDYOLMİLLA,Siyah Vücuda Oturan Regular Boy Halter Yaka Fitilli Pamuklu Esnek Örme Atlet TWOSS24AL00002,140.99,30,/trendyolmilla/siyah-vucuda-oturan-regular-boy-halter-yaka-fitilli-pamuklu-esnek-orme-atlet-twoss24al00002-p-778325176,Atlet
72,825242944,TRENDYOLMİLLA,Siyah-gri melanj 2'li Paket Cut Out Detaylı Fitted Crop Fitilli Esnek Örme Atlet TWOSS23AL00006,83.99,6,/trendyolmilla/siyah-gri-melanj-2-li-paket-cut-out-detayli-fitted-crop-fitilli-esnek-orme-atlet-twoss23al00006-p-825242944,Atlet
74,795580007,TRENDYOLMİLLA,Kırmızı Düz Slim Kare Yaka Süper Crop Örme Atlet TWOSS24AL00031,114.99,22,/trendyolmilla/kirmizi-duz-slim-kare-yaka-super-crop-orme-atlet-twoss24al00031-p-795580007,Atlet
75,816604210,TRENDYOLMİLLA,Siyah Fermuarlı Fitilli Esnek Crop Örme Atlet TWOSS24AL00062,132.99,14,/trendyolmilla/siyah-fermuarli-fitilli-esnek-crop-orme-atlet-twoss24al00062-p-816604210,Atlet
76,807308751,TRENDYOLMİLLA,Taş Fitted/Vücuda Oturan Havuz Yaka Fitilli Esnek Örme Atlet TWOSS22AL0042,174.99,29,/trendyolmilla/tas-fitted-vucuda-oturan-havuz-yaka-fitilli-esnek-orme-atlet-twoss22al0042-p-807308751,Atlet
77,820173789,TRENDYOLMİLLA,Mint-Açık Pembe 2'li Paket Pamuklu Spagetti Askılı Crop Esnek Örme Atlet TWOSS21AL0196,183.99,20,/trendyolmilla/mint-acik-pembe-2-li-paket-pamuklu-spagetti-askili-crop-esnek-orme-atlet-twoss21al0196-p-820173789,Atlet
78,780929537,TRENDYOLMİLLA,Indigo Eskitme/Soluk Efektli Crop Fitted Halter Yaka Pamuklu Esnek Örme Atlet TWOSS24AL00000,107.99,40,/trendyolmilla/indigo-eskitme-soluk-efektli-crop-fitted-halter-yaka-pamuklu-esnek-orme-atlet-twoss24al00000-p-780929537,Atlet
79,825242950,TRENDYOLMİLLA,Pembe-Beyaz 2'li Paket Cut Out Detaylı Fitted Crop Fitilli Esnek Örme Atlet TWOSS23AL00006,98.99,0,/trendyolmilla/pembe-beyaz-2-li-paket-cut-out-detayli-fitted-crop-fitilli-esnek-orme-atlet-twoss23al00006-p-825242950,Atlet
80,798189638,TRENDYOLMİLLA,Bej Çizgili Fitted Vücuda Oturan Havuz Yaka Fitilli Esnek Örme Atlet TWOSS24AL00033,194.99,47,/trendyolmilla/bej-cizgili-fitted-vucuda-oturan-havuz-yaka-fitilli-esnek-orme-atlet-twoss24al00033-p-798189638,Atlet
81,825129400,TRENDYOLMİLLA,Açık Pembe Fitted/Vücuda Oturan Havuz Yaka Fitilli Esnek Örme Atlet TWOSS22AL0042,159.99,12,/trendyolmilla/acik-pembe-fitted-vucuda-oturan-havuz-yaka-fitilli-esnek-orme-atlet-twoss22al0042-p-825129400,Atlet
82,195194242,TRENDYOLMİLLA,Sarı Fitted/Vücuda Oturan Havuz Yaka Fitilli Esnek Örme Atlet TWOSS22AL0042,177.99,529,/trendyolmilla/sari-fitted-vucuda-oturan-havuz-yaka-fitilli-esnek-orme-atlet-twoss22al0042-p-195194242,Atlet
83,101733046,TRENDYOLMİLLA,Siyah Büzgü Detaylı Havuz Yaka Fitilli Esnek Örme Atlet TWOSS21AL0020,118.99,2943,/trendyolmilla/siyah-buzgu-detayli-havuz-yaka-fitilli-esnek-orme-atlet-twoss21al0020-p-101733046,Atlet
84,812055962,TRENDYOLMİLLA,Siyah-Beyaz Fitted/Vücuda Oturan Havuz Yaka Fitilli Esnek Örme Atlet TWOSS24AL00050,258.99,21,/trendyolmilla/siyah-beyaz-fitted-vucuda-oturan-havuz-yaka-fitilli-esnek-orme-atlet-twoss24al00050-p-812055962,Atlet
85,790413187,TRENDYOLMİLLA,Beyaz Fitilli V Yaka Süper Crop Esnek Örme Atlet TWOSS24AL00029,182.99,41,/trendyolmilla/beyaz-fitilli-v-yaka-super-crop-esnek-orme-atlet-twoss24al00029-p-790413187,Atlet
86,795580011,TRENDYOLMİLLA,Beyaz Düz Slim Kare Yaka Süper Crop Örme Atlet TWOSS24AL00031,179.99,39,/trendyolmilla/beyaz-duz-slim-kare-yaka-super-crop-orme-atlet-twoss24al00031-p-795580011,Atlet
87,780936878,TRENDYOLMİLLA,Mavi Düğmeli Fitted/Vücuda Oturan Pamuklu Esnek Fitilli Örme Atlet TWOSS24AL00015,203.99,39,/trendyolmilla/mavi-dugmeli-fitted-vucuda-oturan-pamuklu-esnek-fitilli-orme-atlet-twoss24al00015-p-780936878,Atlet
88,781937062,TRENDYOLMİLLA,Siyah Askılı Regular Esnek Örme Atlet TWOSS24AL00024,147.99,105,/trendyolmilla/siyah-askili-regular-esnek-orme-atlet-twoss24al00024-p-781937062,Atlet
89,801212048,TRENDYOLMİLLA,Gri Kare Yaka Askılı Fitted/Vücuda Oturan Örme Atlet TWOSS24AL00036,152.99,32,/trendyolmilla/gri-kare-yaka-askili-fitted-vucuda-oturan-orme-atlet-twoss24al00036-p-801212048,Atlet
90,780936883,TRENDYOLMİLLA,Gri Melanj Düğmeli Fitted/Vücuda Oturan Pamuklu Esnek Fitilli Örme Atlet TWOSS24AL00015,142.99,35,/trendyolmilla/gri-melanj-dugmeli-fitted-vucuda-oturan-pamuklu-esnek-fitilli-orme-atlet-twoss24al00015-p-780936883,Atlet
91,784807254,TRENDYOLMİLLA,Turkuaz Dokulu Askılı Crop Esnek Örme Atlet TWOSS24AL00028,49.99,8,/trendyolmilla/turkuaz-dokulu-askili-crop-esnek-orme-atlet-twoss24al00028-p-784807254,Atlet
92,825130131,TRENDYOLMİLLA,Vizon-Indigo 2'li Paket Kolsuz Crop Pamuklu Esnek Örme Atlet TWOSS23AL00010,223.99,4,/trendyolmilla/vizon-indigo-2-li-paket-kolsuz-crop-pamuklu-esnek-orme-atlet-twoss23al00010-p-825130131,Atlet
93,819139986,TRENDYOLMİLLA,Siyah-Fuşya 2'li Paket Poliamid İçerikli Askılı Crop Fitted Esnek Örme Atlet TWOSS24AL00053,217.99,7,/trendyolmilla/siyah-fusya-2-li-paket-poliamid-icerikli-askili-crop-fitted-esnek-orme-atlet-twoss24al00053-p-819139986,Atlet
94,819690630,TRENDYOLMİLLA,Gri Melanj Havuz Yaka Regular Boy Fitilli Esnek Vücuda Oturan Örme Atlet TWOSS24AL00060,186.99,9,/trendyolmilla/gri-melanj-havuz-yaka-regular-boy-fitilli-esnek-vucuda-oturan-orme-atlet-twoss24al00060-p-819690630,Atlet
95,818956164,TRENDYOLMİLLA,Siyah Poliamid Havuz Yaka Vücuda Oturan Süper Esnek Örme Atlet TWOSS24AL00065,166.99,8,/trendyolmilla/siyah-poliamid-havuz-yaka-vucuda-oturan-super-esnek-orme-atlet-twoss24al00065-p-818956164,Atlet
96,825129401,TRENDYOLMİLLA,Vizon Fitted/Vücuda Oturan Havuz Yaka Fitilli Esnek Örme Atlet TWOSS22AL0042,107.99,5,/trendyolmilla/vizon-fitted-vucuda-oturan-havuz-yaka-fitilli-esnek-orme-atlet-twoss22al0042-p-825129401,Atlet
97,372192363,TRENDYOLMİLLA,Siyah Kare Yaka Fitted/Vücuda Oturan Esnek Örme Atlet TWOSS23AL00037,152.99,100,/trendyolmilla/siyah-kare-yaka-fitted-vucuda-oturan-esnek-orme-atlet-twoss23al00037-p-372192363,Atlet
98,372192372,TRENDYOLMİLLA,Ekru Kare Yaka Fitted/Vücuda Oturan Esnek Örme Atlet TWOSS23AL00037,130.99,165,/trendyolmilla/ekru-kare-yaka-fitted-vucuda-oturan-esnek-orme-atlet-twoss23al00037-p-372192372,Atlet
99,780929526,TRENDYOLMİLLA,Bej Eskitme/Soluk Efektli Crop Fitted Halter Yaka Pamuklu Esnek Örme Örme Atlet TWOSS24AL00000,116.99,16,/trendyolmilla/bej-eskitme-soluk-efektli-crop-fitted-halter-yaka-pamuklu-esnek-orme-orme-atlet-twoss24al00000-p-780929526,Atlet
100,182483258,TRENDYOLMİLLA,Mavi Fitted/Vücuda Oturan Crop Halter Yaka Fitilli Esnek Örme Atlet TWOSS21AL0050,151.99,1475,/trendyolmilla/mavi-fitted-vucuda-oturan-crop-halter-yaka-fitilli-esnek-orme-atlet-twoss21al0050-p-182483258,Atlet
101,369685262,TRENDYOLMİLLA,Siyah-Beyaz 2'li Paket Cut Out Detaylı Fitted Crop Fitilli Esnek Örme Atlet TWOSS23AL00006,191.99,901,/trendyolmilla/siyah-beyaz-2-li-paket-cut-out-detayli-fitted-crop-fitilli-esnek-orme-atlet-twoss23al00006-p-369685262,Atlet
102,825243586,TRENDYOLMİLLA,Pembe-Beyaz 2'li Paket Vücuda Oturan Crop Halter Yaka Fitilli Esnek Örme Atlet TWOSS21AL0058,212.99,23,/trendyolmilla/pembe-beyaz-2-li-paket-vucuda-oturan-crop-halter-yaka-fitilli-esnek-orme-atlet-twoss21al0058-p-825243586,Atlet
103,820020307,TRENDYOLMİLLA,Beyaz Halter Yaka Kontrast Biye Detaylı Fitilli Esnek Örme Atlet TWOSS24AL00027,156.99,21,/trendyolmilla/beyaz-halter-yaka-kontrast-biye-detayli-fitilli-esnek-orme-atlet-twoss24al00027-p-820020307,Atlet
104,83301557,TRENDYOLMİLLA,Siyah Fitted/Vücuda Oturan Super Crop Halter Yaka Fitilli Esnek Örme Atlet TWOSS21AL0050,104.99,7003,/trendyolmilla/siyah-fitted-vucuda-oturan-super-crop-halter-yaka-fitilli-esnek-orme-atlet-twoss21al0050-p-83301557,Atlet
105,825243739,TRENDYOLMİLLA,Pembe Fitted/Vücuda Oturan Crop Halter Yaka Fitilli Esnek Örme Atlet TWOSS21AL0050,141.99,7,/trendyolmilla/pembe-fitted-vucuda-oturan-crop-halter-yaka-fitilli-esnek-orme-atlet-twoss21al0050-p-825243739,Atlet
106,779780413,TRENDYOLMİLLA,Siyah Kare Yaka Sıfır Kol Pamuklu Esnek Fitted/Vücuda Oturan Örme Atlet TWOSS24AL00013,215.99,22,/trendyolmilla/siyah-kare-yaka-sifir-kol-pamuklu-esnek-fitted-vucuda-oturan-orme-atlet-twoss24al00013-p-779780413,Atlet
107,812193355,TRENDYOLMİLLA, Siyah-Beyaz-Çok Renkli Spagetti Askılı Fitted/Vücuda Oturan Crop Esnek Örme Atlet TWOSS24AL00051,269.99,65,/trendyolmilla/siyah-beyaz-cok-renkli-spagetti-askili-fitted-vucuda-oturan-crop-esnek-orme-atlet-twoss24al00051-p-812193355,Atlet
108,806268455,TRENDYOLMİLLA,Bordo Renk Bloklu Fitted/Vücuda Oturan Kare Yaka Askılı Örme Atlet TWOSS24AL00038,90.99,14,/trendyolmilla/bordo-renk-bloklu-fitted-vucuda-oturan-kare-yaka-askili-orme-atlet-twoss24al00038-p-806268455,Atlet
109,778325181,TRENDYOLMİLLA,Haki Soluk Efektli Vücuda Oturan Halter Yaka Fitilli Pamuklu Esnek Örme Atlet TWOSS24AL00002,132.99,29,/trendyolmilla/haki-soluk-efektli-vucuda-oturan-halter-yaka-fitilli-pamuklu-esnek-orme-atlet-twoss24al00002-p-778325181,Atlet
110,817827970,TRENDYOLMİLLA,Siyah-Gri Melanj 2'li Paket Vücuda Oturan Crop Halter Yaka Fitilli Esnek Örme Atlet TWOSS21AL0058,203.99,29,/trendyolmilla/siyah-gri-melanj-2-li-paket-vucuda-oturan-crop-halter-yaka-fitilli-esnek-orme-atlet-twoss21al0058-p-817827970,Atlet
111,372192338,TRENDYOLMİLLA,Vizon Kare Yaka Fitted/Vücuda Oturan Esnek Örme Atlet TWOSS23AL00037,158.99,288,/trendyolmilla/vizon-kare-yaka-fitted-vucuda-oturan-esnek-orme-atlet-twoss23al00037-p-372192338,Atlet
112,819690636,TRENDYOLMİLLA,Siyah Sloganlı Havuz Yaka Regular Boy Fitilli Esnek Vücuda Oturan Örme Atlet TWOSS24AL00060,203.99,5,/trendyolmilla/siyah-sloganli-havuz-yaka-regular-boy-fitilli-esnek-vucuda-oturan-orme-atlet-twoss24al00060-p-819690636,Atlet
113,784807255,TRENDYOLMİLLA,Turuncu Dokulu Askılı Crop Esnek Örme Atlet TWOSS24AL00028,68.99,17,/trendyolmilla/turuncu-dokulu-askili-crop-esnek-orme-atlet-twoss24al00028-p-784807255,Atlet
114,808991383,TRENDYOLMİLLA,Neon Yeşil Halter Yaka Fitilli Esnek Örme Atlet TWOSS24AL00047,107.99,39,/trendyolmilla/neon-yesil-halter-yaka-fitilli-esnek-orme-atlet-twoss24al00047-p-808991383,Atlet
115,825131551,TRENDYOLMİLLA,Taş Düz Slim Kare Yaka Süper Crop Örme Atlet TWOSS24AL00031,129.99,6,/trendyolmilla/tas-duz-slim-kare-yaka-super-crop-orme-atlet-twoss24al00031-p-825131551,Atlet
116,795580026,TRENDYOLMİLLA,Siyah Düz Slim Kare Yaka Süper Crop Örme Atlet TWOSS24AL00031,183.99,28,/trendyolmilla/siyah-duz-slim-kare-yaka-super-crop-orme-atlet-twoss24al00031-p-795580026,Atlet
117,370736911,TRENDYOLMİLLA,Antrasit Fitted/Vücuda Oturan Yaka Detaylı Baskılı Fitilli Crop Esnek Örme Atlet TWOSS23AL00033,196.99,159,/trendyolmilla/antrasit-fitted-vucuda-oturan-yaka-detayli-baskili-fitilli-crop-esnek-orme-atlet-twoss23al00033-p-370736911,Atlet
118,114815529,TRENDYOLMİLLA,Beyaz Fitted/Vücuda Oturan Crop Halter Yaka Fitilli Esnek Örme Atlet TWOSS21AL0050,139.99,5845,/trendyolmilla/beyaz-fitted-vucuda-oturan-crop-halter-yaka-fitilli-esnek-orme-atlet-twoss21al0050-p-114815529,Atlet
119,782335104,TRENDYOLMİLLA,Antrasit Halter Yaka Dokulu Esnek Örme Atlet TWOSS24AL00017,110.99,6,/trendyolmilla/antrasit-halter-yaka-dokulu-esnek-orme-atlet-twoss24al00017-p-782335104,Atlet
121,779780414,TRENDYOLMİLLA,Ekru Kare Yaka Sıfır Kol Pamuklu Esnek Fitted/Vücuda Oturan Örme Atlet TWOSS24AL00013,214.99,36,/trendyolmilla/ekru-kare-yaka-sifir-kol-pamuklu-esnek-fitted-vucuda-oturan-orme-atlet-twoss24al00013-p-779780414,Atlet
122,36882426,TRENDYOLMİLLA,Lacivert Pamuklu Spagetti Askılı Fitted/Vücuda Oturan Crop Esnek Örme Atlet TWOSS20AL0006,150.99,593,/trendyolmilla/lacivert-pamuklu-spagetti-askili-fitted-vucuda-oturan-crop-esnek-orme-atlet-twoss20al0006-p-36882426,Atlet
123,778325192,TRENDYOLMİLLA,Lacivert Soluk Efektli Vücuda Oturan Halter Yaka Fitilli Pamuklu Esnek Örme Atlet TWOSS24AL00002,161.99,26,/trendyolmilla/lacivert-soluk-efektli-vucuda-oturan-halter-yaka-fitilli-pamuklu-esnek-orme-atlet-twoss24al00002-p-778325192,Atlet
124,780276015,TRENDYOLMİLLA,Haki Fitted/Vücuda Oturan Havuz Yaka Fitilli Esnek Örme Atlet TWOSS22AL0042,168.99,27,/trendyolmilla/haki-fitted-vucuda-oturan-havuz-yaka-fitilli-esnek-orme-atlet-twoss22al0042-p-780276015,Atlet
125,368342410,TRENDYOLMİLLA,Fuşya Fitted/Vücuda Oturan Crop Halter Yaka Fitilli Esnek Örme Atlet TWOSS21AL0050,151.99,281,/trendyolmilla/fusya-fitted-vucuda-oturan-crop-halter-yaka-fitilli-esnek-orme-atlet-twoss21al0050-p-368342410,Atlet
126,784869585,TRENDYOLMİLLA,Siyah Halter Yaka Kontrast Biye Detaylı Fitilli Esnek Örme Atlet TWOSS24AL00027,162.99,37,/trendyolmilla/siyah-halter-yaka-kontrast-biye-detayli-fitilli-esnek-orme-atlet-twoss24al00027-p-784869585,Atlet
127,812195074,TRENDYOLMİLLA,Turuncu Boyundan Bağlamalı Slogan Baskılı Bluz Örme Atlet TWOSS24AL00052,97.99,13,/trendyolmilla/turuncu-boyundan-baglamali-slogan-baskili-bluz-orme-atlet-twoss24al00052-p-812195074,Atlet
128,244958547,TRENDYOLMİLLA,Ekru Asimetrik Super Crop Fitilli Esnek Örme Atlet TWOSS22AL0065,149.99,1426,/trendyolmilla/ekru-asimetrik-super-crop-fitilli-esnek-orme-atlet-twoss22al0065-p-244958547,Atlet
129,827150845,TRENDYOLMİLLA,Siyah Halter Yaka Vücuda Oturan Regular Boy Fitilli Esnek Örme Atlet TWOSS24AL00064,168.99,4,/trendyolmilla/siyah-halter-yaka-vucuda-oturan-regular-boy-fitilli-esnek-orme-atlet-twoss24al00064-p-827150845,Atlet
130,806267599,TRENDYOLMİLLA,Siyah Fitted/Vücuda Oturan Halter Yaka Crop Örme Atlet TWOSS24AL00042,164.99,30,/trendyolmilla/siyah-fitted-vucuda-oturan-halter-yaka-crop-orme-atlet-twoss24al00042-p-806267599,Atlet
131,805660425,TRENDYOLMİLLA,Lacivert-Çok Renkli Kontrast Biye Detaylı Fitted/Vücuda Oturan Esnek Örme Atlet TWOSS24AL00041,165.99,25,/trendyolmilla/lacivert-cok-renkli-kontrast-biye-detayli-fitted-vucuda-oturan-esnek-orme-atlet-twoss24al00041-p-805660425,Atlet
132,782522275,TRENDYOLMİLLA,Beyaz Askılı Crop Fitilli Esnek Örme Atlet TWOSS24AL00023,161.99,13,/trendyolmilla/beyaz-askili-crop-fitilli-esnek-orme-atlet-twoss24al00023-p-782522275,Atlet
133,114815560,TRENDYOLMİLLA,Gri Fitted/Vücuda Oturan Crop Halter Yaka Fitilli Esnek Örme Atlet TWOSS21AL0050,102.99,419,/trendyolmilla/gri-fitted-vucuda-oturan-crop-halter-yaka-fitilli-esnek-orme-atlet-twoss21al0050-p-114815560,Atlet
134,808846287,TRENDYOLMİLLA,Gri Melanj Kontrast Biye Detaylı Havuz Yaka Vüuda Oturan Fitilli Esnek Örme Atlet TWOSS24AL00044,155.99,10,/trendyolmilla/gri-melanj-kontrast-biye-detayli-havuz-yaka-vuuda-oturan-fitilli-esnek-orme-atlet-twoss24al00044-p-808846287,Atlet
135,784869584,TRENDYOLMİLLA,Kahverengi Halter Yaka Kontrast Biye Detaylı Fitilli Esnek Örme Atlet TWOSS24AL00027,157.99,40,/trendyolmilla/kahverengi-halter-yaka-kontrast-biye-detayli-fitilli-esnek-orme-atlet-twoss24al00027-p-784869584,Atlet
136,782522299,TRENDYOLMİLLA,Siyah Askılı Crop Fitilli Esnek Örme Atlet TWOSS24AL00023,142.99,23,/trendyolmilla/siyah-askili-crop-fitilli-esnek-orme-atlet-twoss24al00023-p-782522299,Atlet
137,812056182,TRENDYOLMİLLA,Lacivert-Gri Fitted/Vücuda Oturan Havuz Yaka Fitilli Esnek Örme Atlet TWOSS24AL00050,235.99,15,/trendyolmilla/lacivert-gri-fitted-vucuda-oturan-havuz-yaka-fitilli-esnek-orme-atlet-twoss24al00050-p-812056182,Atlet
138,819030942,TRENDYOLMİLLA,Indigo Askılı Regular Esnek Örme Atlet TWOSS24AL00024,156.99,1,/trendyolmilla/indigo-askili-regular-esnek-orme-atlet-twoss24al00024-p-819030942,Atlet
139,780936886,TRENDYOLMİLLA,Siyah Düğmeli Fitted/Vücuda Oturan Pamuklu Esnek Fitilli Örme Atlet TWOSS24AL00015,193.99,42,/trendyolmilla/siyah-dugmeli-fitted-vucuda-oturan-pamuklu-esnek-fitilli-orme-atlet-twoss24al00015-p-780936886,Atlet
140,781937060,TRENDYOLMİLLA,Kırmızı Askılı Regular Esnek Örme Atlet TWOSS24AL00024,137.99,28,/trendyolmilla/kirmizi-askili-regular-esnek-orme-atlet-twoss24al00024-p-781937060,Atlet
141,819139977,TRENDYOLMİLLA,Siyah-Yeşil 2'li Paket Poliamid İçerikli Askılı Crop Fitted Esnek Örme Atlet TWOSS24AL00053,244.99,10,/trendyolmilla/siyah-yesil-2-li-paket-poliamid-icerikli-askili-crop-fitted-esnek-orme-atlet-twoss24al00053-p-819139977,Atlet
142,782102247,TRENDYOLMİLLA,Haki Eskitme/Soluk Efektli Pamuklu Halter Yaka Fitted Esnek Örme Atlet TWOSS23AL00069,176.99,24,/trendyolmilla/haki-eskitme-soluk-efektli-pamuklu-halter-yaka-fitted-esnek-orme-atlet-twoss23al00069-p-782102247,Atlet
143,815330636,TRENDYOLMİLLA,Beyaz Bisiklet Yaka Sıfır Kol Örme Atlet TWOSS24AL00058,122.99,14,/trendyolmilla/beyaz-bisiklet-yaka-sifir-kol-orme-atlet-twoss24al00058-p-815330636,Atlet
144,825131548,TRENDYOLMİLLA,Haki Düz Slim Kare Yaka Süper Crop Örme Atlet TWOSS24AL00031,162.99,5,/trendyolmilla/haki-duz-slim-kare-yaka-super-crop-orme-atlet-twoss24al00031-p-825131548,Atlet
145,822265706,TRENDYOLMİLLA,Siyah-Beyaz Nakışlı 2'li Paket Vücuda Oturan Crop Halter Yaka Fitilli Esnek Örme Atlet TWOSS21AL0058,224.99,4,/trendyolmilla/siyah-beyaz-nakisli-2-li-paket-vucuda-oturan-crop-halter-yaka-fitilli-esnek-orme-atlet-twoss21al0058-p-822265706,Atlet
146,809983415,Edit by Trendyol,Kadın giyim Beyaz Bel Detaylı Asklı Örme Atlet,57.99,9,/edit-by-trendyol/kadin-giyim-beyaz-bel-detayli-askli-orme-atlet-p-809983415,Atlet
147,368342403,TRENDYOLMİLLA,Turuncu Fitted/Vücuda Oturan Crop Halter Yaka Fitilli Esnek Örme Atlet TWOSS21AL0050,150.99,272,/trendyolmilla/turuncu-fitted-vucuda-oturan-crop-halter-yaka-fitilli-esnek-orme-atlet-twoss21al0050-p-368342403,Atlet
148,813869774,TRENDYOLMİLLA,Siyah Dantel Detaylı Dokulu Tül Fitted/Vücuda Oturan Esnek Örme Atlet TWOSS24AL00056,90.99,14,/trendyolmilla/siyah-dantel-detayli-dokulu-tul-fitted-vucuda-oturan-esnek-orme-atlet-twoss24al00056-p-813869774,Atlet
149,778531947,TRENDYOLMİLLA,Siyah File Detaylı Fitted/Vücuda Oturan Örme Atlet TWOSS24AL00004,100.99,18,/trendyolmilla/siyah-file-detayli-fitted-vucuda-oturan-orme-atlet-twoss24al00004-p-778531947,Atlet
150,810016919,Edit by Trendyol,Kırmızı Regular Örme Atlet TWOAW24AL00002,57.99,8,/edit-by-trendyol/kirmizi-regular-orme-atlet-twoaw24al00002-p-810016919,Atlet
151,240345699,TRENDYOLMİLLA,Siyah Fitted/Vücuda Oturan Bisiklet Yaka Bürümcük/Dokulu Örme Atlet TWOSS22AL00075,155.99,646,/trendyolmilla/siyah-fitted-vucuda-oturan-bisiklet-yaka-burumcuk-dokulu-orme-atlet-twoss22al00075-p-240345699,Atlet
152,782103008,TRENDYOLMİLLA,Antrasit Pamuklu Spagetti Askılı Fitted/Vücuda Oturan Crop Esnek Örme Atlet TWOSS20AL0006,94.99,10,/trendyolmilla/antrasit-pamuklu-spagetti-askili-fitted-vucuda-oturan-crop-esnek-orme-atlet-twoss20al0006-p-782103008,Atlet
153,780276008,TRENDYOLMİLLA,Kırmızı Fitted/Vücuda Oturan Havuz Yaka Fitilli Esnek Örme Atlet TWOSS22AL0042,172.99,25,/trendyolmilla/kirmizi-fitted-vucuda-oturan-havuz-yaka-fitilli-esnek-orme-atlet-twoss22al0042-p-780276008,Atlet
154,818956162,TRENDYOLMİLLA,Vizon Poliamid Havuz Yaka Vücuda Oturan Süper Esnek Örme Atlet TWOSS24AL00065,193.99,16,/trendyolmilla/vizon-poliamid-havuz-yaka-vucuda-oturan-super-esnek-orme-atlet-twoss24al00065-p-818956162,Atlet
155,778325179,TRENDYOLMİLLA,Antrasit Soluk Efektli Vücuda Oturan Halter Yaka Fitilli Pamuklu Esnek Örme Atlet TWOSS24AL00002,179.99,23,/trendyolmilla/antrasit-soluk-efektli-vucuda-oturan-halter-yaka-fitilli-pamuklu-esnek-orme-atlet-twoss24al00002-p-778325179,Atlet
156,809983413,Edit by Trendyol,Siyah Bel Detaylı Asklı Örme Atlet TEDSS24AL00001,51.99,9,/edit-by-trendyol/siyah-bel-detayli-askli-orme-atlet-tedss24al00001-p-809983413,Atlet
157,356589594,TRENDYOLMİLLA,Siyah-Pembe 2'li Paket Pamuklu Spagetti Askılı Crop Esnek Örme Atlet TWOSS21AL0196,210.99,252,/trendyolmilla/siyah-pembe-2-li-paket-pamuklu-spagetti-askili-crop-esnek-orme-atlet-twoss21al0196-p-356589594,Atlet
158,378628578,TRENDYOLMİLLA,Siyah Boyundan Bağlamalı Spagetti Askılı Pamuklu Esnek Crop Örme Atlet TWOSS23AL00046,177.99,266,/trendyolmilla/siyah-boyundan-baglamali-spagetti-askili-pamuklu-esnek-crop-orme-atlet-twoss23al00046-p-378628578,Atlet
159,356589577,TRENDYOLMİLLA, Lacivert-Kırmızı 2'li Paket Pamuklu Spagetti Askılı Crop Esnek Örme Atlet TWOSS21AL0196,248.99,147,/trendyolmilla/lacivert-kirmizi-2-li-paket-pamuklu-spagetti-askili-crop-esnek-orme-atlet-twoss21al0196-p-356589577,Atlet
160,819555092,Edit by Trendyol,Kırmızı Regular Örme Atlet TEDSS24AL00004,87.99,3,/edit-by-trendyol/kirmizi-regular-orme-atlet-tedss24al00004-p-819555092,Atlet
161,825515031,Edit by Trendyol, Siyah-Beyaz-Gri Pamuklu Askılı Örme Atlet TEDSS24AL00005,158.99,10,/edit-by-trendyol/siyah-beyaz-gri-pamuklu-askili-orme-atlet-tedss24al00005-p-825515031,Atlet
162,796458705,TRENDYOLMİLLA,Kiremit Pamuklu Halter Yaka Fitted/Vücuda Oturan Esnek Örme Atlet TWOSS23AL00069,194.99,32,/trendyolmilla/kiremit-pamuklu-halter-yaka-fitted-vucuda-oturan-esnek-orme-atlet-twoss23al00069-p-796458705,Atlet
163,809983412,Edit by Trendyol,Bej Bel Detaylı Asklı Örme Atlet TEDSS24AL00001,53.99,4,/edit-by-trendyol/bej-bel-detayli-askli-orme-atlet-tedss24al00001-p-809983412,Atlet
164,829524059,TRENDYOLMİLLA, Fuşya-Hardal-Bej 3'lü Paket Askılı Vücuda Oturan Kare Yaka Esnek Örme Atlet TWOSS24AL00054,253.99,4,/trendyolmilla/fusya-hardal-bej-3-lu-paket-askili-vucuda-oturan-kare-yaka-esnek-orme-atlet-twoss24al00054-p-829524059,Atlet
165,815552976,TRENDYOLMİLLA,Mavi Halter Yaka Fitilli Esnek Örme Atlet TWOSS24AL00047,103.99,7,/trendyolmilla/mavi-halter-yaka-fitilli-esnek-orme-atlet-twoss24al00047-p-815552976,Atlet
166,244958551,TRENDYOLMİLLA,Pembe Asimetrik Super Crop Fitilli Esnek Örme Atlet TWOSS22AL0065,142.99,1328,/trendyolmilla/pembe-asimetrik-super-crop-fitilli-esnek-orme-atlet-twoss22al0065-p-244958551,Atlet
167,782335073,TRENDYOLMİLLA,Beyaz Halter Yaka Dokulu Esnek Örme Atlet TWOSS24AL00017,167.99,27,/trendyolmilla/beyaz-halter-yaka-dokulu-esnek-orme-atlet-twoss24al00017-p-782335073,Atlet
168,815330635,TRENDYOLMİLLA,Siyah Bisiklet Yaka Sıfır Kol Örme Atlet TWOSS24AL00058,93.99,12,/trendyolmilla/siyah-bisiklet-yaka-sifir-kol-orme-atlet-twoss24al00058-p-815330635,Atlet
169,782101745,TRENDYOLMİLLA,Kırmızı Boyundan Bağlamalı Spagetti Askılı Pamuklu Esnek Crop Örme Atlet TWOSS23AL00046,152.99,18,/trendyolmilla/kirmizi-boyundan-baglamali-spagetti-askili-pamuklu-esnek-crop-orme-atlet-twoss23al00046-p-782101745,Atlet
170,782103564,TRENDYOLMİLLA,Antrasit-Mor 2'li Paket Pamuklu Spagetti Askılı Crop Esnek Örme Atlet TWOSS21AL0196,205.99,24,/trendyolmilla/antrasit-mor-2-li-paket-pamuklu-spagetti-askili-crop-esnek-orme-atlet-twoss21al0196-p-782103564,Atlet
171,707354396,TRENDYOLMİLLA,Lacivert Puantiye Baskılı Pamuklu Halter Yaka Fitted/Vücuda Oturan Esnek Örme Atlet TWOSS23AL00069,66.99,32,/trendyolmilla/lacivert-puantiye-baskili-pamuklu-halter-yaka-fitted-vucuda-oturan-esnek-orme-atlet-twoss23al00069-p-707354396,Atlet
172,810300127,TRENDYOLMİLLA,Fuşya Askılı Regular Esnek Örme Atlet TWOSS24AL00024,142.99,18,/trendyolmilla/fusya-askili-regular-esnek-orme-atlet-twoss24al00024-p-810300127,Atlet
173,782335088,TRENDYOLMİLLA,Saks Halter Yaka Dokulu Esnek Örme Atlet TWOSS24AL00017,118.99,13,/trendyolmilla/saks-halter-yaka-dokulu-esnek-orme-atlet-twoss24al00017-p-782335088,Atlet
174,801212049,TRENDYOLMİLLA,Fuşya Kare Yaka Askılı Fitted/Vücuda Oturan Örme Atlet TWOSS24AL00036,159.99,6,/trendyolmilla/fusya-kare-yaka-askili-fitted-vucuda-oturan-orme-atlet-twoss24al00036-p-801212049,Atlet
175,779780411,TRENDYOLMİLLA,Kırmızı Kare Yaka Sıfır Kol Pamuklu Esnek Fitted/Vücuda Oturan Örme Atlet TWOSS24AL00013,126.99,16,/trendyolmilla/kirmizi-kare-yaka-sifir-kol-pamuklu-esnek-fitted-vucuda-oturan-orme-atlet-twoss24al00013-p-779780411,Atlet
176,378628569,TRENDYOLMİLLA,Fuşya Boyundan Bağlamalı Spagetti Askılı Pamuklu Esnek Crop Örme Atlet TWOSS23AL00046,151.99,186,/trendyolmilla/fusya-boyundan-baglamali-spagetti-askili-pamuklu-esnek-crop-orme-atlet-twoss23al00046-p-378628569,Atlet
177,790413185,TRENDYOLMİLLA,Lime Fitilli V Yaka Süper Crop Esnek Örme Atlet TWOSS24AL00029,137.99,7,/trendyolmilla/lime-fitilli-v-yaka-super-crop-esnek-orme-atlet-twoss24al00029-p-790413185,Atlet
178,356981400,TRENDYOLMİLLA,Petrol-Bej 2'li Paket Pamuklu Spagetti Askılı Crop Esnek Örme Atlet TWOSS21AL0196,225.99,313,/trendyolmilla/petrol-bej-2-li-paket-pamuklu-spagetti-askili-crop-esnek-orme-atlet-twoss21al0196-p-356981400,Atlet
179,790413186,TRENDYOLMİLLA,Kırmızı Fitilli V Yaka Süper Crop Esnek Örme Atlet TWOSS24AL00029,162.99,14,/trendyolmilla/kirmizi-fitilli-v-yaka-super-crop-esnek-orme-atlet-twoss24al00029-p-790413186,Atlet
180,815552962,TRENDYOLMİLLA,Mint Halter Yaka Fitilli Esnek Örme Atlet TWOSS24AL00047,160.99,13,/trendyolmilla/mint-halter-yaka-fitilli-esnek-orme-atlet-twoss24al00047-p-815552962,Atlet
181,795507989,TRENDYOLMİLLA,Siyah Askılı Esnek Fitted/Vücuda Oturan Örme Atlet TWOSS24AL00032,79.99,27,/trendyolmilla/siyah-askili-esnek-fitted-vucuda-oturan-orme-atlet-twoss24al00032-p-795507989,Atlet
182,827150841,TRENDYOLMİLLA,Gri Melanj Halter Yaka Vücuda Oturan Regular Boy Fitilli Esnek Örme Atlet TWOSS24AL00064,155.99,2,/trendyolmilla/gri-melanj-halter-yaka-vucuda-oturan-regular-boy-fitilli-esnek-orme-atlet-twoss24al00064-p-827150841,Atlet
183,823762194,TRENDYOLMİLLA,Ekru Havuz Yaka Fitted/Vücuda Oturan Esnek Örme Atlet TWOSS24AL00068,121.99,18,/trendyolmilla/ekru-havuz-yaka-fitted-vucuda-oturan-esnek-orme-atlet-twoss24al00068-p-823762194,Atlet
184,819555088,Edit by Trendyol,Siyah Regular Örme Atlet TEDSS24AL00004,159.99,7,/edit-by-trendyol/siyah-regular-orme-atlet-tedss24al00004-p-819555088,Atlet
185,806278794,TRENDYOLMİLLA,Siyah Cut Out Detaylı Bisiklet Yaka Örme Atlet TWOSS24AL00043,78.99,14,/trendyolmilla/siyah-cut-out-detayli-bisiklet-yaka-orme-atlet-twoss24al00043-p-806278794,Atlet
186,798688232,TRENDYOLMİLLA,Gri Taş Detaylı Halter Yaka Regular Örme Atlet TWOSS24AL00035,124.99,15,/trendyolmilla/gri-tas-detayli-halter-yaka-regular-orme-atlet-twoss24al00035-p-798688232,Atlet
187,778316039,TRENDYOLMİLLA,Gri Melanj Dantel Detaylı Vücuda Oturan Fitilli Esnek Örme Atlet TWOSS24AL00010,107.99,24,/trendyolmilla/gri-melanj-dantel-detayli-vucuda-oturan-fitilli-esnek-orme-atlet-twoss24al00010-p-778316039,Atlet
188,780392361,TRENDYOLMİLLA,Lacivert-Taş 2'li Paket Cut Out Detaylı Fitted Crop Fitilli Esnek Örme Atlet TWOSS23AL00006,151.99,29,/trendyolmilla/lacivert-tas-2-li-paket-cut-out-detayli-fitted-crop-fitilli-esnek-orme-atlet-twoss23al00006-p-780392361,Atlet
189,782522284,TRENDYOLMİLLA,Gri Melanj Askılı Crop Fitilli Esnek Örme Atlet TWOSS24AL00023,112.99,9,/trendyolmilla/gri-melanj-askili-crop-fitilli-esnek-orme-atlet-twoss24al00023-p-782522284,Atlet
190,816604753,TRENDYOLMİLLA,Siyah-Beyaz 2'li Paket Çizgili Askılı Fitilli Örme Atlet TWOSS24AL00063,164.99,16,/trendyolmilla/siyah-beyaz-2-li-paket-cizgili-askili-fitilli-orme-atlet-twoss24al00063-p-816604753,Atlet
191,815552986,TRENDYOLMİLLA,Mor Halter Yaka Fitilli Esnek Örme Atlet TWOSS24AL00047,141.99,9,/trendyolmilla/mor-halter-yaka-fitilli-esnek-orme-atlet-twoss24al00047-p-815552986,Atlet
192,810295186,TRENDYOLMİLLA,Antrasit Fitted/Vücuda Oturan Bisiklet Yaka Kul Gözü Detaylı Örme Atlet TWOSS24AL00046,113.99,10,/trendyolmilla/antrasit-fitted-vucuda-oturan-bisiklet-yaka-kul-gozu-detayli-orme-atlet-twoss24al00046-p-810295186,Atlet
193,808991392,TRENDYOLMİLLA,Kırmızı Halter Yaka Fitilli Esnek Örme Atlet TWOSS24AL00047,153.99,28,/trendyolmilla/kirmizi-halter-yaka-fitilli-esnek-orme-atlet-twoss24al00047-p-808991392,Atlet
194,806278792,TRENDYOLMİLLA,Saks Cut Out Detaylı Bisiklet Yaka Örme Atlet TWOSS24AL00043,91.99,10,/trendyolmilla/saks-cut-out-detayli-bisiklet-yaka-orme-atlet-twoss24al00043-p-806278792,Atlet
195,806268454,TRENDYOLMİLLA,Mavi Renk Bloklu Fitted/Vücuda Oturan Kare Yaka Askılı Örme Atlet TWOSS24AL00038,151.99,14,/trendyolmilla/mavi-renk-bloklu-fitted-vucuda-oturan-kare-yaka-askili-orme-atlet-twoss24al00038-p-806268454,Atlet
196,806267604,TRENDYOLMİLLA,Ekru Fitted/Vücuda Oturan Halter Yaka Crop Örme Atlet TWOSS24AL00042,173.99,18,/trendyolmilla/ekru-fitted-vucuda-oturan-halter-yaka-crop-orme-atlet-twoss24al00042-p-806267604,Atlet
197,805660432,TRENDYOLMİLLA,Siyah-Çok Renkli Kontrast Biye Detaylı Fitted/Vücuda Oturan Fitilli Esnek Örme Atlet TWOSS24AL00041,124.99,18,/trendyolmilla/siyah-cok-renkli-kontrast-biye-detayli-fitted-vucuda-oturan-fitilli-esnek-orme-atlet-twoss24al00041-p-805660432,Atlet
198,805654309,TRENDYOLMİLLA,Siyah-Çok Renkli 2 li Paket Fitted/Vücuda Oturan Crop Fitilli Esnek Örme Atlet TWOSS24AL00039,187.99,14,/trendyolmilla/siyah-cok-renkli-2-li-paket-fitted-vucuda-oturan-crop-fitilli-esnek-orme-atlet-twoss24al00039-p-805654309,Atlet
199,805654308,TRENDYOLMİLLA,Beyaz-Çok Renkli 2 li Paket Fitted/Vücuda Oturan Crop Fitilli Esnek Örme Atlet TWOSS24AL00039,237.99,15,/trendyolmilla/beyaz-cok-renkli-2-li-paket-fitted-vucuda-oturan-crop-fitilli-esnek-orme-atlet-twoss24al00039-p-805654308,Atlet
200,805431264,TRENDYOLMİLLA,Ekru Fitted/Vücuda Oturan Dantel Şeritli Fitilli Esnek Örme Atlet TWOSS24AL00040,213.99,11,/trendyolmilla/ekru-fitted-vucuda-oturan-dantel-seritli-fitilli-esnek-orme-atlet-twoss24al00040-p-805431264,Atlet
201,782526591,TRENDYOLMİLLA,Gri Melanj Varak/Parlak Kumaşlı Halter Yaka Fitlli Esnek Örme Atlet TWOSS24AL00022,119.99,14,/trendyolmilla/gri-melanj-varak-parlak-kumasli-halter-yaka-fitlli-esnek-orme-atlet-twoss24al00022-p-782526591,Atlet
202,780933010,TRENDYOLMİLLA,Siyah Eskitme/Soluk Efektli Pamuklu Halter Yaka Fitted/Vücuda Oturan Esnek Örme Atlet TWOSS23AL00069,185.99,16,/trendyolmilla/siyah-eskitme-soluk-efektli-pamuklu-halter-yaka-fitted-vucuda-oturan-esnek-orme-atlet-twoss23al00069-p-780933010,Atlet
203,780929532,TRENDYOLMİLLA,Siyah Eskitme/Soluk Efektli Crop Fitted Halter Yaka Pamuklu Esnek Örme Atlet TWOSS24AL00000,150.99,19,/trendyolmilla/siyah-eskitme-soluk-efektli-crop-fitted-halter-yaka-pamuklu-esnek-orme-atlet-twoss24al00000-p-780929532,Atlet
204,780929513,TRENDYOLMİLLA,Gri Melanj Crop Fitted/Vücuda Oturan Halter Yaka Pamuklu Esnek Örme Atlet TWOSS24AL00000,115.99,16,/trendyolmilla/gri-melanj-crop-fitted-vucuda-oturan-halter-yaka-pamuklu-esnek-orme-atlet-twoss24al00000-p-780929513,Atlet
205,778316038,TRENDYOLMİLLA,Siyah Dantel Detaylı Vücuda Oturan Fitilli Esnek Örme Atlet TWOSS24AL00010,129.99,13,/trendyolmilla/siyah-dantel-detayli-vucuda-oturan-fitilli-esnek-orme-atlet-twoss24al00010-p-778316038,Atlet
206,185948242,TRENDYOLMİLLA,Pembe-Mint 2'li Paket Büzgü Detaylı Havuz Yaka Fitilli Esnek Örme Atlet TWOSS21AL0195,277.99,523,/trendyolmilla/pembe-mint-2-li-paket-buzgu-detayli-havuz-yaka-fitilli-esnek-orme-atlet-twoss21al0195-p-185948242,Atlet
