,ID,MARKA,URUN_NAME,FIYAT,RATE_COUNT,URUN_LINK,KATEGORI
0,79896056,TRENDYOLMİLLA,Siyah Kuşaklı Mini Dokuma Volanlı Kimono&Kaftan TBESS21KM0002,404.99,6510,/trendyolmilla/siyah-kusakli-mini-dokuma-volanli-kimono-kaftan-tbess21km0002-p-79896056,Kimono-Kaftan
1,79896067,TRENDYOLMİLLA,Ekru Kuşaklı Mini Dokuma Volanlı Kimono&Kaftan TBESS21KM0002,360.99,5690,/trendyolmilla/ekru-kusakli-mini-dokuma-volanli-kimono-kaftan-tbess21km0002-p-79896067,Kimono-Kaftan
2,387226299,TRENDYOLMİLLA,Ekru Kuşaklı Maxi Dokuma Volanlı Keten Karışımlı Kimono&Kaftan TBESS23KM00028,465.99,733,/trendyolmilla/ekru-kusakli-maxi-dokuma-volanli-keten-karisimli-kimono-kaftan-tbess23km00028-p-387226299,Kimono-Kaftan
3,676251169,TRENDYOLMİLLA,Siyah Kuşaklı Mini Dokuma %100 Pamuklu Kimono&Kaftan TBESS23KM00080,434.99,354,/trendyolmilla/siyah-kusakli-mini-dokuma-100-pamuklu-kimono-kaftan-tbess23km00080-p-676251169,Kimono-Kaftan
4,767748895,TRENDYOLMİLLA,Haki Kuşaklı Mini Dokuma Volanlı Kimono&Kaftan TBESS21KM0002,368.99,69,/trendyolmilla/haki-kusakli-mini-dokuma-volanli-kimono-kaftan-tbess21km0002-p-767748895,Kimono-Kaftan
5,683337940,TRENDYOL MODEST,Taş Kuşaklı Dokuma Gofre Çizgili Kimono & Kaftan TCTSS23KK00001,412.99,236,/trendyol-modest/tas-kusakli-dokuma-gofre-cizgili-kimono-kaftan-tctss23kk00001-p-683337940,Kimono-Kaftan
6,36358417,TRENDYOLMİLLA,Bej Kuşaklı Maxi Dokuma Nakışlı Keten Karışımlı %100 Pamuklu Kimono&Kaftan TBESS20KM0051,419.99,2089,/trendyolmilla/bej-kusakli-maxi-dokuma-nakisli-keten-karisimli-100-pamuklu-kimono-kaftan-tbess20km0051-p-36358417,Kimono-Kaftan
7,817667607,TRENDYOLMİLLA,Kırmızı Kuşaklı Mini Dokuma %100 Pamuklu Kimono&Kaftan TBESS23KM00080,372.99,19,/trendyolmilla/kirmizi-kusakli-mini-dokuma-100-pamuklu-kimono-kaftan-tbess23km00080-p-817667607,Kimono-Kaftan
8,782538052,TRENDYOLMİLLA,Yağ Yeşil Kuşaklı Mini Dokuma Nakışlı %100 Pamuklu Kimono&Kaftan TBESS24KM00008,373.99,35,/trendyolmilla/yag-yesil-kusakli-mini-dokuma-nakisli-100-pamuklu-kimono-kaftan-tbess24km00008-p-782538052,Kimono-Kaftan
9,381621416,TRENDYOLMİLLA,Etnik Desenli Mini Dokuma Kimono&Kaftan TBESS23KM00032,437.99,181,/trendyolmilla/etnik-desenli-mini-dokuma-kimono-kaftan-tbess23km00032-p-381621416,Kimono-Kaftan
10,469767333,TRENDYOLMİLLA,Beyaz Kuşaklı Mini Dokuma %100 Pamuklu Kimono&Kaftan TBESS23KM00080,453.99,443,/trendyolmilla/beyaz-kusakli-mini-dokuma-100-pamuklu-kimono-kaftan-tbess23km00080-p-469767333,Kimono-Kaftan
11,206186858,TRENDYOLMİLLA,Çiçek Desenli Kuşaklı Mini Dokuma Balon Kollu %100 Pamuklu Kimono&Kaftan TBESS22KM0022,430.99,1012,/trendyolmilla/cicek-desenli-kusakli-mini-dokuma-balon-kollu-100-pamuklu-kimono-kaftan-tbess22km0022-p-206186858,Kimono-Kaftan
12,277332499,TRENDYOLMİLLA,Siyah Kuşaklı Maxi Dokuma Kimono&Kaftan TBESS21KM0152,399.99,252,/trendyolmilla/siyah-kusakli-maxi-dokuma-kimono-kaftan-tbess21km0152-p-277332499,Kimono-Kaftan
13,782542963,TRENDYOLMİLLA,Çiçek Desenli Kuşaklı Maxi Dokuma %100 Pamuklu Kimono&Kaftan TBESS24KM00014,524.99,36,/trendyolmilla/cicek-desenli-kusakli-maxi-dokuma-100-pamuklu-kimono-kaftan-tbess24km00014-p-782542963,Kimono-Kaftan
14,676320343,TRENDYOLMİLLA,Soyut Desenli Kuşaklı Mini Dokuma Kimono&Kaftan TBESS23KM00024,449.99,158,/trendyolmilla/soyut-desenli-kusakli-mini-dokuma-kimono-kaftan-tbess23km00024-p-676320343,Kimono-Kaftan
15,794558377,TRENDYOLMİLLA,Siyah Kuşaklı Maxi Dokuma Fırfırlı %100 Pamuklu Kimono&Kaftan TBESS24KM00026,409.99,21,/trendyolmilla/siyah-kusakli-maxi-dokuma-firfirli-100-pamuklu-kimono-kaftan-tbess24km00026-p-794558377,Kimono-Kaftan
16,814171531,TRENDYOLMİLLA,Etnik Desenli Maxi Dokuma %100 Pamuklu Kimono&Kaftan TBESS24KM00022,493.99,11,/trendyolmilla/etnik-desenli-maxi-dokuma-100-pamuklu-kimono-kaftan-tbess24km00022-p-814171531,Kimono-Kaftan
17,794601674,TRENDYOLMİLLA,Beyaz Kuşaklı Mini Dokuma Fırfırlı Kimono&Kaftan TBESS24KM00032,427.99,21,/trendyolmilla/beyaz-kusakli-mini-dokuma-firfirli-kimono-kaftan-tbess24km00032-p-794601674,Kimono-Kaftan
18,85756577,TRENDYOLMİLLA,Mercan Kuşaklı Maxi Dokuma Nakışlı Keten Karışımlı %100 Pamuklu Kimono&Kaftan TBESS20KM0051,341.99,1506,/trendyolmilla/mercan-kusakli-maxi-dokuma-nakisli-keten-karisimli-100-pamuklu-kimono-kaftan-tbess20km0051-p-85756577,Kimono-Kaftan
19,165952326,TRENDYOLMİLLA,Etnik Desenli Kuşaklı Midi Dokuma %100 Pamuklu Kimono&Kaftan TBESS22KM0023,468.99,718,/trendyolmilla/etnik-desenli-kusakli-midi-dokuma-100-pamuklu-kimono-kaftan-tbess22km0023-p-165952326,Kimono-Kaftan
20,107148400,TRENDYOLMİLLA,Tarçın Kuşaklı Mini Dokuma Volanlı Kimono&Kaftan TBESS21KM0002,349.99,763,/trendyolmilla/tarcin-kusakli-mini-dokuma-volanli-kimono-kaftan-tbess21km0002-p-107148400,Kimono-Kaftan
21,815914935,TRENDYOLMİLLA,Çiçek Desenli Kuşaklı Mini Dokuma %100 Pamuklu Kimono&Kaftan TBESS23KM00035,250.99,5,/trendyolmilla/cicek-desenli-kusakli-mini-dokuma-100-pamuklu-kimono-kaftan-tbess23km00035-p-815914935,Kimono-Kaftan
22,817258011,TRENDYOLMİLLA,Mavi-Yeşil Çiçek Desenli Maxi Dokuma Kimono&Kaftan TBESS20KM0024,261.99,4,/trendyolmilla/mavi-yesil-cicek-desenli-maxi-dokuma-kimono-kaftan-tbess20km0024-p-817258011,Kimono-Kaftan
23,824956202,TRENDYOLMİLLA,Su Altı Desenli Kuşaklı Mini Dokuma Kimono&Kaftan TBESS23KM00024,319.99,5,/trendyolmilla/su-alti-desenli-kusakli-mini-dokuma-kimono-kaftan-tbess23km00024-p-824956202,Kimono-Kaftan
48,195757020,TRENDYOLMİLLA,Etnik Desenli Kuşaklı Maxi Dokuma Kimono&Kaftan TBESS21KM0171,425.99,519,/trendyolmilla/etnik-desenli-kusakli-maxi-dokuma-kimono-kaftan-tbess21km0171-p-195757020,Kimono-Kaftan
49,809092556,TRENDYOLMİLLA,Geometrik Desenli Kuşaklı Midi Dokuma Kimono&Kaftan TBESS24KM00054,174.99,11,/trendyolmilla/geometrik-desenli-kusakli-midi-dokuma-kimono-kaftan-tbess24km00054-p-809092556,Kimono-Kaftan
50,832438927,TRENDYOLMİLLA,Çiçekli Kuşaklı Maxi Dokuma Kimono&Kaftan TBESS24KM00074,445.99,5,/trendyolmilla/cicekli-kusakli-maxi-dokuma-kimono-kaftan-tbess24km00074-p-832438927,Kimono-Kaftan
51,637235632,TRENDYOLMİLLA,Yağ Yeşil Maxi Dokuma Büzgülü Kimono&Kaftan TBESS23KM00105,442.99,102,/trendyolmilla/yag-yesil-maxi-dokuma-buzgulu-kimono-kaftan-tbess23km00105-p-637235632,Kimono-Kaftan
52,378512215,TRENDYOLMİLLA,Tropikal Desenli Maxi Örme Şerit Aksesuarlı Şifon Kimono&Kaftan TBESS23KM00002,511.99,132,/trendyolmilla/tropikal-desenli-maxi-orme-serit-aksesuarli-sifon-kimono-kaftan-tbess23km00002-p-378512215,Kimono-Kaftan
53,809287928,TRENDYOLMİLLA,Siyah Kuşaklı Maxi Dokuma Şerit Aksesuarlı Kimono&Kaftan TBESS24KM00055,324.99,7,/trendyolmilla/siyah-kusakli-maxi-dokuma-serit-aksesuarli-kimono-kaftan-tbess24km00055-p-809287928,Kimono-Kaftan
54,791496102,TRENDYOL MODEST,Kahverengi Kuşaklı Brode Detaylı Krinkıl Dokuma Kimono & Kaftan & Abaya TCTSS24KF00007,539.99,152,/trendyol-modest/kahverengi-kusakli-brode-detayli-krinkil-dokuma-kimono-kaftan-abaya-tctss24kf00007-p-791496102,Kimono-Kaftan
55,80179447,TRENDYOLMİLLA,Etnik Desenli Midi Dokuma Kimono&Kaftan TBESS21KM0010,146.99,4044,/trendyolmilla/etnik-desenli-midi-dokuma-kimono-kaftan-tbess21km0010-p-80179447,Kimono-Kaftan
56,794569909,TRENDYOLMİLLA,Kahverengİ Kuşaklı Mini Dokuma Fırfırlı %100 Pamuklu Kimono&Kaftan TBESS24KM00036,197.99,22,/trendyolmilla/kahverengi-kusakli-mini-dokuma-firfirli-100-pamuklu-kimono-kaftan-tbess24km00036-p-794569909,Kimono-Kaftan
57,630707062,TRENDYOLMİLLA,Haki Kuşaklı Maxi Dokuma Volanlı Keten Karışımlı Kimono&Kaftan TBESS23KM00028,439.99,285,/trendyolmilla/haki-kusakli-maxi-dokuma-volanli-keten-karisimli-kimono-kaftan-tbess23km00028-p-630707062,Kimono-Kaftan
58,379074710,TRENDYOLMİLLA,Tropikal Desenli Kuşaklı Mini Dokuma Kimono&Kaftan TBESS23KM00024,439.99,226,/trendyolmilla/tropikal-desenli-kusakli-mini-dokuma-kimono-kaftan-tbess23km00024-p-379074710,Kimono-Kaftan
59,816021844,TRENDYOLMİLLA,Çiçek Desenli Mini Dokuma Fırfırlı Kimono&Kaftan TBESS24KM00043,184.99,19,/trendyolmilla/cicek-desenli-mini-dokuma-firfirli-kimono-kaftan-tbess24km00043-p-816021844,Kimono-Kaftan
60,811502634,TRENDYOLMİLLA,Geometrik Desenli Kuşaklı Mini Dokuma %100 Pamuklu Kimono&Kaftan TBESS24KM00051,173.99,10,/trendyolmilla/geometrik-desenli-kusakli-mini-dokuma-100-pamuklu-kimono-kaftan-tbess24km00051-p-811502634,Kimono-Kaftan
61,833273263,TRENDYOLMİLLA,Çizgili Kuşaklı Mini Dokuma Kimono&Kaftan TBESS23KM00024,493.99,2,/trendyolmilla/cizgili-kusakli-mini-dokuma-kimono-kaftan-tbess23km00024-p-833273263,Kimono-Kaftan
62,412037784,TRENDYOL MODEST,Bej Etnik Desenli Pamuk Karışımlı Uzun Dokuma Kimono & Kaftan TCTSS23KK00012,360.49,315,/trendyol-modest/bej-etnik-desenli-pamuk-karisimli-uzun-dokuma-kimono-kaftan-tctss23kk00012-p-412037784,Kimono-Kaftan
63,376989583,TRENDYOL MODEST,Mavi Kuşaklı Dokuma Gofre Çizgili Kimono & Kaftan TCTSS23KK00001,468.57,855,/trendyol-modest/mavi-kusakli-dokuma-gofre-cizgili-kimono-kaftan-tctss23kk00001-p-376989583,Kimono-Kaftan
64,809129389,TRENDYOL MODEST,Kahverengi Dokuma Keten Görünümlü Kimono TCTSS24KK00004,422.99,32,/trendyol-modest/kahverengi-dokuma-keten-gorunumlu-kimono-tctss24kk00004-p-809129389,Kimono-Kaftan
65,823618092,TRENDYOLMİLLA,Pembe Kuşaklı Mini Dokuma %100 Pamuklu Kimono&Kaftan TBESS23KM00080,339.99,6,/trendyolmilla/pembe-kusakli-mini-dokuma-100-pamuklu-kimono-kaftan-tbess23km00080-p-823618092,Kimono-Kaftan
66,83191297,TRENDYOLMİLLA,Siyah Kuşaklı Midi Dokuma Şerit Aksesuarlı %100 Pamuklu Kimono&Kaftan TBESS21KM0008,405.99,1429,/trendyolmilla/siyah-kusakli-midi-dokuma-serit-aksesuarli-100-pamuklu-kimono-kaftan-tbess21km0008-p-83191297,Kimono-Kaftan
67,79586870,TRENDYOLMİLLA,Etnik Desenli Midi Dokuma %100 Pamuklu Kimono&Kaftan TBESS20KM0017,448.99,1266,/trendyolmilla/etnik-desenli-midi-dokuma-100-pamuklu-kimono-kaftan-tbess20km0017-p-79586870,Kimono-Kaftan
68,815690954,TRENDYOLMİLLA,Etnik Desenli Kuşaklı Maxi Dokuma Kimono&Kaftan TBESS24KM00067,276.99,5,/trendyolmilla/etnik-desenli-kusakli-maxi-dokuma-kimono-kaftan-tbess24km00067-p-815690954,Kimono-Kaftan
69,805421366,TRENDYOLMİLLA,Tropikal Desenli Kuşaklı Midi Dokuma Kimono&Kaftan TBESS21KM0171,325.99,16,/trendyolmilla/tropikal-desenli-kusakli-midi-dokuma-kimono-kaftan-tbess21km0171-p-805421366,Kimono-Kaftan
70,391660184,TRENDYOLMİLLA,Soyut Desenli Mini Dokuma %100 Pamuklu Kimono&Kaftan TBESS23KM00040,343.99,161,/trendyolmilla/soyut-desenli-mini-dokuma-100-pamuklu-kimono-kaftan-tbess23km00040-p-391660184,Kimono-Kaftan
71,809079700,TRENDYOLMİLLA,Siyah Kuşaklı Maxi Örme Fırfırlı Kimono&Kaftan TBESS24KM00049,265.99,19,/trendyolmilla/siyah-kusakli-maxi-orme-firfirli-kimono-kaftan-tbess24km00049-p-809079700,Kimono-Kaftan
73,815914199,TRENDYOLMİLLA,Hardal Maxi Dokuma Kimono&Kaftan TBESS20KM0024,178.99,7,/trendyolmilla/hardal-maxi-dokuma-kimono-kaftan-tbess20km0024-p-815914199,Kimono-Kaftan
74,193548914,TRENDYOLMİLLA,Siyah Kuşaklı Midi Dokuma Nakışlı %100 Pamuklu Kimono&Kaftan TBESS22KM0039,431.99,319,/trendyolmilla/siyah-kusakli-midi-dokuma-nakisli-100-pamuklu-kimono-kaftan-tbess22km0039-p-193548914,Kimono-Kaftan
75,765381050,TRENDYOLMİLLA,Yeşil Kuşaklı Mini Dokuma %100 Pamuklu Kimono&Kaftan TBESS23KM00080,419.99,37,/trendyolmilla/yesil-kusakli-mini-dokuma-100-pamuklu-kimono-kaftan-tbess23km00080-p-765381050,Kimono-Kaftan
76,800100068,TRENDYOLMİLLA,Beyaz Kuşaklı Mini Dokuma Müslin Kimono&Kaftan TBESS24KM00041,331.99,29,/trendyolmilla/beyaz-kusakli-mini-dokuma-muslin-kimono-kaftan-tbess24km00041-p-800100068,Kimono-Kaftan
77,467610520,TRENDYOLMİLLA,Hayvan Desenli Kuşaklı Maxi Dokuma Kimono&Kaftan TBESS21KM0171,456.99,144,/trendyolmilla/hayvan-desenli-kusakli-maxi-dokuma-kimono-kaftan-tbess21km0171-p-467610520,Kimono-Kaftan
78,782540556,TRENDYOLMİLLA,Çiçek Desenli Kuşaklı Maxi Dokuma %100 Pamuklu Kimono&Kaftan TBESS24KM00013,465.99,48,/trendyolmilla/cicek-desenli-kusakli-maxi-dokuma-100-pamuklu-kimono-kaftan-tbess24km00013-p-782540556,Kimono-Kaftan
79,794601675,TRENDYOLMİLLA,Fuşya Kuşaklı Mini Dokuma Fırfırlı Kimono&Kaftan TBESS24KM00032,412.99,13,/trendyolmilla/fusya-kusakli-mini-dokuma-firfirli-kimono-kaftan-tbess24km00032-p-794601675,Kimono-Kaftan
80,695928168,TRENDYOL MODEST,Mint Kuşaklı Dokuma Gofre Çizgili Kimono & Kaftan TCTSS23KK00001,316.99,112,/trendyol-modest/mint-kusakli-dokuma-gofre-cizgili-kimono-kaftan-tctss23kk00001-p-695928168,Kimono-Kaftan
81,119151534,TRENDYOLMİLLA,Bej Kuşaklı Maxi Dokuma Nakışlı Keten Karışımlı %100 Pamuklu Kimono&Kaftan TBESS21KM0175,394.99,700,/trendyolmilla/bej-kusakli-maxi-dokuma-nakisli-keten-karisimli-100-pamuklu-kimono-kaftan-tbess21km0175-p-119151534,Kimono-Kaftan
82,35034028,TRENDYOLMİLLA,Siyah Çizgili Maxi Dokuma Püsküllü %100 Pamuklu Kimono&Kaftan TBESS20KM0024,393.99,1096,/trendyolmilla/siyah-cizgili-maxi-dokuma-puskullu-100-pamuklu-kimono-kaftan-tbess20km0024-p-35034028,Kimono-Kaftan
83,817670527,TRENDYOLMİLLA,Tropikal Desenli Kuşaklı Maxi Dokuma Kimono&Kaftan TBESS24KM00024,324.99,12,/trendyolmilla/tropikal-desenli-kusakli-maxi-dokuma-kimono-kaftan-tbess24km00024-p-817670527,Kimono-Kaftan
84,819299882,TRENDYOLMİLLA,Siyah Mini Dokuma Püsküllü Kimono&Kaftan TBESS24KM00057,190.99,10,/trendyolmilla/siyah-mini-dokuma-puskullu-kimono-kaftan-tbess24km00057-p-819299882,Kimono-Kaftan
85,794574576,TRENDYOLMİLLA,Ekru Mini Örme Dantelli Kimono&Kaftan TBESS24KM00034,209.99,6,/trendyolmilla/ekru-mini-orme-dantelli-kimono-kaftan-tbess24km00034-p-794574576,Kimono-Kaftan
86,467659148,TRENDYOLMİLLA,Bej Kuşaklı Maxi Dokuma Keten Görünümlü Kimono&Kaftan TBESS23KM00058,380.99,198,/trendyolmilla/bej-kusakli-maxi-dokuma-keten-gorunumlu-kimono-kaftan-tbess23km00058-p-467659148,Kimono-Kaftan
87,794569912,TRENDYOLMİLLA,Siyah Kuşaklı Mini Dokuma Fırfırlı %100 Pamuklu Kimono&Kaftan TBESS24KM00036,354.99,13,/trendyolmilla/siyah-kusakli-mini-dokuma-firfirli-100-pamuklu-kimono-kaftan-tbess24km00036-p-794569912,Kimono-Kaftan
88,822443401,TRENDYOLMİLLA,Hayvan Desenli Kuşaklı Maxi Dokuma %100 Pamuklu Kimono&Kaftan TBESS24KM00014,389.99,4,/trendyolmilla/hayvan-desenli-kusakli-maxi-dokuma-100-pamuklu-kimono-kaftan-tbess24km00014-p-822443401,Kimono-Kaftan
89,782538050,TRENDYOLMİLLA,Bej Kuşaklı Mini Dokuma Nakışlı %100 Pamuklu Kimono&Kaftan TBESS24KM00008,270.99,13,/trendyolmilla/bej-kusakli-mini-dokuma-nakisli-100-pamuklu-kimono-kaftan-tbess24km00008-p-782538050,Kimono-Kaftan
90,808216234,TRENDYOLMİLLA,Manzara Desenli Kuşaklı Maxi Dokuma Kimono&Kaftan TBESS24KM00046,222.99,19,/trendyolmilla/manzara-desenli-kusakli-maxi-dokuma-kimono-kaftan-tbess24km00046-p-808216234,Kimono-Kaftan
91,790855383,TRENDYOL MODEST,Yeşil Tropikal Desenli Uzun Dokuma Kimono & Kaftan TCTSS24KF00000,359.99,55,/trendyol-modest/yesil-tropikal-desenli-uzun-dokuma-kimono-kaftan-tctss24kf00000-p-790855383,Kimono-Kaftan
92,368396428,TRENDYOLMİLLA,Pembe Kuşaklı Mini Dokuma Volanlı Kimono&Kaftan TBESS21KM0002,429.99,272,/trendyolmilla/pembe-kusakli-mini-dokuma-volanli-kimono-kaftan-tbess21km0002-p-368396428,Kimono-Kaftan
93,377345974,TRENDYOLMİLLA,Çiçek Desenli Mini Dokuma %100 Pamuklu Kimono&Kaftan TBESS23KM00004,448.99,146,/trendyolmilla/cicek-desenli-mini-dokuma-100-pamuklu-kimono-kaftan-tbess23km00004-p-377345974,Kimono-Kaftan
94,786229149,TRENDYOLMİLLA,Etnik Desenli Midi Dokuma %100 Pamuklu Kimono&Kaftan TBESS24KM00022,448.99,76,/trendyolmilla/etnik-desenli-midi-dokuma-100-pamuklu-kimono-kaftan-tbess24km00022-p-786229149,Kimono-Kaftan
95,801174403,TRENDYOLMİLLA,Çizgili Maxi Dokuma Kimono&Kaftan TBESS20KM0024,227.99,14,/trendyolmilla/cizgili-maxi-dokuma-kimono-kaftan-tbess20km0024-p-801174403,Kimono-Kaftan
96,794601092,TRENDYOLMİLLA,Pembe Kuşaklı Maxi Dokuma Fırfırlı Kimono&Kaftan TBESS24KM00030,178.99,11,/trendyolmilla/pembe-kusakli-maxi-dokuma-firfirli-kimono-kaftan-tbess24km00030-p-794601092,Kimono-Kaftan
97,808215987,TRENDYOLMİLLA,Saks Kuşaklı Maxi Dokuma Şerit Aksesuarlı Kimono&Kaftan TBESS24KM00044,230.99,8,/trendyolmilla/saks-kusakli-maxi-dokuma-serit-aksesuarli-kimono-kaftan-tbess24km00044-p-808215987,Kimono-Kaftan
98,809388843,TRENDYOLMİLLA,Soyut Desenli Kuşaklı Midi Dokuma Kimono&Kaftan TBESS24KM00054,249.99,20,/trendyolmilla/soyut-desenli-kusakli-midi-dokuma-kimono-kaftan-tbess24km00054-p-809388843,Kimono-Kaftan
99,815498739,TRENDYOLMİLLA,Etnik Desenli Kuşaklı Midi Dokuma %100 Pamuklu Kimono&Kaftan TBESS22KM0023,536.99,10,/trendyolmilla/etnik-desenli-kusakli-midi-dokuma-100-pamuklu-kimono-kaftan-tbess22km0023-p-815498739,Kimono-Kaftan
100,802587087,TRENDYOLMİLLA,Etnik Desenli Midi Dokuma Kimono&Kaftan TBESS20KM0017,384.99,16,/trendyolmilla/etnik-desenli-midi-dokuma-kimono-kaftan-tbess20km0017-p-802587087,Kimono-Kaftan
101,816494760,TRENDYOLMİLLA,Soyut Desenli Kuşaklı Maxi Dokuma %100 Pamuklu Kimono&Kaftan TBESS23KM00057,180.99,22,/trendyolmilla/soyut-desenli-kusakli-maxi-dokuma-100-pamuklu-kimono-kaftan-tbess23km00057-p-816494760,Kimono-Kaftan
102,819299881,TRENDYOLMİLLA,Ekru Mini Dokuma Püsküllü Kimono&Kaftan TBESS24KM00057,203.99,26,/trendyolmilla/ekru-mini-dokuma-puskullu-kimono-kaftan-tbess24km00057-p-819299881,Kimono-Kaftan
103,794570509,TRENDYOLMİLLA,Çizgili Kuşaklı Maxi Dokuma %100 Pamuklu Kimono&Kaftan TBESS24KM00035,171.99,11,/trendyolmilla/cizgili-kusakli-maxi-dokuma-100-pamuklu-kimono-kaftan-tbess24km00035-p-794570509,Kimono-Kaftan
104,824673424,TRENDYOL MODEST,Camel Önden Bağlamalı Keten Görünümlü Dokuma Kimono TCTSS24KK00009,550.99,3,/trendyol-modest/camel-onden-baglamali-keten-gorunumlu-dokuma-kimono-tctss24kk00009-p-824673424,Kimono-Kaftan
105,816741303,TRENDYOLMİLLA,Bej Kuşaklı Maxi Dokuma Şerit Aksesuarlı %100 Pamuklu Kimono&Kaftan TBESS24KM00055,275.99,7,/trendyolmilla/bej-kusakli-maxi-dokuma-serit-aksesuarli-100-pamuklu-kimono-kaftan-tbess24km00055-p-816741303,Kimono-Kaftan
106,803377443,TRENDYOLMİLLA,Su Altı Desenli Kuşaklı Mini Dokuma Kimono&Kaftan TBESS23KM00024,468.99,36,/trendyolmilla/su-alti-desenli-kusakli-mini-dokuma-kimono-kaftan-tbess23km00024-p-803377443,Kimono-Kaftan
107,372661417,TRENDYOLMİLLA,Tropikal Desenli Maxi Dokuma Püsküllü %100 Pamuklu Kimono&Kaftan TBESS20KM0024,400.99,376,/trendyolmilla/tropikal-desenli-maxi-dokuma-puskullu-100-pamuklu-kimono-kaftan-tbess20km0024-p-372661417,Kimono-Kaftan
108,796491846,TRENDYOLMİLLA,Beyaz Mini Dokuma Kimono&Kaftan TBESS24KM00038,289.99,7,/trendyolmilla/beyaz-mini-dokuma-kimono-kaftan-tbess24km00038-p-796491846,Kimono-Kaftan
109,808405567,TRENDYOLMİLLA,Tropikal Desenli Kuşaklı Maxi Dokuma Kimono&Kaftan TBESS24KM00045,381.99,19,/trendyolmilla/tropikal-desenli-kusakli-maxi-dokuma-kimono-kaftan-tbess24km00045-p-808405567,Kimono-Kaftan
110,800100528,TRENDYOLMİLLA,Siyah Mini Dokuma Şerit Aksesuarlı Kimono&Kaftan TBESS24KM00042,355.99,24,/trendyolmilla/siyah-mini-dokuma-serit-aksesuarli-kimono-kaftan-tbess24km00042-p-800100528,Kimono-Kaftan
111,469644831,TRENDYOLMİLLA,Tropikal Desenli Kuşaklı Maxi Dokuma %100 Pamuklu Kimono&Kaftan TBESS23KM00057,357.99,188,/trendyolmilla/tropikal-desenli-kusakli-maxi-dokuma-100-pamuklu-kimono-kaftan-tbess23km00057-p-469644831,Kimono-Kaftan
112,794601671,TRENDYOLMİLLA,Siyah Kuşaklı Mini Dokuma Fırfırlı Kimono&Kaftan TBESS24KM00032,469.99,13,/trendyolmilla/siyah-kusakli-mini-dokuma-firfirli-kimono-kaftan-tbess24km00032-p-794601671,Kimono-Kaftan
113,469765135,TRENDYOLMİLLA,Ekru Kuşaklı Mini Dokuma Keten karışımlı Kimono&Kaftan TBESS23KM00081,362.99,365,/trendyolmilla/ekru-kusakli-mini-dokuma-keten-karisimli-kimono-kaftan-tbess23km00081-p-469765135,Kimono-Kaftan
114,809078488,TRENDYOLMİLLA,Hayvan Desenli Kuşaklı Maxi Dokuma Yırtmaçlı Kimono&Kaftan TBESS24KM00048,205.99,13,/trendyolmilla/hayvan-desenli-kusakli-maxi-dokuma-yirtmacli-kimono-kaftan-tbess24km00048-p-809078488,Kimono-Kaftan
115,442761097,TRENDYOLMİLLA,Etnik Desenli Kuşaklı Mini Dokuma %100 Pamuklu Kimono&Kaftan TBESS23KM00035,409.99,261,/trendyolmilla/etnik-desenli-kusakli-mini-dokuma-100-pamuklu-kimono-kaftan-tbess23km00035-p-442761097,Kimono-Kaftan
116,794601095,TRENDYOLMİLLA,Ekru Kuşaklı Maxi Dokuma Fırfırlı Kimono&Kaftan TBESS24KM00030,296.99,12,/trendyolmilla/ekru-kusakli-maxi-dokuma-firfirli-kimono-kaftan-tbess24km00030-p-794601095,Kimono-Kaftan
117,794188703,TRENDYOLMİLLA,Siyah Mini Dokuma Kimono&Kaftan TBESS24KM00023,391.99,11,/trendyolmilla/siyah-mini-dokuma-kimono-kaftan-tbess24km00023-p-794188703,Kimono-Kaftan
118,815509042,TRENDYOLMİLLA,Etnik Desenli Kuşaklı Midi Dokuma %100 Pamuklu Kimono&Kaftan TBESS22KM0023,260.99,5,/trendyolmilla/etnik-desenli-kusakli-midi-dokuma-100-pamuklu-kimono-kaftan-tbess22km0023-p-815509042,Kimono-Kaftan
119,813807935,TRENDYOLMİLLA,Yeşil Kuşaklı Maxi Dokuma Şerit Aksesuarlı Kimono&Kaftan TBESS24KM00059,180.99,4,/trendyolmilla/yesil-kusakli-maxi-dokuma-serit-aksesuarli-kimono-kaftan-tbess24km00059-p-813807935,Kimono-Kaftan
121,683421452,TRENDYOLMİLLA,Siyah Kuşaklı Maxi Dokuma Yırtmaçlı Müslin %100 Pamuklu Kimono&Kaftan TBESS23KM00019,367.99,56,/trendyolmilla/siyah-kusakli-maxi-dokuma-yirtmacli-muslin-100-pamuklu-kimono-kaftan-tbess23km00019-p-683421452,Kimono-Kaftan
122,783177471,TRENDYOLMİLLA,Geometrik Desenli Kuşaklı Mini Örme Kimono&Kaftan TBESS24KM00003,258.99,13,/trendyolmilla/geometrik-desenli-kusakli-mini-orme-kimono-kaftan-tbess24km00003-p-783177471,Kimono-Kaftan
123,794601094,TRENDYOLMİLLA,Siyah Kuşaklı Maxi Dokuma Fırfırlı Kimono&Kaftan TBESS24KM00030,276.99,18,/trendyolmilla/siyah-kusakli-maxi-dokuma-firfirli-kimono-kaftan-tbess24km00030-p-794601094,Kimono-Kaftan
125,190406377,TRENDYOLMİLLA,Pembe Kuşaklı Midi Dokuma Şerit Aksesuarlı %100 Pamuklu Kimono&Kaftan TBESS21KM0008,376.99,738,/trendyolmilla/pembe-kusakli-midi-dokuma-serit-aksesuarli-100-pamuklu-kimono-kaftan-tbess21km0008-p-190406377,Kimono-Kaftan
126,806578429,TRENDYOLMİLLA,Su Altı Desenli Kuşaklı Mini Dokuma Fırfırlı Kimono&Kaftan TBESS24KM00043,207.99,23,/trendyolmilla/su-alti-desenli-kusakli-mini-dokuma-firfirli-kimono-kaftan-tbess24km00043-p-806578429,Kimono-Kaftan
127,194484384,TRENDYOL MODEST,Çok Renkli Çiçek Desenli Bağlama Detaylı Cepli Kimono & Kaftan TCTSS21KK0004,559.99,598,/trendyol-modest/cok-renkli-cicek-desenli-baglama-detayli-cepli-kimono-kaftan-tctss21kk0004-p-194484384,Kimono-Kaftan
128,818468450,TRENDYOLMİLLA,Haki Kuşaklı Maxi Dokuma Nakışlı Kimono&Kaftan TBESS24KM00068,234.99,5,/trendyolmilla/haki-kusakli-maxi-dokuma-nakisli-kimono-kaftan-tbess24km00068-p-818468450,Kimono-Kaftan
129,766659282,TRENDYOLMİLLA,Tropikal Desenli Maxi Örme Şerit Aksesuarlı Şifon Kimono&Kaftan TBESS23KM00002,376.99,11,/trendyolmilla/tropikal-desenli-maxi-orme-serit-aksesuarli-sifon-kimono-kaftan-tbess23km00002-p-766659282,Kimono-Kaftan
130,814145685,TRENDYOLMİLLA,Etnik Desenli Kuşaklı Maxi Dokuma %100 Pamuklu Kimono&Kaftan TBESS24KM00013,376.99,0,/trendyolmilla/etnik-desenli-kusakli-maxi-dokuma-100-pamuklu-kimono-kaftan-tbess24km00013-p-814145685,Kimono-Kaftan
131,97469905,TRENDYOLMİLLA,Siyah Kuşaklı Maxi Dokuma Şerit Aksesuarlı %100 Pamuklu Kimono&Kaftan TBESS21KM0094,387.99,595,/trendyolmilla/siyah-kusakli-maxi-dokuma-serit-aksesuarli-100-pamuklu-kimono-kaftan-tbess21km0094-p-97469905,Kimono-Kaftan
132,814119777,TRENDYOLMİLLA,Siyah Maxi Dokuma Büzgülü Kimono&Kaftan TBESS23KM00105,378.99,13,/trendyolmilla/siyah-maxi-dokuma-buzgulu-kimono-kaftan-tbess23km00105-p-814119777,Kimono-Kaftan
133,368396497,TRENDYOLMİLLA,Şal Desenli Kuşaklı Mini Dokuma Volanlı Kimono&Kaftan TBESS21KM0002,305.99,192,/trendyolmilla/sal-desenli-kusakli-mini-dokuma-volanli-kimono-kaftan-tbess21km0002-p-368396497,Kimono-Kaftan
134,765365135,TRENDYOLMİLLA,Siyah Kuşaklı Maxi Dokuma Keten Görünümlü Kimono&Kaftan TBESS23KM00058,407.99,21,/trendyolmilla/siyah-kusakli-maxi-dokuma-keten-gorunumlu-kimono-kaftan-tbess23km00058-p-765365135,Kimono-Kaftan
135,794589363,TRENDYOLMİLLA,Tropikal Desenli Kuşaklı Maxi Dokuma %100 Pamuklu Kimono&Kaftan TBESS24KM00033,297.99,16,/trendyolmilla/tropikal-desenli-kusakli-maxi-dokuma-100-pamuklu-kimono-kaftan-tbess24km00033-p-794589363,Kimono-Kaftan
136,794601291,TRENDYOLMİLLA,Çizgili Kuşaklı Maxi Dokuma Keten karışımlı Kimono&Kaftan TBESS24KM00027,318.99,11,/trendyolmilla/cizgili-kusakli-maxi-dokuma-keten-karisimli-kimono-kaftan-tbess24km00027-p-794601291,Kimono-Kaftan
137,794188932,TRENDYOLMİLLA,Ekru Kuşaklı Maxi Dokuma Müslin Kimono&Kaftan TBESS24KM00028,271.99,12,/trendyolmilla/ekru-kusakli-maxi-dokuma-muslin-kimono-kaftan-tbess24km00028-p-794188932,Kimono-Kaftan
138,819983620,TRENDYOLMİLLA,Taş Kuşaklı Mini Dokuma Volanlı Kimono&Kaftan TBESS21KM0002,391.99,10,/trendyolmilla/tas-kusakli-mini-dokuma-volanli-kimono-kaftan-tbess21km0002-p-819983620,Kimono-Kaftan
139,794204835,TRENDYOLMİLLA,Kiremit Kuşaklı Maxi Dokuma Balon Kol Kimono&Kaftan TBESS24KM00029,197.99,6,/trendyolmilla/kiremit-kusakli-maxi-dokuma-balon-kol-kimono-kaftan-tbess24km00029-p-794204835,Kimono-Kaftan
140,828060608,TRENDYOLMİLLA,Etnik Desenli Kuşaklı Maxi Dokuma Kimono&Kaftan TBESS24KM00073,492.99,1,/trendyolmilla/etnik-desenli-kusakli-maxi-dokuma-kimono-kaftan-tbess24km00073-p-828060608,Kimono-Kaftan
141,766659358,TRENDYOLMİLLA,Geometrik Desenli Kuşaklı Maxi Dokuma Kimono&Kaftan TBESS23KM00025,366.99,12,/trendyolmilla/geometrik-desenli-kusakli-maxi-dokuma-kimono-kaftan-tbess23km00025-p-766659358,Kimono-Kaftan
142,794591014,TRENDYOLMİLLA,Soyut Desenli Kuşaklı Maxi Dokuma Kimono&Kaftan TBESS24KM00024,472.99,26,/trendyolmilla/soyut-desenli-kusakli-maxi-dokuma-kimono-kaftan-tbess24km00024-p-794591014,Kimono-Kaftan
143,796491847,TRENDYOLMİLLA,Hayvan Desenli Mini Dokuma Kimono&Kaftan TBESS24KM00038,348.99,15,/trendyolmilla/hayvan-desenli-mini-dokuma-kimono-kaftan-tbess24km00038-p-796491847,Kimono-Kaftan
144,823707394,TRENDYOLMİLLA,Puantiyeli Kuşaklı Maxi Dokuma Bağlamalı Kimono&Kaftan TBESS24KM00071,198.99,0,/trendyolmilla/puantiyeli-kusakli-maxi-dokuma-baglamali-kimono-kaftan-tbess24km00071-p-823707394,Kimono-Kaftan
145,794188701,TRENDYOLMİLLA,Beyaz Kuşaklı Mini Dokuma Kimono&Kaftan TBESS24KM00023,360.99,11,/trendyolmilla/beyaz-kusakli-mini-dokuma-kimono-kaftan-tbess24km00023-p-794188701,Kimono-Kaftan
146,808321966,TRENDYOL MODEST,Antrasit Brode Detaylı Uzun Dokuma Kimono & Kaftan & Abaya TCTSS24KF00006,350.99,29,/trendyol-modest/antrasit-brode-detayli-uzun-dokuma-kimono-kaftan-abaya-tctss24kf00006-p-808321966,Kimono-Kaftan
147,369573458,TRENDYOLMİLLA,Bridal Ekru Kuşaklı Midi Dokuma Şerit Aksesuarlı %100 Pamuklu Kimono&Kaftan TBESS21KM0008,306.99,100,/trendyolmilla/bridal-ekru-kusakli-midi-dokuma-serit-aksesuarli-100-pamuklu-kimono-kaftan-tbess21km0008-p-369573458,Kimono-Kaftan
148,177711001,TRENDYOLMİLLA,Tarçın Çizgili Maxi Dokuma Kimono&Kaftan TBESS20KM0024,280.99,114,/trendyolmilla/tarcin-cizgili-maxi-dokuma-kimono-kaftan-tbess20km0024-p-177711001,Kimono-Kaftan
149,819989011,TRENDYOLMİLLA,Yeşil Kuşaklı Mini Dokuma Volanlı Kimono&Kaftan TBESS21KM0002,302.99,9,/trendyolmilla/yesil-kusakli-mini-dokuma-volanli-kimono-kaftan-tbess21km0002-p-819989011,Kimono-Kaftan
150,816441707,TRENDYOLMİLLA,Ekru Kuşaklı Maxi Dokuma Nakışlı Keten Görünümlü Kimono&Kaftan TBESS24KM00069,403.99,5,/trendyolmilla/ekru-kusakli-maxi-dokuma-nakisli-keten-gorunumlu-kimono-kaftan-tbess24km00069-p-816441707,Kimono-Kaftan
151,808406245,TRENDYOLMİLLA,Tropikal Desenli Kuşaklı Maxi Dokuma Kimono&Kaftan TBESS24KM00047,212.99,10,/trendyolmilla/tropikal-desenli-kusakli-maxi-dokuma-kimono-kaftan-tbess24km00047-p-808406245,Kimono-Kaftan
152,819986550,TRENDYOLMİLLA,Turkuaz Kuşaklı Mini Dokuma Volanlı Kimono&Kaftan TBESS21KM0002,389.99,8,/trendyolmilla/turkuaz-kusakli-mini-dokuma-volanli-kimono-kaftan-tbess21km0002-p-819986550,Kimono-Kaftan
153,765684479,TRENDYOLMİLLA,Ekru Maxi Dokuma Büzgülü Kimono&Kaftan TBESS23KM00105,436.99,12,/trendyolmilla/ekru-maxi-dokuma-buzgulu-kimono-kaftan-tbess23km00105-p-765684479,Kimono-Kaftan
154,810987855,TRENDYOLMİLLA,Kahverengİ Maxi Dokuma Şerit Aksesuarlı Kimono&Kaftan TBESS24KM00059,200.99,8,/trendyolmilla/kahverengi-maxi-dokuma-serit-aksesuarli-kimono-kaftan-tbess24km00059-p-810987855,Kimono-Kaftan
155,190406382,TRENDYOLMİLLA,Turkuaz Kuşaklı Midi Dokuma Şerit Aksesuarlı %100 Pamuklu Kimono&Kaftan TBESS21KM0008,314.99,584,/trendyolmilla/turkuaz-kusakli-midi-dokuma-serit-aksesuarli-100-pamuklu-kimono-kaftan-tbess21km0008-p-190406382,Kimono-Kaftan
156,809134132,TRENDYOLMİLLA,Bej Kuşaklı Maxi Dokuma Biyeli Müslin Kimono&Kaftan TBESS24KM00052,548.99,17,/trendyolmilla/bej-kusakli-maxi-dokuma-biyeli-muslin-kimono-kaftan-tbess24km00052-p-809134132,Kimono-Kaftan
157,833273264,TRENDYOLMİLLA,Geometrik Desenli Mini Dokuma 100% Pamuk Kimono&Kaftan TBESS22KM0022,455.99,0,/trendyolmilla/geometrik-desenli-mini-dokuma-100-pamuk-kimono-kaftan-tbess22km0022-p-833273264,Kimono-Kaftan
158,809129392,TRENDYOL MODEST,Taş Dokuma Keten Görünümlü Kimono TCTSS24KK00004,399.99,27,/trendyol-modest/tas-dokuma-keten-gorunumlu-kimono-tctss24kk00004-p-809129392,Kimono-Kaftan
159,379092975,TRENDYOLMİLLA,Geometrik Desenli Kuşaklı Maxi Dokuma Kimono&Kaftan TBESS23KM00025,386.99,60,/trendyolmilla/geometrik-desenli-kusakli-maxi-dokuma-kimono-kaftan-tbess23km00025-p-379092975,Kimono-Kaftan
160,829692716,TRENDYOL MODEST,Mavi Saten Payet Detaylı Dokuma Abiye Kaftan TCTSS24DB00073,719.99,0,/trendyol-modest/mavi-saten-payet-detayli-dokuma-abiye-kaftan-tctss24db00073-p-829692716,Kimono-Kaftan
161,819304328,Edit by Trendyol,Ekru Geleneksel Kimono TEDSS24KM00001,222.99,4,/edit-by-trendyol/ekru-geleneksel-kimono-tedss24km00001-p-819304328,Kimono-Kaftan
162,767214494,TRENDYOLMİLLA,Etnik Desenli Kuşaklı Maxi Dokuma Kimono&Kaftan TBESS21KM0171,377.99,24,/trendyolmilla/etnik-desenli-kusakli-maxi-dokuma-kimono-kaftan-tbess21km0171-p-767214494,Kimono-Kaftan
163,792837088,TRENDYOL MODEST,Camel V Yaka Yarım Kollu Aerobin Dokuma Kimono & Kaftan Elbise TCTSS24KK00002,409.99,20,/trendyol-modest/camel-v-yaka-yarim-kollu-aerobin-dokuma-kimono-kaftan-elbise-tctss24kk00002-p-792837088,Kimono-Kaftan
164,809081540,TRENDYOLMİLLA,Mono Desenli Kuşaklı Mini Dokuma Kimono&Kaftan TBESS24KM00050,348.99,0,/trendyolmilla/mono-desenli-kusakli-mini-dokuma-kimono-kaftan-tbess24km00050-p-809081540,Kimono-Kaftan
165,442822302,TRENDYOLMİLLA,Beyaz Kuşaklı Maxi Örme Püsküllü Kimono&Kaftan TBESS23KM00047,123.99,44,/trendyolmilla/beyaz-kusakli-maxi-orme-puskullu-kimono-kaftan-tbess23km00047-p-442822302,Kimono-Kaftan
166,810087593,TRENDYOLMİLLA,Etnik Desenli Kuşaklı Maxi Dokuma Kimono&Kaftan TBESS24KM00047,258.99,18,/trendyolmilla/etnik-desenli-kusakli-maxi-dokuma-kimono-kaftan-tbess24km00047-p-810087593,Kimono-Kaftan
167,803665004,TRENDYOLMİLLA,Bej Kuşaklı Mini Dokuma Volanlı Kimono&Kaftan TBESS21KM0002,359.99,6,/trendyolmilla/bej-kusakli-mini-dokuma-volanli-kimono-kaftan-tbess21km0002-p-803665004,Kimono-Kaftan
168,770378519,TRENDYOLMİLLA,Çiçek Desenli Kuşaklı Mini Dokuma Kimono&Kaftan TBESS23KM00024,368.99,9,/trendyolmilla/cicek-desenli-kusakli-mini-dokuma-kimono-kaftan-tbess23km00024-p-770378519,Kimono-Kaftan
169,467659151,TRENDYOLMİLLA,Yeşil Kuşaklı Maxi Dokuma Keten Görünümlü Kimono&Kaftan TBESS23KM00058,450.99,77,/trendyolmilla/yesil-kusakli-maxi-dokuma-keten-gorunumlu-kimono-kaftan-tbess23km00058-p-467659151,Kimono-Kaftan
170,818376878,TRENDYOL MODEST,Mavi Tropikal Desenli Uzun Dokuma Kimono & Kaftan TCTSS24KF00000,466.99,9,/trendyol-modest/mavi-tropikal-desenli-uzun-dokuma-kimono-kaftan-tctss24kf00000-p-818376878,Kimono-Kaftan
171,819328915,TRENDYOLMİLLA,Geometrik Desenli Maxi Dokuma Kimono&Kaftan TBESS24KM00070,347.99,20,/trendyolmilla/geometrik-desenli-maxi-dokuma-kimono-kaftan-tbess24km00070-p-819328915,Kimono-Kaftan
172,122362433,TRENDYOLMİLLA,Hayvan Desenli Kuşaklı Maxi Dokuma Kimono&Kaftan TBESS21KM0171,468.99,1021,/trendyolmilla/hayvan-desenli-kusakli-maxi-dokuma-kimono-kaftan-tbess21km0171-p-122362433,Kimono-Kaftan
173,808321949,TRENDYOL MODEST,Taş Brode Detaylı Uzun Dokuma Kimono & Kaftan & Abaya TCTSS24KF00006,381.99,37,/trendyol-modest/tas-brode-detayli-uzun-dokuma-kimono-kaftan-abaya-tctss24kf00006-p-808321949,Kimono-Kaftan
174,825909541,TRENDYOLMİLLA,Beyaz Dokuma Nakışlı Kimona&Kaftan TBESS24KM00072,421.99,1,/trendyolmilla/beyaz-dokuma-nakisli-kimona-kaftan-tbess24km00072-p-825909541,Kimono-Kaftan
175,773102701,TRENDYOL MODEST,Taş Renk Bloklu Aerobin Dokuma Kaftan Elbise TCTSS24KK00000,229.99,32,/trendyol-modest/tas-renk-bloklu-aerobin-dokuma-kaftan-elbise-tctss24kk00000-p-773102701,Kimono-Kaftan
176,769334996,TRENDYOL MODEST,Turuncu Kuşaklı Dokuma Gofre Çizgili Kimono & Kaftan TCTSS23KK00001,369.99,21,/trendyol-modest/turuncu-kusakli-dokuma-gofre-cizgili-kimono-kaftan-tctss23kk00001-p-769334996,Kimono-Kaftan
177,826239017,TRENDYOL MODEST,Taş Renk Bloklu Dokuma Kaftan Elbise TCTSS24KK00011,550.99,1,/trendyol-modest/tas-renk-bloklu-dokuma-kaftan-elbise-tctss24kk00011-p-826239017,Kimono-Kaftan
178,773125421,TRENDYOL MODEST,Taş Beli Bağlama Detaylı Keten Görünümlü Dokuma Kimono & Kaftan TCTSS24KK00001,669.99,57,/trendyol-modest/tas-beli-baglama-detayli-keten-gorunumlu-dokuma-kimono-kaftan-tctss24kk00001-p-773125421,Kimono-Kaftan
179,769921360,TRENDYOL MODEST,Kırmızı Çiçek Desenli Bağlama Detaylı Cepli Kimono & Kaftan TCTSS21KK0004,431.99,3,/trendyol-modest/kirmizi-cicek-desenli-baglama-detayli-cepli-kimono-kaftan-tctss21kk0004-p-769921360,Kimono-Kaftan
180,818376879,TRENDYOL MODEST,Fuşya Tropikal Desenli Uzun Dokuma Kimono & Kaftan TCTSS24KF00000,412.99,8,/trendyol-modest/fusya-tropikal-desenli-uzun-dokuma-kimono-kaftan-tctss24kf00000-p-818376879,Kimono-Kaftan
181,808321983,TRENDYOL MODEST,Indigo Brode Detaylı Uzun Dokuma Kimono & Kaftan & Abaya TCTSS24KF00006,458.99,24,/trendyol-modest/indigo-brode-detayli-uzun-dokuma-kimono-kaftan-abaya-tctss24kf00006-p-808321983,Kimono-Kaftan
182,815727737,TRENDYOLMİLLA,Açık Mavi Düz Anvelop Rigid Maxi Denim Modest Elbise TWOSS24EL00924,599.99,7,/trendyolmilla/acik-mavi-duz-anvelop-rigid-maxi-denim-modest-elbise-twoss24el00924-p-815727737,Kimono-Kaftan
183,379052431,TRENDYOLMİLLA,Bej Kuşaklı Maxi Dokuma Yırtmaçlı Müslin %100 Pamuklu Kimono&Kaftan TBESS23KM00019,345.99,63,/trendyolmilla/bej-kusakli-maxi-dokuma-yirtmacli-muslin-100-pamuklu-kimono-kaftan-tbess23km00019-p-379052431,Kimono-Kaftan
184,771141229,TRENDYOL MODEST,Kahverengi Etnik Desenli Pamuk Karışımlı Uzun Dokuma Kimono & Kaftan TCTSS23KK00012,309.99,22,/trendyol-modest/kahverengi-etnik-desenli-pamuk-karisimli-uzun-dokuma-kimono-kaftan-tctss23kk00012-p-771141229,Kimono-Kaftan
185,808215988,TRENDYOLMİLLA,Çiçek Desenli Kuşaklı Maxi Dokuma Şerit Aksesuarlı Kimono&Kaftan TBESS24KM00044,342.99,19,/trendyolmilla/cicek-desenli-kusakli-maxi-dokuma-serit-aksesuarli-kimono-kaftan-tbess24km00044-p-808215988,Kimono-Kaftan
186,449360041,TRENDYOLMİLLA,Etnik Desenli Kuşaklı Maxi Dokuma Kimono&Kaftan TBESS23KM00052,193.99,79,/trendyolmilla/etnik-desenli-kusakli-maxi-dokuma-kimono-kaftan-tbess23km00052-p-449360041,Kimono-Kaftan
187,469642574,TRENDYOLMİLLA,Çiçek Desenli Kuşaklı Maxi Dokuma %100 Pamuklu Kimono&Kaftan TBESS23KM00056,250.99,62,/trendyolmilla/cicek-desenli-kusakli-maxi-dokuma-100-pamuklu-kimono-kaftan-tbess23km00056-p-469642574,Kimono-Kaftan
188,469764236,TRENDYOLMİLLA,Bej Mini Dokuma Bağlamalı %100 Pamuklu Kimono&Kaftan TBESS23KM00079,191.99,103,/trendyolmilla/bej-mini-dokuma-baglamali-100-pamuklu-kimono-kaftan-tbess23km00079-p-469764236,Kimono-Kaftan
189,828050755,TRENDYOL MODEST,Sarı Aksesuar Detaylı Saten Dokuma Kaftan TCTSS24KF00048,999.99,0,/trendyol-modest/sari-aksesuar-detayli-saten-dokuma-kaftan-tctss24kf00048-p-828050755,Kimono-Kaftan
190,826878119,TRENDYOL MODEST,Bej Aksesuarlı Parlak Biye Detaylı Dokuma Kaftan Elbise TCTSS24KK00012,550.99,1,/trendyol-modest/bej-aksesuarli-parlak-biye-detayli-dokuma-kaftan-elbise-tctss24kk00012-p-826878119,Kimono-Kaftan
191,794350341,TRENDYOLMİLLA,Çizgili Kuşaklı Maxi Dokuma Bağlamalı Keten karışımlı %100 Pamuklu Kimono&Kaftan TBESS24KM00037,475.99,16,/trendyolmilla/cizgili-kusakli-maxi-dokuma-baglamali-keten-karisimli-100-pamuklu-kimono-kaftan-tbess24km00037-p-794350341,Kimono-Kaftan
192,773446926,TRENDYOL MODEST,Fuşya V Yaka Yarım Kollu Aerobin Dokuma Kimono & Kaftan Elbise TCTSS24KK00002,429.99,9,/trendyol-modest/fusya-v-yaka-yarim-kollu-aerobin-dokuma-kimono-kaftan-elbise-tctss24kk00002-p-773446926,Kimono-Kaftan
193,377967355,TRENDYOLMİLLA,Çiçek Desenli Kuşaklı Maxi Dokuma Kimono&Kaftan TBESS23KM00027,179.99,68,/trendyolmilla/cicek-desenli-kusakli-maxi-dokuma-kimono-kaftan-tbess23km00027-p-377967355,Kimono-Kaftan
