,ID,MARKA,URUN_NAME,FIYAT,RATE_COUNT,URUN_LINK,KATEGORI
0,299446372,TRENDYOLMİLLA,Siyah Seamless/Dikişsiz İp Askılı Kapsız Bralette Örme Sütyen THMAW23SU00140,186.99,217,/trendyolmilla/siyah-seamless-dikissiz-ip-askili-kapsiz-bralette-orme-sutyen-thmaw23su00140-p-299446372,Sütyen
1,123632526,TRENDYOLMİLLA,Siyah-Ten 2'li Paket İp Askılı Dolgusuz Bütün Kap Balkonet Örme Sütyen THMSS21SU0141,640.99,6730,/trendyolmilla/siyah-ten-2-li-paket-ip-askili-dolgusuz-butun-kap-balkonet-orme-sutyen-thmss21su0141-p-123632526,Sütyen
2,771940985,TRENDYOLMİLLA,Beyaz-Ten 2'li Paket İp Askılı Dolgusuz Bütün Kap Balkonet Örme Sütyen THMSS21SU0141,454.99,35,/trendyolmilla/beyaz-ten-2-li-paket-ip-askili-dolgusuz-butun-kap-balkonet-orme-sutyen-thmss21su0141-p-771940985,Sütyen
3,302029982,TRENDYOLMİLLA,Siyah Seamless/Dikişsiz İp Askılı Sırt Detaylı Bralette Örme Sütyen THMAW23SU00130,180.99,1767,/trendyolmilla/siyah-seamless-dikissiz-ip-askili-sirt-detayli-bralette-orme-sutyen-thmaw23su00130-p-302029982,Sütyen
4,165722476,TRENDYOLMİLLA,Siyah Seamless/Dikişsiz İp Askılı Kaplı Bralette Örme Sütyen THMAW22SU0043,368.99,9907,/trendyolmilla/siyah-seamless-dikissiz-ip-askili-kapli-bralette-orme-sutyen-thmaw22su0043-p-165722476,Sütyen
5,276387841,TRENDYOLMİLLA,Koyu Ten Seamless/Dikişsiz İp Askılı Kaplı Bralette Örme Sütyen THMAW22SU0043,326.99,3926,/trendyolmilla/koyu-ten-seamless-dikissiz-ip-askili-kapli-bralette-orme-sutyen-thmaw22su0043-p-276387841,Sütyen
6,785155016,TRENDYOLMİLLA,Siyah-Beyaz 2'li Paket Dantel İp Askılı Kaplı Bralette Örme Sütyen THMSS24SU00016,386.99,49,/trendyolmilla/siyah-beyaz-2-li-paket-dantel-ip-askili-kapli-bralette-orme-sutyen-thmss24su00016-p-785155016,Sütyen
7,49422267,TRENDYOLMİLLA,Ten İp Askılı Ekstra Push-Up Tshirt Bra Örme Sütyen THMAW21SU0058,360.99,4052,/trendyolmilla/ten-ip-askili-ekstra-push-up-tshirt-bra-orme-sutyen-thmaw21su0058-p-49422267,Sütyen
8,831823833,TRENDYOLMİLLA,Taş Seamless/Dikişsiz İp Askılı Sırt Detaylı Bralette Örme Sütyen THMAW23SU00130,188.99,1,/trendyolmilla/tas-seamless-dikissiz-ip-askili-sirt-detayli-bralette-orme-sutyen-thmaw23su00130-p-831823833,Sütyen
9,161166490,TRENDYOLMİLLA,Beyaz Seamless/Dikişsiz İp Askılı Kaplı Bralette Örme Sütyen THMAW22SU0043,453.99,10427,/trendyolmilla/beyaz-seamless-dikissiz-ip-askili-kapli-bralette-orme-sutyen-thmaw22su0043-p-161166490,Sütyen
10,788428620,TRENDYOLMİLLA,Premium Siyah Poliamid 4 Farklı Kullanımlı İp Askılı Kaplı Dekolte Örme Sütyen THMSS24SU00022,317.99,37,/trendyolmilla/premium-siyah-poliamid-4-farkli-kullanimli-ip-askili-kapli-dekolte-orme-sutyen-thmss24su00022-p-788428620,Sütyen
11,788940744,TRENDYOLMİLLA,Siyah Dantel İp Askılı Demi Kaplı Örme Sütyen THMSS24SU00030,302.99,138,/trendyolmilla/siyah-dantel-ip-askili-demi-kapli-orme-sutyen-thmss24su00030-p-788940744,Sütyen
12,195225129,TRENDYOLMİLLA,Beyaz Seamless/Dikişsiz Bralette Örme Sütyen THMAW22SU0027,234.99,1967,/trendyolmilla/beyaz-seamless-dikissiz-bralette-orme-sutyen-thmaw22su0027-p-195225129,Sütyen
13,282347084,TRENDYOLMİLLA,Gri Seamless/Dikişsiz İp Askılı Kaplı Bralette Örme Sütyen THMAW22SU0043,266.99,2296,/trendyolmilla/gri-seamless-dikissiz-ip-askili-kapli-bralette-orme-sutyen-thmaw22su0043-p-282347084,Sütyen
14,746154570,TRENDYOLMİLLA,X Sagaza Studio X Sagaza Studio Siyah Seamless/Dikişsiz Kapsız Wire Bra Sütyen TCLAW24SU00001,188.99,84,/trendyolmilla/x-sagaza-studio-x-sagaza-studio-siyah-seamless-dikissiz-kapsiz-wire-bra-sutyen-tclaw24su00001-p-746154570,Sütyen
15,195228940,TRENDYOLMİLLA,Gri Seamless/Dikişsiz İp Askılı Kapsız Bralette Örme Sütyen THMAW22SU0030,208.99,2518,/trendyolmilla/gri-seamless-dikissiz-ip-askili-kapsiz-bralette-orme-sutyen-thmaw22su0030-p-195228940,Sütyen
16,781878096,TRENDYOLMİLLA,Ten Micro İp Askılı Kaplı Örme Sütyen THMSS24SU00008,353.99,72,/trendyolmilla/ten-micro-ip-askili-kapli-orme-sutyen-thmss24su00008-p-781878096,Sütyen
17,806598706,TRENDYOLMİLLA,Siyah Dantel Tül Detaylı İp Askılı Kapsız T-Shirt Bra Örme Sütyen THMSS24SU00058,308.99,58,/trendyolmilla/siyah-dantel-tul-detayli-ip-askili-kapsiz-t-shirt-bra-orme-sutyen-thmss24su00058-p-806598706,Sütyen
18,49422268,TRENDYOLMİLLA,Siyah İp Askılı Ekstra Push-Up Tshirt Bra Örme Sütyen THMAW21SU0058,339.99,5710,/trendyolmilla/siyah-ip-askili-ekstra-push-up-tshirt-bra-orme-sutyen-thmaw21su0058-p-49422268,Sütyen
19,831949817,TRENDYOLMİLLA,Siyah-Beyaz 2'li Paket Seamless/Dikişsiz Balensiz Kaplı Büstiyer Örme Sütyen THMAW25SU00003,401.99,1,/trendyolmilla/siyah-beyaz-2-li-paket-seamless-dikissiz-balensiz-kapli-bustiyer-orme-sutyen-thmaw25su00003-p-831949817,Sütyen
20,115498921,TRENDYOLMİLLA,Ten İp Askılı Ekstra Push-Up Tshirt Bra Örme Sütyen THMAW22SU0004,341.99,700,/trendyolmilla/ten-ip-askili-ekstra-push-up-tshirt-bra-orme-sutyen-thmaw22su0004-p-115498921,Sütyen
21,792798075,TRENDYOLMİLLA,Siyah Poliamid Dantel Detaylı Önden Kapama İp Askılı Kaplı Örme Sütyen THMSS24SU00041,191.99,22,/trendyolmilla/siyah-poliamid-dantel-detayli-onden-kapama-ip-askili-kapli-orme-sutyen-thmss24su00041-p-792798075,Sütyen
22,49433550,TRENDYOLMİLLA,Siyah Dolgusuz Bütün Kap Çıkarılabilir İp Askılı Straplez Örme Sütyen THMAW21SU0060,288.99,4053,/trendyolmilla/siyah-dolgusuz-butun-kap-cikarilabilir-ip-askili-straplez-orme-sutyen-thmaw21su0060-p-49433550,Sütyen
23,781318689,TRENDYOLMİLLA,Pembe-Çok Renkli 2'li Paket Tül İp Askılı Baskılı Kapsız Bralette Örme Sütyen THMSS24SU00010,298.99,25,/trendyolmilla/pembe-cok-renkli-2-li-paket-tul-ip-askili-baskili-kapsiz-bralette-orme-sutyen-thmss24su00010-p-781318689,Sütyen
48,773140952,TRENDYOLMİLLA,Ten Seamless/Dikişsiz İp Askılı Kaplı Bralette Örme Sütyen THMAW22SU0043,353.99,41,/trendyolmilla/ten-seamless-dikissiz-ip-askili-kapli-bralette-orme-sutyen-thmaw22su0043-p-773140952,Sütyen
49,737073367,TRENDYOLMİLLA,Siyah Micro Dantel Detaylı İp Askılı Ekstra Push Up Büstiyer Örme Sütyen THMAW24SU00022,333.99,98,/trendyolmilla/siyah-micro-dantel-detayli-ip-askili-ekstra-push-up-bustiyer-orme-sutyen-thmaw24su00022-p-737073367,Sütyen
50,831904450,TRENDYOLMİLLA,Bordo Seamless/Dikişsiz İp Askılı Kapsız Bralette Örme Sütyen THMAW22SU0030,208.99,2,/trendyolmilla/bordo-seamless-dikissiz-ip-askili-kapsiz-bralette-orme-sutyen-thmaw22su0030-p-831904450,Sütyen
51,137327324,TRENDYOLMİLLA,Taş Seamless/Dikişsiz Bralette Örme Sütyen THMAW22SU0027,194.99,1798,/trendyolmilla/tas-seamless-dikissiz-bralette-orme-sutyen-thmaw22su0027-p-137327324,Sütyen
52,734319782,TRENDYOLMİLLA,Siyah Poliamit Dantel Detaylı İp Askılı Kaplı Örme Sütyen THMAW24SU00020,170.99,81,/trendyolmilla/siyah-poliamit-dantel-detayli-ip-askili-kapli-orme-sutyen-thmaw24su00020-p-734319782,Sütyen
53,49422550,TRENDYOLMİLLA,Ten Push-Up Bütün Kap Çıkarılabilir İp Askılı Straplez Örme Sütyen THMAW21SU0059,414.99,2858,/trendyolmilla/ten-push-up-butun-kap-cikarilabilir-ip-askili-straplez-orme-sutyen-thmaw21su0059-p-49422550,Sütyen
54,137324994,TRENDYOLMİLLA,Pudra Seamless/Dikişsiz Kapsız Bralette Örme Sütyen THMAW22SU0030,215.99,2014,/trendyolmilla/pudra-seamless-dikissiz-kapsiz-bralette-orme-sutyen-thmaw22su0030-p-137324994,Sütyen
55,44127090,TRENDYOLMİLLA,Siyah Seamless/Dikişsiz İp Askılı Örme Büstiyer THMAW21BS0002,199.99,606,/trendyolmilla/siyah-seamless-dikissiz-ip-askili-orme-bustiyer-thmaw21bs0002-p-44127090,Sütyen
56,812368601,TRENDYOLMİLLA,Siyah-Beyaz 2'li Paket Seamless/Dikişiz İp Askılı Kapsız Bralette Örme Sütyen THMSS24SU00062,252.99,38,/trendyolmilla/siyah-beyaz-2-li-paket-seamless-dikisiz-ip-askili-kapsiz-bralette-orme-sutyen-thmss24su00062-p-812368601,Sütyen
57,115498922,TRENDYOLMİLLA,Beyaz İp Askılı Ekstra Push-Up Tshirt Bra Örme Sütyen THMAW22SU0004,330.99,861,/trendyolmilla/beyaz-ip-askili-ekstra-push-up-tshirt-bra-orme-sutyen-thmaw22su0004-p-115498922,Sütyen
58,806900418,Trendyol Curve,Kırmızı Telli Micro-Dantelli Büyük Beden Sütyen TBBSS24CW00012,200.99,22,/trendyol-curve/kirmizi-telli-micro-dantelli-buyuk-beden-sutyen-tbbss24cw00012-p-806900418,Sütyen
59,411812853,TRENDYOLMİLLA,Beyaz Dantelli Biye Detaylı İp Askılı Üçgen Örme Büstiyer THMAW21SU0050,176.99,168,/trendyolmilla/beyaz-dantelli-biye-detayli-ip-askili-ucgen-orme-bustiyer-thmaw21su0050-p-411812853,Sütyen
60,309280570,TRENDYOLMİLLA,Bordo Dantel Kapsız Bralette Örme Sütyen THMAW23SU00107,187.99,143,/trendyolmilla/bordo-dantel-kapsiz-bralette-orme-sutyen-thmaw23su00107-p-309280570,Sütyen
61,302029981,TRENDYOLMİLLA,Kırmızı Seamless/Dikişsiz İp Askılı Sırt Detaylı Bralette Örme Sütyen THMAW23SU00130,175.99,714,/trendyolmilla/kirmizi-seamless-dikissiz-ip-askili-sirt-detayli-bralette-orme-sutyen-thmaw23su00130-p-302029981,Sütyen
62,282348291,TRENDYOLMİLLA,Kırmızı Seamless/Dikişsiz İp Askılı Kaplı Bralette Örme Sütyen THMAW22SU0043,289.99,1571,/trendyolmilla/kirmizi-seamless-dikissiz-ip-askili-kapli-bralette-orme-sutyen-thmaw22su0043-p-282348291,Sütyen
63,819639969,TRENDYOLMİLLA,Bej Dantel Dokulu Kapsız Bralette Örme Sütyen THMSS24SU00065,173.99,4,/trendyolmilla/bej-dantel-dokulu-kapsiz-bralette-orme-sutyen-thmss24su00065-p-819639969,Sütyen
64,195222894,TRENDYOLMİLLA,Beyaz Seamless/Dikişsiz Kapsız Bralette Örme Sütyen THMAW22SU0025,359.99,2449,/trendyolmilla/beyaz-seamless-dikissiz-kapsiz-bralette-orme-sutyen-thmaw22su0025-p-195222894,Sütyen
65,302029980,TRENDYOLMİLLA,Gri Seamless/Dikişsiz İp Askılı Sırt Detaylı Bralette Örme Sütyen THMAW23SU00130,195.99,762,/trendyolmilla/gri-seamless-dikissiz-ip-askili-sirt-detayli-bralette-orme-sutyen-thmaw23su00130-p-302029980,Sütyen
66,773140953,TRENDYOLMİLLA,Antrasit İp Askılı Ekstra Push-Up Tshirt Bra Örme Sütyen THMAW21SU0058,252.99,33,/trendyolmilla/antrasit-ip-askili-ekstra-push-up-tshirt-bra-orme-sutyen-thmaw21su0058-p-773140953,Sütyen
67,195222897,TRENDYOLMİLLA,Kahverengi Seamless/Dikişsiz Kapsız Bralette Örme Sütyen THMAW22SU0025,218.99,1279,/trendyolmilla/kahverengi-seamless-dikissiz-kapsiz-bralette-orme-sutyen-thmaw22su0025-p-195222897,Sütyen
68,49422551,TRENDYOLMİLLA,Siyah Push-Up Bütün Kap Çıkarılabilir İp Askılı Straplez Örme Sütyen THMAW21SU0059,370.99,1873,/trendyolmilla/siyah-push-up-butun-kap-cikarilabilir-ip-askili-straplez-orme-sutyen-thmaw21su0059-p-49422551,Sütyen
69,115498923,TRENDYOLMİLLA,Siyah İp Askılı Ekstra Push-Up Tshirt Bra Örme Sütyen THMAW22SU0004,352.99,741,/trendyolmilla/siyah-ip-askili-ekstra-push-up-tshirt-bra-orme-sutyen-thmaw22su0004-p-115498923,Sütyen
70,785184153,TRENDYOLMİLLA,Ten Micro İp Askılı Kaplı Balensiz Örme Sütyen THMSS24SU00020,249.99,34,/trendyolmilla/ten-micro-ip-askili-kapli-balensiz-orme-sutyen-thmss24su00020-p-785184153,Sütyen
71,128340097,TRENDYOLMİLLA,Ten Seamless/Dikişsiz Sırtı Fonksiyonel İp Askılı Kaplı Bralette Örme Sütyen THMAW22SU0023,356.99,992,/trendyolmilla/ten-seamless-dikissiz-sirti-fonksiyonel-ip-askili-kapli-bralette-orme-sutyen-thmaw22su0023-p-128340097,Sütyen
72,781878095,TRENDYOLMİLLA,Siyah Micro İp Askılı Kaplı Balensiz Örme Sütyen THMSS24SU00008,318.99,48,/trendyolmilla/siyah-micro-ip-askili-kapli-balensiz-orme-sutyen-thmss24su00008-p-781878095,Sütyen
73,785154895,TRENDYOLMİLLA,Siyah Dantel Saten Biye Detaylı İp Askılı Kapsız Örme Sütyen THMSS24SU00015,123.99,26,/trendyolmilla/siyah-dantel-saten-biye-detayli-ip-askili-kapsiz-orme-sutyen-thmss24su00015-p-785154895,Sütyen
74,137336871,TRENDYOLMİLLA,Siyah Seamless/Dikişsiz Kapsız Bralette Örme Sütyen THMAW22SU0025,333.99,3988,/trendyolmilla/siyah-seamless-dikissiz-kapsiz-bralette-orme-sutyen-thmaw22su0025-p-137336871,Sütyen
75,835931379,Edit by Trendyol,Beyaz Micro Kurdele/Fiyonk Detaylı Çıkarılabilir İp Askılı Kaplı Örme Sütyen TEDAW25SU00001,266.99,6,/edit-by-trendyol/beyaz-micro-kurdele-fiyonk-detayli-cikarilabilir-ip-askili-kapli-orme-sutyen-tedaw25su00001-p-835931379,Sütyen
76,137324997,TRENDYOLMİLLA,Ekru Seamless/Dikişsiz İp Askılı Kapsız Bralette Örme Sütyen THMAW22SU0030,206.99,2891,/trendyolmilla/ekru-seamless-dikissiz-ip-askili-kapsiz-bralette-orme-sutyen-thmaw22su0030-p-137324997,Sütyen
77,785184241,TRENDYOLMİLLA,Siyah Dantel İp Askılı Push-Up Straplez Örme Sütyen THMSS24SU00021,299.99,62,/trendyolmilla/siyah-dantel-ip-askili-push-up-straplez-orme-sutyen-thmss24su00021-p-785184241,Sütyen
78,810998945,TRENDYOLMİLLA,Ten Dantel İp Askılı Push-Up Straplez Sütyen THMSS24SU00021,268.99,24,/trendyolmilla/ten-dantel-ip-askili-push-up-straplez-sutyen-thmss24su00021-p-810998945,Sütyen
79,790813378,TRENDYOLMİLLA,Beyaz Tül İp Askılı Kapsız Balconette Örme Sütyen THMSS24SU00036,154.99,20,/trendyolmilla/beyaz-tul-ip-askili-kapsiz-balconette-orme-sutyen-thmss24su00036-p-790813378,Sütyen
80,819638104,TRENDYOLMİLLA,Mavi Seamless/Dikişsiz Kaplı Bralette Örme Sütyen THMAW22SU0043,259.99,11,/trendyolmilla/mavi-seamless-dikissiz-kapli-bralette-orme-sutyen-thmaw22su0043-p-819638104,Sütyen
82,810024843,TRENDYOLMİLLA,Gül Kurusu Micro İp Askılı Kaplı Balensiz Örme Sütyen THMSS24SU00008,257.99,17,/trendyolmilla/gul-kurusu-micro-ip-askili-kapli-balensiz-orme-sutyen-thmss24su00008-p-810024843,Sütyen
83,790486790,TRENDYOLMİLLA,Pembe Dantelli Biye Detaylı İp Askılı Üçgen Örme Büstiyer THMAW21SU0050,103.99,15,/trendyolmilla/pembe-dantelli-biye-detayli-ip-askili-ucgen-orme-bustiyer-thmaw21su0050-p-790486790,Sütyen
84,806598763,TRENDYOLMİLLA,Siyah Poliamid Büzgü Detaylı İp Askılı Kapsız Bralette Örme Sütyen THMSS24SU00057,80.99,11,/trendyolmilla/siyah-poliamid-buzgu-detayli-ip-askili-kapsiz-bralette-orme-sutyen-thmss24su00057-p-806598763,Sütyen
85,812342269,TRENDYOLMİLLA,Antrasit Fitilli Dantel Detaylı Kaplı T-Shirt Bra Örme Sütyen THMSS24SU00061,189.99,12,/trendyolmilla/antrasit-fitilli-dantel-detayli-kapli-t-shirt-bra-orme-sutyen-thmss24su00061-p-812342269,Sütyen
86,79879644,TRENDYOLMİLLA,Pudra Poliamit İp Askılı Üçgen Kapsız Bralette Örme Sütyen THMSS21SU0014,286.99,1165,/trendyolmilla/pudra-poliamit-ip-askili-ucgen-kapsiz-bralette-orme-sutyen-thmss21su0014-p-79879644,Sütyen
87,792826180,TRENDYOLMİLLA,Bride Beyaz Brode Dantel Detaylı İp Askılı Kaplı Örme Sütyen THMSS24SU00044,204.99,17,/trendyolmilla/bride-beyaz-brode-dantel-detayli-ip-askili-kapli-orme-sutyen-thmss24su00044-p-792826180,Sütyen
88,803302746,TRENDYOLMİLLA,Çok Renkli 3'lü Paket Poliamid İp Askılı Kaplı Straplez Örme Sütyen THMSS24SU00054,632.99,78,/trendyolmilla/cok-renkli-3-lu-paket-poliamid-ip-askili-kapli-straplez-orme-sutyen-thmss24su00054-p-803302746,Sütyen
89,411817057,TRENDYOLMİLLA,Kahverengi Seamless/Dikişsiz İp Askılı Kaplı Bralette Örme Sütyen THMAW22SU0043,314.99,348,/trendyolmilla/kahverengi-seamless-dikissiz-ip-askili-kapli-bralette-orme-sutyen-thmaw22su0043-p-411817057,Sütyen
90,44127089,TRENDYOLMİLLA,Ten Seamless/Dikişsiz İp Askılı Örme Büstiyer THMAW21BS0002,255.99,2595,/trendyolmilla/ten-seamless-dikissiz-ip-askili-orme-bustiyer-thmaw21bs0002-p-44127089,Sütyen
91,831901944,TRENDYOLMİLLA,Gri Seamless/Dikişsiz Kapsız Bralette Örme Sütyen THMAW22SU0025,196.99,2,/trendyolmilla/gri-seamless-dikissiz-kapsiz-bralette-orme-sutyen-thmaw22su0025-p-831901944,Sütyen
92,819637752,TRENDYOLMİLLA,Beyaz Dantel Kapsız Bralette Örme Sütyen THMAW23SU00107,187.99,4,/trendyolmilla/beyaz-dantel-kapsiz-bralette-orme-sutyen-thmaw23su00107-p-819637752,Sütyen
93,798159805,TRENDYOLMİLLA,Siyah Dantel File Detaylı İp Askılı Kaplı Dekolte Büstiyer Örme Sütyen THMSS24SU00046,136.99,16,/trendyolmilla/siyah-dantel-file-detayli-ip-askili-kapli-dekolte-bustiyer-orme-sutyen-thmss24su00046-p-798159805,Sütyen
94,50621365,TRENDYOLMİLLA,Siyah Dantelli Biye Detaylı İp Askılı Üçgen Örme Büstiyer THMAW21SU0050,326.99,2361,/trendyolmilla/siyah-dantelli-biye-detayli-ip-askili-ucgen-orme-bustiyer-thmaw21su0050-p-50621365,Sütyen
95,798161002,TRENDYOLMİLLA,Ekru Seamless/Dikişsiz Çizgili Balensiz Kaplı Bralette Örme Sütyen THMSS24SU00049,123.99,18,/trendyolmilla/ekru-seamless-dikissiz-cizgili-balensiz-kapli-bralette-orme-sutyen-thmss24su00049-p-798161002,Sütyen
96,785175806,TRENDYOLMİLLA,Siyah Micro Tül Detaylı İp Askılı Kapsız Bralette Örme Sütyen THMSS24SU00018,133.99,26,/trendyolmilla/siyah-micro-tul-detayli-ip-askili-kapsiz-bralette-orme-sutyen-thmss24su00018-p-785175806,Sütyen
97,788428282,TRENDYOLMİLLA,Premium Siyah Poliamid İp Askılı Push Up Büstiyer Örme Sütyen THMSS24SU00024,385.99,43,/trendyolmilla/premium-siyah-poliamid-ip-askili-push-up-bustiyer-orme-sutyen-thmss24su00024-p-788428282,Sütyen
98,812358461,TRENDYOLMİLLA,Siyah Micro Dantel ve Tül Detaylı Kaplı T-Shirt Bra Örme Sütyen THMSS24SU00063,156.99,11,/trendyolmilla/siyah-micro-dantel-ve-tul-detayli-kapli-t-shirt-bra-orme-sutyen-thmss24su00063-p-812358461,Sütyen
100,792818027,TRENDYOLMİLLA,Ten-Siyah Tül Çiçekli İp Askılı Kapsız Örme Sütyen THMSS24SU00038,101.99,16,/trendyolmilla/ten-siyah-tul-cicekli-ip-askili-kapsiz-orme-sutyen-thmss24su00038-p-792818027,Sütyen
101,756391492,TRENDYOLMİLLA,Kırmızı Dantel U Balenli Kaplı Balconette Örme Sütyen THMSS23SU00075,202.99,49,/trendyolmilla/kirmizi-dantel-u-balenli-kapli-balconette-orme-sutyen-thmss23su00075-p-756391492,Sütyen
102,831905564,TRENDYOLMİLLA,Gül Kurusu-Ten 2'li Paket İp Askılı Dolgusuz Bütün Kap Balkonet Örme Sütyen THMSS21SU0141,501.99,0,/trendyolmilla/gul-kurusu-ten-2-li-paket-ip-askili-dolgusuz-butun-kap-balkonet-orme-sutyen-thmss21su0141-p-831905564,Sütyen
103,831903409,TRENDYOLMİLLA,Bordo Seamless/Dikişsiz Bralette Örme Sütyen THMAW22SU0027,181.99,0,/trendyolmilla/bordo-seamless-dikissiz-bralette-orme-sutyen-thmaw22su0027-p-831903409,Sütyen
104,790813176,TRENDYOLMİLLA,Siyah Dantel İp Askılı Kapsız Büstiyer Örme Sütyen THMSS24SU00034,73.99,18,/trendyolmilla/siyah-dantel-ip-askili-kapsiz-bustiyer-orme-sutyen-thmss24su00034-p-790813176,Sütyen
105,772191473,TRENDYOLMİLLA,Pembe Seamless/Dikişsiz Sırtı Fonksiyonel İp Askılı Kaplı Bralette Örme Sütyen THMAW22SU0023,170.99,27,/trendyolmilla/pembe-seamless-dikissiz-sirti-fonksiyonel-ip-askili-kapli-bralette-orme-sutyen-thmaw22su0023-p-772191473,Sütyen
106,806599615,TRENDYOLMİLLA,Siyah Tül İp Askılı Kapsız Üçgen Örme Sütyen THMSS24SU00059,135.99,18,/trendyolmilla/siyah-tul-ip-askili-kapsiz-ucgen-orme-sutyen-thmss24su00059-p-806599615,Sütyen
107,788428980,TRENDYOLMİLLA,Beyaz Micro Kontrast İp Askılı Dantel Detaylı Örme Sütyen THMSS24SU00027,177.99,29,/trendyolmilla/beyaz-micro-kontrast-ip-askili-dantel-detayli-orme-sutyen-thmss24su00027-p-788428980,Sütyen
108,803294967,TRENDYOLMİLLA,Ekru Poliamid İp Askılı Kaplı T-Shirt Bra Örme Sütyen THMSS24SU00052,163.99,21,/trendyolmilla/ekru-poliamid-ip-askili-kapli-t-shirt-bra-orme-sutyen-thmss24su00052-p-803294967,Sütyen
109,816791796,TRENDYOLMİLLA,Siyah-Leopar 2'li Paket İp Askılı Dolgusuz Bütün Kap Balkonet Örme Sütyen THMSS21SU0141,454.99,23,/trendyolmilla/siyah-leopar-2-li-paket-ip-askili-dolgusuz-butun-kap-balkonet-orme-sutyen-thmss21su0141-p-816791796,Sütyen
110,376113967,TRENDYOLMİLLA,Ekru Dantel İp Askılı Kapsız Bralet Bralette Örme Sütyen THMAW23SU00167,299.99,435,/trendyolmilla/ekru-dantel-ip-askili-kapsiz-bralet-bralette-orme-sutyen-thmaw23su00167-p-376113967,Sütyen
111,781318431,TRENDYOLMİLLA,Siyah Dantel İp Askılı Kapsız T-Shirt Bra Örme Sütyen THMSS24SU00011,181.99,20,/trendyolmilla/siyah-dantel-ip-askili-kapsiz-t-shirt-bra-orme-sutyen-thmss24su00011-p-781318431,Sütyen
112,803302471,TRENDYOLMİLLA,Ten-Çok Renkli 3'lü Paket Poliamid İp Askılı Push Up T-Shirt Bra Örme Sütyen THMSS24SU00053,479.99,25,/trendyolmilla/ten-cok-renkli-3-lu-paket-poliamid-ip-askili-push-up-t-shirt-bra-orme-sutyen-thmss24su00053-p-803302471,Sütyen
113,781878109,TRENDYOLMİLLA,Siyah Poliamid İp Askılı Dolgulu Kaplı Örme Sütyen THMSS24SU00009,253.99,13,/trendyolmilla/siyah-poliamid-ip-askili-dolgulu-kapli-orme-sutyen-thmss24su00009-p-781878109,Sütyen
114,737694435,TRENDYOLMİLLA,Gri Seamless/Dikişsiz İp Askılı Kapsız Bralette Örme Sütyen THMAW24SU00033,204.99,79,/trendyolmilla/gri-seamless-dikissiz-ip-askili-kapsiz-bralette-orme-sutyen-thmaw24su00033-p-737694435,Sütyen
115,781318482,TRENDYOLMİLLA,Siyah Dantel İp Askılı Kapsız T-Shirt Bra Örme Sütyen THMSS24SU00012,100.99,13,/trendyolmilla/siyah-dantel-ip-askili-kapsiz-t-shirt-bra-orme-sutyen-thmss24su00012-p-781318482,Sütyen
116,798160910,TRENDYOLMİLLA,Ten Seamless/Dikişsiz İp Askılı Kaplı Straplez Örme Sütyen THMSS24SU00048,290.99,27,/trendyolmilla/ten-seamless-dikissiz-ip-askili-kapli-straplez-orme-sutyen-thmss24su00048-p-798160910,Sütyen
117,128143515,TRENDYOLMİLLA,Siyah Dantelli İp Askılı Kapsız Üçgen Bralette Örme Sütyen THMAW22SU0069,245.99,611,/trendyolmilla/siyah-dantelli-ip-askili-kapsiz-ucgen-bralette-orme-sutyen-thmaw22su0069-p-128143515,Sütyen
118,772192506,TRENDYOLMİLLA,Lacivert Dantel İp Askılı U Balenli Kaplı Balconette Örme Sütyen THMSS23SU00075,219.99,27,/trendyolmilla/lacivert-dantel-ip-askili-u-balenli-kapli-balconette-orme-sutyen-thmss23su00075-p-772192506,Sütyen
119,759048363,TRENDYOLMİLLA,Siyah Poliamit Dantel Detaylı İp Askılı Kaplı Bralette Örme Sütyen THMAW24SU00011,330.99,47,/trendyolmilla/siyah-poliamit-dantel-detayli-ip-askili-kapli-bralette-orme-sutyen-thmaw24su00011-p-759048363,Sütyen
120,781318626,TRENDYOLMİLLA,Ten Micro İp Askılı Kaplı Balensiz Örme Sütyen THMSS24SU00013,247.99,27,/trendyolmilla/ten-micro-ip-askili-kapli-balensiz-orme-sutyen-thmss24su00013-p-781318626,Sütyen
121,806597279,TRENDYOLMİLLA,Siyah Dantel İp Askılı Dikme Kap Büstiyer Örme Sütyen THMSS24SU00060,116.99,6,/trendyolmilla/siyah-dantel-ip-askili-dikme-kap-bustiyer-orme-sutyen-thmss24su00060-p-806597279,Sütyen
122,818476516,TRENDYOLMİLLA,Bordo Dantel Demi Kaplı Örme Sütyen THMSS24SU00030,277.99,10,/trendyolmilla/bordo-dantel-demi-kapli-orme-sutyen-thmss24su00030-p-818476516,Sütyen
123,788174384,TRENDYOLMİLLA,Siyah Dantel İp Askılı Kapsız Büstiyer Örme Sütyen THMSS24SU00029,166.99,18,/trendyolmilla/siyah-dantel-ip-askili-kapsiz-bustiyer-orme-sutyen-thmss24su00029-p-788174384,Sütyen
124,798160909,TRENDYOLMİLLA,Siyah Seamless/Dikişsiz İp Askılı Kaplı Straplez Örme Sütyen THMSS24SU00048,147.99,13,/trendyolmilla/siyah-seamless-dikissiz-ip-askili-kapli-straplez-orme-sutyen-thmss24su00048-p-798160909,Sütyen
125,798162402,TRENDYOLMİLLA,Siyah Poliamid İp Askılı Kaplı Dekolte Örme Sütyen THMSS24SU00051,180.99,19,/trendyolmilla/siyah-poliamid-ip-askili-kapli-dekolte-orme-sutyen-thmss24su00051-p-798162402,Sütyen
126,788428510,TRENDYOLMİLLA,Premium Siyah Poliamid Push-Up Çıkarılabilir İp Askılı Straplez Örme Sütyen THMSS24SU00023,310.99,36,/trendyolmilla/premium-siyah-poliamid-push-up-cikarilabilir-ip-askili-straplez-orme-sutyen-thmss24su00023-p-788428510,Sütyen
127,792797955,TRENDYOLMİLLA,Siyah Modal Saten Detaylı İp Askılı Dolgunlaştırıcı Etkili Kaplı Örme Sütyen THMSS24SU00040,172.99,21,/trendyolmilla/siyah-modal-saten-detayli-ip-askili-dolgunlastirici-etkili-kapli-orme-sutyen-thmss24su00040-p-792797955,Sütyen
128,803302473,TRENDYOLMİLLA,Kahverengi-Çok Renkli 3'lü Paket Poliamid İp Askılı Push Up T-Shirt Bra Örme Sütyen THMSS24SU00053,486.99,39,/trendyolmilla/kahverengi-cok-renkli-3-lu-paket-poliamid-ip-askili-push-up-t-shirt-bra-orme-sutyen-thmss24su00053-p-803302473,Sütyen
129,785167062,TRENDYOLMİLLA,Siyah Dantel İp Askılı Balen Detaylı Kapsız Büstiyer Örme Sütyen THMSS24SU00017,222.99,26,/trendyolmilla/siyah-dantel-ip-askili-balen-detayli-kapsiz-bustiyer-orme-sutyen-thmss24su00017-p-785167062,Sütyen
130,369678585,TRENDYOLMİLLA,Açık Pembe Fitilli Sabit Kap Çıkarılabilir İp Askılı Straplez Örme Sütyen THMSS23SU00002,212.99,412,/trendyolmilla/acik-pembe-fitilli-sabit-kap-cikarilabilir-ip-askili-straplez-orme-sutyen-thmss23su00002-p-369678585,Sütyen
131,812342070,TRENDYOLMİLLA,Siyah Dantel Balenli Kapsız Bandeu Örme Sütyen THMSS24SU00064,76.99,4,/trendyolmilla/siyah-dantel-balenli-kapsiz-bandeu-orme-sutyen-thmss24su00064-p-812342070,Sütyen
132,781317969,TRENDYOLMİLLA,Siyah Dantel İp Askılı Kapsız Straplez Örme Sütyen THMSS24SU00007,114.99,17,/trendyolmilla/siyah-dantel-ip-askili-kapsiz-straplez-orme-sutyen-thmss24su00007-p-781317969,Sütyen
133,792793562,TRENDYOLMİLLA,Ten Tül Bütün Kaplı Çıkarılabilir İp Askılı Straplez Örme Sütyen THMSS24SU00037,315.99,36,/trendyolmilla/ten-tul-butun-kapli-cikarilabilir-ip-askili-straplez-orme-sutyen-thmss24su00037-p-792793562,Sütyen
134,790813379,TRENDYOLMİLLA,Siyah Tül İp Askılı Kapsız Balconette Örme Sütyen THMSS24SU00036,159.99,16,/trendyolmilla/siyah-tul-ip-askili-kapsiz-balconette-orme-sutyen-thmss24su00036-p-790813379,Sütyen
135,798160712,TRENDYOLMİLLA,Siyah Seamless/Dikişsiz İp Askılı Kaplı Bralette Örme Sütyen THMSS24SU00047,219.99,26,/trendyolmilla/siyah-seamless-dikissiz-ip-askili-kapli-bralette-orme-sutyen-thmss24su00047-p-798160712,Sütyen
136,792822070,TRENDYOLMİLLA,Siyah Dantel Puantiyeli Tül Detaylı İp Askılı Kapsız Örme Büstiyer THMSS24SU00043,132.99,19,/trendyolmilla/siyah-dantel-puantiyeli-tul-detayli-ip-askili-kapsiz-orme-bustiyer-thmss24su00043-p-792822070,Sütyen
137,788429041,TRENDYOLMİLLA,Siyah Micro İp Askılı Kaplı Tshirt Bra Örme Sütyen THMSS24SU00026,217.99,21,/trendyolmilla/siyah-micro-ip-askili-kapli-tshirt-bra-orme-sutyen-thmss24su00026-p-788429041,Sütyen
138,792823984,TRENDYOLMİLLA, Siyah-Beyaz-Ten 3'lü Paket Poliamid İp Askılı Sabit Kaplı Örme Sütyen THMSS24SU00042,619.99,91,/trendyolmilla/siyah-beyaz-ten-3-lu-paket-poliamid-ip-askili-sabit-kapli-orme-sutyen-thmss24su00042-p-792823984,Sütyen
139,806598948,TRENDYOLMİLLA,Siyah Dantel İp Askılı Kapsız Üçgen Örme Sütyen THMSS24SU00056,233.99,18,/trendyolmilla/siyah-dantel-ip-askili-kapsiz-ucgen-orme-sutyen-thmss24su00056-p-806598948,Sütyen
140,734004459,TRENDYOLMİLLA,Kırmızı Poliamit Dantel Detaylı İp Askılı Kaplı Bralette Örme Sütyen THMAW24SU00011,328.99,57,/trendyolmilla/kirmizi-poliamit-dantel-detayli-ip-askili-kapli-bralette-orme-sutyen-thmaw24su00011-p-734004459,Sütyen
141,804733262,TRENDYOLMİLLA,Beyaz-Çok Renkli Pamuklu Kalpli İp Askılı Kaplı T-Shirt Bra Örme Sütyen THMSS24SU00055,187.99,27,/trendyolmilla/beyaz-cok-renkli-pamuklu-kalpli-ip-askili-kapli-t-shirt-bra-orme-sutyen-thmss24su00055-p-804733262,Sütyen
142,835931378,Edit by Trendyol,Siyah Micro Kurdele/Fiyonk Detaylı Çıkarılabilir İp Askılı Kaplı Örme Sütyen TEDAW25SU00001,266.99,3,/edit-by-trendyol/siyah-micro-kurdele-fiyonk-detayli-cikarilabilir-ip-askili-kapli-orme-sutyen-tedaw25su00001-p-835931378,Sütyen
143,788173986,TRENDYOLMİLLA,Siyah Dantel İp Askılı Astarlı Kapsız Büstiyer Örme Sütyen THMSS24SU00028,170.99,21,/trendyolmilla/siyah-dantel-ip-askili-astarli-kapsiz-bustiyer-orme-sutyen-thmss24su00028-p-788173986,Sütyen
144,833528137,TRENDYOLMİLLA,Siyah Dantel Balenli Ajurlu/Delikli Kaplı Balconette Örme Sütyen THMAW25SU00006,319.99,0,/trendyolmilla/siyah-dantel-balenli-ajurlu-delikli-kapli-balconette-orme-sutyen-thmaw25su00006-p-833528137,Sütyen
145,773140954,TRENDYOLMİLLA,Sarı Dantelli Biye Detaylı İp Askılı Üçgen Örme Büstiyer THMAW21SU0050,119.99,18,/trendyolmilla/sari-dantelli-biye-detayli-ip-askili-ucgen-orme-bustiyer-thmaw21su0050-p-773140954,Sütyen
146,792797954,TRENDYOLMİLLA,Ten Modal Saten Detaylı İp Askılı Dolgunlaştırıcı Etkili Kaplı Örme Sütyen THMSS24SU00040,153.99,17,/trendyolmilla/ten-modal-saten-detayli-ip-askili-dolgunlastirici-etkili-kapli-orme-sutyen-thmss24su00040-p-792797954,Sütyen
147,446398679,TRENDYOLMİLLA,Beyaz Dantel Detaylı Çiçek Nakışlı İp Askılı Wire Bra Örme Sütyen THMSS23SU00069,322.99,482,/trendyolmilla/beyaz-dantel-detayli-cicek-nakisli-ip-askili-wire-bra-orme-sutyen-thmss23su00069-p-446398679,Sütyen
148,788982521,TRENDYOLMİLLA,Bride Beyaz Dantel Kapsız İp Askılı Büstiyer Örme Sütyen THMSS24SU00033,154.99,11,/trendyolmilla/bride-beyaz-dantel-kapsiz-ip-askili-bustiyer-orme-sutyen-thmss24su00033-p-788982521,Sütyen
149,788428853,TRENDYOLMİLLA,Siyah Parlak Poliamid İp Askılı Push-Up Straplaz Örme Sütyen THMSS24SU00025,283.99,20,/trendyolmilla/siyah-parlak-poliamid-ip-askili-push-up-straplaz-orme-sutyen-thmss24su00025-p-788428853,Sütyen
150,737426498,TRENDYOLMİLLA,Siyah Tül ve Bant Detaylı İp Askılı Kapsız Örme Sütyen THMAW24SU00025,142.99,20,/trendyolmilla/siyah-tul-ve-bant-detayli-ip-askili-kapsiz-orme-sutyen-thmaw24su00025-p-737426498,Sütyen
151,798157735,TRENDYOLMİLLA,Siyah Dantel İp Askılı Kapsız Bralette Örme Sütyen THMSS24SU00045,130.99,11,/trendyolmilla/siyah-dantel-ip-askili-kapsiz-bralette-orme-sutyen-thmss24su00045-p-798157735,Sütyen
152,833527539,TRENDYOLMİLLA,Koyu Ten Poliamid İp Askılı Kaplı T-Shirt Bra Örme Sütyen THMAW25SU00010,326.99,0,/trendyolmilla/koyu-ten-poliamid-ip-askili-kapli-t-shirt-bra-orme-sutyen-thmaw25su00010-p-833527539,Sütyen
153,781318638,TRENDYOLMİLLA,Siyah Micro Dantel Detaylı Kaplı Balenli Örme Sütyen THMSS24SU00014,161.99,19,/trendyolmilla/siyah-micro-dantel-detayli-kapli-balenli-orme-sutyen-thmss24su00014-p-781318638,Sütyen
154,798159801,TRENDYOLMİLLA,Ten Dantel File Detaylı İp Askılı Kaplı Dekolte Büstiyer Örme Sütyen THMSS24SU00046,231.99,18,/trendyolmilla/ten-dantel-file-detayli-ip-askili-kapli-dekolte-bustiyer-orme-sutyen-thmss24su00046-p-798159801,Sütyen
155,835930919,Edit by Trendyol,Beyaz Dantel Çıkarılabilir İp Askılı Kaplı Örme Sütyen TEDAW25SU00000,266.99,4,/edit-by-trendyol/beyaz-dantel-cikarilabilir-ip-askili-kapli-orme-sutyen-tedaw25su00000-p-835930919,Sütyen
156,309280569,TRENDYOLMİLLA,Siyah Dantel Kapsız Bralette Örme Sütyen THMAW23SU00107,305.99,147,/trendyolmilla/siyah-dantel-kapsiz-bralette-orme-sutyen-thmaw23su00107-p-309280569,Sütyen
157,818478678,TRENDYOLMİLLA, Lila-Siyah-Koyu Mavi 3'lü Paket Poliamid İp Askılı Kaplı Straplez Örme Sütyen THMSS24SU00054,676.99,11,/trendyolmilla/lila-siyah-koyu-mavi-3-lu-paket-poliamid-ip-askili-kapli-straplez-orme-sutyen-thmss24su00054-p-818478678,Sütyen
158,790813296,TRENDYOLMİLLA,Siyah Tül İp Askılı Kapsız T-Shirt Bra Örme Sütyen THMSS24SU00035,98.99,19,/trendyolmilla/siyah-tul-ip-askili-kapsiz-t-shirt-bra-orme-sutyen-thmss24su00035-p-790813296,Sütyen
159,831854097,TRENDYOLMİLLA,Beyaz İp Askılı Ekstra Push-Up Tshirt Bra Örme Sütyen THMAW21SU0058,354.99,0,/trendyolmilla/beyaz-ip-askili-ekstra-push-up-tshirt-bra-orme-sutyen-thmaw21su0058-p-831854097,Sütyen
160,369679495,TRENDYOLMİLLA,Bej Fitilli Sabit Kap Çıkarılabilir İp Askılı Straplez Örme Sütyen THMSS23SU00002,344.99,153,/trendyolmilla/bej-fitilli-sabit-kap-cikarilabilir-ip-askili-straplez-orme-sutyen-thmss23su00002-p-369679495,Sütyen
161,831947208,TRENDYOLMİLLA,Siyah Micro Dantel Detaylı Ajurlu/Delikli Push Up Straplez Örme Sütyen THMAW25SU00000,366.99,0,/trendyolmilla/siyah-micro-dantel-detayli-ajurlu-delikli-push-up-straplez-orme-sutyen-thmaw25su00000-p-831947208,Sütyen
162,459281602,TRENDYOLMİLLA,Siyah Dantel İp Askılı U Balenli Kaplı Balconette Örme Sütyen THMSS23SU00075,292.99,399,/trendyolmilla/siyah-dantel-ip-askili-u-balenli-kapli-balconette-orme-sutyen-thmss23su00075-p-459281602,Sütyen
163,792822058,TRENDYOLMİLLA,Bride Beyaz Dantel Puantiyeli Tül Detaylı İp Askılı Kapsız Örme Büstiyer THMSS24SU00043,163.99,14,/trendyolmilla/bride-beyaz-dantel-puantiyeli-tul-detayli-ip-askili-kapsiz-orme-bustiyer-thmss24su00043-p-792822058,Sütyen
164,781878110,TRENDYOLMİLLA,Ten Poliamid İp Askılı Dolgulu Kaplı Örme Sütyen THMSS24SU00009,264.99,28,/trendyolmilla/ten-poliamid-ip-askili-dolgulu-kapli-orme-sutyen-thmss24su00009-p-781878110,Sütyen
165,788974046,TRENDYOLMİLLA,Bride Beyaz Dantel Biyeli İp Askılı Kapsız Örme Sütyen THMSS24SU00032,175.99,6,/trendyolmilla/bride-beyaz-dantel-biyeli-ip-askili-kapsiz-orme-sutyen-thmss24su00032-p-788974046,Sütyen
166,773147074,TRENDYOLMİLLA,Nar Çiçeği İp Askılı Ekstra Push-Up Tshirt Bra Örme Sütyen THMAW22SU0004,289.99,18,/trendyolmilla/nar-cicegi-ip-askili-ekstra-push-up-tshirt-bra-orme-sutyen-thmaw22su0004-p-773147074,Sütyen
167,289275088,TRENDYOLMİLLA,Ekru Dantel İp Askılı Kapsız Bralette Örme Sütyen THMAW22SU0066,250.99,215,/trendyolmilla/ekru-dantel-ip-askili-kapsiz-bralette-orme-sutyen-thmaw22su0066-p-289275088,Sütyen
168,835931542,Edit by Trendyol,Beyaz Micro Çiçek Baskılı Dantel Detaylı ve Çıkarılabilir İp Askılı Kaplı Örme Sütyen TEDAW25SU00002,267.99,1,/edit-by-trendyol/beyaz-micro-cicek-baskili-dantel-detayli-ve-cikarilabilir-ip-askili-kapli-orme-sutyen-tedaw25su00002-p-835931542,Sütyen
169,772198228,TRENDYOLMİLLA,Kırmızı Dantel Biyeli İp Askılı Balenli Kapsız Balconette Örme Sütyen THMSS23SU00076,191.99,12,/trendyolmilla/kirmizi-dantel-biyeli-ip-askili-balenli-kapsiz-balconette-orme-sutyen-thmss23su00076-p-772198228,Sütyen
170,759198067,TRENDYOLMİLLA,Antrasit Seamless/Dikişsiz İp Askılı Örme Büstiyer THMAW21BS0002,199.99,17,/trendyolmilla/antrasit-seamless-dikissiz-ip-askili-orme-bustiyer-thmaw21bs0002-p-759198067,Sütyen
172,792819846,TRENDYOLMİLLA,Siyah Taşlı İp Askılı Kapsız Balenli Örme Sütyen THMSS24SU00039,135.99,14,/trendyolmilla/siyah-tasli-ip-askili-kapsiz-balenli-orme-sutyen-thmss24su00039-p-792819846,Sütyen
173,288699333,TRENDYOLMİLLA,Koyu Kahverengi Seamless/Dikişsiz Kaplı Çıkarılabilir İp Askılı Straplez Örme Sütyen THMAW23SU00069,345.99,626,/trendyolmilla/koyu-kahverengi-seamless-dikissiz-kapli-cikarilabilir-ip-askili-straplez-orme-sutyen-thmaw23su00069-p-288699333,Sütyen
174,788973839,TRENDYOLMİLLA,Bride Beyaz Dantel Aksesuar Detaylı İp Askılı Kaplı Örme Sütyen THMSS24SU00031,272.99,25,/trendyolmilla/bride-beyaz-dantel-aksesuar-detayli-ip-askili-kapli-orme-sutyen-thmss24su00031-p-788973839,Sütyen
175,831877858,TRENDYOLMİLLA,Bordo Push-Up Bütün Kap Çıkarılabilir İp Askılı Straplez Örme Sütyen THMAW21SU0059,366.99,1,/trendyolmilla/bordo-push-up-butun-kap-cikarilabilir-ip-askili-straplez-orme-sutyen-thmaw21su0059-p-831877858,Sütyen
176,773147079,TRENDYOLMİLLA,Mavi İp Askılı Ekstra Push-Up Tshirt Bra Örme Sütyen THMAW22SU0004,318.99,25,/trendyolmilla/mavi-ip-askili-ekstra-push-up-tshirt-bra-orme-sutyen-thmaw22su0004-p-773147079,Sütyen
177,197694154,TRENDYOLMİLLA,Siyah Dantel Detaylı İp Askılı Örme Büstiyer THMSS22SU0049,358.99,396,/trendyolmilla/siyah-dantel-detayli-ip-askili-orme-bustiyer-thmss22su0049-p-197694154,Sütyen
178,66596415,TRENDYOLMİLLA,Bordo Dantelli Biye Detaylı İp Askılı Üçgen Örme Büstiyer THMAW21SU0050,335.99,1066,/trendyolmilla/bordo-dantelli-biye-detayli-ip-askili-ucgen-orme-bustiyer-thmaw21su0050-p-66596415,Sütyen
179,831884178,TRENDYOLMİLLA,Gül Kurusu İp Askılı Ekstra Push-Up Tshirt Bra Örme Sütyen THMAW22SU0004,404.99,0,/trendyolmilla/gul-kurusu-ip-askili-ekstra-push-up-tshirt-bra-orme-sutyen-thmaw22su0004-p-831884178,Sütyen
180,798161806,TRENDYOLMİLLA,Siyah-Ten Poliamid Çift Taraflı Giyilebilen İp Askılı Kaplı Örme Sütyen THMSS24SU00050,376.99,38,/trendyolmilla/siyah-ten-poliamid-cift-tarafli-giyilebilen-ip-askili-kapli-orme-sutyen-thmss24su00050-p-798161806,Sütyen
181,835931545,Edit by Trendyol,Siyah Micro Çiçek Baskılı Dantel Detaylı ve Çıkarılabilir İp Askılı Kaplı Örme Sütyen TEDAW25SU00002,269.99,0,/edit-by-trendyol/siyah-micro-cicek-baskili-dantel-detayli-ve-cikarilabilir-ip-askili-kapli-orme-sutyen-tedaw25su00002-p-835931545,Sütyen
182,835930922,Edit by Trendyol,Siyah Dantel Çıkarılabilir İp Askılı Kaplı Örme Sütyen TEDAW25SU00000,266.99,1,/edit-by-trendyol/siyah-dantel-cikarilabilir-ip-askili-kapli-orme-sutyen-tedaw25su00000-p-835930922,Sütyen
184,833527822,TRENDYOLMİLLA,Mavi-Çok Renkli Micro Çizgili İp Askılı Kaplı T-Shirt Bra Örme Sütyen THMAW25SU00007,326.99,0,/trendyolmilla/mavi-cok-renkli-micro-cizgili-ip-askili-kapli-t-shirt-bra-orme-sutyen-thmaw25su00007-p-833527822,Sütyen
185,788974051,TRENDYOLMİLLA,Siyah Dantel Biyeli İp Askılı Kapsız Örme Sütyen THMSS24SU00032,165.99,6,/trendyolmilla/siyah-dantel-biyeli-ip-askili-kapsiz-orme-sutyen-thmss24su00032-p-788974051,Sütyen
186,737406661,TRENDYOLMİLLA,Siyah Dantel İp Askılı Balen Detaylı Kapsız Örme Sütyen THMAW24SU00034,138.99,118,/trendyolmilla/siyah-dantel-ip-askili-balen-detayli-kapsiz-orme-sutyen-thmaw24su00034-p-737406661,Sütyen
187,459283261,TRENDYOLMİLLA,Siyah Dantel Biyeli İp Askılı Balenli Kapsız Balconette Örme Sütyen THMSS23SU00076,324.99,355,/trendyolmilla/siyah-dantel-biyeli-ip-askili-balenli-kapsiz-balconette-orme-sutyen-thmss23su00076-p-459283261,Sütyen
188,96500549,TRENDYOLMİLLA,Beyaz İp Askılı Push Up Bütün Kap Straplez Örme Sütyen THMSS21SU0107,379.99,6679,/trendyolmilla/beyaz-ip-askili-push-up-butun-kap-straplez-orme-sutyen-thmss21su0107-p-96500549,Sütyen
189,832449071,TRENDYOLMİLLA,Siyah-Ten 2'li Süprem Balensiz Dantel/Mesh/File Düz Atma Kap Üçgen Sütyen THMAW25SU00001,488.99,0,/trendyolmilla/siyah-ten-2-li-suprem-balensiz-dantel-mesh-file-duz-atma-kap-ucgen-sutyen-thmaw25su00001-p-832449071,Sütyen
