,ID,MARKA,URUN_NAME,FIYAT,RATE_COUNT,URUN_LINK,KATEGORI
0,814583369,TRENDYOLMİLLA,Vizon Kaşe İnce Ceket Mont TWOAW25MO00084,969.99,1,/trendyolmilla/vizon-kase-ince-ceket-mont-twoaw25mo00084-p-814583369,Mont
1,204890936,TRENDYOLMİLLA,Bej Oversize Büzgü Detaylı Su İtici Bomber Ceket Mont TWOSS22MO0099,699.99,1921,/trendyolmilla/bej-oversize-buzgu-detayli-su-itici-bomber-ceket-mont-twoss22mo0099-p-204890936,Mont
2,262129452,TRENDYOLMİLLA,Siyah Oversize Kapüşonlu Su Geçirmez Kanguru Kapitone Mont TWOAW23MO00111,879.99,842,/trendyolmilla/siyah-oversize-kapusonlu-su-gecirmez-kanguru-kapitone-mont-twoaw23mo00111-p-262129452,Mont
3,302224116,TRENDYOLMİLLA,Siyah Oversize Büzgü Detaylı Su İtici Bomber Ceket Mont TWOSS22MO0099,659.99,629,/trendyolmilla/siyah-oversize-buzgu-detayli-su-itici-bomber-ceket-mont-twoss22mo0099-p-302224116,Mont
4,774402292,TRENDYOLMİLLA,Kahverengi Peluş Yaka Detaylı Suni Deri Mont TWOAW24KB00217,1009.99,34,/trendyolmilla/kahverengi-pelus-yaka-detayli-suni-deri-mont-twoaw24kb00217-p-774402292,Mont
5,656793569,TRENDYOLMİLLA,Siyah Regular Su İtici Şişme Mont TWOAW24MO00048,679.99,730,/trendyolmilla/siyah-regular-su-itici-sisme-mont-twoaw24mo00048-p-656793569,Mont
6,672437579,TRENDYOLMİLLA,Siyah Oversize Su İtici Şişme Kapitone Mont TWOAW24MO00146,659.99,937,/trendyolmilla/siyah-oversize-su-itici-sisme-kapitone-mont-twoaw24mo00146-p-672437579,Mont
7,266489640,TRENDYOLMİLLA,Yeşil Oversize Kemerli Su İtici Kapitone Mont TWOAW23MO00170,699.99,691,/trendyolmilla/yesil-oversize-kemerli-su-itici-kapitone-mont-twoaw23mo00170-p-266489640,Mont
8,784449576,TRENDYOLMİLLA,Kırmızı Oversize Büzgü Detaylı Su İtici Bomber Ceket Mont TWOSS22MO0099,719.99,24,/trendyolmilla/kirmizi-oversize-buzgu-detayli-su-itici-bomber-ceket-mont-twoss22mo0099-p-784449576,Mont
9,808447059,TRENDYOLMİLLA,Siyah Peluş Detaylı Süet Kemerli Biker Mont TWOSS24MO00087,646.99,39,/trendyolmilla/siyah-pelus-detayli-suet-kemerli-biker-mont-twoss24mo00087-p-808447059,Mont
10,784429505,TRENDYOLMİLLA,Lacivert Oversize Geometrik Desenli Kapitone Mont TWOSS24MO00000,619.99,15,/trendyolmilla/lacivert-oversize-geometrik-desenli-kapitone-mont-twoss24mo00000-p-784429505,Mont
11,789557074,Edit by Trendyol,Siyah Regular Mont TEDAW24MO00000,279.99,85,/edit-by-trendyol/siyah-regular-mont-tedaw24mo00000-p-789557074,Mont
12,267190120,TRENDYOLMİLLA,Siyah Regular Kapüşonlu Kemerli Su İtici Şişme Mont TWOAW23MO00188,899.99,716,/trendyolmilla/siyah-regular-kapusonlu-kemerli-su-itici-sisme-mont-twoaw23mo00188-p-267190120,Mont
13,772968285,TRENDYOLMİLLA,Beyaz Oversize Peluş Suni Deri Detaylı Biker Mont TWOAW24KB00215,1339.99,57,/trendyolmilla/beyaz-oversize-pelus-suni-deri-detayli-biker-mont-twoaw24kb00215-p-772968285,Mont
14,745817999,TRENDYOLMİLLA,Gri Oversize Kaşe Bomber Mont TWOAW24MO00331,649.99,55,/trendyolmilla/gri-oversize-kase-bomber-mont-twoaw24mo00331-p-745817999,Mont
15,731696499,TRENDYOLMİLLA,Winter Essentials/Kayak Koleksiyonu Pembe Kapüşonlu Su Geçirmez Şişme Mont TWOAW24MO00247,647.99,15,/trendyolmilla/winter-essentials-kayak-koleksiyonu-pembe-kapusonlu-su-gecirmez-sisme-mont-twoaw24mo00247-p-731696499,Mont
16,731696485,TRENDYOLMİLLA,Winter Essentials/Kayak Koleksiyonu Siyah Kapüşonlu Su Geçirmez Şişme Mont TWOAW24MO00247,675.99,56,/trendyolmilla/winter-essentials-kayak-koleksiyonu-siyah-kapusonlu-su-gecirmez-sisme-mont-twoaw24mo00247-p-731696485,Mont
17,266861361,TRENDYOLMİLLA,Siyah Oversize Kapüşonlu Su İtici Şişme Mont TWOAW23MO00193,889.99,1097,/trendyolmilla/siyah-oversize-kapusonlu-su-itici-sisme-mont-twoaw23mo00193-p-266861361,Mont
18,251774103,TRENDYOLMİLLA,Siyah-Bej Çift Taraflı Kapüşonlu Su İtici Uzun Şişme Mont TWOAW23MO00052,949.99,3471,/trendyolmilla/siyah-bej-cift-tarafli-kapusonlu-su-itici-uzun-sisme-mont-twoaw23mo00052-p-251774103,Mont
19,44606305,TRENDYOLMİLLA,Siyah Kapüşonlu Su İtici Şişme Mont TWOAW21MO0022,629.99,12774,/trendyolmilla/siyah-kapusonlu-su-itici-sisme-mont-twoaw21mo0022-p-44606305,Mont
20,784172672,TRENDYOLMİLLA,Siyah Oversize Parlak Rugan İnce Ceket Mont TWOSS24MO00004,579.99,22,/trendyolmilla/siyah-oversize-parlak-rugan-ince-ceket-mont-twoss24mo00004-p-784172672,Mont
21,786341785,TRENDYOLMİLLA,Taş Oversize Süet Bomber Ceket Mont TWOSS24MO00048,719.99,35,/trendyolmilla/tas-oversize-suet-bomber-ceket-mont-twoss24mo00048-p-786341785,Mont
22,665588651,TRENDYOLMİLLA,Mavi Su İtici Kapitone Şişme Mont TWOAW24MO00033,494.99,74,/trendyolmilla/mavi-su-itici-kapitone-sisme-mont-twoaw24mo00033-p-665588651,Mont
23,793646525,TRENDYOLMİLLA,Ekru Oversize Kuşaklı Keten Kemerli Cep Detaylı Mont TWOSS24MO00063,1049.99,14,/trendyolmilla/ekru-oversize-kusakli-keten-kemerli-cep-detayli-mont-twoss24mo00063-p-793646525,Mont
48,817198210,TRENDYOL MAN,Haki Regular Fit Kadife Yaka Detaylı Mont TMNAW25MO00017,1104.99,0,/trendyol-man/haki-regular-fit-kadife-yaka-detayli-mont-tmnaw25mo00017-p-817198210,Mont
49,34416605,TRENDYOLMİLLA,Siyah Su İtici Şişme Mont TWOSS20MO0015,379.99,1276,/trendyolmilla/siyah-su-itici-sisme-mont-twoss20mo0015-p-34416605,Mont
50,814230901,TRENDYOLMİLLA,Bordo Peluş Detaylı Suni Deri Biker Ceket Mont TWOAW25MO00066,1129.99,1,/trendyolmilla/bordo-pelus-detayli-suni-deri-biker-ceket-mont-twoaw25mo00066-p-814230901,Mont
51,32994784,TRENDYOLMİLLA,Çok Renkli Kaz Ayağı Desenli Kaşe Ceket Mont TWOAW20MO0118,329.99,364,/trendyolmilla/cok-renkli-kaz-ayagi-desenli-kase-ceket-mont-twoaw20mo0118-p-32994784,Mont
52,772968489,TRENDYOLMİLLA,Siyah Suni Deri Peluş Yaka Detaylı Biker Kapama Mont TWOAW24KB00216,1039.99,35,/trendyolmilla/siyah-suni-deri-pelus-yaka-detayli-biker-kapama-mont-twoaw24kb00216-p-772968489,Mont
53,652829617,TRENDYOLMİLLA,Siyah Çift Taraflı Giyilebilir Kapüşonlu Peluş Kapitone Şişme Mont TWOAW24MO00018,1249.99,241,/trendyolmilla/siyah-cift-tarafli-giyilebilir-kapusonlu-pelus-kapitone-sisme-mont-twoaw24mo00018-p-652829617,Mont
54,814170221,TRENDYOLMİLLA,Siyah Oversize Kaşe Bomber Ceket Mont TWOAW25MO00053,789.99,1,/trendyolmilla/siyah-oversize-kase-bomber-ceket-mont-twoaw25mo00053-p-814170221,Mont
55,682589145,TRENDYOLMİLLA,Lacivert Gold Düğme Detaylı Kaşe Ceket Mont TWOAW24MO00132,369.99,137,/trendyolmilla/lacivert-gold-dugme-detayli-kase-ceket-mont-twoaw24mo00132-p-682589145,Mont
56,379927447,TRENDYOLMİLLA,Siyah Su Geçirmez Bomber Ceket Mont TWOSS23MO00010,629.99,281,/trendyolmilla/siyah-su-gecirmez-bomber-ceket-mont-twoss23mo00010-p-379927447,Mont
57,814170510,TRENDYOLMİLLA,Taş Oversize Kaşe Bomber Ceket Mont TWOAW25MO00053,789.99,1,/trendyolmilla/tas-oversize-kase-bomber-ceket-mont-twoaw25mo00053-p-814170510,Mont
58,661832946,TRENDYOLMİLLA,Ekru Peluş Crop Şişme Mont TWOAW24MO00030,512.99,97,/trendyolmilla/ekru-pelus-crop-sisme-mont-twoaw24mo00030-p-661832946,Mont
59,829535440,TRENDYOLMİLLA,Çok Renkli Leopar Desenli Oversize Kapitone Şişme Mont TWOAW25MO00136,999.99,0,/trendyolmilla/cok-renkli-leopar-desenli-oversize-kapitone-sisme-mont-twoaw25mo00136-p-829535440,Mont
60,251243972,TRENDYOLMİLLA,Lacivert Kapüşonlu Su İtici Şişme Mont TWOAW21MO0022,422.99,504,/trendyolmilla/lacivert-kapusonlu-su-itici-sisme-mont-twoaw21mo0022-p-251243972,Mont
61,734449676,TRENDYOLMİLLA,Siyah Oversize Suni Deri Ceket Mont TWOAW24MO00253,779.99,131,/trendyolmilla/siyah-oversize-suni-deri-ceket-mont-twoaw24mo00253-p-734449676,Mont
62,792046046,TRENDYOLMİLLA,Çok Renkli Oversize Pul Payetli İnce Bomber Mont TWOSS24MO00057,749.99,32,/trendyolmilla/cok-renkli-oversize-pul-payetli-ince-bomber-mont-twoss24mo00057-p-792046046,Mont
63,322950187,TRENDYOLMİLLA,Siyah Gold Düğme Detaylı Buklet Kaban TWOAW23KB00251,494.99,523,/trendyolmilla/siyah-gold-dugme-detayli-buklet-kaban-twoaw23kb00251-p-322950187,Mont
64,248251810,TRENDYOLMİLLA,Siyah Oversize Kürk Kapüşonlu Su İtici Şişme Mont TWOAW23MO00136,409.99,476,/trendyolmilla/siyah-oversize-kurk-kapusonlu-su-itici-sisme-mont-twoaw23mo00136-p-248251810,Mont
65,672437570,TRENDYOLMİLLA,Lacivert Oversize Su İtici Şişme Kapitone Mont TWOAW24MO00146,649.99,237,/trendyolmilla/lacivert-oversize-su-itici-sisme-kapitone-mont-twoaw24mo00146-p-672437570,Mont
66,312933422,TRENDYOLMİLLA,Siyah Suni Deri Biker Ceket Mont TWOAW23MO00372,289.99,64,/trendyolmilla/siyah-suni-deri-biker-ceket-mont-twoaw23mo00372-p-312933422,Mont
67,801038434,TRENDYOLMİLLA,Siyah Peluş Detaylı Suni Deri Mont TWOSS24MO00075,649.99,26,/trendyolmilla/siyah-pelus-detayli-suni-deri-mont-twoss24mo00075-p-801038434,Mont
68,820031247,TRENDYOLMİLLA,Kırmızı Regular Kaşe Biker İnce Ceket Mont TWOAW25MO00131,999.99,0,/trendyolmilla/kirmizi-regular-kase-biker-ince-ceket-mont-twoaw25mo00131-p-820031247,Mont
69,791937705,TRENDYOLMİLLA,Koyu Vizon Suni Deri İnce Ceket Mont TWOSS24MO00058,659.99,9,/trendyolmilla/koyu-vizon-suni-deri-ince-ceket-mont-twoss24mo00058-p-791937705,Mont
70,819752587,Edit by Trendyol,Taş Regular Dokuma Mont TEDSS24MO00000,599.99,0,/edit-by-trendyol/tas-regular-dokuma-mont-tedss24mo00000-p-819752587,Mont
71,464317996,TRENDYOLMİLLA,Açık Haki İnce Ceket Mont TWOSS23MO00081,679.99,127,/trendyolmilla/acik-haki-ince-ceket-mont-twoss23mo00081-p-464317996,Mont
72,792782077,TRENDYOLMİLLA,Lacivert Tüvit Ceket Mont TWOSS24MO00056,519.99,24,/trendyolmilla/lacivert-tuvit-ceket-mont-twoss24mo00056-p-792782077,Mont
73,783248056,TRENDYOLMİLLA,Siyah Oversize Kazayağı Tüvit İnce Mont TWOSS24MO00023,479.99,1,/trendyolmilla/siyah-oversize-kazayagi-tuvit-ince-mont-twoss24mo00023-p-783248056,Mont
74,752905410,TRENDYOL MAN,Lacivert Unisex Oversize Fit Dik Yaka Şişme Kışlık Mont TMNAW24MO00003,836.99,52,/trendyol-man/lacivert-unisex-oversize-fit-dik-yaka-sisme-kislik-mont-tmnaw24mo00003-p-752905410,Mont
75,816260074,TRENDYOL MAN,Yeşil Unisex Regular Fit Bomber Yaka Kolej Kışlık Mont TMNAW24MO00017,988.99,0,/trendyol-man/yesil-unisex-regular-fit-bomber-yaka-kolej-kislik-mont-tmnaw24mo00017-p-816260074,Mont
76,47423542,TRENDYOLMİLLA,Siyah Kapüşonlu Kuşaklı Su İtici Şişme Mont TWOAW21MO0011,549.99,2146,/trendyolmilla/siyah-kapusonlu-kusakli-su-itici-sisme-mont-twoaw21mo0011-p-47423542,Mont
77,148060777,TRENDYOLMİLLA,Siyah Ribana Kollu Su İtici Şişme Mont TWOAW22MO0002,439.99,1274,/trendyolmilla/siyah-ribana-kollu-su-itici-sisme-mont-twoaw22mo0002-p-148060777,Mont
78,785186147,TRENDYOLMİLLA,Bej Suni Deri Peluş Yaka Detaylı Biker Kapama Mont TWOAW24KB00216,1240.99,0,/trendyolmilla/bej-suni-deri-pelus-yaka-detayli-biker-kapama-mont-twoaw24kb00216-p-785186147,Mont
79,665593749,TRENDYOLMİLLA,Açık Haki Renk Bloklu ve Peluş Yaka Detaylı Su İtici Kapitone Şişme Mont TWOAW24MO00035,659.99,141,/trendyolmilla/acik-haki-renk-bloklu-ve-pelus-yaka-detayli-su-itici-kapitone-sisme-mont-twoaw24mo00035-p-665593749,Mont
80,665618799,TRENDYOLMİLLA,Gri Katlanabilir Çanta Detaylı Su İtici Şişme Mont TWOAW24MO00115,458.99,36,/trendyolmilla/gri-katlanabilir-canta-detayli-su-itici-sisme-mont-twoaw24mo00115-p-665618799,Mont
81,125852006,TRENDYOLMİLLA,Haki İçi Peluş Kapüşonlu Yağmurluk Mont TWOAW22MO0524,929.99,1067,/trendyolmilla/haki-ici-pelus-kapusonlu-yagmurluk-mont-twoaw22mo0524-p-125852006,Mont
82,656793598,TRENDYOLMİLLA,Bej Regular Su İtici Şişme Mont TWOAW24MO00048,659.99,232,/trendyolmilla/bej-regular-su-itici-sisme-mont-twoaw24mo00048-p-656793598,Mont
83,784563622,TRENDYOLMİLLA,Siyah Suni Deri Biker Ceket Mont TWOSS24MO00034,799.99,31,/trendyolmilla/siyah-suni-deri-biker-ceket-mont-twoss24mo00034-p-784563622,Mont
84,814877044,TRENDYOL MAN,Unisex Siyah İçi Peluşlu Çift Taraflı Giyilebilen Kapüşonlu Mont TMNAW25MO00012,1342.99,0,/trendyol-man/unisex-siyah-ici-peluslu-cift-tarafli-giyilebilen-kapusonlu-mont-tmnaw25mo00012-p-814877044,Mont
85,814874914,TRENDYOL MAN,Unisex Taş Taslan Relaxed Fit Kışlık Şişme Mont TMNAW25MO00007,1172.99,0,/trendyol-man/unisex-tas-taslan-relaxed-fit-kislik-sisme-mont-tmnaw25mo00007-p-814874914,Mont
86,735982231,TRENDYOL MAN,Lacivert Unisex Regular Fit Kadife Kışlık Mont TMNAW24MO00018,1243.99,26,/trendyol-man/lacivert-unisex-regular-fit-kadife-kislik-mont-tmnaw24mo00018-p-735982231,Mont
87,650453724,TRENDYOLMİLLA,Siyah Su İtici Crop Özellikli Şişme Mont TWOAW24MO00020,446.99,131,/trendyolmilla/siyah-su-itici-crop-ozellikli-sisme-mont-twoaw24mo00020-p-650453724,Mont
88,268538401,TRENDYOLMİLLA,Bej Kapüşonlu Su İtici Uzun Şişme Mont TWOAW23MO00154,1039.99,132,/trendyolmilla/bej-kapusonlu-su-itici-uzun-sisme-mont-twoaw23mo00154-p-268538401,Mont
89,657709455,TRENDYOLMİLLA,Vizon Regular Yandan Çıtçıt Kapamalı Su İtici Uzun Kapitone Şişme Mont TWOAW24MO00044,999.99,65,/trendyolmilla/vizon-regular-yandan-citcit-kapamali-su-itici-uzun-kapitone-sisme-mont-twoaw24mo00044-p-657709455,Mont
90,656796095,TRENDYOLMİLLA,Siyah Regular Yandan Fermuar Detaylı Su İtici Uzun Şişme Mont TWOAW24MO00049,959.99,181,/trendyolmilla/siyah-regular-yandan-fermuar-detayli-su-itici-uzun-sisme-mont-twoaw24mo00049-p-656796095,Mont
91,658171908,TRENDYOLMİLLA,Siyah Kürk Kapüşonlu Su İtici Uzun Şişme Mont TWOAW24MO00079,949.99,134,/trendyolmilla/siyah-kurk-kapusonlu-su-itici-uzun-sisme-mont-twoaw24mo00079-p-658171908,Mont
92,656796103,TRENDYOLMİLLA,Bej Regular Yandan Fermuar Detaylı Su İtici Uzun Şişme Mont TWOAW24MO00049,919.99,129,/trendyolmilla/bej-regular-yandan-fermuar-detayli-su-itici-uzun-sisme-mont-twoaw24mo00049-p-656796103,Mont
93,673866181,TRENDYOL MAN,Yeşil Unisex Oversize Fit Dik Yaka Şişme Kışlık Mont TMNAW24MO00003,842.99,209,/trendyol-man/yesil-unisex-oversize-fit-dik-yaka-sisme-kislik-mont-tmnaw24mo00003-p-673866181,Mont
94,139392234,TRENDYOLMİLLA,Siyah Kapüşonlu İçi Kürklü Su İtici Parka Kaban TWOAW21KB0065,929.99,768,/trendyolmilla/siyah-kapusonlu-ici-kurklu-su-itici-parka-kaban-twoaw21kb0065-p-139392234,Mont
95,766809162,TRENDYOLMİLLA,Siyah Kürk Kapüşonlu Su İtici Şişme Mont TWOAW24MO00369,521.99,15,/trendyolmilla/siyah-kurk-kapusonlu-su-itici-sisme-mont-twoaw24mo00369-p-766809162,Mont
96,658174141,TRENDYOLMİLLA,Petrol Kürk Kapüşonlu Su İtici Şişme Mont TWOAW24MO00081,494.99,61,/trendyolmilla/petrol-kurk-kapusonlu-su-itici-sisme-mont-twoaw24mo00081-p-658174141,Mont
97,814874905,TRENDYOL MAN,Unisex Yeşil Taslan Relaxed Fit Kışlık Şişme Mont TMNAW25MO00007,1008.99,0,/trendyol-man/unisex-yesil-taslan-relaxed-fit-kislik-sisme-mont-tmnaw25mo00007-p-814874905,Mont
98,674993934,TRENDYOL MAN,Siyah Unisex Regular Fit Bomber Yaka Kolej Kışlık Mont TMNAW24MO00017,984.99,13,/trendyol-man/siyah-unisex-regular-fit-bomber-yaka-kolej-kislik-mont-tmnaw24mo00017-p-674993934,Mont
99,814361801,TRENDYOL MAN,Tarçın Unisex Oversize Fit Dik Yaka Şişme Kışlık Mont TMNAW24MO00003,846.99,0,/trendyol-man/tarcin-unisex-oversize-fit-dik-yaka-sisme-kislik-mont-tmnaw24mo00003-p-814361801,Mont
100,673866186,TRENDYOL MAN,Taş Unisex Oversize Fit Dik Yaka Şişme Kışlık Mont TMNAW24MO00003,843.99,172,/trendyol-man/tas-unisex-oversize-fit-dik-yaka-sisme-kislik-mont-tmnaw24mo00003-p-673866186,Mont
101,758376289,TRENDYOL MAN,Mint Unisex Oversize Fit Dik Yaka Şişme Kışlık Mont TMNAW24MO00003,827.99,73,/trendyol-man/mint-unisex-oversize-fit-dik-yaka-sisme-kislik-mont-tmnaw24mo00003-p-758376289,Mont
102,142208088,TRENDYOLMİLLA,Siyah Oversize Tüvit Kumaş Crop Şişme Mont TWOAW22MO0248,499.99,119,/trendyolmilla/siyah-oversize-tuvit-kumas-crop-sisme-mont-twoaw22mo0248-p-142208088,Mont
103,268538426,TRENDYOLMİLLA,Siyah Kapüşonlu Su İtici Uzun Şişme Mont TWOAW23MO00154,929.99,184,/trendyolmilla/siyah-kapusonlu-su-itici-uzun-sisme-mont-twoaw23mo00154-p-268538426,Mont
104,829996754,TRENDYOLMİLLA,Vizon Regular Buklet Ceket Mont TWOAW25MO00055,1099.99,0,/trendyolmilla/vizon-regular-buklet-ceket-mont-twoaw25mo00055-p-829996754,Mont
105,816781458,TRENDYOLMİLLA,Haki Peluş Yaka Detaylı İçi Kapitone Astarlı Uzun Parka Mont TWOAW25MO00098,1899.99,0,/trendyolmilla/haki-pelus-yaka-detayli-ici-kapitone-astarli-uzun-parka-mont-twoaw25mo00098-p-816781458,Mont
106,820030733,TRENDYOLMİLLA,Siyah Regular Kaşe Biker İnce Ceket Mont TWOAW25MO00131,999.99,0,/trendyolmilla/siyah-regular-kase-biker-ince-ceket-mont-twoaw25mo00131-p-820030733,Mont
107,731712371,TRENDYOLMİLLA,Siyah Winter Essentials/Kayak Koleksiyonu Kapüşonlu Su Geçirmez Şişme Mont TWOAW24MO00250,1322.99,4,/trendyolmilla/siyah-winter-essentials-kayak-koleksiyonu-kapusonlu-su-gecirmez-sisme-mont-twoaw24mo00250-p-731712371,Mont
108,53612446,TRENDYOLMİLLA,Siyah Oversize Kapüşonlu Su itici Kapitone Şişme Mont TWOAW21MO0144,529.99,4150,/trendyolmilla/siyah-oversize-kapusonlu-su-itici-kapitone-sisme-mont-twoaw21mo0144-p-53612446,Mont
109,819752589,Edit by Trendyol,Siyah Regular Dokuma Mont TEDSS24MO00000,599.99,0,/edit-by-trendyol/siyah-regular-dokuma-mont-tedss24mo00000-p-819752589,Mont
110,784564568,TRENDYOLMİLLA,Vizon Crop İnce Bomber Mont TWOSS24MO00038,449.99,17,/trendyolmilla/vizon-crop-ince-bomber-mont-twoss24mo00038-p-784564568,Mont
111,754587823,TRENDYOLMİLLA,Siyah Fitted Kapüşonlu Su İtici Mont TWOAW24MO00363,399.99,69,/trendyolmilla/siyah-fitted-kapusonlu-su-itici-mont-twoaw24mo00363-p-754587823,Mont
112,673866190,TRENDYOL MAN,Siyah Unisex Oversize Fit Dik Yaka Şişme Kışlık Mont TMNAW24MO00003,856.99,317,/trendyol-man/siyah-unisex-oversize-fit-dik-yaka-sisme-kislik-mont-tmnaw24mo00003-p-673866190,Mont
113,665585595,TRENDYOLMİLLA,Siyah Kuşaklı Taş Düğme Detaylı Su İtici Kapitone Şişme Mont TWOAW24MO00032,521.99,105,/trendyolmilla/siyah-kusakli-tas-dugme-detayli-su-itici-kapitone-sisme-mont-twoaw24mo00032-p-665585595,Mont
114,35465779,TRENDYOLMİLLA,Siyah Oversize Kaz Ayağı Desenli İnce Ceket Mont TWOSS20MO0058,467.99,320,/trendyolmilla/siyah-oversize-kaz-ayagi-desenli-ince-ceket-mont-twoss20mo0058-p-35465779,Mont
115,731710158,TRENDYOLMİLLA,Winter Essentials/Kayak Koleksiyonu Siyah Su Geçirmez Kapüşonlu Polar Mont TWOAW24MO00249,548.99,21,/trendyolmilla/winter-essentials-kayak-koleksiyonu-siyah-su-gecirmez-kapusonlu-polar-mont-twoaw24mo00249-p-731710158,Mont
116,672438127,TRENDYOLMİLLA,Bej Kapüşonlu Su İtici Uzun Şişme Mont TWOAW24MO00145,431.99,82,/trendyolmilla/bej-kapusonlu-su-itici-uzun-sisme-mont-twoaw24mo00145-p-672438127,Mont
117,723286630,TRENDYOLMİLLA,Siyah Kemerli Kapüşonlu Su İtici Uzun Şişme Mont TWOAW24MO00224,503.99,51,/trendyolmilla/siyah-kemerli-kapusonlu-su-itici-uzun-sisme-mont-twoaw24mo00224-p-723286630,Mont
118,665619556,TRENDYOLMİLLA,Siyah Çantalı Su İtici Şişme Mont TWOAW24MO00116,569.99,48,/trendyolmilla/siyah-cantali-su-itici-sisme-mont-twoaw24mo00116-p-665619556,Mont
119,746935064,TRENDYOLMİLLA,Saks Premium Oversize Mont TWOAW24MO00315,476.99,39,/trendyolmilla/saks-premium-oversize-mont-twoaw24mo00315-p-746935064,Mont
120,731712393,TRENDYOLMİLLA,Kırmızı Winter Essentials/Kayak Koleksiyonu Kapüşonlu Su Geçirmez Şişme Mont TWOAW24MO00250,1448.99,13,/trendyolmilla/kirmizi-winter-essentials-kayak-koleksiyonu-kapusonlu-su-gecirmez-sisme-mont-twoaw24mo00250-p-731712393,Mont
121,666205909,TRENDYOLMİLLA,Vizon Kapüşonlu Su İtici Şişme Mont TWOAW24MO00119,467.99,72,/trendyolmilla/vizon-kapusonlu-su-itici-sisme-mont-twoaw24mo00119-p-666205909,Mont
122,665596117,TRENDYOLMİLLA,Siyah Su İtici Crop Kapitone Şişme Mont TWOAW24MO00059,296.99,67,/trendyolmilla/siyah-su-itici-crop-kapitone-sisme-mont-twoaw24mo00059-p-665596117,Mont
123,786328309,TRENDYOLMİLLA,Siyah Organze Crop Bomber Mont TWOSS24MO00047,419.99,10,/trendyolmilla/siyah-organze-crop-bomber-mont-twoss24mo00047-p-786328309,Mont
124,759498965,TRENDYOLMİLLA,Siyah-Taş Oversize Kapüşonlu Mont TWOAW24MO00364,836.99,10,/trendyolmilla/siyah-tas-oversize-kapusonlu-mont-twoaw24mo00364-p-759498965,Mont
125,766809161,TRENDYOLMİLLA,Ekru Kürk Kapüşonlu Su İtici Şişme Mont TWOAW24MO00369,620.99,5,/trendyolmilla/ekru-kurk-kapusonlu-su-itici-sisme-mont-twoaw24mo00369-p-766809161,Mont
126,752040627,TRENDYOLMİLLA,Siyah Peluş Mont TWOAW24MO00356,773.99,26,/trendyolmilla/siyah-pelus-mont-twoaw24mo00356-p-752040627,Mont
127,666221859,TRENDYOLMİLLA,Vizon Kürk Kapüşonlu Kemerli Su İtici Parka Kaban TWOAW24KB00055,539.99,45,/trendyolmilla/vizon-kurk-kapusonlu-kemerli-su-itici-parka-kaban-twoaw24kb00055-p-666221859,Mont
128,730894132,TRENDYOLMİLLA,Ekru Kapüşonlu Su İtici Şişme Mont TWOAW24MO00229,629.99,51,/trendyolmilla/ekru-kapusonlu-su-itici-sisme-mont-twoaw24mo00229-p-730894132,Mont
129,658174128,TRENDYOLMİLLA,Gri Kürk Kapüşonlu Su İtici Şişme Mont TWOAW24MO00081,494.99,46,/trendyolmilla/gri-kurk-kapusonlu-su-itici-sisme-mont-twoaw24mo00081-p-658174128,Mont
130,657709830,TRENDYOLMİLLA,Siyah Kapüşonlu Parlak Su İtici Şişme Mont TWOAW24MO00043,611.99,53,/trendyolmilla/siyah-kapusonlu-parlak-su-itici-sisme-mont-twoaw24mo00043-p-657709830,Mont
131,717800588,TRENDYOLMİLLA,Siyah Fitted Kapüşonlu Su İtici Şişme Mont TWOAW24MO00220,449.99,87,/trendyolmilla/siyah-fitted-kapusonlu-su-itici-sisme-mont-twoaw24mo00220-p-717800588,Mont
132,783286839,TRENDYOLMİLLA,Haki Oversize Geniş Kesim Yağmurluk Mont TWOSS24MO00030,509.99,9,/trendyolmilla/haki-oversize-genis-kesim-yagmurluk-mont-twoss24mo00030-p-783286839,Mont
133,649452171,TRENDYOLMİLLA,Mint Oversize Kemerli Kapüşonlu Su İtici Şişme Mont TWOAW23MO00188,557.99,61,/trendyolmilla/mint-oversize-kemerli-kapusonlu-su-itici-sisme-mont-twoaw23mo00188-p-649452171,Mont
134,784440848,TRENDYOLMİLLA,Taş Cep Detaylı İnce Ceket Mont TWOSS24MO00029,469.99,15,/trendyolmilla/tas-cep-detayli-ince-ceket-mont-twoss24mo00029-p-784440848,Mont
135,665572072,TRENDYOLMİLLA,Siyah Parlak Su İtici Crop Kapitone Şişme Mont TWOAW24MO00094,530.99,30,/trendyolmilla/siyah-parlak-su-itici-crop-kapitone-sisme-mont-twoaw24mo00094-p-665572072,Mont
136,784146734,TRENDYOLMİLLA,Ekru Crop Ceket Mont TWOSS24MO00018,399.99,19,/trendyolmilla/ekru-crop-ceket-mont-twoss24mo00018-p-784146734,Mont
137,767509568,TRENDYOLMİLLA,Camel Oversize Kapüşonlu Cep Detaylı Peluş Mont TWOAW24MO00200,485.99,5,/trendyolmilla/camel-oversize-kapusonlu-cep-detayli-pelus-mont-twoaw24mo00200-p-767509568,Mont
138,720738185,TRENDYOLMİLLA,Ekru Çıkartılabilir Kapüşonlu Su İtici Şişme Mont TWOAW24MO00234,478.99,43,/trendyolmilla/ekru-cikartilabilir-kapusonlu-su-itici-sisme-mont-twoaw24mo00234-p-720738185,Mont
139,657708991,TRENDYOLMİLLA,Siyah Premium Tüvit Şişme Mont TWOAW24MO00039,476.99,42,/trendyolmilla/siyah-premium-tuvit-sisme-mont-twoaw24mo00039-p-657708991,Mont
140,665580252,TRENDYOLMİLLA,Camel Kuşaklı Su İtici Kapitone Şişme Mont TWOAW24MO00095,467.99,52,/trendyolmilla/camel-kusakli-su-itici-kapitone-sisme-mont-twoaw24mo00095-p-665580252,Mont
141,665614575,TRENDYOLMİLLA,Vizon Peluş Mont TWOAW24MO00100,461.99,61,/trendyolmilla/vizon-pelus-mont-twoaw24mo00100-p-665614575,Mont
142,251243971,TRENDYOLMİLLA,Koyu Yeşil Kapüşonlu Su İtici Şişme Mont TWOAW21MO0022,427.99,208,/trendyolmilla/koyu-yesil-kapusonlu-su-itici-sisme-mont-twoaw21mo0022-p-251243971,Mont
143,746166219,TRENDYOLMİLLA,Altın Oversize Parlak Bomber Su İtici Ceket Mont TWOAW24MO00348,371.99,18,/trendyolmilla/altin-oversize-parlak-bomber-su-itici-ceket-mont-twoaw24mo00348-p-746166219,Mont
144,771867747,TRENDYOLMİLLA,Bej Kemerli Kaşe Ceket Mont TWOAW24MO00374,368.99,6,/trendyolmilla/bej-kemerli-kase-ceket-mont-twoaw24mo00374-p-771867747,Mont
145,810276789,TRENDYOLMİLLA,Koyu Yeşil Regular Kuşaklı Su İtici Şişme Mont TWOAW23MO00007,1109.99,0,/trendyolmilla/koyu-yesil-regular-kusakli-su-itici-sisme-mont-twoaw23mo00007-p-810276789,Mont
146,806496563,TRENDYOLMİLLA,Ekru Regular Kapüşonlu Yandan Çıt Çıt Detaylı Su İtici Uzun Şişme Mont TWOAW24MO00104,1019.99,1,/trendyolmilla/ekru-regular-kapusonlu-yandan-cit-cit-detayli-su-itici-uzun-sisme-mont-twoaw24mo00104-p-806496563,Mont
147,125041919,TRENDYOLMİLLA,Siyah Kapüşonlu Fermuar Kapamalı Peluş Mont TWOAW21MO0084,323.99,107,/trendyolmilla/siyah-kapusonlu-fermuar-kapamali-pelus-mont-twoaw21mo0084-p-125041919,Mont
148,814519039,TRENDYOLMİLLA,Siyah Regular Kaz Ayağı Desenli Püskül Detaylı Ceket Mont TWOAW25MO00067,979.99,0,/trendyolmilla/siyah-regular-kaz-ayagi-desenli-puskul-detayli-ceket-mont-twoaw25mo00067-p-814519039,Mont
149,809526615,TRENDYOLMİLLA,Mavi Regular Yandan Çıtçıt Kapamalı Su İtici Uzun Kapitone Şişme Mont TWOAW24MO00044,939.99,0,/trendyolmilla/mavi-regular-yandan-citcit-kapamali-su-itici-uzun-kapitone-sisme-mont-twoaw24mo00044-p-809526615,Mont
150,788485575,TRENDYOLMİLLA,Siyah Oversize Suni Deri Bomber Ceket Mont TWOSS24MO00050,589.99,16,/trendyolmilla/siyah-oversize-suni-deri-bomber-ceket-mont-twoss24mo00050-p-788485575,Mont
151,661836432,TRENDYOLMİLLA,Siyah Su Geçirmez Crop Bomber Ceket Mont TWOAW24MO00061,679.99,142,/trendyolmilla/siyah-su-gecirmez-crop-bomber-ceket-mont-twoaw24mo00061-p-661836432,Mont
152,814582563,TRENDYOLMİLLA,Taş Oversize Kaşe Shacket İnce Ceket Mont TWOAW25MO00077,839.99,0,/trendyolmilla/tas-oversize-kase-shacket-ince-ceket-mont-twoaw25mo00077-p-814582563,Mont
153,650448316,TRENDYOLMİLLA,Mavi Oversize Geniş Kesim Büzgü Detaylı Kaşe Kaban TWOAW24KB00001,539.99,26,/trendyolmilla/mavi-oversize-genis-kesim-buzgu-detayli-kase-kaban-twoaw24kb00001-p-650448316,Mont
154,822965050,TRENDYOLMİLLA,Bej Oversize Kemerli Gabardin Biker İnce Ceket Mont TWOAW25MO00121,1059.99,2,/trendyolmilla/bej-oversize-kemerli-gabardin-biker-ince-ceket-mont-twoaw25mo00121-p-822965050,Mont
155,786657060,TRENDYOLMİLLA,Lacivert Fermuar Detaylı İnce Su İtici Yağmurluk Rüzgarlık Mont TWOSS24MO00035,509.99,9,/trendyolmilla/lacivert-fermuar-detayli-ince-su-itici-yagmurluk-ruzgarlik-mont-twoss24mo00035-p-786657060,Mont
156,666221975,TRENDYOLMİLLA,Siyah Kürk Kapüşonlu Kemerli Su İtici Parka Kaban TWOAW24KB00055,649.99,40,/trendyolmilla/siyah-kurk-kapusonlu-kemerli-su-itici-parka-kaban-twoaw24kb00055-p-666221975,Mont
157,824312264,TRENDYOLMİLLA,Mint Kapüşonlu Su İtici Şişme Mont TWOAW24MO00136,749.99,0,/trendyolmilla/mint-kapusonlu-su-itici-sisme-mont-twoaw24mo00136-p-824312264,Mont
158,268529211,TRENDYOLMİLLA,Ekru Oversize Kapüşonlu Şişme Mont TWOAW23MO00153,549.99,21,/trendyolmilla/ekru-oversize-kapusonlu-sisme-mont-twoaw23mo00153-p-268529211,Mont
159,822538012,TRENDYOLMİLLA,Siyah Oversize Suni Deri Kapitone Şişme Mont TWOAW25MO00119,1099.99,0,/trendyolmilla/siyah-oversize-suni-deri-kapitone-sisme-mont-twoaw25mo00119-p-822538012,Mont
160,762575284,TRENDYOLMİLLA,Siyah Cep Detaylı Peluş Ceket Mont TWOAW24MO00010,540.99,10,/trendyolmilla/siyah-cep-detayli-pelus-ceket-mont-twoaw24mo00010-p-762575284,Mont
161,661805975,TRENDYOLMİLLA,Camel Oversize Kaşe Detaylı Kapitone Su İtici Şişme Mont TWOAW24MO00108,540.99,47,/trendyolmilla/camel-oversize-kase-detayli-kapitone-su-itici-sisme-mont-twoaw24mo00108-p-661805975,Mont
162,788485415,TRENDYOLMİLLA,Ekru Oversize Suni Deri İnce Ceket Mont TWOSS24MO00049,509.99,3,/trendyolmilla/ekru-oversize-suni-deri-ince-ceket-mont-twoss24mo00049-p-788485415,Mont
163,683505376,TRENDYOLMİLLA,Bej Biker Yünlü Kaşe Kaban TWOAW24KB00075,484.99,40,/trendyolmilla/bej-biker-yunlu-kase-kaban-twoaw24kb00075-p-683505376,Mont
164,650448309,TRENDYOLMİLLA,Ekru Oversize Geniş Kesim Büzgü Detaylı Kaşe Kaban TWOAW24KB00001,483.99,47,/trendyolmilla/ekru-oversize-genis-kesim-buzgu-detayli-kase-kaban-twoaw24kb00001-p-650448309,Mont
165,688151019,TRENDYOLMİLLA,Vizon Gold Düğme Detaylı Kaşe Ceket Mont TWOAW24MO00132,369.99,72,/trendyolmilla/vizon-gold-dugme-detayli-kase-ceket-mont-twoaw24mo00132-p-688151019,Mont
166,688515638,TRENDYOLMİLLA,Siyah-Vizon Kapüşonlu Çift Taraflı Giyilebilir Su İtici Şişme Mont TWOAW24MO00213,477.99,33,/trendyolmilla/siyah-vizon-kapusonlu-cift-tarafli-giyilebilir-su-itici-sisme-mont-twoaw24mo00213-p-688515638,Mont
167,649451121,TRENDYOLMİLLA,Mor Kapüşonlu Su İtici Şişme Mont TWOAW21MO0022,469.99,60,/trendyolmilla/mor-kapusonlu-su-itici-sisme-mont-twoaw21mo0022-p-649451121,Mont
168,806494704,TRENDYOLMİLLA,Kırmızı Kapüşonlu Su İtici Kapitone Mont TWOAW23MO00131,749.99,0,/trendyolmilla/kirmizi-kapusonlu-su-itici-kapitone-mont-twoaw23mo00131-p-806494704,Mont
169,688509531,TRENDYOLMİLLA,Ekru Kapüşonlu Renk Bloklu Su İtici Şişme Mont TWOAW24MO00211,438.99,53,/trendyolmilla/ekru-kapusonlu-renk-bloklu-su-itici-sisme-mont-twoaw24mo00211-p-688509531,Mont
170,682441606,TRENDYOLMİLLA,Siyah Kaşe Ceket Mont TWOAW24MO00172,327.99,54,/trendyolmilla/siyah-kase-ceket-mont-twoaw24mo00172-p-682441606,Mont
171,801043600,TRENDYOLMİLLA,Taş Çoban Kapama Detaylı Peluş Mont TWOSS24MO00081,419.99,5,/trendyolmilla/tas-coban-kapama-detayli-pelus-mont-twoss24mo00081-p-801043600,Mont
172,682586208,TRENDYOLMİLLA,Haki Oversize Kapüşonlu Su Geçirmez Yağmurluk Mont TWOAW24MO00160,669.99,51,/trendyolmilla/haki-oversize-kapusonlu-su-gecirmez-yagmurluk-mont-twoaw24mo00160-p-682586208,Mont
173,681225720,TRENDYOLMİLLA,Siyah Fitted Kapüşonlu Su İtici Kapitone Şişme Mont TWOAW24MO00175,399.99,66,/trendyolmilla/siyah-fitted-kapusonlu-su-itici-kapitone-sisme-mont-twoaw24mo00175-p-681225720,Mont
174,251157398,TRENDYOLMİLLA,Vizon Kapüşonlu Kuşaklı Su İtici Şişme Mont TWOAW21MO0011,379.99,56,/trendyolmilla/vizon-kapusonlu-kusakli-su-itici-sisme-mont-twoaw21mo0011-p-251157398,Mont
175,788355025,TRENDYOLMİLLA,Koyu Bej Kuşaklı Crop Bolero Mont TWOSS24MO00011,339.99,6,/trendyolmilla/koyu-bej-kusakli-crop-bolero-mont-twoss24mo00011-p-788355025,Mont
176,801038638,TRENDYOLMİLLA,Bej Peluş Detaylı Suni Deri Mont TWOSS24MO00075,619.99,6,/trendyolmilla/bej-pelus-detayli-suni-deri-mont-twoss24mo00075-p-801038638,Mont
177,670360771,TRENDYOLMİLLA,Haki Oversize Kapüşonlu Su Geçirmez Kanguru Kapitone Mont TWOAW23MO00111,476.99,94,/trendyolmilla/haki-oversize-kapusonlu-su-gecirmez-kanguru-kapitone-mont-twoaw23mo00111-p-670360771,Mont
178,814757862,TRENDYOLMİLLA,Siyah Peluş Detaylı Şişme Mont TWOAW25MO00082,1299.99,0,/trendyolmilla/siyah-pelus-detayli-sisme-mont-twoaw25mo00082-p-814757862,Mont
179,650559527,TRENDYOLMİLLA,Haki Çift Taraflı Kapüşonlu Su İtici Uzun ŞişmeMont TWOAW24MO00002,687.99,55,/trendyolmilla/haki-cift-tarafli-kapusonlu-su-itici-uzun-sismemont-twoaw24mo00002-p-650559527,Mont
180,763529853,TRENDYOLMİLLA,Kahverengi Süet Peluş Detaylı Biker Ceket Mont TWOAW23MO00351,584.99,8,/trendyolmilla/kahverengi-suet-pelus-detayli-biker-ceket-mont-twoaw23mo00351-p-763529853,Mont
181,688512327,TRENDYOLMİLLA,Siyah Oversize Kapüşonlu Parlak Su İtici Şişme Mont TWOAW24MO00212,1069.99,117,/trendyolmilla/siyah-oversize-kapusonlu-parlak-su-itici-sisme-mont-twoaw24mo00212-p-688512327,Mont
182,785791453,TRENDYOLMİLLA,Bej Oversize Crop Kol Kıvırma Detaylı İnce Yağmurluk Rüzgarlık Mont TWOSS24MO00020,509.99,6,/trendyolmilla/bej-oversize-crop-kol-kivirma-detayli-ince-yagmurluk-ruzgarlik-mont-twoss24mo00020-p-785791453,Mont
183,786327244,TRENDYOLMİLLA,Vizon Su İtici İnce Yağmurluk Mont TWOSS24MO00042,489.99,20,/trendyolmilla/vizon-su-itici-ince-yagmurluk-mont-twoss24mo00042-p-786327244,Mont
184,716507701,TRENDYOLMİLLA,Siyah Premium Oversize Geniş Kesim Kuşaklı Peluş Yaka Detaylı Suni Deri Kaban TWOAW24KB00150,556.99,26,/trendyolmilla/siyah-premium-oversize-genis-kesim-kusakli-pelus-yaka-detayli-suni-deri-kaban-twoaw24kb00150-p-716507701,Mont
185,827263562,TRENDYOLMİLLA,Bordo Regular Su İtici Kapitone Şişme Mont TWOAW25MO00087,999.99,0,/trendyolmilla/bordo-regular-su-itici-kapitone-sisme-mont-twoaw25mo00087-p-827263562,Mont
186,814756579,TRENDYOLMİLLA,Kahverengi Regular Su İtici Kapitone Şişme Mont TWOAW25MO00087,999.99,0,/trendyolmilla/kahverengi-regular-su-itici-kapitone-sisme-mont-twoaw25mo00087-p-814756579,Mont
187,727779001,TRENDYOLMİLLA,Ekru Renk Bloklu Peluş Şişme Mont TWOAW24MO00219,609.99,44,/trendyolmilla/ekru-renk-bloklu-pelus-sisme-mont-twoaw24mo00219-p-727779001,Mont
188,661763900,TRENDYOLMİLLA,Kahverengi Peluş Yakalı Tüvit Kaşe Kaban TWOAW24KB00024,1289.99,43,/trendyolmilla/kahverengi-pelus-yakali-tuvit-kase-kaban-twoaw24kb00024-p-661763900,Mont
189,138869741,TRENDYOLMİLLA,Antrasit Kapüşonlu Su İtici Şişme Mont TWOAW21MO0022,359.99,2657,/trendyolmilla/antrasit-kapusonlu-su-itici-sisme-mont-twoaw21mo0022-p-138869741,Mont
190,820037300,TRENDYOLMİLLA,Vizon Regular Buklet İnce Ceket Mont TWOAW25MO00132,949.99,0,/trendyolmilla/vizon-regular-buklet-ince-ceket-mont-twoaw25mo00132-p-820037300,Mont
191,822142746,TRENDYOLMİLLA,Antrasit Kaşe Crop Biker İnce Ceket Mont TWOAW25MO00128,899.99,0,/trendyolmilla/antrasit-kase-crop-biker-ince-ceket-mont-twoaw25mo00128-p-822142746,Mont
192,784449849,TRENDYOLMİLLA,Mavi Oversize İnce Ceket Mont TWOSS23MO00081,759.99,0,/trendyolmilla/mavi-oversize-ince-ceket-mont-twoss23mo00081-p-784449849,Mont
193,655811310,TRENDYOLMİLLA,Ekru Cep Detaylı Peluş Ceket Mont TWOAW24MO00010,559.99,134,/trendyolmilla/ekru-cep-detayli-pelus-ceket-mont-twoaw24mo00010-p-655811310,Mont
194,268555890,TRENDYOLMİLLA,Siyah Kapüşonlu Su İtici Şişme Mont TWOAW23MO00249,729.99,514,/trendyolmilla/siyah-kapusonlu-su-itici-sisme-mont-twoaw23mo00249-p-268555890,Mont
195,650453729,TRENDYOLMİLLA,Haki Su İtici Crop Özellikli Şişme Mont TWOAW24MO00020,469.99,54,/trendyolmilla/haki-su-itici-crop-ozellikli-sisme-mont-twoaw24mo00020-p-650453729,Mont
196,817551725,TRENDYOLMİLLA,Vizon Kaşe Bomber Ceket Mont TWOAW25MO00085,939.99,0,/trendyolmilla/vizon-kase-bomber-ceket-mont-twoaw25mo00085-p-817551725,Mont
197,656799226,TRENDYOLMİLLA,Kahverengi-Çok Renkli Peluş Detaylı Su İtici Kapitone Şişme Mont TWOAW24MO00012,839.99,141,/trendyolmilla/kahverengi-cok-renkli-pelus-detayli-su-itici-kapitone-sisme-mont-twoaw24mo00012-p-656799226,Mont
198,299059076,TRENDYOLMİLLA,Ekru Kapüşonlu Peluş Mont TWOAW23MO00301,889.99,306,/trendyolmilla/ekru-kapusonlu-pelus-mont-twoaw23mo00301-p-299059076,Mont
199,806499545,TRENDYOLMİLLA,Taş Kapüşonlu Su İtici Uzun Şişme Mont TWOAW24MO00136,689.99,2,/trendyolmilla/tas-kapusonlu-su-itici-uzun-sisme-mont-twoaw24mo00136-p-806499545,Mont
200,682586202,TRENDYOLMİLLA,Vizon Oversize Kapüşonlu Su Geçirmez Yağmurluk Mont TWOAW24MO00160,689.99,114,/trendyolmilla/vizon-oversize-kapusonlu-su-gecirmez-yagmurluk-mont-twoaw24mo00160-p-682586202,Mont
201,245026494,TRENDYOLMİLLA,Bej Kapüşonlu Su İtici Kapitone Mont TWOAW23MO00131,699.99,413,/trendyolmilla/bej-kapusonlu-su-itici-kapitone-mont-twoaw23mo00131-p-245026494,Mont
202,801045721,TRENDYOLMİLLA,Siyah Buklet Crop İnce Mont TWOSS24MO00070,619.99,53,/trendyolmilla/siyah-buklet-crop-ince-mont-twoss24mo00070-p-801045721,Mont
203,672438133,TRENDYOLMİLLA,Siyah Kapüşonlu Su İtici Uzun Şişme Mont TWOAW24MO00145,559.99,135,/trendyolmilla/siyah-kapusonlu-su-itici-uzun-sisme-mont-twoaw24mo00145-p-672438133,Mont
204,814888593,TRENDYOLMİLLA,Gri Kaşe Bomber Ceket Mont TWOAW25MO00085,939.99,0,/trendyolmilla/gri-kase-bomber-ceket-mont-twoaw25mo00085-p-814888593,Mont
205,814176898,TRENDYOLMİLLA,Antrasit Kaşe Bomber Ceket Mont TWOAW25MO00070,849.99,0,/trendyolmilla/antrasit-kase-bomber-ceket-mont-twoaw25mo00070-p-814176898,Mont
206,141896920,TRENDYOLMİLLA,Ekru Oversize Kapüşonlu Su İtici Kapitone Mont TWOAW22MO0024,494.99,1343,/trendyolmilla/ekru-oversize-kapusonlu-su-itici-kapitone-mont-twoaw22mo0024-p-141896920,Mont
207,660202892,TRENDYOLMİLLA,Vizon Regular Kapüşonlu Yandan Çıt Çıt Detaylı Su İtici Uzun Şişme Mont TWOAW24MO00104,1089.99,186,/trendyolmilla/vizon-regular-kapusonlu-yandan-cit-cit-detayli-su-itici-uzun-sisme-mont-twoaw24mo00104-p-660202892,Mont
208,657709454,TRENDYOLMİLLA,Siyah Regular Yandan Çıtçıt Kapamalı Su İtici Uzun Kapitone Şişme Mont TWOAW24MO00044,949.99,282,/trendyolmilla/siyah-regular-yandan-citcit-kapamali-su-itici-uzun-kapitone-sisme-mont-twoaw24mo00044-p-657709454,Mont
209,817262783,TRENDYOLMİLLA,Açık Haki Regular Yandan Çıtçıt Kapamalı Su İtici Uzun Kapitone Şişme Mont TWOAW24MO00044,899.99,0,/trendyolmilla/acik-haki-regular-yandan-citcit-kapamali-su-itici-uzun-kapitone-sisme-mont-twoaw24mo00044-p-817262783,Mont
210,251774098,TRENDYOLMİLLA, Kahverengi-Ekru Çift Taraflı Kapüşonlu Su İtici Uzun Şişme Mont TWOAW23MO00052,889.99,293,/trendyolmilla/kahverengi-ekru-cift-tarafli-kapusonlu-su-itici-uzun-sisme-mont-twoaw23mo00052-p-251774098,Mont
211,814582436,TRENDYOLMİLLA,Mavi Oversize Kaşe Shacket İnce Ceket Mont TWOAW25MO00077,839.99,0,/trendyolmilla/mavi-oversize-kase-shacket-ince-ceket-mont-twoaw25mo00077-p-814582436,Mont
212,792321438,TRENDYOLMİLLA,Siyah Oversize Brode İnce Bomber Mont TWOSS24MO00061,769.99,1,/trendyolmilla/siyah-oversize-brode-ince-bomber-mont-twoss24mo00061-p-792321438,Mont
213,679295445,TRENDYOLMİLLA,Lacivert Gold Düğme Detaylı Peluş Kaban TWOAW24KB00034,669.99,34,/trendyolmilla/lacivert-gold-dugme-detayli-pelus-kaban-twoaw24kb00034-p-679295445,Mont
214,814230280,TRENDYOLMİLLA,Lacivert Yakası Peluş ve Kemer Detaylı Parlak Su İtici Şişme Mont TWOAW25MO00062,1189.99,0,/trendyolmilla/lacivert-yakasi-pelus-ve-kemer-detayli-parlak-su-itici-sisme-mont-twoaw25mo00062-p-814230280,Mont
215,816782031,TRENDYOLMİLLA,Koyu Kahverengi Suni Deri Shacket Kapitone Ceket Mont TWOAW25MO00101,1059.99,0,/trendyolmilla/koyu-kahverengi-suni-deri-shacket-kapitone-ceket-mont-twoaw25mo00101-p-816782031,Mont
216,660202891,TRENDYOLMİLLA,Siyah Regular Kapüşonlu Yandan Çıt Çıt Detaylı Su İtici Uzun Şişme Mont TWOAW24MO00104,1059.99,219,/trendyolmilla/siyah-regular-kapusonlu-yandan-cit-cit-detayli-su-itici-uzun-sisme-mont-twoaw24mo00104-p-660202891,Mont
217,654176598,TRENDYOLMİLLA,Vizon Oversize Parlak Su İtici Şişme Mont TWOAW24MO00056,1049.99,28,/trendyolmilla/vizon-oversize-parlak-su-itici-sisme-mont-twoaw24mo00056-p-654176598,Mont
218,666217061,TRENDYOLMİLLA,Koyu Yeşil Peluş Yaka ve Patch Detaylı Su İtici Şişme Mont TWOAW24MO00123,639.99,20,/trendyolmilla/koyu-yesil-pelus-yaka-ve-patch-detayli-su-itici-sisme-mont-twoaw24mo00123-p-666217061,Mont
219,820035193,TRENDYOLMİLLA,Vizon Fitted Kaşe Biker İnce Ceket Mont TWOAW25MO00125,1039.99,0,/trendyolmilla/vizon-fitted-kase-biker-ince-ceket-mont-twoaw25mo00125-p-820035193,Mont
220,807862244,TRENDYOLMİLLA,Ekru Kapüşonlu İçi Kürklü Su İtici Parka Kaban TWOAW21KB0065,989.99,1,/trendyolmilla/ekru-kapusonlu-ici-kurklu-su-itici-parka-kaban-twoaw21kb0065-p-807862244,Mont
221,814848016,TRENDYOLMİLLA,Vizon Yaka Detaylı Buklet İnce Ceket Mont TWOAW25MO00086,969.99,0,/trendyolmilla/vizon-yaka-detayli-buklet-ince-ceket-mont-twoaw25mo00086-p-814848016,Mont
222,806315120,TRENDYOLMİLLA,Gri-Mavi Çift Taraflı Kapüşonlu Su İtici Uzun Şişme Mont TWOAW23MO00052,959.99,0,/trendyolmilla/gri-mavi-cift-tarafli-kapusonlu-su-itici-uzun-sisme-mont-twoaw23mo00052-p-806315120,Mont
223,720886453,TRENDYOLMİLLA,Siyah Premium Kapüşonlu Kuşaklı Şişme Mont TWOAW24MO00231,949.99,44,/trendyolmilla/siyah-premium-kapusonlu-kusakli-sisme-mont-twoaw24mo00231-p-720886453,Mont
224,806495974,TRENDYOLMİLLA,Mürdüm Regular Kapüşonlu Kemerli Su İtici Şişme Mont TWOAW23MO00188,909.99,0,/trendyolmilla/murdum-regular-kapusonlu-kemerli-su-itici-sisme-mont-twoaw23mo00188-p-806495974,Mont
225,814582853,TRENDYOLMİLLA,Haki Oversize Kaşe İnce Ceket Mont TWOAW25MO00079,879.99,0,/trendyolmilla/haki-oversize-kase-ince-ceket-mont-twoaw25mo00079-p-814582853,Mont
226,650609745,TRENDYOLMİLLA,Vizon Oversize Peluş Yaka Detaylı Su İtici Şişme Mont TWOAW24MO00008,829.99,69,/trendyolmilla/vizon-oversize-pelus-yaka-detayli-su-itici-sisme-mont-twoaw24mo00008-p-650609745,Mont
227,661755252,TRENDYOLMİLLA,Siyah Tüvit Crop Şişme Mont TWOAW24MO00028,809.99,61,/trendyolmilla/siyah-tuvit-crop-sisme-mont-twoaw24mo00028-p-661755252,Mont
228,690545854,TRENDYOLMİLLA,Siyah Kapüşonlu Su İtici Şişme Mont TWOAW24MO00184,789.99,154,/trendyolmilla/siyah-kapusonlu-su-itici-sisme-mont-twoaw24mo00184-p-690545854,Mont
229,814583178,TRENDYOLMİLLA,Siyah Regular Gold Düğme Detaylı İnce Ceket Mont TWOAW25MO00081,729.99,1,/trendyolmilla/siyah-regular-gold-dugme-detayli-ince-ceket-mont-twoaw25mo00081-p-814583178,Mont
230,658165226,TRENDYOLMİLLA,Siyah Kapüşonlu Su Geçirmez Şişme Mont TWOAW24MO00077,719.99,146,/trendyolmilla/siyah-kapusonlu-su-gecirmez-sisme-mont-twoaw24mo00077-p-658165226,Mont
231,814598276,TRENDYOLMİLLA,Çok Renkli Ekose Desenli Shacket İnce Ceket Mont TWOAW25MO00078,699.99,0,/trendyolmilla/cok-renkli-ekose-desenli-shacket-ince-ceket-mont-twoaw25mo00078-p-814598276,Mont
232,806493010,TRENDYOLMİLLA,Fuşya Regular Su İtici Şişme Mont TWOAW24MO00048,699.99,0,/trendyolmilla/fusya-regular-su-itici-sisme-mont-twoaw24mo00048-p-806493010,Mont
233,656793584,TRENDYOLMİLLA,Vizon Regular Su İtici Şişme Mont TWOAW24MO00048,689.99,138,/trendyolmilla/vizon-regular-su-itici-sisme-mont-twoaw24mo00048-p-656793584,Mont
234,717246513,TRENDYOLMİLLA,Siyah Oversize Peluş Mont TWOAW21MO0132,909.99,269,/trendyolmilla/siyah-oversize-pelus-mont-twoaw21mo0132-p-717246513,Mont
235,660201598,TRENDYOLMİLLA,Mavi Kapüşonlu Su İtici Şişme Mont TWOAW24MO00103,553.99,24,/trendyolmilla/mavi-kapusonlu-su-itici-sisme-mont-twoaw24mo00103-p-660201598,Mont
236,666205918,TRENDYOLMİLLA,Siyah Kapüşonlu Su İtici Şişme Mont TWOAW24MO00119,529.99,147,/trendyolmilla/siyah-kapusonlu-su-itici-sisme-mont-twoaw24mo00119-p-666205918,Mont
237,682441080,TRENDYOLMİLLA,Taş Kuşaklı Kaşe Ceket Mont TWOAW24MO00171,499.99,86,/trendyolmilla/tas-kusakli-kase-ceket-mont-twoaw24mo00171-p-682441080,Mont
238,683505377,TRENDYOLMİLLA,Siyah Biker Yünlü Kaşe Kaban TWOAW24KB00075,489.99,38,/trendyolmilla/siyah-biker-yunlu-kase-kaban-twoaw24kb00075-p-683505377,Mont
239,814513126,TRENDYOLMİLLA,Lacivert Oversize Tüvit Bomber Ceket Mont TWOAW25MO00060,1139.99,0,/trendyolmilla/lacivert-oversize-tuvit-bomber-ceket-mont-twoaw25mo00060-p-814513126,Mont
240,814177967,TRENDYOLMİLLA,Bej Kaşe Bomber Ceket Mont TWOAW25MO00070,849.99,0,/trendyolmilla/bej-kase-bomber-ceket-mont-twoaw25mo00070-p-814177967,Mont
241,672437567,TRENDYOLMİLLA,Gri Oversize Su İtici Şişme Kapitone Mont TWOAW24MO00146,789.99,202,/trendyolmilla/gri-oversize-su-itici-sisme-kapitone-mont-twoaw24mo00146-p-672437567,Mont
242,650604454,TRENDYOLMİLLA,Çok Renkli Çift Taraflı Giyilebilir Kapitone Mont TWOAW24MO00062,617.99,44,/trendyolmilla/cok-renkli-cift-tarafli-giyilebilir-kapitone-mont-twoaw24mo00062-p-650604454,Mont
243,679297393,TRENDYOLMİLLA,Ekru Suni Deri Biker Yarışçı Ceket Mont TWOSS23MO00034,370.99,54,/trendyolmilla/ekru-suni-deri-biker-yarisci-ceket-mont-twoss23mo00034-p-679297393,Mont
244,736131478,TRENDYOLMİLLA,Antrasit Eskitme Detaylı Suni Deri Biker Ceket Mont TWOAW24MO00277,1099.99,80,/trendyolmilla/antrasit-eskitme-detayli-suni-deri-biker-ceket-mont-twoaw24mo00277-p-736131478,Mont
245,131115601,TRENDYOLMİLLA,Siyah Oversize Yırtmacı Fermuar Detaylı Şişme Mont TWOAW22MO0114,649.99,542,/trendyolmilla/siyah-oversize-yirtmaci-fermuar-detayli-sisme-mont-twoaw22mo0114-p-131115601,Mont
246,245026477,TRENDYOLMİLLA,Gri Kapüşonlu Su İtici Kapitone Mont TWOAW23MO00131,699.99,383,/trendyolmilla/gri-kapusonlu-su-itici-kapitone-mont-twoaw23mo00131-p-245026477,Mont
247,307566706,TRENDYOLMİLLA,Siyah Süet Peluş Detaylı Biker Ceket Mont TWOAW23MO00351,959.99,1430,/trendyolmilla/siyah-suet-pelus-detayli-biker-ceket-mont-twoaw23mo00351-p-307566706,Mont
248,822538232,TRENDYOLMİLLA,Siyah Oversize Kapüşonlu Peluş Detaylı Kapitone Şişme Mont TWOAW25MO00120,1379.99,0,/trendyolmilla/siyah-oversize-kapusonlu-pelus-detayli-kapitone-sisme-mont-twoaw25mo00120-p-822538232,Mont
249,816781738,TRENDYOLMİLLA,Siyah Oversize Suni Deri Ceket Mont TWOAW25MO00099,1259.99,0,/trendyolmilla/siyah-oversize-suni-deri-ceket-mont-twoaw25mo00099-p-816781738,Mont
250,814231396,TRENDYOLMİLLA,Siyah Regular Suni Deri Biker Ceket Mont TWOAW25MO00072,1119.99,0,/trendyolmilla/siyah-regular-suni-deri-biker-ceket-mont-twoaw25mo00072-p-814231396,Mont
251,814175636,TRENDYOLMİLLA,Taş Peluş Mont TWOAW25MO00064,1189.99,0,/trendyolmilla/tas-pelus-mont-twoaw25mo00064-p-814175636,Mont
252,799835989,TRENDYOLMİLLA,Siyah Oversize Kürk Mont TWOSS24MO00065,1489.99,3,/trendyolmilla/siyah-oversize-kurk-mont-twoss24mo00065-p-799835989,Mont
253,814583681,TRENDYOLMİLLA,Kırmızı Yaka Detaylı Buklet İnce Ceket Mont TWOAW25MO00086,969.99,2,/trendyolmilla/kirmizi-yaka-detayli-buklet-ince-ceket-mont-twoaw25mo00086-p-814583681,Mont
254,649457048,TRENDYOLMİLLA,Vizon-Taş Çift Taraflı Kapüşonlu Su İtici Uzun Şişme Mont TWOAW23MO00052,939.99,414,/trendyolmilla/vizon-tas-cift-tarafli-kapusonlu-su-itici-uzun-sisme-mont-twoaw23mo00052-p-649457048,Mont
255,824308520,TRENDYOLMİLLA,Bej Kaşe Crop Biker İnce Ceket Mont TWOAW25MO00128,909.99,0,/trendyolmilla/bej-kase-crop-biker-ince-ceket-mont-twoaw25mo00128-p-824308520,Mont
256,259000069,TRENDYOLMİLLA,Haki Renk Bloklu Su İtici Kapitone Mont TWOAW23MO00134,769.99,1180,/trendyolmilla/haki-renk-bloklu-su-itici-kapitone-mont-twoaw23mo00134-p-259000069,Mont
257,784441931,TRENDYOLMİLLA,Kırmızı Crop İnce Bomber Mont TWOSS24MO00032,709.99,68,/trendyolmilla/kirmizi-crop-ince-bomber-mont-twoss24mo00032-p-784441931,Mont
258,650609749,TRENDYOLMİLLA,Siyah Oversize Peluş Yaka Detaylı Su İtici Şişme Mont TWOAW24MO00008,799.99,243,/trendyolmilla/siyah-oversize-pelus-yaka-detayli-su-itici-sisme-mont-twoaw24mo00008-p-650609749,Mont
259,650469299,TRENDYOLMİLLA,Haki Oversize Kapüşonlu Su Geçirmez Şişme Mont TWOAW24MO00073,597.99,44,/trendyolmilla/haki-oversize-kapusonlu-su-gecirmez-sisme-mont-twoaw24mo00073-p-650469299,Mont
260,681218431,TRENDYOLMİLLA,Haki Kapüşonlu Su İtici Kapitone Şişme Mont TWOAW24MO00134,485.99,34,/trendyolmilla/haki-kapusonlu-su-itici-kapitone-sisme-mont-twoaw24mo00134-p-681218431,Mont
261,801037488,TRENDYOLMİLLA,Ekru Mont TWOSS24MO00068,649.99,59,/trendyolmilla/ekru-mont-twoss24mo00068-p-801037488,Mont
262,251698636,TRENDYOLMİLLA,Antrasit Oversize Kapüşonlu Su itici Kapitone Şişme Mont TWOAW21MO0144,749.99,323,/trendyolmilla/antrasit-oversize-kapusonlu-su-itici-kapitone-sisme-mont-twoaw21mo0144-p-251698636,Mont
263,43594322,TRENDYOLMİLLA,Siyah Oversize Su itici Şişme Mont TWOAW21MO0045,639.99,6583,/trendyolmilla/siyah-oversize-su-itici-sisme-mont-twoaw21mo0045-p-43594322,Mont
264,762658810,TRENDYOLMİLLA,Saks Regular Su İtici Şişme Mont TWOAW24MO00048,669.99,23,/trendyolmilla/saks-regular-su-itici-sisme-mont-twoaw24mo00048-p-762658810,Mont
265,735061081,TRENDYOLMİLLA,Siyah Premium Oversize Su İtici Uzun Mont TWOAW24MO00263,599.99,58,/trendyolmilla/siyah-premium-oversize-su-itici-uzun-mont-twoaw24mo00263-p-735061081,Mont
266,277113791,TRENDYOLMİLLA,Vizon Oversize Peluş Mont TWOAW21MO0132,1009.99,512,/trendyolmilla/vizon-oversize-pelus-mont-twoaw21mo0132-p-277113791,Mont
267,169048650,TRENDYOLMİLLA,Gri Oversize Kapüşonlu Su itici Kapitone Şişme Mont TWOAW21MO0144,679.99,955,/trendyolmilla/gri-oversize-kapusonlu-su-itici-kapitone-sisme-mont-twoaw21mo0144-p-169048650,Mont
268,251698638,TRENDYOLMİLLA,Bej Oversize Kapüşonlu Su itici Kapitone Şişme Mont TWOAW21MO0144,639.99,1017,/trendyolmilla/bej-oversize-kapusonlu-su-itici-kapitone-sisme-mont-twoaw21mo0144-p-251698638,Mont
269,329404164,TRENDYOLMİLLA,Siyah-Haki Çift Taraflı Kapüşonlu Su İtici Uzun Şişme Mont TWOAW23MO00052,1009.99,559,/trendyolmilla/siyah-haki-cift-tarafli-kapusonlu-su-itici-uzun-sisme-mont-twoaw23mo00052-p-329404164,Mont
270,656793575,TRENDYOLMİLLA,Mint Regular Su İtici Şişme Mont TWOAW24MO00048,679.99,273,/trendyolmilla/mint-regular-su-itici-sisme-mont-twoaw24mo00048-p-656793575,Mont
271,52899804,TRENDYOLMİLLA,Taş Oversize Peluş Mont TWOAW21MO0132,1049.99,1483,/trendyolmilla/tas-oversize-pelus-mont-twoaw21mo0132-p-52899804,Mont
272,329308859,TRENDYOLMİLLA,Siyah Kapüşonlu Peluş Mont TWOAW23MO00301,959.99,226,/trendyolmilla/siyah-kapusonlu-pelus-mont-twoaw23mo00301-p-329308859,Mont
273,672083896,TRENDYOLMİLLA,Siyah Kapüşonlu Su İtici Uzun Şişme Mont TWOAW24MO00136,719.99,476,/trendyolmilla/siyah-kapusonlu-su-itici-uzun-sisme-mont-twoaw24mo00136-p-672083896,Mont
274,789557447,Edit by Trendyol,Siyah Regular Mont TEDAW24MO00002,399.99,24,/edit-by-trendyol/siyah-regular-mont-tedaw24mo00002-p-789557447,Mont
275,736129466,TRENDYOLMİLLA,Antrasit Eskitme Detaylı Suni Deri Bomber Ceket Mont TWOAW24MO00278,999.99,90,/trendyolmilla/antrasit-eskitme-detayli-suni-deri-bomber-ceket-mont-twoaw24mo00278-p-736129466,Mont
276,806493761,TRENDYOLMİLLA,Kahverengi Oversize Peluş Mont TWOAW21MO0132,1099.99,0,/trendyolmilla/kahverengi-oversize-pelus-mont-twoaw21mo0132-p-806493761,Mont
277,784443511,TRENDYOLMİLLA,Bej Denim Detaylı İnce Ceket Mont TWOSS24MO00010,909.99,17,/trendyolmilla/bej-denim-detayli-ince-ceket-mont-twoss24mo00010-p-784443511,Mont
278,783290553,TRENDYOLMİLLA,Siyah Crop İnce Bomber Mont TWOSS24MO00032,799.99,67,/trendyolmilla/siyah-crop-ince-bomber-mont-twoss24mo00032-p-783290553,Mont
279,745817996,TRENDYOLMİLLA,Vizon Oversize Kaşe Bomber Mont TWOAW24MO00331,769.99,80,/trendyolmilla/vizon-oversize-kase-bomber-mont-twoaw24mo00331-p-745817996,Mont
280,692084597,TRENDYOLMİLLA,Camel Oversize Geniş Kesim Kürk Kaban TWOAW24KB00107,929.99,50,/trendyolmilla/camel-oversize-genis-kesim-kurk-kaban-twoaw24kb00107-p-692084597,Mont
281,665615887,TRENDYOLMİLLA,Koyu Kahverengi Renk Bloklu Peluş Şişme Mont TWOAW24MO00101,440.99,37,/trendyolmilla/koyu-kahverengi-renk-bloklu-pelus-sisme-mont-twoaw24mo00101-p-665615887,Mont
282,461172841,TRENDYOLMİLLA,Ekru Oversize Tüvit Bomber Ceket Mont TWOSS23MO00052,499.99,720,/trendyolmilla/ekru-oversize-tuvit-bomber-ceket-mont-twoss23mo00052-p-461172841,Mont
283,267190117,TRENDYOLMİLLA,Taş Regular Kapüşonlu Kemerli Su İtici Şişme Mont TWOAW23MO00188,899.99,343,/trendyolmilla/tas-regular-kapusonlu-kemerli-su-itici-sisme-mont-twoaw23mo00188-p-267190117,Mont
284,246442722,TRENDYOLMİLLA,Siyah Regular Kuşaklı Su İtici Şişme Mont TWOAW23MO00007,1059.99,658,/trendyolmilla/siyah-regular-kusakli-su-itici-sisme-mont-twoaw23mo00007-p-246442722,Mont
285,245026508,TRENDYOLMİLLA,Siyah Kapüşonlu Su İtici Kapitone Mont TWOAW23MO00131,659.99,337,/trendyolmilla/siyah-kapusonlu-su-itici-kapitone-mont-twoaw23mo00131-p-245026508,Mont
286,140923726,TRENDYOLMİLLA,Ekru Oversize Yakası Kürk Detaylı Su İtici Kapitone Şişme Mont TWOAW22MO0011,445.99,1591,/trendyolmilla/ekru-oversize-yakasi-kurk-detayli-su-itici-kapitone-sisme-mont-twoaw22mo0011-p-140923726,Mont
287,54691437,TRENDYOLMİLLA,Kırmızı Kapüşonlu Su İtici Şişme Mont TWOAW21MO0022,739.99,2781,/trendyolmilla/kirmizi-kapusonlu-su-itici-sisme-mont-twoaw21mo0022-p-54691437,Mont
288,54691432,TRENDYOLMİLLA,Gri Kapüşonlu Su İtici Şişme Mont TWOAW21MO0022,669.99,5156,/trendyolmilla/gri-kapusonlu-su-itici-sisme-mont-twoaw21mo0022-p-54691432,Mont
289,43594323,TRENDYOLMİLLA,Gri Oversize Su itici Şişme Mont TWOAW21MO0045,719.99,3444,/trendyolmilla/gri-oversize-su-itici-sisme-mont-twoaw21mo0045-p-43594323,Mont
290,32578124,TRENDYOLMİLLA,Ekru Desenli Peluş Mont TWOAW20MO0112,579.99,831,/trendyolmilla/ekru-desenli-pelus-mont-twoaw20mo0112-p-32578124,Mont
