,ID,MARKA,URUN_NAME,FIYAT,RATE_COUNT,URUN_LINK,KATEGORI
0,338765835,TRENDYOLMİLLA,Vizon Regular Astarlı Dokuma Blazer Ceket TWOAW23BC00132,723.99,5921,/trendyolmilla/vizon-regular-astarli-dokuma-blazer-ceket-twoaw23bc00132-p-338765835,Blazer Ceket
1,746344742,TRENDYOLMİLLA,Siyah Dokuma Ekstra Oversize Blazer Ceket TWOAW24BC00107,727.99,1089,/trendyolmilla/siyah-dokuma-ekstra-oversize-blazer-ceket-twoaw24bc00107-p-746344742,Blazer Ceket
2,342702116,TRENDYOLMİLLA,Siyah Regular Astarlı Kruvaze Kapama Dokuma Blazer Ceket TWOSS20CE0059,583.99,2167,/trendyolmilla/siyah-regular-astarli-kruvaze-kapama-dokuma-blazer-ceket-twoss20ce0059-p-342702116,Blazer Ceket
3,796379223,TRENDYOLMİLLA,Taş Bağlama Detaylı Poliviskon Limited Edition Blazer Ceket TWOSS24BC00037,768.99,45,/trendyolmilla/tas-baglama-detayli-poliviskon-limited-edition-blazer-ceket-twoss24bc00037-p-796379223,Blazer Ceket
4,55321629,TRENDYOLMİLLA,Gri Regular Astar Detaylı Dokuma Blazer Ceket TWOAW20CE0316,656.99,2420,/trendyolmilla/gri-regular-astar-detayli-dokuma-blazer-ceket-twoaw20ce0316-p-55321629,Blazer Ceket
5,50310610,TRENDYOLMİLLA,Siyah Regular Astarlı Düğmeli Dokuma Blazer Ceket TWOAW21CE0272,526.99,3534,/trendyolmilla/siyah-regular-astarli-dugmeli-dokuma-blazer-ceket-twoaw21ce0272-p-50310610,Blazer Ceket
6,744586240,TRENDYOLMİLLA,Siyah Limited Edition Fitted Astarlı Dokuma Blazer Ceket TWOAW24BC00096,402.99,168,/trendyolmilla/siyah-limited-edition-fitted-astarli-dokuma-blazer-ceket-twoaw24bc00096-p-744586240,Blazer Ceket
7,136141690,TRENDYOLMİLLA,Siyah Crop Astarlı Dokuma Blazer Ceket TWOAW22CE0086,474.99,5583,/trendyolmilla/siyah-crop-astarli-dokuma-blazer-ceket-twoaw22ce0086-p-136141690,Blazer Ceket
8,738090586,TRENDYOLMİLLA,Siyah Fitted Astarlı Dokuma Blazer Ceket TWOAW24BC00047,367.99,179,/trendyolmilla/siyah-fitted-astarli-dokuma-blazer-ceket-twoaw24bc00047-p-738090586,Blazer Ceket
9,782050579,TRENDYOLMİLLA,Vizon Premium Dokuma Trençkot Blazer Ceket TWOSS24BC00010,804.99,84,/trendyolmilla/vizon-premium-dokuma-trenckot-blazer-ceket-twoss24bc00010-p-782050579,Blazer Ceket
10,781045701,TRENDYOLMİLLA,Bej Kruvaze Kapama Pamuk Keten Dokuma Blazer Ceket TWOSS24BC00018,693.99,92,/trendyolmilla/bej-kruvaze-kapama-pamuk-keten-dokuma-blazer-ceket-twoss24bc00018-p-781045701,Blazer Ceket
11,774506814,TRENDYOLMİLLA,Pembe Regular Astarlı Dokuma Blazer Ceket TWOAW23BC00132,742.99,70,/trendyolmilla/pembe-regular-astarli-dokuma-blazer-ceket-twoaw23bc00132-p-774506814,Blazer Ceket
12,137893827,TRENDYOLMİLLA,Açık Haki Oversize Astarlı Düğmeli Dokuma Blazer Ceket TWOAW22CE0167,584.99,3421,/trendyolmilla/acik-haki-oversize-astarli-dugmeli-dokuma-blazer-ceket-twoaw22ce0167-p-137893827,Blazer Ceket
13,34412115,TRENDYOLMİLLA,Lacivert Oversize Astarlı Kruvaze Kapama Dokuma Blazer Ceket TWOSS20CE0024,524.99,2288,/trendyolmilla/lacivert-oversize-astarli-kruvaze-kapama-dokuma-blazer-ceket-twoss20ce0024-p-34412115,Blazer Ceket
14,125895860,TRENDYOLMİLLA,Siyah Regular Astarlı Düğmeli Dokuma Blazer Ceket TWOAW22CE0168,577.99,2543,/trendyolmilla/siyah-regular-astarli-dugmeli-dokuma-blazer-ceket-twoaw22ce0168-p-125895860,Blazer Ceket
15,177282077,TRENDYOLMİLLA,Vizon Oversize Astarlı Kruvaze Kapama Dokuma Blazer Ceket TWOSS22CE0077,590.99,5445,/trendyolmilla/vizon-oversize-astarli-kruvaze-kapama-dokuma-blazer-ceket-twoss22ce0077-p-177282077,Blazer Ceket
16,789861870,TRENDYOLMİLLA,Siyah Basic Crop Oversize Dokuma Blazer Ceket TWOSS24BC00032,324.99,26,/trendyolmilla/siyah-basic-crop-oversize-dokuma-blazer-ceket-twoss24bc00032-p-789861870,Blazer Ceket
17,140882266,TRENDYOLMİLLA,Kırmızı Regular Astarlı Kruvaze Kapama Dokuma Blazer Ceket TWOSS20CE0059,587.99,2875,/trendyolmilla/kirmizi-regular-astarli-kruvaze-kapama-dokuma-blazer-ceket-twoss20ce0059-p-140882266,Blazer Ceket
18,774506815,TRENDYOLMİLLA,Mint Regular Astarlı Dokuma Blazer Ceket TWOAW23BC00132,723.99,69,/trendyolmilla/mint-regular-astarli-dokuma-blazer-ceket-twoaw23bc00132-p-774506815,Blazer Ceket
19,383926059,TRENDYOLMİLLA,Siyah Dokuma Oversize Suni Deri Blazer Ceket TWOSS23BC00049,649.99,658,/trendyolmilla/siyah-dokuma-oversize-suni-deri-blazer-ceket-twoss23bc00049-p-383926059,Blazer Ceket
20,77789260,TRENDYOLMİLLA,Yeşil Regular Astarlı Dokuma Blazer Ceket TWOSS21CE0137,595.99,3457,/trendyolmilla/yesil-regular-astarli-dokuma-blazer-ceket-twoss21ce0137-p-77789260,Blazer Ceket
21,788680135,TRENDYOLMİLLA,Camel Oversize Düz Kesim Basic Kruvaze Dokuma Blazer Ceket TWOSS24BC00028,664.99,68,/trendyolmilla/camel-oversize-duz-kesim-basic-kruvaze-dokuma-blazer-ceket-twoss24bc00028-p-788680135,Blazer Ceket
22,88456352,TRENDYOLMİLLA,Siyah Regular Astarlı Dokuma Blazer Ceket TWOSS21CE0137,585.99,10429,/trendyolmilla/siyah-regular-astarli-dokuma-blazer-ceket-twoss21ce0137-p-88456352,Blazer Ceket
23,782205374,TRENDYOLMİLLA,Siyah Dokuma Bel Detaylı Ayarlanabilir Blazer Ceket TWOSS24BC00004,310.99,14,/trendyolmilla/siyah-dokuma-bel-detayli-ayarlanabilir-blazer-ceket-twoss24bc00004-p-782205374,Blazer Ceket
48,805524553,TRENDYOLMİLLA,Vizon Crop Dokuma Blazer Ceket TWOSS24BC00040,230.99,25,/trendyolmilla/vizon-crop-dokuma-blazer-ceket-twoss24bc00040-p-805524553,Blazer Ceket
49,788690096,TRENDYOLMİLLA,Ekru Oversize Basic Dokuma Blazer Ceket TWOSS24BC00029,672.99,78,/trendyolmilla/ekru-oversize-basic-dokuma-blazer-ceket-twoss24bc00029-p-788690096,Blazer Ceket
50,383894324,TRENDYOLMİLLA,Lacivert Regular Astar Detaylı Dokuma Blazer Ceket TWOAW20CE0316,689.99,948,/trendyolmilla/lacivert-regular-astar-detayli-dokuma-blazer-ceket-twoaw20ce0316-p-383894324,Blazer Ceket
51,782564200,TRENDYOLMİLLA,Antrasit Crop İnce Çizgili Poliviskon Dokuma Blazer Ceket TWOSS24BC00020,369.99,16,/trendyolmilla/antrasit-crop-ince-cizgili-poliviskon-dokuma-blazer-ceket-twoss24bc00020-p-782564200,Blazer Ceket
52,338921993,TRENDYOLMİLLA,Siyah Regular Astarlı Dokuma Çizgili Blazer Ceket TWOAW23BC00135,703.99,2464,/trendyolmilla/siyah-regular-astarli-dokuma-cizgili-blazer-ceket-twoaw23bc00135-p-338921993,Blazer Ceket
53,71515425,TRENDYOLMİLLA,Taş Oversize Astarlı Kruvaze Kapama Dokuma Blazer Ceket TWOSS20CE0024,579.99,2781,/trendyolmilla/tas-oversize-astarli-kruvaze-kapama-dokuma-blazer-ceket-twoss20ce0024-p-71515425,Blazer Ceket
54,379997677,TRENDYOLMİLLA,Taş Regular Crop Dokuma Çizgili Blazer Ceket TWOSS23BC00029,614.99,658,/trendyolmilla/tas-regular-crop-dokuma-cizgili-blazer-ceket-twoss23bc00029-p-379997677,Blazer Ceket
55,788680136,TRENDYOLMİLLA,Taş Oversize Düz Kesim Basic Kruvaze Dokuma Blazer Ceket TWOSS24BC00028,671.99,80,/trendyolmilla/tas-oversize-duz-kesim-basic-kruvaze-dokuma-blazer-ceket-twoss24bc00028-p-788680136,Blazer Ceket
56,809122102,TRENDYOLMİLLA,Kahverengi Oversize Düz Kesim Basic Kruvaze Dokuma Blazer Ceket TWOSS24BC00028,693.99,24,/trendyolmilla/kahverengi-oversize-duz-kesim-basic-kruvaze-dokuma-blazer-ceket-twoss24bc00028-p-809122102,Blazer Ceket
57,31973300,TRENDYOLMİLLA,Siyah Regular Astar Detaylı Dokuma Blazer Ceket TWOAW20CE0316,611.99,13888,/trendyolmilla/siyah-regular-astar-detayli-dokuma-blazer-ceket-twoaw20ce0316-p-31973300,Blazer Ceket
58,318906877,TRENDYOLMİLLA,Siyah Crop Astarlı Kruvaze Kapama Dokuma Blazer Ceket TWOAW23BC00076,601.99,1248,/trendyolmilla/siyah-crop-astarli-kruvaze-kapama-dokuma-blazer-ceket-twoaw23bc00076-p-318906877,Blazer Ceket
59,77789261,TRENDYOLMİLLA,Açık Mavi Regular Astarlı Dokuma Blazer Ceket TWOSS21CE0137,591.99,1324,/trendyolmilla/acik-mavi-regular-astarli-dokuma-blazer-ceket-twoss21ce0137-p-77789261,Blazer Ceket
60,775931737,TRENDYOLMİLLA,Bej Regular Astarlı Düğmeli Dokuma Blazer Ceket TWOAW23BC00017,243.99,22,/trendyolmilla/bej-regular-astarli-dugmeli-dokuma-blazer-ceket-twoaw23bc00017-p-775931737,Blazer Ceket
61,789863594,TRENDYOLMİLLA,Taş Oversize Saten Dokuma Blazer Ceket TWOSS24BC00033,472.99,14,/trendyolmilla/tas-oversize-saten-dokuma-blazer-ceket-twoss24bc00033-p-789863594,Blazer Ceket
62,704964627,TRENDYOLMİLLA,Siyah Oversize Astarlı Düğmeli Dokuma Blazer Ceket TWOAW22CE0167,673.99,209,/trendyolmilla/siyah-oversize-astarli-dugmeli-dokuma-blazer-ceket-twoaw22ce0167-p-704964627,Blazer Ceket
63,782417649,TRENDYOLMİLLA,Antrasit Kolu Manşet Detaylı Dokuma Blazer Ceket TWOSS24BC00015,661.99,51,/trendyolmilla/antrasit-kolu-manset-detayli-dokuma-blazer-ceket-twoss24bc00015-p-782417649,Blazer Ceket
64,782212077,TRENDYOLMİLLA,Gri Dokuma Bel Detaylı Ayarlanabilir Blazer Ceket TWOSS24BC00004,243.99,17,/trendyolmilla/gri-dokuma-bel-detayli-ayarlanabilir-blazer-ceket-twoss24bc00004-p-782212077,Blazer Ceket
65,125577748,TRENDYOLMİLLA,Bordo Regular Astarlı Dokuma Blazer Ceket TWOSS21CE0137,672.99,1255,/trendyolmilla/bordo-regular-astarli-dokuma-blazer-ceket-twoss21ce0137-p-125577748,Blazer Ceket
66,782417940,TRENDYOLMİLLA,Siyah Crop Kısa Kollu Dokuma Blazer Ceket TWOSS24BC00014,475.99,20,/trendyolmilla/siyah-crop-kisa-kollu-dokuma-blazer-ceket-twoss24bc00014-p-782417940,Blazer Ceket
67,708419235,TRENDYOLMİLLA,Açık Haki Regular Astarlı Kruvaze Kapama Dokuma Blazer Ceket TWOSS20CE0059,646.99,397,/trendyolmilla/acik-haki-regular-astarli-kruvaze-kapama-dokuma-blazer-ceket-twoss20ce0059-p-708419235,Blazer Ceket
68,141646627,TRENDYOLMİLLA,Camel Crop Dokuma Astarlı Blazer Ceket TWOAW22CE0086,447.99,1037,/trendyolmilla/camel-crop-dokuma-astarli-blazer-ceket-twoaw22ce0086-p-141646627,Blazer Ceket
69,774623862,TRENDYOLMİLLA,Açık Sarı Kruvaze Kapama Dokuma Astarlı Suni Deri Blazer Ceket TWOAW21CE0156,215.99,14,/trendyolmilla/acik-sari-kruvaze-kapama-dokuma-astarli-suni-deri-blazer-ceket-twoaw21ce0156-p-774623862,Blazer Ceket
70,203096143,TRENDYOLMİLLA,Taş Regular Astarlı Dokuma Blazer Ceket TWOSS22CE0104,559.99,2032,/trendyolmilla/tas-regular-astarli-dokuma-blazer-ceket-twoss22ce0104-p-203096143,Blazer Ceket
71,379067998,TRENDYOLMİLLA,Koyu Mavi Regular Astar Detaylı Dokuma Blazer Ceket TWOAW20CE0316,672.99,983,/trendyolmilla/koyu-mavi-regular-astar-detayli-dokuma-blazer-ceket-twoaw20ce0316-p-379067998,Blazer Ceket
72,141785636,TRENDYOLMİLLA,Taş Regular Astar Detaylı Dokuma Blazer Ceket TWOAW20CE0316,665.99,1298,/trendyolmilla/tas-regular-astar-detayli-dokuma-blazer-ceket-twoaw20ce0316-p-141785636,Blazer Ceket
73,708468432,TRENDYOLMİLLA,Açık Haki Oversize Astarlı Dokuma Blazer Ceket TWOSS22CE0077,575.99,106,/trendyolmilla/acik-haki-oversize-astarli-dokuma-blazer-ceket-twoss22ce0077-p-708468432,Blazer Ceket
74,304177383,TRENDYOLMİLLA,Açık Haki Regular Astarlı Kruvaze Kapama Dokuma Blazer Ceket TWOAW21CE0264,667.99,2124,/trendyolmilla/acik-haki-regular-astarli-kruvaze-kapama-dokuma-blazer-ceket-twoaw21ce0264-p-304177383,Blazer Ceket
75,774506595,TRENDYOLMİLLA,Açık Mavi Regular Astar Detaylı Dokuma Blazer Ceket TWOAW20CE0316,710.99,59,/trendyolmilla/acik-mavi-regular-astar-detayli-dokuma-blazer-ceket-twoaw20ce0316-p-774506595,Blazer Ceket
76,52199861,TRENDYOLMİLLA,Siyah Kuşaklı Regular Astarlı Kruvaze Kapama Dokuma Blazer Ceket TWOAW21CE0320,588.99,1759,/trendyolmilla/siyah-kusakli-regular-astarli-kruvaze-kapama-dokuma-blazer-ceket-twoaw21ce0320-p-52199861,Blazer Ceket
77,379118079,TRENDYOLMİLLA,Lacivert Oversize Astarlı Dokuma Blazer Ceket TWOSS22CE0077,686.99,260,/trendyolmilla/lacivert-oversize-astarli-dokuma-blazer-ceket-twoss22ce0077-p-379118079,Blazer Ceket
78,195050324,TRENDYOLMİLLA,Pembe Regular Astarlı Dokuma Blazer Ceket TWOSS21CE0137,662.99,1354,/trendyolmilla/pembe-regular-astarli-dokuma-blazer-ceket-twoss21ce0137-p-195050324,Blazer Ceket
79,193753250,TRENDYOLMİLLA,Indigo Regular Astarlı Kruvaze Kapama Dokuma Blazer Ceket TWOAW21CE0264,573.99,1727,/trendyolmilla/indigo-regular-astarli-kruvaze-kapama-dokuma-blazer-ceket-twoaw21ce0264-p-193753250,Blazer Ceket
80,34412116,TRENDYOLMİLLA,Kırmızı Oversize Dokuma Astarlı Kruvaze Kapama Düğme Detaylı Ceket TWOSS20CE0024,643.99,4260,/trendyolmilla/kirmizi-oversize-dokuma-astarli-kruvaze-kapama-dugme-detayli-ceket-twoss20ce0024-p-34412116,Blazer Ceket
81,69555254,TRENDYOLMİLLA,Haki Regular Astarlı Kruvaze Kapama Dokuma Blazer Ceket TWOSS21CE0029,571.99,4823,/trendyolmilla/haki-regular-astarli-kruvaze-kapama-dokuma-blazer-ceket-twoss21ce0029-p-69555254,Blazer Ceket
82,444513178,TRENDYOLMİLLA,Taş Crop Dokuma Blazer Ceket TWOSS23BC00101,623.99,216,/trendyolmilla/tas-crop-dokuma-blazer-ceket-twoss23bc00101-p-444513178,Blazer Ceket
83,744374858,TRENDYOLMİLLA,Siyah Regular Dokuma Astarlı Taş Detaylı Blazer Ceket TWOAW24BC00078,775.99,82,/trendyolmilla/siyah-regular-dokuma-astarli-tas-detayli-blazer-ceket-twoaw24bc00078-p-744374858,Blazer Ceket
84,774509897,TRENDYOLMİLLA,Açık Turuncu Regular Astarlı Düğmeli Dokuma Blazer Ceket TWOAW22CE0168,301.99,24,/trendyolmilla/acik-turuncu-regular-astarli-dugmeli-dokuma-blazer-ceket-twoaw22ce0168-p-774509897,Blazer Ceket
85,788692636,TRENDYOLMİLLA,Antrasit Poliviskon Zincir Detaylı Regular Kalıp Dokuma Premium Blazer Ceket TWOSS24BC00031,423.99,18,/trendyolmilla/antrasit-poliviskon-zincir-detayli-regular-kalip-dokuma-premium-blazer-ceket-twoss24bc00031-p-788692636,Blazer Ceket
86,774506813,TRENDYOLMİLLA,Gri Regular Astarlı Dokuma Blazer Ceket TWOAW23BC00132,738.99,52,/trendyolmilla/gri-regular-astarli-dokuma-blazer-ceket-twoaw23bc00132-p-774506813,Blazer Ceket
87,737577543,TRENDYOLMİLLA,Antrasit Premium Oversize Astarlı Dokuma Blazer Ceket TWOAW24BC00046,693.99,339,/trendyolmilla/antrasit-premium-oversize-astarli-dokuma-blazer-ceket-twoaw24bc00046-p-737577543,Blazer Ceket
88,782040945,TRENDYOLMİLLA,Siyah Dokuma Blazer Ceket TWOSS24BC00017,429.99,23,/trendyolmilla/siyah-dokuma-blazer-ceket-twoss24bc00017-p-782040945,Blazer Ceket
89,729612653,TRENDYOLMİLLA,Lacivert Crop Dokuma Blazer Ceket TWOAW24BC00023,575.99,78,/trendyolmilla/lacivert-crop-dokuma-blazer-ceket-twoaw24bc00023-p-729612653,Blazer Ceket
90,773284661,TRENDYOLMİLLA,Beyaz Oversize Astarlı Düğmeli Dokuma Blazer Ceket TWOAW22CE0167,643.99,134,/trendyolmilla/beyaz-oversize-astarli-dugmeli-dokuma-blazer-ceket-twoaw22ce0167-p-773284661,Blazer Ceket
91,774533134,TRENDYOLMİLLA,Mint Regular Astarlı Kruvaze Kapama Dokuma Blazer Ceket TWOSS20CE0059,672.99,33,/trendyolmilla/mint-regular-astarli-kruvaze-kapama-dokuma-blazer-ceket-twoss20ce0059-p-774533134,Blazer Ceket
92,789941824,TRENDYOLMİLLA,Lacivert Nakış Detaylı Dokuma Regular Blazer Ceket TWOSS24BC00027,469.99,50,/trendyolmilla/lacivert-nakis-detayli-dokuma-regular-blazer-ceket-twoss24bc00027-p-789941824,Blazer Ceket
93,773574038,TRENDYOLMİLLA,Nar Çiçeği Regular Astarlı Kruvaze Kapama Dokuma Blazer Ceket TWOSS21CE0137,670.99,50,/trendyolmilla/nar-cicegi-regular-astarli-kruvaze-kapama-dokuma-blazer-ceket-twoss21ce0137-p-773574038,Blazer Ceket
94,74506731,TRENDYOLMİLLA,Lacivert Regular Astarlı Kruvaze Kapama Dokuma Blazer Ceket TWOSS20CE0059,561.99,2384,/trendyolmilla/lacivert-regular-astarli-kruvaze-kapama-dokuma-blazer-ceket-twoss20ce0059-p-74506731,Blazer Ceket
95,820059421,TRENDYOLMİLLA,Ekru Premium Kalite Kemerli Dokuma Blazer Ceket TWOSS24BC00042,633.99,12,/trendyolmilla/ekru-premium-kalite-kemerli-dokuma-blazer-ceket-twoss24bc00042-p-820059421,Blazer Ceket
96,305051739,TRENDYOLMİLLA,Gri Regular Astarlı Düğmeli Dokuma Blazer Ceket TWOAW23BC00017,713.99,1723,/trendyolmilla/gri-regular-astarli-dugmeli-dokuma-blazer-ceket-twoaw23bc00017-p-305051739,Blazer Ceket
97,151847855,TRENDYOLMİLLA,Zümrüt Yeşili Regular Astarlı Bağlamalı Dokuma Blazer Ceket TWOAW21CE0320,643.99,884,/trendyolmilla/zumrut-yesili-regular-astarli-baglamali-dokuma-blazer-ceket-twoaw21ce0320-p-151847855,Blazer Ceket
98,379068010,TRENDYOLMİLLA,Turuncu Regular Astar Detaylı Dokuma Blazer Ceket TWOAW20CE0316,661.99,359,/trendyolmilla/turuncu-regular-astar-detayli-dokuma-blazer-ceket-twoaw20ce0316-p-379068010,Blazer Ceket
99,708419275,TRENDYOLMİLLA,Koyu Mavi Regular Astarlı Kruvaze Kapama Dokuma Blazer Ceket TWOSS20CE0059,672.99,141,/trendyolmilla/koyu-mavi-regular-astarli-kruvaze-kapama-dokuma-blazer-ceket-twoss20ce0059-p-708419275,Blazer Ceket
100,774506591,TRENDYOLMİLLA,Nar Çiçeği Regular Astar Detaylı Dokuma Blazer Ceket TWOAW20CE0316,702.99,54,/trendyolmilla/nar-cicegi-regular-astar-detayli-dokuma-blazer-ceket-twoaw20ce0316-p-774506591,Blazer Ceket
101,774623722,TRENDYOLMİLLA,Ekru Crop Dokuma Astarlı Blazer Ceket TWOAW22CE0086,476.99,28,/trendyolmilla/ekru-crop-dokuma-astarli-blazer-ceket-twoaw22ce0086-p-774623722,Blazer Ceket
102,727892480,TRENDYOLMİLLA,Siyah Regular Astarlı Dokuma Blazer Ceket TWOAW24BC00014,205.99,55,/trendyolmilla/siyah-regular-astarli-dokuma-blazer-ceket-twoaw24bc00014-p-727892480,Blazer Ceket
103,705187573,TRENDYOLMİLLA,Saks Regular Astarlı Kruvaze Kapama Dokuma Blazer Ceket TWOSS21CE0137,671.99,229,/trendyolmilla/saks-regular-astarli-kruvaze-kapama-dokuma-blazer-ceket-twoss21ce0137-p-705187573,Blazer Ceket
104,773140957,TRENDYOLMİLLA,Pembe Regular Astarlı Kruvaze Kapama Dokuma Blazer Ceket TWOAW21CE0264,669.99,100,/trendyolmilla/pembe-regular-astarli-kruvaze-kapama-dokuma-blazer-ceket-twoaw21ce0264-p-773140957,Blazer Ceket
105,782194056,TRENDYOLMİLLA,Taş Dokuma Aksesuar Detaylı Regular Blazer Ceket TWOSS24BC00012,737.99,52,/trendyolmilla/tas-dokuma-aksesuar-detayli-regular-blazer-ceket-twoss24bc00012-p-782194056,Blazer Ceket
106,341077439,TRENDYOLMİLLA,Fuşya Regular Astarlı Kruvaze Kapama Dokuma Blazer Ceket TWOSS20CE0059,656.99,890,/trendyolmilla/fusya-regular-astarli-kruvaze-kapama-dokuma-blazer-ceket-twoss20ce0059-p-341077439,Blazer Ceket
107,85767270,TRENDYOLMİLLA,Bej Regular Astarlı Kruvaze Kapama Dokuma Blazer Ceket TWOSS21CE0107,606.99,3404,/trendyolmilla/bej-regular-astarli-kruvaze-kapama-dokuma-blazer-ceket-twoss21ce0107-p-85767270,Blazer Ceket
108,195050239,TRENDYOLMİLLA,Taş Regular Astarlı Dokuma Blazer Ceket TWOSS21CE0137,581.99,3207,/trendyolmilla/tas-regular-astarli-dokuma-blazer-ceket-twoss21ce0137-p-195050239,Blazer Ceket
109,704346450,TRENDYOLMİLLA,Gri Crop Astarlı Dokuma Blazer Ceket TWOAW22CE0086,511.99,61,/trendyolmilla/gri-crop-astarli-dokuma-blazer-ceket-twoaw22ce0086-p-704346450,Blazer Ceket
110,787834367,TRENDYOLMİLLA,Lacivert Cep Detaylı Crop Dokuma Blazer Ceket TWOSS24BC00035,310.99,15,/trendyolmilla/lacivert-cep-detayli-crop-dokuma-blazer-ceket-twoss24bc00035-p-787834367,Blazer Ceket
111,773574064,TRENDYOLMİLLA,Açık Kahverengi Regular Astarlı Kruvaze Kapama Dokuma Blazer Ceket TWOSS21CE0137,657.99,82,/trendyolmilla/acik-kahverengi-regular-astarli-kruvaze-kapama-dokuma-blazer-ceket-twoss21ce0137-p-773574064,Blazer Ceket
112,743273233,TRENDYOLMİLLA,Koyu Mor Regular Astar Detaylı Dokuma Blazer Ceket TWOAW20CE0316,680.99,232,/trendyolmilla/koyu-mor-regular-astar-detayli-dokuma-blazer-ceket-twoaw20ce0316-p-743273233,Blazer Ceket
113,774623861,TRENDYOLMİLLA,Mint Kruvaze Kapama Dokuma Astarlı Suni Deri Blazer Ceket TWOAW21CE0156,490.99,26,/trendyolmilla/mint-kruvaze-kapama-dokuma-astarli-suni-deri-blazer-ceket-twoaw21ce0156-p-774623861,Blazer Ceket
114,140533743,TRENDYOLMİLLA,Bej Regular Astarlı Kruvaze Kapama Dokuma Blazer Ceket TWOAW21CE0264,623.99,1148,/trendyolmilla/bej-regular-astarli-kruvaze-kapama-dokuma-blazer-ceket-twoaw21ce0264-p-140533743,Blazer Ceket
115,141683647,TRENDYOLMİLLA,Kahverengi Regular Astarlı Düğmeli Dokuma Ceket TWOAW22CE0622,693.99,570,/trendyolmilla/kahverengi-regular-astarli-dugmeli-dokuma-ceket-twoaw22ce0622-p-141683647,Blazer Ceket
116,42725350,TRENDYOLMİLLA,Gri Oversize Astarlı Kruvaze Kapama Dokuma Blazer Ceket TWOAW20CE0130,512.99,1251,/trendyolmilla/gri-oversize-astarli-kruvaze-kapama-dokuma-blazer-ceket-twoaw20ce0130-p-42725350,Blazer Ceket
117,774489164,TRENDYOLMİLLA,Mavi Regular Astarlı Dokuma Blazer Ceket TWOSS22CE0104,651.99,32,/trendyolmilla/mavi-regular-astarli-dokuma-blazer-ceket-twoss22ce0104-p-774489164,Blazer Ceket
118,738091158,TRENDYOLMİLLA,Gri Premium Yün Görünümlü Regular Astarlı Dokuma Ekose Blazer Ceket TWOAW24BC00048,763.99,74,/trendyolmilla/gri-premium-yun-gorunumlu-regular-astarli-dokuma-ekose-blazer-ceket-twoaw24bc00048-p-738091158,Blazer Ceket
119,773660419,TRENDYOLMİLLA,Ekru Regular Crop Çizgili Dokuma Blazer Ceket TWOSS23BC00029,675.99,33,/trendyolmilla/ekru-regular-crop-cizgili-dokuma-blazer-ceket-twoss23bc00029-p-773660419,Blazer Ceket
120,43534644,TRENDYOLMİLLA,Camel Regular Astar Detaylı Dokuma Blazer Ceket TWOAW20CE0316,577.99,3274,/trendyolmilla/camel-regular-astar-detayli-dokuma-blazer-ceket-twoaw20ce0316-p-43534644,Blazer Ceket
121,782194057,TRENDYOLMİLLA,Siyah Dokuma Aksesuar Detaylı Regular Blazer Ceket TWOSS24BC00012,670.99,45,/trendyolmilla/siyah-dokuma-aksesuar-detayli-regular-blazer-ceket-twoss24bc00012-p-782194057,Blazer Ceket
122,774489166,TRENDYOLMİLLA,Vizon Regular Astarlı Dokuma Blazer Ceket TWOSS22CE0104,411.99,61,/trendyolmilla/vizon-regular-astarli-dokuma-blazer-ceket-twoss22ce0104-p-774489166,Blazer Ceket
123,781034479,TRENDYOLMİLLA,Bej Çizgili Kruvaze Kapama Pamuk Keten Dokuma Blazer Ceket TWOSS24BC00016,587.99,70,/trendyolmilla/bej-cizgili-kruvaze-kapama-pamuk-keten-dokuma-blazer-ceket-twoss24bc00016-p-781034479,Blazer Ceket
124,774534736,TRENDYOLMİLLA,Açık Mor Regular Astarlı Kruvaze Kapama Dokuma Blazer Ceket TWOSS20CE0059,638.99,69,/trendyolmilla/acik-mor-regular-astarli-kruvaze-kapama-dokuma-blazer-ceket-twoss20ce0059-p-774534736,Blazer Ceket
125,151875079,TRENDYOLMİLLA,Yeşil Regular Astarlı Kruvaze Kapama Dokuma Blazer Ceket TWOSS20CE0059,645.99,482,/trendyolmilla/yesil-regular-astarli-kruvaze-kapama-dokuma-blazer-ceket-twoss20ce0059-p-151875079,Blazer Ceket
126,830481977,TRENDYOLMİLLA,Koyu Kahverengi Regular Astarlı Kruvaze Kapama Dokuma Blazer Ceket TWOAW21CE0264,615.99,0,/trendyolmilla/koyu-kahverengi-regular-astarli-kruvaze-kapama-dokuma-blazer-ceket-twoaw21ce0264-p-830481977,Blazer Ceket
127,383953754,TRENDYOLMİLLA,Gri Oversize Astarlı Dokuma Blazer Ceket TWOSS23BC00067,694.99,184,/trendyolmilla/gri-oversize-astarli-dokuma-blazer-ceket-twoss23bc00067-p-383953754,Blazer Ceket
128,283925512,TRENDYOLMİLLA,Siyah Crop Astarlı Dokuma Blazer Ceket TWOAW23CE00051,500.99,456,/trendyolmilla/siyah-crop-astarli-dokuma-blazer-ceket-twoaw23ce00051-p-283925512,Blazer Ceket
129,371774799,TRENDYOLMİLLA,Açık Kahverengi Regular Astarlı Kruvaze Kapama Düğme Detaylı Dokuma Blazer Ceket TWOAW21CE0264,654.99,424,/trendyolmilla/acik-kahverengi-regular-astarli-kruvaze-kapama-dugme-detayli-dokuma-blazer-ceket-twoaw21ce0264-p-371774799,Blazer Ceket
130,774506596,TRENDYOLMİLLA,Koyu Bej Regular Astar Detaylı Dokuma Blazer Ceket TWOAW20CE0316,662.99,64,/trendyolmilla/koyu-bej-regular-astar-detayli-dokuma-blazer-ceket-twoaw20ce0316-p-774506596,Blazer Ceket
131,738395083,TRENDYOLMİLLA,Antrasit Premium Regular Astarlı Dokuma Blazer Ceket TWOAW24BC00052,831.99,50,/trendyolmilla/antrasit-premium-regular-astarli-dokuma-blazer-ceket-twoaw24bc00052-p-738395083,Blazer Ceket
132,741799973,TRENDYOLMİLLA,Haki Oversize Astarlı Dokuma Blazer Ceket TWOAW24BC00070,701.99,56,/trendyolmilla/haki-oversize-astarli-dokuma-blazer-ceket-twoaw24bc00070-p-741799973,Blazer Ceket
133,131070430,TRENDYOLMİLLA,Siyah Regular Astarlı Düğmeli Dokuma Blazer Ceket TWOAW22CE0046,666.99,1027,/trendyolmilla/siyah-regular-astarli-dugmeli-dokuma-blazer-ceket-twoaw22ce0046-p-131070430,Blazer Ceket
134,806508266,TRENDYOLMİLLA,Bej Bolero Detaylı Dokuma Blazer Ceket TWOSS24BC00019,372.99,8,/trendyolmilla/bej-bolero-detayli-dokuma-blazer-ceket-twoss24bc00019-p-806508266,Blazer Ceket
135,186441842,TRENDYOLMİLLA,Siyah Düğmeli Ekose Dokuma Blazer Ceket TWOSS22CE0088,551.99,1622,/trendyolmilla/siyah-dugmeli-ekose-dokuma-blazer-ceket-twoss22ce0088-p-186441842,Blazer Ceket
136,379068011,TRENDYOLMİLLA,Yeşil Regular Astar Detaylı Dokuma Blazer Ceket TWOAW20CE0316,681.99,435,/trendyolmilla/yesil-regular-astar-detayli-dokuma-blazer-ceket-twoaw20ce0316-p-379068011,Blazer Ceket
137,743273109,TRENDYOLMİLLA,Açık Haki Regular Astar Detaylı Dokuma Blazer Ceket TWOAW20CE0316,697.99,47,/trendyolmilla/acik-haki-regular-astar-detayli-dokuma-blazer-ceket-twoaw20ce0316-p-743273109,Blazer Ceket
138,737458427,TRENDYOLMİLLA,Kahverengi Premium Kalite Regular Normal Kalıp Astarlı Kaşe Kumaş Dokuma Blazer Ceket TWOAW24BC00039,805.99,67,/trendyolmilla/kahverengi-premium-kalite-regular-normal-kalip-astarli-kase-kumas-dokuma-blazer-ceket-twoaw24bc00039-p-737458427,Blazer Ceket
139,704823181,TRENDYOLMİLLA,Koyu Gri Regular Astarlı Kruvaze Kapama Dokuma Blazer Ceket TWOAW21CE0264,666.99,128,/trendyolmilla/koyu-gri-regular-astarli-kruvaze-kapama-dokuma-blazer-ceket-twoaw21ce0264-p-704823181,Blazer Ceket
140,316423427,TRENDYOLMİLLA,Siyah Crop Dokuma Astarlı Kruvaze Kapama Blazer Ceket TWOAW23BC00100,514.99,788,/trendyolmilla/siyah-crop-dokuma-astarli-kruvaze-kapama-blazer-ceket-twoaw23bc00100-p-316423427,Blazer Ceket
141,773284665,TRENDYOLMİLLA,Gül Kurusu Oversize Astarlı Düğmeli Dokuma Blazer Ceket TWOAW22CE0167,684.99,43,/trendyolmilla/gul-kurusu-oversize-astarli-dugmeli-dokuma-blazer-ceket-twoaw22ce0167-p-773284665,Blazer Ceket
142,771901205,TRENDYOLMİLLA,Beyaz Oversize Astarlı Dokuma Blazer Ceket TWOSS22CE0077,603.99,26,/trendyolmilla/beyaz-oversize-astarli-dokuma-blazer-ceket-twoss22ce0077-p-771901205,Blazer Ceket
143,736127372,TRENDYOLMİLLA,Gri Premium Regular Astarlı Dokuma Blazer Ceket TWOAW24BC00033,674.99,78,/trendyolmilla/gri-premium-regular-astarli-dokuma-blazer-ceket-twoaw24bc00033-p-736127372,Blazer Ceket
144,705187567,TRENDYOLMİLLA,Fıstık Yeşil Regular Astarlı Kruvaze Kapama Dokuma Blazer Ceket TWOSS21CE0137,654.99,131,/trendyolmilla/fistik-yesil-regular-astarli-kruvaze-kapama-dokuma-blazer-ceket-twoss21ce0137-p-705187567,Blazer Ceket
145,830484200,TRENDYOLMİLLA,Kahverengi Oversize Astarlı Dokuma Blazer Ceket TWOAW20CE0130,591.99,0,/trendyolmilla/kahverengi-oversize-astarli-dokuma-blazer-ceket-twoaw20ce0130-p-830484200,Blazer Ceket
146,379128253,TRENDYOLMİLLA,Açık Kahverengi Regular Astarlı Dokuma Blazer Ceket TWOSS21CE0029,615.99,296,/trendyolmilla/acik-kahverengi-regular-astarli-dokuma-blazer-ceket-twoss21ce0029-p-379128253,Blazer Ceket
147,194985460,TRENDYOLMİLLA,Indigo Regular Bağlamalı Dokuma Blazer Ceket TWOSS22CE0175,635.99,709,/trendyolmilla/indigo-regular-baglamali-dokuma-blazer-ceket-twoss22ce0175-p-194985460,Blazer Ceket
148,787835035,TRENDYOLMİLLA,Ekru Premium Kalite Ederli Crop Dokuma Blazer Ceket TWOSS24BC00036,484.99,20,/trendyolmilla/ekru-premium-kalite-ederli-crop-dokuma-blazer-ceket-twoss24bc00036-p-787835035,Blazer Ceket
149,782234121,TRENDYOLMİLLA,Gri Poliviskon Çizgili Crop Premium Dokuma Blazer Ceket TWOSS24BC00025,424.99,23,/trendyolmilla/gri-poliviskon-cizgili-crop-premium-dokuma-blazer-ceket-twoss24bc00025-p-782234121,Blazer Ceket
150,708475373,TRENDYOLMİLLA,Zümrüt Yeşili Oversize Astarlı Kruvaze Kapama Dokuma Blazer Ceket TWOSS20CE0024,600.99,69,/trendyolmilla/zumrut-yesili-oversize-astarli-kruvaze-kapama-dokuma-blazer-ceket-twoss20ce0024-p-708475373,Blazer Ceket
151,782292710,TRENDYOLMİLLA,Camel Kısa Kollu Dokuma Keten Görünümlü Blazer Ceket TWOSS24BC00023,571.99,12,/trendyolmilla/camel-kisa-kollu-dokuma-keten-gorunumlu-blazer-ceket-twoss24bc00023-p-782292710,Blazer Ceket
152,782292748,TRENDYOLMİLLA,Haki Dokuma Kısa Kollu Keten Görünümlü Blazer Ceket TWOSS24BC00023,532.99,10,/trendyolmilla/haki-dokuma-kisa-kollu-keten-gorunumlu-blazer-ceket-twoss24bc00023-p-782292748,Blazer Ceket
153,443804230,TRENDYOLMİLLA,Siyah Regular Astarlı Dokuma Blazer Ceket TWOSS23BC00113,555.99,173,/trendyolmilla/siyah-regular-astarli-dokuma-blazer-ceket-twoss23bc00113-p-443804230,Blazer Ceket
154,830475994,TRENDYOLMİLLA,Vizon Regular Astarlı Düğmeli Dokuma Blazer Ceket TWOAW22CE0046,652.99,0,/trendyolmilla/vizon-regular-astarli-dugmeli-dokuma-blazer-ceket-twoaw22ce0046-p-830475994,Blazer Ceket
155,823655805,Edit by Trendyol,Siyah Dokuma Blazer Ceket TEDSS24BC00000,447.99,16,/edit-by-trendyol/siyah-dokuma-blazer-ceket-tedss24bc00000-p-823655805,Blazer Ceket
156,359465857,TRENDYOLMİLLA,Turuncu Crop Astarlı Dokuma Blazer Ceket TWOAW22CE0086,515.99,258,/trendyolmilla/turuncu-crop-astarli-dokuma-blazer-ceket-twoaw22ce0086-p-359465857,Blazer Ceket
157,828805114,TRENDYOLMİLLA,Kahverengi Regular Crop Çizgili Dokuma Blazer Ceket TWOSS23BC00029,672.99,0,/trendyolmilla/kahverengi-regular-crop-cizgili-dokuma-blazer-ceket-twoss23bc00029-p-828805114,Blazer Ceket
158,774533098,TRENDYOLMİLLA,Açık Turuncu Regular Astarlı Dokuma Kruvaze Kapama Blazer Ceket TWOSS20CE0059,537.99,18,/trendyolmilla/acik-turuncu-regular-astarli-dokuma-kruvaze-kapama-blazer-ceket-twoss20ce0059-p-774533098,Blazer Ceket
159,708182106,TRENDYOLMİLLA,Taş Regular Astarlı Dokuma Blazer Ceket TWOAW21CE0320,671.99,120,/trendyolmilla/tas-regular-astarli-dokuma-blazer-ceket-twoaw21ce0320-p-708182106,Blazer Ceket
160,744585644,TRENDYOLMİLLA,Gri Limited Edition Crop Dokuma Blazer Ceket TWOAW24BC00090,705.99,80,/trendyolmilla/gri-limited-edition-crop-dokuma-blazer-ceket-twoaw24bc00090-p-744585644,Blazer Ceket
161,304159818,TRENDYOLMİLLA,Siyah Regular Astarlı Düğmeli Dokuma Blazer Ceket TWOAW23BC00023,625.99,574,/trendyolmilla/siyah-regular-astarli-dugmeli-dokuma-blazer-ceket-twoaw23bc00023-p-304159818,Blazer Ceket
162,774509898,TRENDYOLMİLLA,Mint Regular Astarlı Düğmeli Dokuma Blazer Ceket TWOAW22CE0168,471.99,30,/trendyolmilla/mint-regular-astarli-dugmeli-dokuma-blazer-ceket-twoaw22ce0168-p-774509898,Blazer Ceket
163,144427789,TRENDYOLMİLLA,Ekru Tüvit Oversize Dokuma Ekose Blazer Ceket TWOAW21CE0105,738.99,654,/trendyolmilla/ekru-tuvit-oversize-dokuma-ekose-blazer-ceket-twoaw21ce0105-p-144427789,Blazer Ceket
164,773140956,TRENDYOLMİLLA,Mor Regular Astarlı Kruvaze Kapama Dokuma Blazer Ceket TWOAW21CE0264,666.99,31,/trendyolmilla/mor-regular-astarli-kruvaze-kapama-dokuma-blazer-ceket-twoaw21ce0264-p-773140956,Blazer Ceket
165,738484910,TRENDYOLMİLLA,Siyah Crop Dokuma Çizgili Blazer Ceket TWOAW24BC00055,603.99,103,/trendyolmilla/siyah-crop-dokuma-cizgili-blazer-ceket-twoaw24bc00055-p-738484910,Blazer Ceket
166,782054649,TRENDYOLMİLLA,Taş Premium Dokuma Blazer Ceket TWOSS24BC00011,309.99,13,/trendyolmilla/tas-premium-dokuma-blazer-ceket-twoss24bc00011-p-782054649,Blazer Ceket
167,359466001,TRENDYOLMİLLA,Yeşil Crop Dokuma Astarlı Blazer Ceket TWOAW22CE0086,520.99,237,/trendyolmilla/yesil-crop-dokuma-astarli-blazer-ceket-twoaw22ce0086-p-359466001,Blazer Ceket
168,708138913,TRENDYOLMİLLA,Mor Oversize Astarlı Dokuma Blazer Ceket TWOAW20CE0130,672.99,95,/trendyolmilla/mor-oversize-astarli-dokuma-blazer-ceket-twoaw20ce0130-p-708138913,Blazer Ceket
169,774478985,TRENDYOLMİLLA,Açık Haki Oversize Astarlı Kruvaze Kapama Dokuma Blazer Ceket TWOSS20CE0024,553.99,37,/trendyolmilla/acik-haki-oversize-astarli-kruvaze-kapama-dokuma-blazer-ceket-twoss20ce0024-p-774478985,Blazer Ceket
170,371774788,TRENDYOLMİLLA,Petrol Regular Astarlı Düğme Detaylı Dokuma Blazer Ceket TWOAW21CE0264,648.99,551,/trendyolmilla/petrol-regular-astarli-dugme-detayli-dokuma-blazer-ceket-twoaw21ce0264-p-371774788,Blazer Ceket
171,379098629,TRENDYOLMİLLA,Mor Regular Astarlı Kruvaze Kapama Dokuma Blazer Ceket TWOSS20CE0059,657.99,287,/trendyolmilla/mor-regular-astarli-kruvaze-kapama-dokuma-blazer-ceket-twoss20ce0059-p-379098629,Blazer Ceket
172,788690097,TRENDYOLMİLLA,Gri Oversize Basic Dokuma Blazer Ceket TWOSS24BC00029,601.99,26,/trendyolmilla/gri-oversize-basic-dokuma-blazer-ceket-twoss24bc00029-p-788690097,Blazer Ceket
173,444511946,TRENDYOLMİLLA,Gri Crop Astarlı Kruvaze Kapama Dokuma Çizgili Poliviskon Blazer Ceket TWOSS23BC00123,686.99,351,/trendyolmilla/gri-crop-astarli-kruvaze-kapama-dokuma-cizgili-poliviskon-blazer-ceket-twoss23bc00123-p-444511946,Blazer Ceket
174,782216897,TRENDYOLMİLLA,Lacivert Poliviskon Çizgili Crop Premium Dokuma Blazer Ceket TWOSS24BC00009,539.99,36,/trendyolmilla/lacivert-poliviskon-cizgili-crop-premium-dokuma-blazer-ceket-twoss24bc00009-p-782216897,Blazer Ceket
175,147419755,TRENDYOLMİLLA,Antrasit Regular Astarlı Düğmeli Dokuma Blazer Ceket TWOAW22CE0667,762.99,388,/trendyolmilla/antrasit-regular-astarli-dugmeli-dokuma-blazer-ceket-twoaw22ce0667-p-147419755,Blazer Ceket
176,292770150,TRENDYOLMİLLA,Fuşya Suni Deri Kruvaze Kapama Astarlı Dokuma Blazer Ceket TWOAW21CE0156,832.99,1285,/trendyolmilla/fusya-suni-deri-kruvaze-kapama-astarli-dokuma-blazer-ceket-twoaw21ce0156-p-292770150,Blazer Ceket
177,823655809,Edit by Trendyol,Bej Dokuma Blazer Ceket TEDSS24BC00000,473.99,16,/edit-by-trendyol/bej-dokuma-blazer-ceket-tedss24bc00000-p-823655809,Blazer Ceket
178,828805117,TRENDYOLMİLLA,Lacivert Regular Crop Çizgili Dokuma Blazer Ceket TWOSS23BC00029,672.99,0,/trendyolmilla/lacivert-regular-crop-cizgili-dokuma-blazer-ceket-twoss23bc00029-p-828805117,Blazer Ceket
179,312882703,TRENDYOLMİLLA,Fuşya Tüvit Regular Astarlı Kruvaze Kapama Dokuma Kazayağı Blazer Ceket TWOAW23CE00160,818.99,417,/trendyolmilla/fusya-tuvit-regular-astarli-kruvaze-kapama-dokuma-kazayagi-blazer-ceket-twoaw23ce00160-p-312882703,Blazer Ceket
180,34613957,TRENDYOLMİLLA,Lacivert Regular Astarlı Dokuma Blazer Ceket TWOSS20CE0126,652.99,1045,/trendyolmilla/lacivert-regular-astarli-dokuma-blazer-ceket-twoss20ce0126-p-34613957,Blazer Ceket
181,285549446,TRENDYOLMİLLA,Kahverengi Regular Astarlı Kruvaze Kapama Çizgili Dokuma Blazer Ceket TWOAW23CE00100,697.99,640,/trendyolmilla/kahverengi-regular-astarli-kruvaze-kapama-cizgili-dokuma-blazer-ceket-twoaw23ce00100-p-285549446,Blazer Ceket
182,316423445,TRENDYOLMİLLA,Kahverengi Crop Dokuma Astarlı Kruvaze Kapama Blazer Ceket TWOAW23BC00100,470.99,422,/trendyolmilla/kahverengi-crop-dokuma-astarli-kruvaze-kapama-blazer-ceket-twoaw23bc00100-p-316423445,Blazer Ceket
183,814877436,Edit by Trendyol,Pudra Keten Görünümlü Dokuma Blazer Ceket TEDSS24BC00001,206.99,3,/edit-by-trendyol/pudra-keten-gorunumlu-dokuma-blazer-ceket-tedss24bc00001-p-814877436,Blazer Ceket
184,830362723,TRENDYOLMİLLA,Koyu Lacivert Regular Astarlı Kruvaze Kapama Dokuma Blazer Ceket TWOSS21CE0107,665.99,0,/trendyolmilla/koyu-lacivert-regular-astarli-kruvaze-kapama-dokuma-blazer-ceket-twoss21ce0107-p-830362723,Blazer Ceket
185,774479813,TRENDYOLMİLLA,Bej Crop Dokuma Astarlı Kruvaze Kapama Blazer Ceket TWOAW23BC00100,351.99,21,/trendyolmilla/bej-crop-dokuma-astarli-kruvaze-kapama-blazer-ceket-twoaw23bc00100-p-774479813,Blazer Ceket
186,177277003,TRENDYOLMİLLA,Siyah Regular Astarlı Dokuma Blazer Ceket TWOSS22CE0074,653.99,358,/trendyolmilla/siyah-regular-astarli-dokuma-blazer-ceket-twoss22ce0074-p-177277003,Blazer Ceket
187,304166700,TRENDYOLMİLLA,Siyah Regular Astarlı Düğmeli Dokuma Blazer Ceket TWOAW23BC00025,620.99,424,/trendyolmilla/siyah-regular-astarli-dugmeli-dokuma-blazer-ceket-twoaw23bc00025-p-304166700,Blazer Ceket
188,304157943,TRENDYOLMİLLA,Siyah Dokuma Astarlı Kruvaze Kapama Blazer Ceket TWOAW23BC00022,556.99,364,/trendyolmilla/siyah-dokuma-astarli-kruvaze-kapama-blazer-ceket-twoaw23bc00022-p-304157943,Blazer Ceket
189,359458131,TRENDYOLMİLLA,Fuşya Crop Dokuma Astarlı Ceket TWOAW22CE0086,509.99,299,/trendyolmilla/fusya-crop-dokuma-astarli-ceket-twoaw22ce0086-p-359458131,Blazer Ceket
190,292770223,TRENDYOLMİLLA,Bordo Suni Deri Kruvaze Kapama Astarlı Dokuma Blazer Ceket TWOAW21CE0156,860.99,854,/trendyolmilla/bordo-suni-deri-kruvaze-kapama-astarli-dokuma-blazer-ceket-twoaw21ce0156-p-292770223,Blazer Ceket
191,774623721,TRENDYOLMİLLA,Kırmızı Crop Dokuma Astarlı Ceket TWOAW22CE0086,443.99,24,/trendyolmilla/kirmizi-crop-dokuma-astarli-ceket-twoaw22ce0086-p-774623721,Blazer Ceket
192,773140958,TRENDYOLMİLLA,Antrasit Regular Astarlı Kruvaze Kapama Dokuma Blazer Ceket TWOAW21CE0272,457.99,32,/trendyolmilla/antrasit-regular-astarli-kruvaze-kapama-dokuma-blazer-ceket-twoaw21ce0272-p-773140958,Blazer Ceket
193,383892795,TRENDYOLMİLLA,Siyah Regular Astar Detaylı Dokuma Blazer Ceket TWOSS23BC00060,653.99,155,/trendyolmilla/siyah-regular-astar-detayli-dokuma-blazer-ceket-twoss23bc00060-p-383892795,Blazer Ceket
194,302127218,TRENDYOLMİLLA,Kırmızı Dokuma Astarlı Kruvaze Kapama Blazer Ceket TWOAW23BC00019,680.99,1106,/trendyolmilla/kirmizi-dokuma-astarli-kruvaze-kapama-blazer-ceket-twoaw23bc00019-p-302127218,Blazer Ceket
195,286034630,TRENDYOLMİLLA,Mint Ekose Regular Astarlı Ekose Dokuma Ceket TWOAW23CE00094,703.99,416,/trendyolmilla/mint-ekose-regular-astarli-ekose-dokuma-ceket-twoaw23ce00094-p-286034630,Blazer Ceket
196,141785644,TRENDYOLMİLLA,Kahverengi Regular Astar Detaylı Dokuma Blazer Ceket TWOAW20CE0316,717.99,2319,/trendyolmilla/kahverengi-regular-astar-detayli-dokuma-blazer-ceket-twoaw20ce0316-p-141785644,Blazer Ceket
197,140533751,TRENDYOLMİLLA,Gri Regular Astarlı Kruvaze Kapama Dokuma Blazer Ceket TWOAW21CE0264,672.99,827,/trendyolmilla/gri-regular-astarli-kruvaze-kapama-dokuma-blazer-ceket-twoaw21ce0264-p-140533751,Blazer Ceket
198,132843090,TRENDYOLMİLLA,Kırmızı Regular Astarlı Düğmeli Dokuma Blazer Ceket TWOAW22CE0165,653.99,1707,/trendyolmilla/kirmizi-regular-astarli-dugmeli-dokuma-blazer-ceket-twoaw22ce0165-p-132843090,Blazer Ceket
199,74506732,TRENDYOLMİLLA,Bej Regular Astarlı Kruvaze Kapama Dokuma Blazer Ceket TWOSS20CE0059,602.99,2285,/trendyolmilla/bej-regular-astarli-kruvaze-kapama-dokuma-blazer-ceket-twoss20ce0059-p-74506732,Blazer Ceket
200,51607609,TRENDYOLMİLLA,Antrasit Regular Astarlı Düğme Detaylı Dokuma Blazer Ceket TWOAW21CE0264,564.99,23579,/trendyolmilla/antrasit-regular-astarli-dugme-detayli-dokuma-blazer-ceket-twoaw21ce0264-p-51607609,Blazer Ceket
201,50072815,TRENDYOLMİLLA,Siyah Suni Deri Regular Astarlı Kruvaze Kapama Dokuma Blazer Ceket TWOAW21CE0156,781.99,5834,/trendyolmilla/siyah-suni-deri-regular-astarli-kruvaze-kapama-dokuma-blazer-ceket-twoaw21ce0156-p-50072815,Blazer Ceket
202,46288465,TRENDYOLMİLLA,Siyah Tüvit Regular Dokuma Ekose Blazer Ceket TWOAW21CE0105,616.99,4706,/trendyolmilla/siyah-tuvit-regular-dokuma-ekose-blazer-ceket-twoaw21ce0105-p-46288465,Blazer Ceket
203,34425737,TRENDYOLMİLLA,Bej Oversize Astarlı Dokuma Blazer Ceket TWOAW20CE0130,666.99,5952,/trendyolmilla/bej-oversize-astarli-dokuma-blazer-ceket-twoaw20ce0130-p-34425737,Blazer Ceket
204,34414184,TRENDYOLMİLLA,Gri Regular Astarlı Kruvaze Kapama Dokuma Blazer Ceket TWOSS20CE0059,556.99,2618,/trendyolmilla/gri-regular-astarli-kruvaze-kapama-dokuma-blazer-ceket-twoss20ce0059-p-34414184,Blazer Ceket
