,ID,MARKA,URUN_NAME,FIYAT,RATE_COUNT,URUN_LINK,KATEGORI
0,356418032,TRENDYOLMİLLA,Ekru Tek Omuz Tünelli Regular Mayokini TBESS23MA00206,534.99,838,/trendyolmilla/ekru-tek-omuz-tunelli-regular-mayokini-tbess23ma00206-p-356418032,Mayo
1,769658499,TRENDYOLMİLLA,Siyah Straplez Toparlayıcı Regular Mayo TBESS24MA00068,574.99,72,/trendyolmilla/siyah-straplez-toparlayici-regular-mayo-tbess24ma00068-p-769658499,Mayo
2,137255674,TRENDYOLMİLLA,Çiçek Desenli Tek Omuz Cut Out/Pencereli Regular Mayo TBESS22MA0197,438.99,1451,/trendyolmilla/cicek-desenli-tek-omuz-cut-out-pencereli-regular-mayo-tbess22ma0197-p-137255674,Mayo
3,316638268,TRENDYOLMİLLA,Hayvan Desenli Kare Yaka Regular Mayo TBESS23MA00111,509.99,308,/trendyolmilla/hayvan-desenli-kare-yaka-regular-mayo-tbess23ma00111-p-316638268,Mayo
4,803938946,TRENDYOLMİLLA,Siyah Halter Yaka Şort Mayo TBESS24MA00162,645.99,67,/trendyolmilla/siyah-halter-yaka-sort-mayo-tbess24ma00162-p-803938946,Mayo
5,129882401,TRENDYOLMİLLA,Tropikal Desenli V Yaka Cut Out/Pencereli Regular Mayo TBESS22MA0097,440.99,807,/trendyolmilla/tropikal-desenli-v-yaka-cut-out-pencereli-regular-mayo-tbess22ma0097-p-129882401,Mayo
6,148424500,TRENDYOLMİLLA,Siyah Kare Yaka Regular Mayo TBESS22MA0005,313.99,4737,/trendyolmilla/siyah-kare-yaka-regular-mayo-tbess22ma0005-p-148424500,Mayo
7,827222534,TRENDYOLMİLLA,Lila Tek Omuz Tünelli Regular Mayokini TBESS23MA00206,351.99,8,/trendyolmilla/lila-tek-omuz-tunelli-regular-mayokini-tbess23ma00206-p-827222534,Mayo
8,328966108,TRENDYOLMİLLA,Siyah Balkonet Dokulu Regular Mayo TBESS23MA00102,470.99,482,/trendyolmilla/siyah-balkonet-dokulu-regular-mayo-tbess23ma00102-p-328966108,Mayo
9,337622250,TRENDYOLMİLLA,Siyah V Yaka Şort Mayo TBESS23MA00143,473.99,418,/trendyolmilla/siyah-v-yaka-sort-mayo-tbess23ma00143-p-337622250,Mayo
10,82393413,TRENDYOLMİLLA,Siyah Kemerli Straplez Regular Mayo TBESS21MA0134,444.99,1527,/trendyolmilla/siyah-kemerli-straplez-regular-mayo-tbess21ma0134-p-82393413,Mayo
11,770077674,TRENDYOLMİLLA,Siyah Tek Omuz Cut Out/Pencereli Regular Mayokini TBESS24MY00005,371.99,18,/trendyolmilla/siyah-tek-omuz-cut-out-pencereli-regular-mayokini-tbess24my00005-p-770077674,Mayo
12,90570521,TRENDYOLMİLLA,Siyah Kare Yaka Sırt Dekolteli Regular Mayo TBESS21MA0295,462.99,2307,/trendyolmilla/siyah-kare-yaka-sirt-dekolteli-regular-mayo-tbess21ma0295-p-90570521,Mayo
13,641646087,TRENDYOLMİLLA,Kırmızı Tek Omuz Tünelli Regular Mayokini TBESS23MA00206,531.99,226,/trendyolmilla/kirmizi-tek-omuz-tunelli-regular-mayokini-tbess23ma00206-p-641646087,Mayo
14,763419875,TRENDYOLMİLLA,Siyah Sırt Dekolteli Regular Mayo TBESS24MA00043,333.99,26,/trendyolmilla/siyah-sirt-dekolteli-regular-mayo-tbess24ma00043-p-763419875,Mayo
15,458695416,TRENDYOLMİLLA,Kırmızı Tek Omuz Çiçek Aplikeli Regular Mayo TBESS23MA00401,578.99,269,/trendyolmilla/kirmizi-tek-omuz-cicek-aplikeli-regular-mayo-tbess23ma00401-p-458695416,Mayo
16,676155986,TRENDYOLMİLLA,Haki Tek Omuz Tünelli Regular Mayokini TBESS23MA00206,530.99,190,/trendyolmilla/haki-tek-omuz-tunelli-regular-mayokini-tbess23ma00206-p-676155986,Mayo
17,382881346,Trendyol Curve,Siyah Mesh Detaylı Mayo TBBSS23AM00037,558.99,287,/trendyol-curve/siyah-mesh-detayli-mayo-tbbss23am00037-p-382881346,Mayo
18,31639223,TRENDYOLMİLLA,Siyah Fermuarlı Uzun Kollu Regular Sörf Mayosu TBESS20MA0301,594.99,5096,/trendyolmilla/siyah-fermuarli-uzun-kollu-regular-sorf-mayosu-tbess20ma0301-p-31639223,Mayo
19,762364259,TRENDYOLMİLLA,Siyah Tek Omuz Çiçek Aplikeli Regular Mayo TBESS23MA00401,412.99,39,/trendyolmilla/siyah-tek-omuz-cicek-aplikeli-regular-mayo-tbess23ma00401-p-762364259,Mayo
20,356418028,TRENDYOLMİLLA,Siyah Tek Omuz Tünelli Regular Mayokini TBESS23MA00206,557.99,481,/trendyolmilla/siyah-tek-omuz-tunelli-regular-mayokini-tbess23ma00206-p-356418028,Mayo
21,823674497,TRENDYOLMİLLA,Kahverengi Tek Omuz Premium Aksesuarlı Regular Mayo TBESS24MA00105,455.99,15,/trendyolmilla/kahverengi-tek-omuz-premium-aksesuarli-regular-mayo-tbess24ma00105-p-823674497,Mayo
22,72068043,TRENDYOLMİLLA,Kırmızı Derin Dekolteli Drapeli Hipster Mayo TBESS21MA0041,457.99,2007,/trendyolmilla/kirmizi-derin-dekolteli-drapeli-hipster-mayo-tbess21ma0041-p-72068043,Mayo
23,763141863,TRENDYOLMİLLA,Siyah-Beyaz Fermuarlı Dokulu Regular Mayo TBESS24MA00050,345.99,33,/trendyolmilla/siyah-beyaz-fermuarli-dokulu-regular-mayo-tbess24ma00050-p-763141863,Mayo
48,77629636,TRENDYOLMİLLA,Kiremit V Yaka Drapeli Regular Mayo TBESS21MA0042,450.99,762,/trendyolmilla/kiremit-v-yaka-drapeli-regular-mayo-tbess21ma0042-p-77629636,Mayo
49,769686093,TRENDYOLMİLLA,Siyah V Yaka Toparlayıcı Regular Mayo TBESS24MA00073,486.99,22,/trendyolmilla/siyah-v-yaka-toparlayici-regular-mayo-tbess24ma00073-p-769686093,Mayo
50,775973857,TRENDYOLMİLLA,Bordo Kare Yaka Toparlayıcı Regular Mayo TBESS24MA00102,532.99,35,/trendyolmilla/bordo-kare-yaka-toparlayici-regular-mayo-tbess24ma00102-p-775973857,Mayo
51,763531825,TRENDYOLMİLLA,Tropikal Desenli Kare Yaka Regular Mayo TBESS24MA00054,424.99,38,/trendyolmilla/tropikal-desenli-kare-yaka-regular-mayo-tbess24ma00054-p-763531825,Mayo
52,67145806,TRENDYOLMİLLA,Siyah Tek Omuz Drapeli Regular Mayo TBESS21MA0143,449.99,481,/trendyolmilla/siyah-tek-omuz-drapeli-regular-mayo-tbess21ma0143-p-67145806,Mayo
53,64953649,TRENDYOLMİLLA,Siyah Halter Yaka Fermuarlı Hipster Mayo TBESS21MA0013,538.99,3060,/trendyolmilla/siyah-halter-yaka-fermuarli-hipster-mayo-tbess21ma0013-p-64953649,Mayo
54,356418040,TRENDYOLMİLLA,Kahverengi Tek Omuz Tünelli Regular Mayokini TBESS23MA00206,524.99,339,/trendyolmilla/kahverengi-tek-omuz-tunelli-regular-mayokini-tbess23ma00206-p-356418040,Mayo
55,32092277,TRENDYOLMİLLA,Siyah V Yaka Drapeli Regular Mayo TBESS20MA0294,196.99,6348,/trendyolmilla/siyah-v-yaka-drapeli-regular-mayo-tbess20ma0294-p-32092277,Mayo
56,36423242,TRENDYOLMİLLA,Siyah Halter Yaka Fırfırlı Regular Mayo TBESS20MA0297,440.99,2239,/trendyolmilla/siyah-halter-yaka-firfirli-regular-mayo-tbess20ma0297-p-36423242,Mayo
57,90414498,TRENDYOLMİLLA,Hayvan Desenli Yüzücü Fermuarlı Uzun Kollu Regular Mayo TBESS21MA0215,623.99,677,/trendyolmilla/hayvan-desenli-yuzucu-fermuarli-uzun-kollu-regular-mayo-tbess21ma0215-p-90414498,Mayo
58,776707907,TRENDYOLMİLLA,Siyah Straplez Cut Out/Pencereli Regular Mayo TBESS24MA00123,615.99,42,/trendyolmilla/siyah-straplez-cut-out-pencereli-regular-mayo-tbess24ma00123-p-776707907,Mayo
59,97485630,TRENDYOLMİLLA,Siyah Kemerli Colour Block Regular Mayo TBESS21MA0221,463.99,1110,/trendyolmilla/siyah-kemerli-colour-block-regular-mayo-tbess21ma0221-p-97485630,Mayo
60,142519654,TRENDYOLMİLLA,Soyut Desenli Kare Yaka Biyeli Regular Mayo TBESS22MA0173,494.99,783,/trendyolmilla/soyut-desenli-kare-yaka-biyeli-regular-mayo-tbess22ma0173-p-142519654,Mayo
61,314563979,TRENDYOLMİLLA,Lacivert Balkonet Ters V Balenli High Leg Brazilian Mayokini TBESS23MA00008,466.99,885,/trendyolmilla/lacivert-balkonet-ters-v-balenli-high-leg-brazilian-mayokini-tbess23ma00008-p-314563979,Mayo
62,769677830,TRENDYOLMİLLA,Kırmızı Straplez Toparlayıcı Regular Mayo TBESS24MA00068,570.99,34,/trendyolmilla/kirmizi-straplez-toparlayici-regular-mayo-tbess24ma00068-p-769677830,Mayo
63,789680878,TRENDYOLMİLLA,Siyah Kemerli Straplez Premium Aksesuarlı Regular Mayo TBESS24MA00152,492.99,25,/trendyolmilla/siyah-kemerli-straplez-premium-aksesuarli-regular-mayo-tbess24ma00152-p-789680878,Mayo
64,789680535,TRENDYOLMİLLA,Ekru V Yaka Premium Aksesuarlı Regular Mayokini TBESS24MY00011,464.99,27,/trendyolmilla/ekru-v-yaka-premium-aksesuarli-regular-mayokini-tbess24my00011-p-789680535,Mayo
65,148715964,TRENDYOLMİLLA,Kırmızı V Yaka Regular Mayo TBESS22MA0010,404.99,684,/trendyolmilla/kirmizi-v-yaka-regular-mayo-tbess22ma0010-p-148715964,Mayo
66,775970973,TRENDYOLMİLLA,Siyah Kare Yaka Toparlayıcı Regular Mayo TBESS24MA00102,677.99,37,/trendyolmilla/siyah-kare-yaka-toparlayici-regular-mayo-tbess24ma00102-p-775970973,Mayo
67,149970143,TRENDYOLMİLLA,Ekru Kuşgözlü Regular Mayo TBESS20MA0137,709.99,817,/trendyolmilla/ekru-kusgozlu-regular-mayo-tbess20ma0137-p-149970143,Mayo
68,682161493,TRENDYOLMİLLA,Pembe Straplez Drapeli Simli High Leg Regular Mayo TBESS23MA00406,441.99,113,/trendyolmilla/pembe-straplez-drapeli-simli-high-leg-regular-mayo-tbess23ma00406-p-682161493,Mayo
69,776805129,TRENDYOLMİLLA,Soyut Desenli Sırt Dekolteli Regular Mayo TBESS24MA00138,354.99,30,/trendyolmilla/soyut-desenli-sirt-dekolteli-regular-mayo-tbess24ma00138-p-776805129,Mayo
70,364505618,TRENDYOLMİLLA,Soyut Desenli Tek Omuz Regular Mayokini TBESS23MA00243,491.99,511,/trendyolmilla/soyut-desenli-tek-omuz-regular-mayokini-tbess23ma00243-p-364505618,Mayo
71,229744370,TRENDYOLMİLLA,Yeşil Derin Dekolteli Drapeli Regular Mayo TBESS20MA0294,539.99,489,/trendyolmilla/yesil-derin-dekolteli-drapeli-regular-mayo-tbess20ma0294-p-229744370,Mayo
72,411338762,Trendyol Curve,Siyah Kruvaze Bağlama Detaylı Mayo TBBSS23AM00034,604.99,324,/trendyol-curve/siyah-kruvaze-baglama-detayli-mayo-tbbss23am00034-p-411338762,Mayo
73,77629634,TRENDYOLMİLLA,Siyah Derin Dekolteli Drapeli Regular Mayo TBESS21MA0042,355.99,1967,/trendyolmilla/siyah-derin-dekolteli-drapeli-regular-mayo-tbess21ma0042-p-77629634,Mayo
74,761644297,TRENDYOLMİLLA,Petrol Fermuarlı Uzun Kollu Regular Sörf Mayosu TBESS20MA0301,543.99,23,/trendyolmilla/petrol-fermuarli-uzun-kollu-regular-sorf-mayosu-tbess20ma0301-p-761644297,Mayo
75,72068047,TRENDYOLMİLLA,Siyah Kemerli Derin Dekolteli Drapeli Hipster Mayo TBESS21MA0041,493.99,1178,/trendyolmilla/siyah-kemerli-derin-dekolteli-drapeli-hipster-mayo-tbess21ma0041-p-72068047,Mayo
76,739233404,TRENDYOLMİLLA,Siyah Kemerli V Yaka High Leg Regular Mayo TBESS24MA00018,329.99,22,/trendyolmilla/siyah-kemerli-v-yaka-high-leg-regular-mayo-tbess24ma00018-p-739233404,Mayo
77,137255571,TRENDYOLMİLLA,Pudra Tek Omuz Cut Out/Pencereli Regular Mayo TBESS22MA0197,383.99,600,/trendyolmilla/pudra-tek-omuz-cut-out-pencereli-regular-mayo-tbess22ma0197-p-137255571,Mayo
78,356419999,TRENDYOLMİLLA,Hayvan Desenli Tek Omuz Cut Out/Pencereli Regular Mayo TBESS23MA00228,548.99,150,/trendyolmilla/hayvan-desenli-tek-omuz-cut-out-pencereli-regular-mayo-tbess23ma00228-p-356419999,Mayo
79,66389619,TRENDYOLMİLLA,Hayvan Desenli Kruvaze Bağlamalı Hipster Mayo TBESS21MA0040,518.99,2835,/trendyolmilla/hayvan-desenli-kruvaze-baglamali-hipster-mayo-tbess21ma0040-p-66389619,Mayo
80,761646907,TRENDYOLMİLLA,Siyah Kruvaze Bağlamalı Regular Mayo TBESS24MA00062,540.99,45,/trendyolmilla/siyah-kruvaze-baglamali-regular-mayo-tbess24ma00062-p-761646907,Mayo
81,789036753,TRENDYOLMİLLA,Hayvan Desenli Tek Omuz Drapeli Regular Mayo TBESS24MA00150,467.99,17,/trendyolmilla/hayvan-desenli-tek-omuz-drapeli-regular-mayo-tbess24ma00150-p-789036753,Mayo
82,790848750,Trendyol Curve,Siyah Kare Yaka Mayo TBBSS24AM00011,710.99,33,/trendyol-curve/siyah-kare-yaka-mayo-tbbss24am00011-p-790848750,Mayo
83,69250869,TRENDYOLMİLLA,Soyut Desenli Tek Omuz Cut Out/Pencereli Regular Mayo TBESS21MA0107,311.99,2080,/trendyolmilla/soyut-desenli-tek-omuz-cut-out-pencereli-regular-mayo-tbess21ma0107-p-69250869,Mayo
84,769685247,TRENDYOLMİLLA,Siyah-Beyaz V Yaka Toparlayıcı Regular Mayo TBESS24MA00072,435.99,18,/trendyolmilla/siyah-beyaz-v-yaka-toparlayici-regular-mayo-tbess24ma00072-p-769685247,Mayo
85,819335481,TRENDYOLMİLLA,Siyah V Yaka Biyeli Regular Mayo TBESS24MA00168,545.99,10,/trendyolmilla/siyah-v-yaka-biyeli-regular-mayo-tbess24ma00168-p-819335481,Mayo
86,800007534,Trendyol Curve,Siyah Kare Yaka Mayo TBBSS24AM00020,697.99,68,/trendyol-curve/siyah-kare-yaka-mayo-tbbss24am00020-p-800007534,Mayo
87,148715968,TRENDYOLMİLLA,Siyah V Yaka Regular Mayo TBESS22MA0010,474.99,759,/trendyolmilla/siyah-v-yaka-regular-mayo-tbess22ma0010-p-148715968,Mayo
88,763934372,TRENDYOLMİLLA,Soyut Desenli Kruvaze Bağlamalı Hipster Mayo TBESS21MA0040,529.99,35,/trendyolmilla/soyut-desenli-kruvaze-baglamali-hipster-mayo-tbess21ma0040-p-763934372,Mayo
89,763415717,TRENDYOLMİLLA,Lacivert Balkonet Regular Mayo TBESS23MA00102,478.99,26,/trendyolmilla/lacivert-balkonet-regular-mayo-tbess23ma00102-p-763415717,Mayo
90,175985368,Trendyol Curve,Siyah Derin V Yaka Volanlı Atma Kaplı Mayo TBBSS22MA0299,646.99,489,/trendyol-curve/siyah-derin-v-yaka-volanli-atma-kapli-mayo-tbbss22ma0299-p-175985368,Mayo
91,762298609,TRENDYOLMİLLA,Saks Tek Omuz Tünelli Regular Mayokini TBESS23MA00206,487.99,25,/trendyolmilla/saks-tek-omuz-tunelli-regular-mayokini-tbess23ma00206-p-762298609,Mayo
92,137535311,TRENDYOLMİLLA,Lila Fermuarlı Uzun Kollu Regular Sörf Mayosu TBESS22MA0160,544.99,258,/trendyolmilla/lila-fermuarli-uzun-kollu-regular-sorf-mayosu-tbess22ma0160-p-137535311,Mayo
93,776768045,TRENDYOLMİLLA,Siyah Kemerli Tek Omuz Premium Aksesuarlı Regular Mayo TBESS24MA00105,531.99,25,/trendyolmilla/siyah-kemerli-tek-omuz-premium-aksesuarli-regular-mayo-tbess24ma00105-p-776768045,Mayo
94,33357771,TRENDYOLMİLLA,Siyah Balkonet Mesh Detaylı Regular Mayo TBESS20MA0046,531.99,572,/trendyolmilla/siyah-balkonet-mesh-detayli-regular-mayo-tbess20ma0046-p-33357771,Mayo
95,776768043,TRENDYOLMİLLA,Mavi Kemerli Tek Omuz Premium Aksesuarlı Regular Mayo TBESS24MA00105,458.99,24,/trendyolmilla/mavi-kemerli-tek-omuz-premium-aksesuarli-regular-mayo-tbess24ma00105-p-776768043,Mayo
97,819938886,TRENDYOLMİLLA,Petrol Halter Yaka Fermuarlı Hipster Mayo TBESS21MA0013,300.99,3,/trendyolmilla/petrol-halter-yaka-fermuarli-hipster-mayo-tbess21ma0013-p-819938886,Mayo
98,131211629,TRENDYOLMİLLA,Siyah Derin Dekolteli Büzgülü Regular Mayo TBESS22MA0100,698.99,555,/trendyolmilla/siyah-derin-dekolteli-buzgulu-regular-mayo-tbess22ma0100-p-131211629,Mayo
99,31861584,TRENDYOLMİLLA,Siyah Halter Yaka Mesh Detaylı Regular Mayo TBESS20MA0035,271.99,929,/trendyolmilla/siyah-halter-yaka-mesh-detayli-regular-mayo-tbess20ma0035-p-31861584,Mayo
100,367348092,TRENDYOLMİLLA,Vizon Derin Dekolteli Drapeli Regular Mayo TBESS20MA0294,576.99,280,/trendyolmilla/vizon-derin-dekolteli-drapeli-regular-mayo-tbess20ma0294-p-367348092,Mayo
101,819339764,TRENDYOLMİLLA,Bordo V Yaka Regular Mayo TBESS24MA00170,385.99,12,/trendyolmilla/bordo-v-yaka-regular-mayo-tbess24ma00170-p-819339764,Mayo
102,368435385,Trendyol Curve,Siyah Boyundan Bağlamalı Aksesuar Detaylı Mayo,616.99,124,/trendyol-curve/siyah-boyundan-baglamali-aksesuar-detayli-mayo-p-368435385,Mayo
103,32092343,TRENDYOLMİLLA,Siyah Derin Dekolteli Cut Out/Pencereli Regular Mayo TBESS20MA0292,484.99,2684,/trendyolmilla/siyah-derin-dekolteli-cut-out-pencereli-regular-mayo-tbess20ma0292-p-32092343,Mayo
104,775935447,TRENDYOLMİLLA,Ekru V Yaka Dokulu Regular Mayo TBESS24MA00113,472.99,15,/trendyolmilla/ekru-v-yaka-dokulu-regular-mayo-tbess24ma00113-p-775935447,Mayo
105,806896293,Trendyol Curve,Kırmızı Kemerli Mayo TBBSS24AM00022,544.99,30,/trendyol-curve/kirmizi-kemerli-mayo-tbbss24am00022-p-806896293,Mayo
106,789051242,TRENDYOLMİLLA,Turuncu Kare Yaka Regular Mayo TBESS24MA00141,266.99,8,/trendyolmilla/turuncu-kare-yaka-regular-mayo-tbess24ma00141-p-789051242,Mayo
107,769815093,TRENDYOLMİLLA,Siyah Kare Yaka Dokulu Regular Mayo TBESS24MA00091,393.99,19,/trendyolmilla/siyah-kare-yaka-dokulu-regular-mayo-tbess24ma00091-p-769815093,Mayo
108,794249169,Trendyol Curve,Siyah Kare Yaka Örme Mayo TBBSS24AM00012,684.99,32,/trendyol-curve/siyah-kare-yaka-orme-mayo-tbbss24am00012-p-794249169,Mayo
109,739207936,TRENDYOLMİLLA,Siyah Straplez Aksesuarlı High Leg Regular Mayo TBESS24MA00006,481.99,45,/trendyolmilla/siyah-straplez-aksesuarli-high-leg-regular-mayo-tbess24ma00006-p-739207936,Mayo
110,148418689,TRENDYOLMİLLA,Siyah Straplez Cut Out/Pencereli Hipster Mayo TBESS22MA0001,473.99,671,/trendyolmilla/siyah-straplez-cut-out-pencereli-hipster-mayo-tbess22ma0001-p-148418689,Mayo
111,314427098,TRENDYOLMİLLA,Şal Desenli Yuvarlak Yaka Aksesuarlı High Leg Mayokini TBESS23MA00065,155.99,52,/trendyolmilla/sal-desenli-yuvarlak-yaka-aksesuarli-high-leg-mayokini-tbess23ma00065-p-314427098,Mayo
112,819018737,TRENDYOLMİLLA,Lacivert Tek Omuz Simli Regular Mayo TBESS24MA00097,426.99,9,/trendyolmilla/lacivert-tek-omuz-simli-regular-mayo-tbess24ma00097-p-819018737,Mayo
113,175992021,Trendyol Curve,Siyah Derin V Yaka Askılı Atma Kaplı Büzgülü Mayo TBBSS22MA0306,558.99,403,/trendyol-curve/siyah-derin-v-yaka-askili-atma-kapli-buzgulu-mayo-tbbss22ma0306-p-175992021,Mayo
114,763420808,TRENDYOLMİLLA,Ekru V Yaka Dokulu Regular Mayo TBESS24MA00045,199.99,17,/trendyolmilla/ekru-v-yaka-dokulu-regular-mayo-tbess24ma00045-p-763420808,Mayo
115,826215441,Trendyol Curve,Büyük Beden Atma Kap Kolsuz Üçgen Yaka Kırmızı Tek Omuz Çiçek Aplikeli Mayo,648.99,22,/trendyol-curve/buyuk-beden-atma-kap-kolsuz-ucgen-yaka-kirmizi-tek-omuz-cicek-aplikeli-mayo-p-826215441,Mayo
116,789051247,TRENDYOLMİLLA,Beyaz Kare Yaka Regular Mayo TBESS24MA00141,230.99,13,/trendyolmilla/beyaz-kare-yaka-regular-mayo-tbess24ma00141-p-789051247,Mayo
117,819933519,TRENDYOLMİLLA,Petrol Halter Yaka Şort Mayo TBESS24MA00162,499.99,16,/trendyolmilla/petrol-halter-yaka-sort-mayo-tbess24ma00162-p-819933519,Mayo
118,763883336,TRENDYOLMİLLA,Beyaz V Yaka Bağlamalı Premium Kumaşlı Regular Mayo TBESS24MA00064,544.99,27,/trendyolmilla/beyaz-v-yaka-baglamali-premium-kumasli-regular-mayo-tbess24ma00064-p-763883336,Mayo
119,789606412,TRENDYOLMİLLA,Lacivert Tek Omuz Aksesuarlı Simli Regular Mayo TBESS24MA00146,455.99,12,/trendyolmilla/lacivert-tek-omuz-aksesuarli-simli-regular-mayo-tbess24ma00146-p-789606412,Mayo
122,682821250,Trendyol Curve,Çok Renkli Bağlama Detaylı Floral Desenli Mayo,590.99,145,/trendyol-curve/cok-renkli-baglama-detayli-floral-desenli-mayo-p-682821250,Mayo
124,741175633,TRENDYOLMİLLA,Yeşil Derin Dekolteli Düğümlü Regular Mayokini TBESS24MY00001,332.99,14,/trendyolmilla/yesil-derin-dekolteli-dugumlu-regular-mayokini-tbess24my00001-p-741175633,Mayo
125,772185351,TRENDYOLMİLLA,Kiremit Derin Dekolteli Drapeli Regular Mayo TBESS20MA0294,457.99,48,/trendyolmilla/kiremit-derin-dekolteli-drapeli-regular-mayo-tbess20ma0294-p-772185351,Mayo
126,789035315,TRENDYOLMİLLA,Tropikal Desenli Tek Omuz Bağlamalı Regular Mayo TBESS24MA00151,412.99,24,/trendyolmilla/tropikal-desenli-tek-omuz-baglamali-regular-mayo-tbess24ma00151-p-789035315,Mayo
127,763419717,TRENDYOLMİLLA,Saks Sırt Dekolteli Regular Mayo TBESS24MA00043,342.99,9,/trendyolmilla/saks-sirt-dekolteli-regular-mayo-tbess24ma00043-p-763419717,Mayo
128,835853557,Trendyol Curve,Lacivert Mesh Detaylı Mayo TBBSS23AM00037,546.99,0,/trendyol-curve/lacivert-mesh-detayli-mayo-tbbss23am00037-p-835853557,Mayo
129,763114577,TRENDYOLMİLLA,Siyah Kare Yaka Aksesuarlı Regular Mayo TBESS24MA00058,336.99,21,/trendyolmilla/siyah-kare-yaka-aksesuarli-regular-mayo-tbess24ma00058-p-763114577,Mayo
130,769897402,TRENDYOLMİLLA,Kiremit Kare Yaka High Leg Regular Mayo TBESS22MA0005,383.99,8,/trendyolmilla/kiremit-kare-yaka-high-leg-regular-mayo-tbess22ma0005-p-769897402,Mayo
131,770067072,TRENDYOLMİLLA,Saks Halter Yaka Dokulu Regular Mayo TBESS24MA00088,405.99,11,/trendyolmilla/saks-halter-yaka-dokulu-regular-mayo-tbess24ma00088-p-770067072,Mayo
132,347116357,Trendyol Curve,Tropikal Desenli Bağlama Detaylı Mayo,601.99,327,/trendyol-curve/tropikal-desenli-baglama-detayli-mayo-p-347116357,Mayo
133,411515629,Trendyol Curve,Büyük Beden Atma Kap Toparlayıcı Kısa Straplez Yaka Siyah Balconette Büyük Beden Mayo,653.99,246,/trendyol-curve/buyuk-beden-atma-kap-toparlayici-kisa-straplez-yaka-siyah-balconette-buyuk-beden-mayo-p-411515629,Mayo
134,823042795,TRENDYOLMİLLA,Kahverengi Derin Dekolteli Büzgülü Regular Mayo TBESS22MA0100,490.99,10,/trendyolmilla/kahverengi-derin-dekolteli-buzgulu-regular-mayo-tbess22ma0100-p-823042795,Mayo
135,788966051,TRENDYOLMİLLA,Siyah Kuşaklı U yaka Premium Aksesuarlı Regular Mayo TBESS24MA00143,533.99,24,/trendyolmilla/siyah-kusakli-u-yaka-premium-aksesuarli-regular-mayo-tbess24ma00143-p-788966051,Mayo
136,338537888,TRENDYOLMİLLA,Haki Kare Yaka Biyeli Kadife High Leg Mayo TBESS23MA00147,90.99,35,/trendyolmilla/haki-kare-yaka-biyeli-kadife-high-leg-mayo-tbess23ma00147-p-338537888,Mayo
137,763475191,TRENDYOLMİLLA,Siyah Elbise/Etekli Mayo TBESS24MA00055,693.99,61,/trendyolmilla/siyah-elbise-etekli-mayo-tbess24ma00055-p-763475191,Mayo
138,788961624,TRENDYOLMİLLA,Kırmızı Kemerli Tek Omuz Premium Aksesuarlı Regular Mayo TBESS24MA00147,368.99,9,/trendyolmilla/kirmizi-kemerli-tek-omuz-premium-aksesuarli-regular-mayo-tbess24ma00147-p-788961624,Mayo
139,790848334,Trendyol Curve,Siyah Derin V Yaka Mayo TBBSS24AM00010,891.99,90,/trendyol-curve/siyah-derin-v-yaka-mayo-tbbss24am00010-p-790848334,Mayo
140,64953691,TRENDYOLMİLLA,Yeşil Halter Yaka Fermuarlı Hipster Mayo TBESS21MA0014,417.99,1336,/trendyolmilla/yesil-halter-yaka-fermuarli-hipster-mayo-tbess21ma0014-p-64953691,Mayo
141,73943461,TRENDYOLMİLLA,Fuşya Sırt Dekolteli Uzun Kollu Regular Sörf Mayosu TBESS21MA0051,150.99,568,/trendyolmilla/fusya-sirt-dekolteli-uzun-kollu-regular-sorf-mayosu-tbess21ma0051-p-73943461,Mayo
142,770076476,TRENDYOLMİLLA,Kahverengi Tek Omuz Aksesuarlı Regular Mayokini TBESS24MY00004,407.99,18,/trendyolmilla/kahverengi-tek-omuz-aksesuarli-regular-mayokini-tbess24my00004-p-770076476,Mayo
143,815774846,TRENDYOLMİLLA,Kırmızı Derin Dekolteli Çiçek Aplikeli High Leg Regular Mayo TBESS24MA00024,558.99,11,/trendyolmilla/kirmizi-derin-dekolteli-cicek-aplikeli-high-leg-regular-mayo-tbess24ma00024-p-815774846,Mayo
144,763936933,TRENDYOLMİLLA,Çiçek Desenli Kruvaze Bağlamalı Regular Mayo TBESS20MA0031,487.99,40,/trendyolmilla/cicek-desenli-kruvaze-baglamali-regular-mayo-tbess20ma0031-p-763936933,Mayo
145,762362615,TRENDYOLMİLLA,Saks Kare Yaka Sırt Dekolteli Regular Mayo TBESS21MA0295,345.99,11,/trendyolmilla/saks-kare-yaka-sirt-dekolteli-regular-mayo-tbess21ma0295-p-762362615,Mayo
147,73680066,TRENDYOLMİLLA,Çiçek Desenli Fırfırlı Regular Mayo TBESS21MA0140,409.99,1005,/trendyolmilla/cicek-desenli-firfirli-regular-mayo-tbess21ma0140-p-73680066,Mayo
149,764005462,TRENDYOLMİLLA,Kahverengi V Yaka Sırt Dekolteli High Leg Regular Mayo TBESS24MA00042,281.99,18,/trendyolmilla/kahverengi-v-yaka-sirt-dekolteli-high-leg-regular-mayo-tbess24ma00042-p-764005462,Mayo
150,330445797,Trendyol Curve,Büyük Beden Atma Kap İncelten Etki Askılı Derin V Yaka Siyah Arkası Çapraz Mayo,571.99,139,/trendyol-curve/buyuk-beden-atma-kap-incelten-etki-askili-derin-v-yaka-siyah-arkasi-capraz-mayo-p-330445797,Mayo
151,761646539,TRENDYOLMİLLA,Kiremit Straplez Cut Out/Pencereli Hipster Mayo TBESS22MA0001,448.99,13,/trendyolmilla/kiremit-straplez-cut-out-pencereli-hipster-mayo-tbess22ma0001-p-761646539,Mayo
152,772532808,TRENDYOLMİLLA,Soyut Desenli Kruvaze Regular Mayo TBESS24MA00069,315.99,22,/trendyolmilla/soyut-desenli-kruvaze-regular-mayo-tbess24ma00069-p-772532808,Mayo
153,761648492,TRENDYOLMİLLA,Siyah Sırt Dekolteli Regular Mayo TBESS22MA0030,458.99,26,/trendyolmilla/siyah-sirt-dekolteli-regular-mayo-tbess22ma0030-p-761648492,Mayo
154,775996468,TRENDYOLMİLLA,Çiçek Desenli Tek Omuz Drapeli Regular Mayo TBESS24MA00133,470.99,18,/trendyolmilla/cicek-desenli-tek-omuz-drapeli-regular-mayo-tbess24ma00133-p-775996468,Mayo
155,794345899,Trendyol Curve,Siyah U Yaka Tankini TBBSS24AM00019,699.99,35,/trendyol-curve/siyah-u-yaka-tankini-tbbss24am00019-p-794345899,Mayo
156,320249782,TRENDYOLMİLLA,Bordo Balkonet Mesh Detaylı Regular Mayo TBESS20MA0046,319.99,208,/trendyolmilla/bordo-balkonet-mesh-detayli-regular-mayo-tbess20ma0046-p-320249782,Mayo
157,691917013,TRENDYOLMİLLA,Saks Derin Dekolteli Drapeli Regular Mayo TBESS21MA0042,458.99,72,/trendyolmilla/saks-derin-dekolteli-drapeli-regular-mayo-tbess21ma0042-p-691917013,Mayo
158,364546595,TRENDYOLMİLLA,Hayvan Desenli V Yaka Bağlamalı Normal Paça Mayo TBESS23MA00235,146.99,71,/trendyolmilla/hayvan-desenli-v-yaka-baglamali-normal-paca-mayo-tbess23ma00235-p-364546595,Mayo
159,763082976,TRENDYOLMİLLA,Kırmızı V Yaka Regular Mayo TBESS24MA00031,282.99,8,/trendyolmilla/kirmizi-v-yaka-regular-mayo-tbess24ma00031-p-763082976,Mayo
160,314554293,TRENDYOLMİLLA,Siyah V Yaka Cut Out/Pencereli Normal Paça Mayo TBESS23MA00000,146.99,196,/trendyolmilla/siyah-v-yaka-cut-out-pencereli-normal-paca-mayo-tbess23ma00000-p-314554293,Mayo
161,822443457,TRENDYOLMİLLA,Saks Fermuarlı Uzun Kollu Regular Sörf Mayosu TBESS20MA0301,609.99,9,/trendyolmilla/saks-fermuarli-uzun-kollu-regular-sorf-mayosu-tbess20ma0301-p-822443457,Mayo
162,135485337,TRENDYOLMİLLA,Nar Çiçeği Sırt Dekolteli Regular Mayo TBESS22MA0030,464.99,503,/trendyolmilla/nar-cicegi-sirt-dekolteli-regular-mayo-tbess22ma0030-p-135485337,Mayo
163,739235251,TRENDYOLMİLLA,Siyah Straplez Mesh Detaylı High Leg Regular Mayo TBESS24MA00020,263.99,17,/trendyolmilla/siyah-straplez-mesh-detayli-high-leg-regular-mayo-tbess24ma00020-p-739235251,Mayo
164,826215761,Trendyol Curve,Çok Renkli Leopar Desenli Kare Yaka Mayo,685.99,17,/trendyol-curve/cok-renkli-leopar-desenli-kare-yaka-mayo-p-826215761,Mayo
165,801745556,TRENDYOLMİLLA,Siyah Balkonet V Telli Regular Mayo TBESS24MA00161,454.99,13,/trendyolmilla/siyah-balkonet-v-telli-regular-mayo-tbess24ma00161-p-801745556,Mayo
166,827221923,TRENDYOLMİLLA,Kırmızı V Yaka Poliamid Şortlu Mayo TBESS23MA00143,377.99,9,/trendyolmilla/kirmizi-v-yaka-poliamid-sortlu-mayo-tbess23ma00143-p-827221923,Mayo
167,763422854,TRENDYOLMİLLA,Bordo V Yaka Dokulu Regular Mayo TBESS24MA00056,370.99,27,/trendyolmilla/bordo-v-yaka-dokulu-regular-mayo-tbess24ma00056-p-763422854,Mayo
168,794253874,Trendyol Curve,Siyah Derin V Mayo TBBSS24AM00017,668.99,27,/trendyol-curve/siyah-derin-v-mayo-tbbss24am00017-p-794253874,Mayo
169,806348867,TRENDYOLMİLLA,Siyah Balkonet Drapeli Regular Mayo TBESS24MA00164,572.99,7,/trendyolmilla/siyah-balkonet-drapeli-regular-mayo-tbess24ma00164-p-806348867,Mayo
170,368435394,Trendyol Curve,Mavi Boyundan Bağlamalı Aksesuar Detaylı Mayo,547.99,63,/trendyol-curve/mavi-boyundan-baglamali-aksesuar-detayli-mayo-p-368435394,Mayo
172,79868810,TRENDYOLMİLLA,Siyah V Yaka Kuşgözlü Regular Mayo TBESS21MA0184,336.99,1090,/trendyolmilla/siyah-v-yaka-kusgozlu-regular-mayo-tbess21ma0184-p-79868810,Mayo
173,374901008,TRENDYOLMİLLA,Soyut Desenli V Yaka Tünelli Regular Mayo TBESS23MA00313,481.99,164,/trendyolmilla/soyut-desenli-v-yaka-tunelli-regular-mayo-tbess23ma00313-p-374901008,Mayo
174,819340344,TRENDYOLMİLLA,Siyah Derin Dekolteli Aksesuarlı Regular Mayo TBESS24MA00171,504.99,2,/trendyolmilla/siyah-derin-dekolteli-aksesuarli-regular-mayo-tbess24ma00171-p-819340344,Mayo
175,790847893,Trendyol Curve,Siyah Tek Omuz Mayo TBBSS24AM00009,735.99,64,/trendyol-curve/siyah-tek-omuz-mayo-tbbss24am00009-p-790847893,Mayo
176,136161044,TRENDYOLMİLLA,Saks Tek Omuz Cut Out/Pencereli Dokulu Regular Mayo TBESS22MA0064,339.99,771,/trendyolmilla/saks-tek-omuz-cut-out-pencereli-dokulu-regular-mayo-tbess22ma0064-p-136161044,Mayo
177,73943471,TRENDYOLMİLLA,Siyah Sırt Dekolteli Uzun Kollu Regular Sörf Mayosu TBESS21MA0051,326.99,1020,/trendyolmilla/siyah-sirt-dekolteli-uzun-kollu-regular-sorf-mayosu-tbess21ma0051-p-73943471,Mayo
178,775936306,TRENDYOLMİLLA,Kırmızı Kare Yaka Regular Mayo TBESS24MA00111,430.99,18,/trendyolmilla/kirmizi-kare-yaka-regular-mayo-tbess24ma00111-p-775936306,Mayo
179,763883339,TRENDYOLMİLLA,Mavi V Yaka Bağlamalı Premium Kumaşlı Regular Mayo TBESS24MA00064,593.99,24,/trendyolmilla/mavi-v-yaka-baglamali-premium-kumasli-regular-mayo-tbess24ma00064-p-763883339,Mayo
180,70317404,TRENDYOLMİLLA,Siyah Tek Omuz Şerit Aksesuarlı Regular Mayo TBESS21MA0138,545.99,1197,/trendyolmilla/siyah-tek-omuz-serit-aksesuarli-regular-mayo-tbess21ma0138-p-70317404,Mayo
181,739159414,TRENDYOLMİLLA,Siyah V Yaka Fırfırlı Regular Mayo TBESS24MA00016,452.99,24,/trendyolmilla/siyah-v-yaka-firfirli-regular-mayo-tbess24ma00016-p-739159414,Mayo
182,769551370,TRENDYOLMİLLA,Bordo V Yaka Toparlayıcı Regular Mayo TBESS24MA00084,260.99,12,/trendyolmilla/bordo-v-yaka-toparlayici-regular-mayo-tbess24ma00084-p-769551370,Mayo
183,782888792,Trendyol Curve,Büyük Beden Atma Kap İncelten Etki Askılı Derin V Yaka Kahverengi Arkası Çapraz Mayo,708.99,21,/trendyol-curve/buyuk-beden-atma-kap-incelten-etki-askili-derin-v-yaka-kahverengi-arkasi-capraz-mayo-p-782888792,Mayo
184,769788177,TRENDYOLMİLLA,Siyah Tek Omuz Biyeli Regular Mayo TBESS24MA00044,387.99,30,/trendyolmilla/siyah-tek-omuz-biyeli-regular-mayo-tbess24ma00044-p-769788177,Mayo
185,740815651,TRENDYOLMİLLA,Mürdüm Straplez Çiçek Aplikeli High Leg Regular Mayo TBESS24MA00028,426.99,17,/trendyolmilla/murdum-straplez-cicek-aplikeli-high-leg-regular-mayo-tbess24ma00028-p-740815651,Mayo
186,809238028,TRENDYOLMİLLA,Zümrüt Yeşili Tek Omuz Çiçek Aplikeli Regular Mayo TBESS23MA00401,315.99,13,/trendyolmilla/zumrut-yesili-tek-omuz-cicek-aplikeli-regular-mayo-tbess23ma00401-p-809238028,Mayo
187,175990832,Trendyol Curve,Siyah Derin V Yaka Cut-Out Bağlamalı Atma Kaplı Mayo TBBSS22MA0302,499.99,272,/trendyol-curve/siyah-derin-v-yaka-cut-out-baglamali-atma-kapli-mayo-tbbss22ma0302-p-175990832,Mayo
188,763430759,TRENDYOLMİLLA,Siyah V Yaka Dokulu Regular Mayo TBESS24MA00056,407.99,28,/trendyolmilla/siyah-v-yaka-dokulu-regular-mayo-tbess24ma00056-p-763430759,Mayo
189,775936633,TRENDYOLMİLLA,Tropikal Desenli Kare Yaka Regular Mayo TBESS24MA00135,275.99,28,/trendyolmilla/tropikal-desenli-kare-yaka-regular-mayo-tbess24ma00135-p-775936633,Mayo
190,762367796,TRENDYOLMİLLA,Siyah Halter Yaka Fermuarlı Hipster Mayo TBESS21MA0014,457.99,21,/trendyolmilla/siyah-halter-yaka-fermuarli-hipster-mayo-tbess21ma0014-p-762367796,Mayo
191,739160563,TRENDYOLMİLLA,Siyah Halter Yaka Çiçek Aplikeli Regular Mayo TBESS24MA00009,287.99,21,/trendyolmilla/siyah-halter-yaka-cicek-aplikeli-regular-mayo-tbess24ma00009-p-739160563,Mayo
192,770067499,TRENDYOLMİLLA,Beyaz Halter Yaka Dokulu Regular Mayo TBESS24MA00088,157.99,9,/trendyolmilla/beyaz-halter-yaka-dokulu-regular-mayo-tbess24ma00088-p-770067499,Mayo
193,769786715,TRENDYOLMİLLA,Siyah Halter Yaka Cut Out/Pencereli Dokulu Regular Mayo TBESS24MA00070,256.99,27,/trendyolmilla/siyah-halter-yaka-cut-out-pencereli-dokulu-regular-mayo-tbess24ma00070-p-769786715,Mayo
194,315678190,TRENDYOLMİLLA,Haki Halter Yaka Cut Out/Pencereli Normal Paça Mayo TBESS23MA00042,134.99,102,/trendyolmilla/haki-halter-yaka-cut-out-pencereli-normal-paca-mayo-tbess23ma00042-p-315678190,Mayo
195,763895205,TRENDYOLMİLLA,Siyah Premium Kumaşlı Regular Mayo TBESS24MA00065,239.99,12,/trendyolmilla/siyah-premium-kumasli-regular-mayo-tbess24ma00065-p-763895205,Mayo
196,666694171,TRENDYOLMİLLA,Degrade Desenli Straplez Drapeli Simli High Leg Regular Mayo TBESS23MA00403,411.99,93,/trendyolmilla/degrade-desenli-straplez-drapeli-simli-high-leg-regular-mayo-tbess23ma00403-p-666694171,Mayo
197,368313880,Trendyol Curve,Çok Renkli Desenli Derin V Mayo,449.99,94,/trendyol-curve/cok-renkli-desenli-derin-v-mayo-p-368313880,Mayo
198,801383627,TRENDYOLMİLLA,Degrade Desenli Straplez Drapeli Simli High Leg Regular Mayo TBESS23MA00403,403.99,20,/trendyolmilla/degrade-desenli-straplez-drapeli-simli-high-leg-regular-mayo-tbess23ma00403-p-801383627,Mayo
199,77629635,TRENDYOLMİLLA,Bordo Kruvaze Drapeli Regular Mayo TBESS21MA0042,574.99,1763,/trendyolmilla/bordo-kruvaze-drapeli-regular-mayo-tbess21ma0042-p-77629635,Mayo
200,769686092,TRENDYOLMİLLA,Mint V Yaka Toparlayıcı Regular Mayo TBESS24MA00073,406.99,15,/trendyolmilla/mint-v-yaka-toparlayici-regular-mayo-tbess24ma00073-p-769686092,Mayo
201,810307419,TRENDYOLMİLLA,X Zeynep Tosun Kahverengi Örme Cut Out/Pencere Aksesuar Detaylı Parıltılı Mayo TCLSS24MA00002,512.99,7,/trendyolmilla/x-zeynep-tosun-kahverengi-orme-cut-out-pencere-aksesuar-detayli-pariltili-mayo-tclss24ma00002-p-810307419,Mayo
202,364534113,TRENDYOLMİLLA,Siyah Derin V Yaka Biyeli High Leg Mayo TBESS23MA00007,103.99,40,/trendyolmilla/siyah-derin-v-yaka-biyeli-high-leg-mayo-tbess23ma00007-p-364534113,Mayo
203,819338709,TRENDYOLMİLLA,Siyah U yaka Regular Mayo TBESS24MA00169,633.99,17,/trendyolmilla/siyah-u-yaka-regular-mayo-tbess24ma00169-p-819338709,Mayo
204,823705527,TRENDYOLMİLLA,Lacivert Tek Omuz Cut Out/Pencereli Regular Mayo TBESS22MA0197,573.99,21,/trendyolmilla/lacivert-tek-omuz-cut-out-pencereli-regular-mayo-tbess22ma0197-p-823705527,Mayo
205,66391924,TRENDYOLMİLLA,Soyut Desenli Fermuarlı Uzun Kollu Hipster Sörf Mayosu TBESS21MA0034,619.99,1810,/trendyolmilla/soyut-desenli-fermuarli-uzun-kollu-hipster-sorf-mayosu-tbess21ma0034-p-66391924,Mayo
206,775938858,TRENDYOLMİLLA,Siyah Simli Regular Mayo TBESS24MA00112,669.99,28,/trendyolmilla/siyah-simli-regular-mayo-tbess24ma00112-p-775938858,Mayo
207,790847114,Trendyol Curve,Yeşil Balconette Mayo TBBSS24AM00002,655.99,14,/trendyol-curve/yesil-balconette-mayo-tbbss24am00002-p-790847114,Mayo
208,67145309,TRENDYOLMİLLA,Yeşil Tek Omuz Drapeli Regular Mayo TBESS21MA0143,253.99,968,/trendyolmilla/yesil-tek-omuz-drapeli-regular-mayo-tbess21ma0143-p-67145309,Mayo
209,770077675,TRENDYOLMİLLA,Yeşil Tek Omuz Cut Out/Pencereli Regular Mayokini TBESS24MY00005,345.99,14,/trendyolmilla/yesil-tek-omuz-cut-out-pencereli-regular-mayokini-tbess24my00005-p-770077675,Mayo
210,34428427,TRENDYOLMİLLA,Meyve Desenli Balkonet Fırfırlı Regular Mayo TBESS20MA0303,377.99,1088,/trendyolmilla/meyve-desenli-balkonet-firfirli-regular-mayo-tbess20ma0303-p-34428427,Mayo
211,775989607,TRENDYOLMİLLA,Siyah Tek Omuz Simli Regular Mayo TBESS24MA00097,404.99,39,/trendyolmilla/siyah-tek-omuz-simli-regular-mayo-tbess24ma00097-p-775989607,Mayo
212,348742109,TRENDYOLMİLLA,Kırmızı Halter Yaka Bağlamalı Normal Paça Mayo TBESS23MA00187,105.99,35,/trendyolmilla/kirmizi-halter-yaka-baglamali-normal-paca-mayo-tbess23ma00187-p-348742109,Mayo
213,775997227,TRENDYOLMİLLA,Soyut Desenli Derin Dekolteli Drapeli Regular Mayo TBESS24MA00134,404.99,18,/trendyolmilla/soyut-desenli-derin-dekolteli-drapeli-regular-mayo-tbess24ma00134-p-775997227,Mayo
214,796986064,TRENDYOLMİLLA,Siyah Straplez Premium Aksesuarlı Regular Mayo TBESS24MA00158,232.99,24,/trendyolmilla/siyah-straplez-premium-aksesuarli-regular-mayo-tbess24ma00158-p-796986064,Mayo
215,769821598,TRENDYOLMİLLA,Siyah Balkonet Dokulu Hipster Mayo TBESS24MA00077,443.99,25,/trendyolmilla/siyah-balkonet-dokulu-hipster-mayo-tbess24ma00077-p-769821598,Mayo
216,150560367,TRENDYOLMİLLA,Yeşil Balkonet Mesh Detaylı Regular Mayo TBESS20MA0046,386.99,448,/trendyolmilla/yesil-balkonet-mesh-detayli-regular-mayo-tbess20ma0046-p-150560367,Mayo
217,762285869,TRENDYOLMİLLA,Siyah V Yaka Regular Mayo TBESS24MA00031,315.99,15,/trendyolmilla/siyah-v-yaka-regular-mayo-tbess24ma00031-p-762285869,Mayo
218,229744371,TRENDYOLMİLLA,Kırmızı Derin Dekolteli Drapeli Regular Mayo TBESS20MA0294,192.99,1252,/trendyolmilla/kirmizi-derin-dekolteli-drapeli-regular-mayo-tbess20ma0294-p-229744371,Mayo
219,770073502,TRENDYOLMİLLA,Kırmızı Derin Dekolteli Sırt Dekolteli Regular Mayo TBESS24MA00086,328.99,21,/trendyolmilla/kirmizi-derin-dekolteli-sirt-dekolteli-regular-mayo-tbess24ma00086-p-770073502,Mayo
220,739155329,TRENDYOLMİLLA,Siyah Derin Dekolteli Çiçek Aplikeli High Leg Regular Mayo TBESS24MA00024,451.99,27,/trendyolmilla/siyah-derin-dekolteli-cicek-aplikeli-high-leg-regular-mayo-tbess24ma00024-p-739155329,Mayo
221,761649114,TRENDYOLMİLLA,Siyah Kemerli Fırfırlı Dokulu Regular Mayo TBESS21MA0039,457.99,16,/trendyolmilla/siyah-kemerli-firfirli-dokulu-regular-mayo-tbess21ma0039-p-761649114,Mayo
222,801383631,TRENDYOLMİLLA,Degrade Desenli Straplez Drapeli Simli High Leg Regular Mayo TBESS23MA00403,424.99,18,/trendyolmilla/degrade-desenli-straplez-drapeli-simli-high-leg-regular-mayo-tbess23ma00403-p-801383631,Mayo
223,819008416,Trendyol Curve,Mavi-Yeşil Bağlama Detaylı Floral Desenli Mayo TBBSS23AM00008,499.99,10,/trendyol-curve/mavi-yesil-baglama-detayli-floral-desenli-mayo-tbbss23am00008-p-819008416,Mayo
224,826215802,Trendyol Curve,Siyah Tek Omuz Aksesuarlı & Kemerli Mayo TBBSS24AM00029,547.99,0,/trendyol-curve/siyah-tek-omuz-aksesuarli-kemerli-mayo-tbbss24am00029-p-826215802,Mayo
225,666732279,TRENDYOLMİLLA,Siyah Balkonet Ters V Balenli High Leg Brazilian Mayokini TBESS23MA00008,616.99,131,/trendyolmilla/siyah-balkonet-ters-v-balenli-high-leg-brazilian-mayokini-tbess23ma00008-p-666732279,Mayo
226,32092237,TRENDYOLMİLLA,Siyah Halter Yaka Drapeli Regular Mayo TBESS20MA0298,346.99,1191,/trendyolmilla/siyah-halter-yaka-drapeli-regular-mayo-tbess20ma0298-p-32092237,Mayo
227,741175429,TRENDYOLMİLLA,Soyut Desenli Derin Dekolteli Düğümlü Regular Mayokini TBESS24MY00000,386.99,15,/trendyolmilla/soyut-desenli-derin-dekolteli-dugumlu-regular-mayokini-tbess24my00000-p-741175429,Mayo
228,763421220,TRENDYOLMİLLA,Siyah V Yaka Dokulu Regular Mayo TBESS24MA00045,286.99,26,/trendyolmilla/siyah-v-yaka-dokulu-regular-mayo-tbess24ma00045-p-763421220,Mayo
229,411513976,Trendyol Curve,Büyük Beden Atma Kap Askılı Straplez Yaka Siyah Tek Omuz Makrome Detaylı Mayo,627.99,96,/trendyol-curve/buyuk-beden-atma-kap-askili-straplez-yaka-siyah-tek-omuz-makrome-detayli-mayo-p-411513976,Mayo
230,763463902,TRENDYOLMİLLA,Beyaz Tek Omuz Büzgülü Dokulu High Leg Regular Mayo TBESS24MA00046,308.99,6,/trendyolmilla/beyaz-tek-omuz-buzgulu-dokulu-high-leg-regular-mayo-tbess24ma00046-p-763463902,Mayo
231,799450366,TRENDYOLMİLLA,Kırmızı U yaka Kuşgözlü Regular Mayo TBESS20MA0137,481.99,22,/trendyolmilla/kirmizi-u-yaka-kusgozlu-regular-mayo-tbess20ma0137-p-799450366,Mayo
232,776769748,TRENDYOLMİLLA,Haki Tek Omuz Premium Aksesuarlı Regular Mayokini TBESS24MY00008,374.99,9,/trendyolmilla/haki-tek-omuz-premium-aksesuarli-regular-mayokini-tbess24my00008-p-776769748,Mayo
233,368322688,Trendyol Curve,Çok Renkli Tropikal Desenli Kruvaze Mayo,484.99,128,/trendyol-curve/cok-renkli-tropikal-desenli-kruvaze-mayo-p-368322688,Mayo
234,769646051,TRENDYOLMİLLA,Siyah-Beyaz Kare Yaka Aksesuarlı Dokulu Regular Mayo TBESS24MA00095,502.99,22,/trendyolmilla/siyah-beyaz-kare-yaka-aksesuarli-dokulu-regular-mayo-tbess24ma00095-p-769646051,Mayo
235,776778587,TRENDYOLMİLLA,Siyah Tek Omuz Çiçek Aplikeli Regular Mayokini TBESS24MY00007,400.99,17,/trendyolmilla/siyah-tek-omuz-cicek-aplikeli-regular-mayokini-tbess24my00007-p-776778587,Mayo
236,776293594,TRENDYOLMİLLA,Siyah Tek Omuz Regular Mayo TBESS24MA00137,485.99,18,/trendyolmilla/siyah-tek-omuz-regular-mayo-tbess24ma00137-p-776293594,Mayo
237,827222364,TRENDYOLMİLLA,Yeşil V Yaka V Telli Regular Mayo TBESS22MA0010,353.99,0,/trendyolmilla/yesil-v-yaka-v-telli-regular-mayo-tbess22ma0010-p-827222364,Mayo
238,358427908,TRENDYOLMİLLA,Siyah Tek Omuz Drapeli Regular Mayo TBESS21MA0145,360.99,260,/trendyolmilla/siyah-tek-omuz-drapeli-regular-mayo-tbess21ma0145-p-358427908,Mayo
239,763818071,TRENDYOLMİLLA,Siyah Etekli Uzun Kollu Regular Sörf Mayosu TBESS24MA00053,460.99,26,/trendyolmilla/siyah-etekli-uzun-kollu-regular-sorf-mayosu-tbess24ma00053-p-763818071,Mayo
240,811145038,TRENDYOLMİLLA,Siyah Derin V Yaka Mesh Detaylı Brazillian Mayo TBESS24MA00166,165.99,14,/trendyolmilla/siyah-derin-v-yaka-mesh-detayli-brazillian-mayo-tbess24ma00166-p-811145038,Mayo
241,813896897,TRENDYOLMİLLA,Ekru V Yaka Regular Mayo TBESS22MA0010,300.99,13,/trendyolmilla/ekru-v-yaka-regular-mayo-tbess22ma0010-p-813896897,Mayo
242,34205144,TRENDYOLMİLLA,Siyah Kuşgözlü Regular Mayo TBESS20MA0137,323.99,1745,/trendyolmilla/siyah-kusgozlu-regular-mayo-tbess20ma0137-p-34205144,Mayo
243,776809891,TRENDYOLMİLLA,Çizgili V Yaka Regular Mayo TBESS24MA00139,333.99,25,/trendyolmilla/cizgili-v-yaka-regular-mayo-tbess24ma00139-p-776809891,Mayo
244,769316320,TRENDYOLMİLLA,Siyah V Yaka Toparlayıcı Regular Mayo TBESS24MA00084,342.99,14,/trendyolmilla/siyah-v-yaka-toparlayici-regular-mayo-tbess24ma00084-p-769316320,Mayo
245,776297757,TRENDYOLMİLLA,Hayvan Desenli Tek Omuz Regular Mayo TBESS24MA00110,463.99,17,/trendyolmilla/hayvan-desenli-tek-omuz-regular-mayo-tbess24ma00110-p-776297757,Mayo
246,358432080,TRENDYOLMİLLA,Kırmızı Derin Dekolteli Büzgülü Normal Paça Mayo TBESS21MA0066,173.99,124,/trendyolmilla/kirmizi-derin-dekolteli-buzgulu-normal-paca-mayo-tbess21ma0066-p-358432080,Mayo
247,191865390,TRENDYOLMİLLA,Ekru V Yaka Sırt Dekolteli Dokulu Regular Mayo TBESS22MA0008,472.99,271,/trendyolmilla/ekru-v-yaka-sirt-dekolteli-dokulu-regular-mayo-tbess22ma0008-p-191865390,Mayo
248,776775501,TRENDYOLMİLLA,Siyah V Yaka Triko Regular Mayokini TBESS24MY00002,506.99,18,/trendyolmilla/siyah-v-yaka-triko-regular-mayokini-tbess24my00002-p-776775501,Mayo
249,31845270,TRENDYOLMİLLA,Çiçek Desenli Kruvaze Bağlamalı Regular Mayo TBESS20MA0031,324.99,4655,/trendyolmilla/cicek-desenli-kruvaze-baglamali-regular-mayo-tbess20ma0031-p-31845270,Mayo
250,321811688,TRENDYOLMİLLA,Mavi Kare Yaka Regular Mayo TBESS22MA0005,396.99,98,/trendyolmilla/mavi-kare-yaka-regular-mayo-tbess22ma0005-p-321811688,Mayo
251,465507332,Trendyol Curve,Siyah Yanları Büzgülü Ayarlanabilir Toparlayıcı Etkili Mayo TBBSS23AM00041,587.99,156,/trendyol-curve/siyah-yanlari-buzgulu-ayarlanabilir-toparlayici-etkili-mayo-tbbss23am00041-p-465507332,Mayo
252,760884119,TRENDYOLMİLLA,Yeşil Kare Yaka Regular Mayo TBESS22MA0005,374.99,12,/trendyolmilla/yesil-kare-yaka-regular-mayo-tbess22ma0005-p-760884119,Mayo
253,801385055,TRENDYOLMİLLA,Siyah Yüzücü UV Korumalı Regular Mayo TBESS24MA00160,681.99,12,/trendyolmilla/siyah-yuzucu-uv-korumali-regular-mayo-tbess24ma00160-p-801385055,Mayo
254,763895207,TRENDYOLMİLLA, KahverengiPremium Kumaşlı Regular Mayo TBESS24MA00065,406.99,17,/trendyolmilla/kahverengipremium-kumasli-regular-mayo-tbess24ma00065-p-763895207,Mayo
255,776297774,TRENDYOLMİLLA,Soyut Desenli Tek Omuz Regular Mayo TBESS24MA00110,420.99,11,/trendyolmilla/soyut-desenli-tek-omuz-regular-mayo-tbess24ma00110-p-776297774,Mayo
256,330030724,TRENDYOLMİLLA,Hayvan Desenli Kare Yaka Normal Paça Mayo TBESS23MA00111,192.99,335,/trendyolmilla/hayvan-desenli-kare-yaka-normal-paca-mayo-tbess23ma00111-p-330030724,Mayo
257,789624513,TRENDYOLMİLLA,Vizon Tek Omuz Aksesuarlı Simli Regular Mayo TBESS24MA00146,419.99,12,/trendyolmilla/vizon-tek-omuz-aksesuarli-simli-regular-mayo-tbess24ma00146-p-789624513,Mayo
258,796492692,TRENDYOLMİLLA,Haki Tek Omuz Simli High Leg Regular Mayo TBESS24MA00155,341.99,12,/trendyolmilla/haki-tek-omuz-simli-high-leg-regular-mayo-tbess24ma00155-p-796492692,Mayo
259,763141158,TRENDYOLMİLLA,Soyut Desenli Kare Yaka Biyeli Regular Mayo TBESS22MA0173,363.99,23,/trendyolmilla/soyut-desenli-kare-yaka-biyeli-regular-mayo-tbess22ma0173-p-763141158,Mayo
260,358076392,TRENDYOLMİLLA,Ekru Kare Yaka Dokulu Regular Mayo TBESS23MA00223,571.99,98,/trendyolmilla/ekru-kare-yaka-dokulu-regular-mayo-tbess23ma00223-p-358076392,Mayo
261,762313689,TRENDYOLMİLLA,Kırmızı Tek Omuz Drapeli Regular Mayo TBESS21MA0143,463.99,21,/trendyolmilla/kirmizi-tek-omuz-drapeli-regular-mayo-tbess21ma0143-p-762313689,Mayo
262,411507209,Trendyol Curve,Siyah Fermuarlı Mayo TBBSS23AM00033,730.99,207,/trendyol-curve/siyah-fermuarli-mayo-tbbss23am00033-p-411507209,Mayo
263,348742210,TRENDYOLMİLLA,Lila Halter Yaka Bağlamalı Normal Paça Mayo TBESS23MA00187,124.99,47,/trendyolmilla/lila-halter-yaka-baglamali-normal-paca-mayo-tbess23ma00187-p-348742210,Mayo
264,763463977,TRENDYOLMİLLA,Mor Straplez Drapeli Simli High Leg Regular Mayo TBESS23MA00406,329.99,17,/trendyolmilla/mor-straplez-drapeli-simli-high-leg-regular-mayo-tbess23ma00406-p-763463977,Mayo
265,94424513,TRENDYOLMİLLA,Siyah V Yaka Büzgülü Regular Mayo TBESS21MA0262,272.99,792,/trendyolmilla/siyah-v-yaka-buzgulu-regular-mayo-tbess21ma0262-p-94424513,Mayo
266,772442558,TRENDYOLMİLLA,Lila Kare Yaka Regular Mayo TBESS22MA0005,416.99,12,/trendyolmilla/lila-kare-yaka-regular-mayo-tbess22ma0005-p-772442558,Mayo
267,345908878,TRENDYOLMİLLA,Kiremit Tek Omuz Aksesuarlı Normal Paça Mayo TBESS23MA00191,169.99,178,/trendyolmilla/kiremit-tek-omuz-aksesuarli-normal-paca-mayo-tbess23ma00191-p-345908878,Mayo
268,364550738,TRENDYOLMİLLA,Hayvan Desenli Straplez Cut Out/Pencereli Normal Paça Mayo TBESS23MA00238,212.99,50,/trendyolmilla/hayvan-desenli-straplez-cut-out-pencereli-normal-paca-mayo-tbess23ma00238-p-364550738,Mayo
269,739233906,TRENDYOLMİLLA,Kahverengi Tek Omuz Aksesuarlı Hipster Mayo TBESS24MA00015,480.99,14,/trendyolmilla/kahverengi-tek-omuz-aksesuarli-hipster-mayo-tbess24ma00015-p-739233906,Mayo
270,826215695,Trendyol Curve,Siyah Halter Yaka Kolsuz Örme Mayo TBBSS24AM00027,557.99,3,/trendyol-curve/siyah-halter-yaka-kolsuz-orme-mayo-tbbss24am00027-p-826215695,Mayo
271,769611098,TRENDYOLMİLLA,Siyah V Yaka Drapeli Regular Mayo TBESS24MA00090,414.99,20,/trendyolmilla/siyah-v-yaka-drapeli-regular-mayo-tbess24ma00090-p-769611098,Mayo
272,167877222,TRENDYOLMİLLA,Çiçek Desenli Halter Yaka Cut Out/Pencereli Normal Paça Mayo TBESS22MA0281,247.99,92,/trendyolmilla/cicek-desenli-halter-yaka-cut-out-pencereli-normal-paca-mayo-tbess22ma0281-p-167877222,Mayo
273,363517679,TRENDYOLMİLLA,Lila Yuvarlak Yaka Aksesuarlı High Leg Mayo TBESS23MA00220,125.99,133,/trendyolmilla/lila-yuvarlak-yaka-aksesuarli-high-leg-mayo-tbess23ma00220-p-363517679,Mayo
274,319964161,TRENDYOLMİLLA,Etnik Desenli Balenli Cut Out/Pencereli High Leg Mayo TBESS23MA00101,147.99,187,/trendyolmilla/etnik-desenli-balenli-cut-out-pencereli-high-leg-mayo-tbess23ma00101-p-319964161,Mayo
275,775975878,TRENDYOLMİLLA,Hayvan Desenli Balkonet Bağlamalı Regular Mayo TBESS24MA00059,377.99,28,/trendyolmilla/hayvan-desenli-balkonet-baglamali-regular-mayo-tbess24ma00059-p-775975878,Mayo
276,358006214,TRENDYOLMİLLA,Siyah Derin Dekolteli Biyeli Normal Paça Mayo TBESS23MA00203,101.99,12,/trendyolmilla/siyah-derin-dekolteli-biyeli-normal-paca-mayo-tbess23ma00203-p-358006214,Mayo
277,763883341,TRENDYOLMİLLA,Pembe V Yaka Bağlamalı Premium Kumaşlı Regular Mayo TBESS24MA00064,519.99,13,/trendyolmilla/pembe-v-yaka-baglamali-premium-kumasli-regular-mayo-tbess24ma00064-p-763883341,Mayo
278,809707036,TRENDYOLMİLLA,X Zeynep Tosun Siyah Örme Cut Out/Pencere Detaylı Yılan Aksesuarlı Mayo TCLSS24MA00001,900.99,14,/trendyolmilla/x-zeynep-tosun-siyah-orme-cut-out-pencere-detayli-yilan-aksesuarli-mayo-tclss24ma00001-p-809707036,Mayo
279,766741950,Trendyol Curve,Büyük Beden Atma Kap Suya Dayanıklı Askılı Derin V Yaka Mavi Bağlama Detaylı Floral Desenli Mayo,597.99,44,/trendyol-curve/buyuk-beden-atma-kap-suya-dayanikli-askili-derin-v-yaka-mavi-baglama-detayli-floral-desenli-mayo-p-766741950,Mayo
280,353184837,TRENDYOLMİLLA,Yeşil Straplez Cut Out/Pencereli High Leg Mayo TBESS23MA00148,171.99,76,/trendyolmilla/yesil-straplez-cut-out-pencereli-high-leg-mayo-tbess23ma00148-p-353184837,Mayo
281,813508446,TRENDYOLMİLLA,Kahverengi Derin Dekolteli Drapeli Hipster Mayo TBESS21MA0041,521.99,17,/trendyolmilla/kahverengi-derin-dekolteli-drapeli-hipster-mayo-tbess21ma0041-p-813508446,Mayo
282,807568676,TRENDYOLMİLLA,Pembe Kare Yaka Fırfırlı High Leg Regular Mayo TBESS24MA00165,530.99,37,/trendyolmilla/pembe-kare-yaka-firfirli-high-leg-regular-mayo-tbess24ma00165-p-807568676,Mayo
283,763942825,TRENDYOLMİLLA,Soyut Desenli Fermuarlı Uzun Kollu Hipster Sörf Mayosu TBESS21MA0034,772.99,30,/trendyolmilla/soyut-desenli-fermuarli-uzun-kollu-hipster-sorf-mayosu-tbess21ma0034-p-763942825,Mayo
284,766740688,Trendyol Curve,Büyük Beden Atma Kap Toparlayıcı Askılı Kruvaze Yaka Turuncu Kruvaze Bağlama Detaylı Mayo,696.99,36,/trendyol-curve/buyuk-beden-atma-kap-toparlayici-askili-kruvaze-yaka-turuncu-kruvaze-baglama-detayli-mayo-p-766740688,Mayo
285,826215556,Trendyol Curve,Çok Renkli Tropikal Desenli V Yaka Düğümlü Mayo,736.99,14,/trendyol-curve/cok-renkli-tropikal-desenli-v-yaka-dugumlu-mayo-p-826215556,Mayo
286,762364390,TRENDYOLMİLLA,Kahverengi V Yaka Regular Mayo TBESS22MA0010,330.99,6,/trendyolmilla/kahverengi-v-yaka-regular-mayo-tbess22ma0010-p-762364390,Mayo
287,374877940,TRENDYOLMİLLA,Çizgili Derin Dekolteli Normal Paça Mayo TBESS23MA00347,117.99,64,/trendyolmilla/cizgili-derin-dekolteli-normal-paca-mayo-tbess23ma00347-p-374877940,Mayo
288,374871114,TRENDYOLMİLLA,Geometrik Desenli Derin Dekolteli High Leg Regular Mayokini TBESS23MA00340,247.99,79,/trendyolmilla/geometrik-desenli-derin-dekolteli-high-leg-regular-mayokini-tbess23ma00340-p-374871114,Mayo
289,770073503,TRENDYOLMİLLA,Siyah Derin Dekolteli Sırt Dekolteli Regular Mayo TBESS24MA00086,524.99,13,/trendyolmilla/siyah-derin-dekolteli-sirt-dekolteli-regular-mayo-tbess24ma00086-p-770073503,Mayo
290,769551183,TRENDYOLMİLLA,Yeşil V Yaka Toparlayıcı Regular Mayo TBESS24MA00084,223.99,14,/trendyolmilla/yesil-v-yaka-toparlayici-regular-mayo-tbess24ma00084-p-769551183,Mayo
291,364551348,TRENDYOLMİLLA,Mor Straplez Cut Out/Pencereli Normal Paça Mayo TBESS23MA00275,184.99,56,/trendyolmilla/mor-straplez-cut-out-pencereli-normal-paca-mayo-tbess23ma00275-p-364551348,Mayo
292,776731214,TRENDYOLMİLLA,Tropikal Desenli V Yaka Sırt Dekolteli Regular Mayo TBESS24MA00132,349.99,26,/trendyolmilla/tropikal-desenli-v-yaka-sirt-dekolteli-regular-mayo-tbess24ma00132-p-776731214,Mayo
293,345597149,Trendyol Curve,Mavi Derin V Yaka Cut-Out Bağlamalı Atma Kaplı Mayo TBBSS22MA0302,646.99,94,/trendyol-curve/mavi-derin-v-yaka-cut-out-baglamali-atma-kapli-mayo-tbbss22ma0302-p-345597149,Mayo
294,315624987,TRENDYOLMİLLA,Hayvan Desenli Halter Yaka Aksesuarlı High Leg Brazilian Mayokini TBESS23MA00068,404.99,212,/trendyolmilla/hayvan-desenli-halter-yaka-aksesuarli-high-leg-brazilian-mayokini-tbess23ma00068-p-315624987,Mayo
295,761606293,TRENDYOLMİLLA,Yeşil Tek Omuz Drapeli Regular Mayo TBESS21MA0145,482.99,8,/trendyolmilla/yesil-tek-omuz-drapeli-regular-mayo-tbess21ma0145-p-761606293,Mayo
296,761646915,TRENDYOLMİLLA,Yeşil Kruvaze Bağlamalı Regular Mayo TBESS24MA00062,402.99,23,/trendyolmilla/yesil-kruvaze-baglamali-regular-mayo-tbess24ma00062-p-761646915,Mayo
297,59114541,TRENDYOLMİLLA,Mor Derin Dekolteli Büzgülü Normal Paça Mayo TBESS21MA0066,182.99,1163,/trendyolmilla/mor-derin-dekolteli-buzgulu-normal-paca-mayo-tbess21ma0066-p-59114541,Mayo
298,59115248,TRENDYOLMİLLA,Yeşil Kemerli Fırfırlı Dokulu Regular Mayo TBESS21MA0039,460.99,848,/trendyolmilla/yesil-kemerli-firfirli-dokulu-regular-mayo-tbess21ma0039-p-59115248,Mayo
299,794250880,Trendyol Curve,Siyah Derin V Kemerli Toparlayıcı Etkili Örme Mayo TBBSS24AM00015,540.99,23,/trendyol-curve/siyah-derin-v-kemerli-toparlayici-etkili-orme-mayo-tbbss24am00015-p-794250880,Mayo
300,358156893,TRENDYOLMİLLA,Çiçek Desenli Kruvaze Bağlamalı Hipster Mayo TBESS21MA0040,501.99,546,/trendyolmilla/cicek-desenli-kruvaze-baglamali-hipster-mayo-tbess21ma0040-p-358156893,Mayo
301,82393526,TRENDYOLMİLLA,Lacivert V Yaka Toparlayıcı Regular Mayo TBESS21MA0193,316.99,1622,/trendyolmilla/lacivert-v-yaka-toparlayici-regular-mayo-tbess21ma0193-p-82393526,Mayo
302,763927382,TRENDYOLMİLLA,Çiçek Desenli V Yaka Cut Out/Pencereli Regular Mayo TBESS22MA0097,290.99,24,/trendyolmilla/cicek-desenli-v-yaka-cut-out-pencereli-regular-mayo-tbess22ma0097-p-763927382,Mayo
303,356822081,TRENDYOLMİLLA,Yağ Yeşili Derin Dekolteli Büzgülü High Leg Mayo TBESS23MA00217,124.99,61,/trendyolmilla/yag-yesili-derin-dekolteli-buzgulu-high-leg-mayo-tbess23ma00217-p-356822081,Mayo
304,370620352,TRENDYOLMİLLA,Soyut Desenli Tek Omuz Cut Out/Pencereli Normal Paça Mayo TBESS21MA0107,124.99,105,/trendyolmilla/soyut-desenli-tek-omuz-cut-out-pencereli-normal-paca-mayo-tbess21ma0107-p-370620352,Mayo
305,346031536,TRENDYOLMİLLA,Siyah Tek Omuz Cut Out/Pencereli Normal Paça Mayo TBESS23MA00178,125.99,126,/trendyolmilla/siyah-tek-omuz-cut-out-pencereli-normal-paca-mayo-tbess23ma00178-p-346031536,Mayo
306,356430356,TRENDYOLMİLLA,Kırmızı Yuvarlak Yaka Sırt Dekolteli Normal Paça Mayo TBESS23MA00205,97.99,93,/trendyolmilla/kirmizi-yuvarlak-yaka-sirt-dekolteli-normal-paca-mayo-tbess23ma00205-p-356430356,Mayo
307,315656634,TRENDYOLMİLLA,Yeşil Halter Yaka Sırt Dekolteli Normal Paça Mayo TBESS23MA00011,145.99,171,/trendyolmilla/yesil-halter-yaka-sirt-dekolteli-normal-paca-mayo-tbess23ma00011-p-315656634,Mayo
308,350127275,TRENDYOLMİLLA,Su Altı Desenli V Yaka Cut Out/Pencereli Normal Paça Mayo TBESS23MA00060,139.99,63,/trendyolmilla/su-alti-desenli-v-yaka-cut-out-pencereli-normal-paca-mayo-tbess23ma00060-p-350127275,Mayo
309,763429676,TRENDYOLMİLLA,Yeşil V Yaka Dokulu Regular Mayo TBESS24MA00056,330.99,28,/trendyolmilla/yesil-v-yaka-dokulu-regular-mayo-tbess24ma00056-p-763429676,Mayo
310,791512215,Trendyol Curve,Büyük Beden Atma Kap Askılı Derin V Yaka Bordo Dokulu Mayo,457.99,16,/trendyol-curve/buyuk-beden-atma-kap-askili-derin-v-yaka-bordo-dokulu-mayo-p-791512215,Mayo
311,775989952,TRENDYOLMİLLA,Çiçek Desenli Tek Omuz Drapeli Regular Mayo TBESS24MA00131,366.99,36,/trendyolmilla/cicek-desenli-tek-omuz-drapeli-regular-mayo-tbess24ma00131-p-775989952,Mayo
312,794252395,Trendyol Curve,Kahverengi Tek Omuz Mayo TBBSS24AM00014,600.99,26,/trendyol-curve/kahverengi-tek-omuz-mayo-tbbss24am00014-p-794252395,Mayo
313,374911982,TRENDYOLMİLLA,Petrol Halter Yaka Cut Out/Pencereli Normal Paça Mayo TBESS23MA00319,142.99,80,/trendyolmilla/petrol-halter-yaka-cut-out-pencereli-normal-paca-mayo-tbess23ma00319-p-374911982,Mayo
314,328963226,TRENDYOLMİLLA,Yeşil Straplez Büzgülü Dokulu High Leg Mayo TBESS23MA00104,162.99,96,/trendyolmilla/yesil-straplez-buzgulu-dokulu-high-leg-mayo-tbess23ma00104-p-328963226,Mayo
315,384230746,TRENDYOLMİLLA,Soyut Desenli Tek Omuz Bağlamalı Normal Paça Mayo TBESS23MA00010,146.99,79,/trendyolmilla/soyut-desenli-tek-omuz-baglamali-normal-paca-mayo-tbess23ma00010-p-384230746,Mayo
316,789685839,TRENDYOLMİLLA,Çizgili Tek Omuz Bağlamalı High Leg Regular Mayo TBESS24MA00145,710.99,18,/trendyolmilla/cizgili-tek-omuz-baglamali-high-leg-regular-mayo-tbess24ma00145-p-789685839,Mayo
317,315787228,TRENDYOLMİLLA,Etnik Desenli Straplez High Leg Mayokini TBESS23MA00019,96.99,160,/trendyolmilla/etnik-desenli-straplez-high-leg-mayokini-tbess23ma00019-p-315787228,Mayo
318,356806200,TRENDYOLMİLLA,Kırmızı Derin Dekolteli Aksesuarlı Normal Paça Mayo TBESS23MA00219,168.99,108,/trendyolmilla/kirmizi-derin-dekolteli-aksesuarli-normal-paca-mayo-tbess23ma00219-p-356806200,Mayo
319,772188623,TRENDYOLMİLLA,Kiremit Kare Yaka Sırt Dekolteli Regular Mayo TBESS21MA0295,471.99,20,/trendyolmilla/kiremit-kare-yaka-sirt-dekolteli-regular-mayo-tbess21ma0295-p-772188623,Mayo
320,776239427,TRENDYOLMİLLA,Siyah Tek Omuz Mesh Detaylı Regular Mayo TBESS24MA00128,306.99,11,/trendyolmilla/siyah-tek-omuz-mesh-detayli-regular-mayo-tbess24ma00128-p-776239427,Mayo
321,346025341,TRENDYOLMİLLA,Siyah Tek Omuz Cut Out/Pencereli High Leg Mayo TBESS23MA00182,189.99,143,/trendyolmilla/siyah-tek-omuz-cut-out-pencereli-high-leg-mayo-tbess23ma00182-p-346025341,Mayo
322,804000756,TRENDYOLMİLLA,Siyah Balkonet Drapeli Regular Mayo TBESS24MA00163,828.99,9,/trendyolmilla/siyah-balkonet-drapeli-regular-mayo-tbess24ma00163-p-804000756,Mayo
323,358337467,TRENDYOLMİLLA,Saks V Yaka Regular Mayo TBESS22MA0010,550.99,143,/trendyolmilla/saks-v-yaka-regular-mayo-tbess22ma0010-p-358337467,Mayo
324,137328351,TRENDYOLMİLLA,Hayvan Desenli Derin Dekolteli Aksesuarlı Normal Paça Mayo TBESS22MA0193,93.99,130,/trendyolmilla/hayvan-desenli-derin-dekolteli-aksesuarli-normal-paca-mayo-tbess22ma0193-p-137328351,Mayo
325,352930769,TRENDYOLMİLLA,Haki V Yaka Bağlamalı Normal Paça Mayo TBESS23MA00152,165.99,51,/trendyolmilla/haki-v-yaka-baglamali-normal-paca-mayo-tbess23ma00152-p-352930769,Mayo
326,150725996,TRENDYOLMİLLA,Siyah Kare Yaka Drapeli Regular Mayo TBESS22MA0009,407.99,786,/trendyolmilla/siyah-kare-yaka-drapeli-regular-mayo-tbess22ma0009-p-150725996,Mayo
327,761636344,TRENDYOLMİLLA,Bordo Derin Dekolteli Büzgülü Regular Mayo TBESS22MA0100,588.99,7,/trendyolmilla/bordo-derin-dekolteli-buzgulu-regular-mayo-tbess22ma0100-p-761636344,Mayo
328,365864243,TRENDYOLMİLLA,Mor Derin Dekolteli Cut Out/Pencereli Normal Paça Mayo TBESS23MA00263,115.99,57,/trendyolmilla/mor-derin-dekolteli-cut-out-pencereli-normal-paca-mayo-tbess23ma00263-p-365864243,Mayo
329,761643241,TRENDYOLMİLLA,Mint Derin Dekolteli Drapeli Regular Mayo TBESS21MA0042,387.99,9,/trendyolmilla/mint-derin-dekolteli-drapeli-regular-mayo-tbess21ma0042-p-761643241,Mayo
330,350128586,TRENDYOLMİLLA,Hayvan Desenli Straplez High Leg Mayokini TBESS23MA00012,126.99,138,/trendyolmilla/hayvan-desenli-straplez-high-leg-mayokini-tbess23ma00012-p-350128586,Mayo
331,361729986,TRENDYOLMİLLA,Tropikal Desenli Straplez Cut Out/Pencereli Normal Paça Mayo TBESS22MA0172,172.99,175,/trendyolmilla/tropikal-desenli-straplez-cut-out-pencereli-normal-paca-mayo-tbess22ma0172-p-361729986,Mayo
332,365830671,TRENDYOLMİLLA,Turuncu Tek Omuz Sırt Dekolteli Normal Paça Mayo TBESS23MA00046,158.99,59,/trendyolmilla/turuncu-tek-omuz-sirt-dekolteli-normal-paca-mayo-tbess23ma00046-p-365830671,Mayo
333,374902024,TRENDYOLMİLLA,Siyah Derin Dekolteli Bağlamalı High Leg Mayo TBESS23MA00364,156.99,76,/trendyolmilla/siyah-derin-dekolteli-baglamali-high-leg-mayo-tbess23ma00364-p-374902024,Mayo
334,794250882,Trendyol Curve,Beyaz Derin V Kemerli Toparlayıcı Etkili Bridal Örme Mayo TBBSS24AM00015,540.99,18,/trendyol-curve/beyaz-derin-v-kemerli-toparlayici-etkili-bridal-orme-mayo-tbbss24am00015-p-794250882,Mayo
335,806896860,Trendyol Curve,Siyah-Beyaz Biyeli Bisiklet Yaka Toparlayıcı Etkili Mayo TBBSS24AM00023,671.99,15,/trendyol-curve/siyah-beyaz-biyeli-bisiklet-yaka-toparlayici-etkili-mayo-tbbss24am00023-p-806896860,Mayo
336,763463573,TRENDYOLMİLLA,Mavi Straplez Drapeli Simli High Leg Regular Mayo TBESS23MA00406,565.99,20,/trendyolmilla/mavi-straplez-drapeli-simli-high-leg-regular-mayo-tbess23ma00406-p-763463573,Mayo
337,365851892,TRENDYOLMİLLA,Yeşil Yuvarlak Yaka Dokulu Normal Paça Mayo TBESS23MA00269,142.99,43,/trendyolmilla/yesil-yuvarlak-yaka-dokulu-normal-paca-mayo-tbess23ma00269-p-365851892,Mayo
338,356858992,TRENDYOLMİLLA,Siyah Halter Yaka Cut Out/Pencereli Normal Paça Mayokini TBESS23MA00201,160.99,75,/trendyolmilla/siyah-halter-yaka-cut-out-pencereli-normal-paca-mayokini-tbess23ma00201-p-356858992,Mayo
339,739234985,TRENDYOLMİLLA,Kırmızı V Yaka Düğümlü High Leg Regular Mayo TBESS24MA00014,504.99,16,/trendyolmilla/kirmizi-v-yaka-dugumlu-high-leg-regular-mayo-tbess24ma00014-p-739234985,Mayo
340,191865391,TRENDYOLMİLLA,Turuncu Straplez Sırt Dekolteli Dokulu Normal Paça Mayo TBESS22MA0008,220.99,308,/trendyolmilla/turuncu-straplez-sirt-dekolteli-dokulu-normal-paca-mayo-tbess22ma0008-p-191865391,Mayo
341,509631971,TRENDYOLMİLLA,Haki Yuvarlak Yaka Sırt Dekolteli Uzun Kollu Normal Paça Sörf Mayosu TBESS21MA0051,210.99,190,/trendyolmilla/haki-yuvarlak-yaka-sirt-dekolteli-uzun-kollu-normal-paca-sorf-mayosu-tbess21ma0051-p-509631971,Mayo
342,777562521,TRENDYOLMİLLA,Çiçek Desenli Straplez Cut Out/Pencereli Regular Mayo TBESS24MA00140,470.99,28,/trendyolmilla/cicek-desenli-straplez-cut-out-pencereli-regular-mayo-tbess24ma00140-p-777562521,Mayo
343,356859265,TRENDYOLMİLLA,Siyah Halter Yaka Aksesuarlı Normal Paça Mayo TBESS23MA00202,169.99,105,/trendyolmilla/siyah-halter-yaka-aksesuarli-normal-paca-mayo-tbess23ma00202-p-356859265,Mayo
344,356777520,TRENDYOLMİLLA,Çiçek Desenli Halter Yaka Cut Out/Pencereli Normal Paça Mayo TBESS23MA00213,126.99,60,/trendyolmilla/cicek-desenli-halter-yaka-cut-out-pencereli-normal-paca-mayo-tbess23ma00213-p-356777520,Mayo
345,314453212,TRENDYOLMİLLA,Soyut Desenli Halter Yaka Cut Out/Pencereli High Leg Mayokini TBESS23MA00067,126.99,56,/trendyolmilla/soyut-desenli-halter-yaka-cut-out-pencereli-high-leg-mayokini-tbess23ma00067-p-314453212,Mayo
346,356450507,TRENDYOLMİLLA,Çiçek Desenli Tek Omuz Desen Mix Normal Paça Mayokini TBESS23MA00208,153.99,83,/trendyolmilla/cicek-desenli-tek-omuz-desen-mix-normal-paca-mayokini-tbess23ma00208-p-356450507,Mayo
347,763593458,TRENDYOLMİLLA,Siyah Kare Yaka Dokulu Regular Mayo TBESS23MA00223,543.99,11,/trendyolmilla/siyah-kare-yaka-dokulu-regular-mayo-tbess23ma00223-p-763593458,Mayo
348,314424899,TRENDYOLMİLLA,Soyut Desenli Yuvarlak Yaka Sırt Dekolteli Normal Paça Mayo TBESS23MA00062,201.99,125,/trendyolmilla/soyut-desenli-yuvarlak-yaka-sirt-dekolteli-normal-paca-mayo-tbess23ma00062-p-314424899,Mayo
349,739234984,TRENDYOLMİLLA,Siyah V Yaka Düğümlü Regular Mayo TBESS24MA00014,339.99,13,/trendyolmilla/siyah-v-yaka-dugumlu-regular-mayo-tbess24ma00014-p-739234984,Mayo
350,776232323,TRENDYOLMİLLA,Siyah V Yaka Regular Mayo TBESS24MA00127,377.99,18,/trendyolmilla/siyah-v-yaka-regular-mayo-tbess24ma00127-p-776232323,Mayo
351,775977058,TRENDYOLMİLLA,Siyah Balkonet Bağlamalı Regular Mayo TBESS24MA00136,502.99,16,/trendyolmilla/siyah-balkonet-baglamali-regular-mayo-tbess24ma00136-p-775977058,Mayo
352,314404496,TRENDYOLMİLLA,Siyah V Yaka Aksesuarlı High Leg Mayokini TBESS23MA00028,230.99,92,/trendyolmilla/siyah-v-yaka-aksesuarli-high-leg-mayokini-tbess23ma00028-p-314404496,Mayo
353,374914916,TRENDYOLMİLLA,Şal Desenli Halter Yaka Bağlamalı Normal Paça Mayo TBESS23MA00321,133.99,70,/trendyolmilla/sal-desenli-halter-yaka-baglamali-normal-paca-mayo-tbess23ma00321-p-374914916,Mayo
354,374888553,TRENDYOLMİLLA,Hayvan Desenli Kare Yaka Büzgülü Normal Paça Mayo TBESS23MA00368,172.99,75,/trendyolmilla/hayvan-desenli-kare-yaka-buzgulu-normal-paca-mayo-tbess23ma00368-p-374888553,Mayo
355,356456165,TRENDYOLMİLLA,Tropikal Desenli Kare Yaka Drapeli Normal Paça Mayo TBESS23MA00209,152.99,88,/trendyolmilla/tropikal-desenli-kare-yaka-drapeli-normal-paca-mayo-tbess23ma00209-p-356456165,Mayo
356,315768773,TRENDYOLMİLLA,Şal Desenli Derin Dekolteli Cut Out/Pencereli High Leg Mayokini TBESS23MA00012,165.99,128,/trendyolmilla/sal-desenli-derin-dekolteli-cut-out-pencereli-high-leg-mayokini-tbess23ma00012-p-315768773,Mayo
357,349147749,TRENDYOLMİLLA,Kahverengi Straplez Düğümlü High Leg Mayokini TBESS23MA00006,147.99,112,/trendyolmilla/kahverengi-straplez-dugumlu-high-leg-mayokini-tbess23ma00006-p-349147749,Mayo
358,316161611,TRENDYOLMİLLA,Soyut Desenli Derin Dekolteli Sırt Dekolteli Normal Paça Mayo TBESS23MA00039,98.99,86,/trendyolmilla/soyut-desenli-derin-dekolteli-sirt-dekolteli-normal-paca-mayo-tbess23ma00039-p-316161611,Mayo
359,314406793,TRENDYOLMİLLA,Siyah Yuvarlak Yaka Cut Out/Pencereli High Leg Mayokini TBESS23MA00029,158.99,90,/trendyolmilla/siyah-yuvarlak-yaka-cut-out-pencereli-high-leg-mayokini-tbess23ma00029-p-314406793,Mayo
362,787835841,TRENDYOLMİLLA,Zümrüt Yeşili V Yaka Düğümlü Regular Mayo TBESS24MA00014,423.99,15,/trendyolmilla/zumrut-yesili-v-yaka-dugumlu-regular-mayo-tbess24ma00014-p-787835841,Mayo
363,349430614,TRENDYOLMİLLA,Mavi Kare Yaka Colour Block High Leg Mayo TBESS23MA00048,192.99,71,/trendyolmilla/mavi-kare-yaka-colour-block-high-leg-mayo-tbess23ma00048-p-349430614,Mayo
364,75227208,TRENDYOLMİLLA,Kırmızı Tek Omuz Drapeli Regular Mayo TBESS21MA0145,372.99,1359,/trendyolmilla/kirmizi-tek-omuz-drapeli-regular-mayo-tbess21ma0145-p-75227208,Mayo
365,365778798,TRENDYOLMİLLA,Mor Tek Omuz Cut Out/Pencereli Normal Paça Mayo TBESS23MA00276,144.99,161,/trendyolmilla/mor-tek-omuz-cut-out-pencereli-normal-paca-mayo-tbess23ma00276-p-365778798,Mayo
367,356492619,TRENDYOLMİLLA,Hayvan Desenli Yuvarlak Yaka Sırt Dekolteli Normal Paça Mayo TBESS23MA00229,195.99,135,/trendyolmilla/hayvan-desenli-yuvarlak-yaka-sirt-dekolteli-normal-paca-mayo-tbess23ma00229-p-356492619,Mayo
368,762716549,TRENDYOLMİLLA,Ekru Derin Dekolteli Cut Out/Pencereli Regular Mayo TBESS20MA0292,453.99,16,/trendyolmilla/ekru-derin-dekolteli-cut-out-pencereli-regular-mayo-tbess20ma0292-p-762716549,Mayo
369,809890171,Trendyol Curve,Lacivert Kruvaze Bağlama Detaylı Toparlayıcı Etkili Mayo TBBSS23AM00034,684.99,16,/trendyol-curve/lacivert-kruvaze-baglama-detayli-toparlayici-etkili-mayo-tbbss23am00034-p-809890171,Mayo
370,672376967,TRENDYOLMİLLA,X Zeynep Tosun Kahverengi Güneş Aksesuar Detaylı Mayo TCLSS23MA00001,530.99,87,/trendyolmilla/x-zeynep-tosun-kahverengi-gunes-aksesuar-detayli-mayo-tclss23ma00001-p-672376967,Mayo
371,364497737,TRENDYOLMİLLA,Siyah Halter Yaka Sırt Dekolteli Normal Paça Mayo TBESS23MA00250,132.99,94,/trendyolmilla/siyah-halter-yaka-sirt-dekolteli-normal-paca-mayo-tbess23ma00250-p-364497737,Mayo
372,337423303,TRENDYOLMİLLA,Nar Çiçeği V Yaka Alternatif Kullanımlı Normal Paça Mayo TBESS23MA00152,132.99,93,/trendyolmilla/nar-cicegi-v-yaka-alternatif-kullanimli-normal-paca-mayo-tbess23ma00152-p-337423303,Mayo
373,315778314,TRENDYOLMİLLA,Yeşil Tek Omuz Sırt Dekolteli High Leg Mayo TBESS23MA00081,133.99,103,/trendyolmilla/yesil-tek-omuz-sirt-dekolteli-high-leg-mayo-tbess23ma00081-p-315778314,Mayo
374,150026459,TRENDYOLMİLLA,Tarçın Derin Dekolteli Cut Out/Pencereli Regular Mayo TBESS20MA0292,291.99,404,/trendyolmilla/tarcin-derin-dekolteli-cut-out-pencereli-regular-mayo-tbess20ma0292-p-150026459,Mayo
375,32371458,TRENDYOLMİLLA,Siyah Kemerli V Yaka Aksesuarlı Normal Paça Mayo TBESS20MA0198,236.99,119,/trendyolmilla/siyah-kemerli-v-yaka-aksesuarli-normal-paca-mayo-tbess20ma0198-p-32371458,Mayo
376,283913884,TRENDYOL MODEST,Lacivert Uzun Kollu Performans Örme 4'lü Mayo Takımı TCTSS22CF0012,996.99,685,/trendyol-modest/lacivert-uzun-kollu-performans-orme-4-lu-mayo-takimi-tctss22cf0012-p-283913884,Mayo
377,177366572,TRENDYOL MODEST,Vizon Uzun Kollu Performans Örme 4'lü Mayo Takımı TCTSS22CF0012,799.99,340,/trendyol-modest/vizon-uzun-kollu-performans-orme-4-lu-mayo-takimi-tctss22cf0012-p-177366572,Mayo
378,177366568,TRENDYOL MODEST,Siyah Uzun Kollu Performans Örme 4'lü Mayo Takımı TCTSS22CF0012,1209.99,3784,/trendyol-modest/siyah-uzun-kollu-performans-orme-4-lu-mayo-takimi-tctss22cf0012-p-177366568,Mayo
379,177408408,TRENDYOL MODEST,Siyah Şerit Detaylı Sürf 4'lü Mayo Takım TCTSS22CF0018,1599.99,1024,/trendyol-modest/siyah-serit-detayli-surf-4-lu-mayo-takim-tctss22cf0018-p-177408408,Mayo
380,785079371,TRENDYOL MODEST,Vizon Büzgü Detaylı Beachwear Tam Kapalı 4'lü Mayo Takımı TCTSS24CF00001,559.99,24,/trendyol-modest/vizon-buzgu-detayli-beachwear-tam-kapali-4-lu-mayo-takimi-tctss24cf00001-p-785079371,Mayo
381,214994787,TRENDYOL MODEST,Gri Uzun Kollu Sürf Performans 3'lü Mayo Takımı  TCTSS22CF0021,1159.99,330,/trendyol-modest/gri-uzun-kollu-surf-performans-3-lu-mayo-takimi-tctss22cf0021-p-214994787,Mayo
382,785081416,TRENDYOL MODEST,Lacivert Biyeli Beachwear Tam Kapalı 3'lü Mayo Takımı TCTSS24CF00004,539.99,20,/trendyol-modest/lacivert-biyeli-beachwear-tam-kapali-3-lu-mayo-takimi-tctss24cf00004-p-785081416,Mayo
383,805771395,TRENDYOL MODEST,Mavi Tam Kapalı 4'lü Desenli Mayo Takımı TCTSS23CF00036,1439.99,25,/trendyol-modest/mavi-tam-kapali-4-lu-desenli-mayo-takimi-tctss23cf00036-p-805771395,Mayo
384,792848010,TRENDYOL MODEST,Lacivert Beachwear Tam Kapalı 3'lü Mayo Takımı TCTSS24CF00005,879.99,11,/trendyol-modest/lacivert-beachwear-tam-kapali-3-lu-mayo-takimi-tctss24cf00005-p-792848010,Mayo
385,763504542,TRENDYOL MODEST,Sarı Tam Kapalı 4'lü Desenli Mayo Takımı TCTSS23CF00036,1159.99,31,/trendyol-modest/sari-tam-kapali-4-lu-desenli-mayo-takimi-tctss23cf00036-p-763504542,Mayo
386,761636008,TRENDYOL MODEST,Lacivert Tam Kapalı Performans Örme Likralı 4'lü Mayo Takım TCTSS23CF00000,899.99,21,/trendyol-modest/lacivert-tam-kapali-performans-orme-likrali-4-lu-mayo-takim-tctss23cf00000-p-761636008,Mayo
387,760376652,TRENDYOL MODEST,Lacivert Uzun Kollu Sürf Performans 3'lü Mayo Takımı TCTSS22CF0021,959.99,27,/trendyol-modest/lacivert-uzun-kollu-surf-performans-3-lu-mayo-takimi-tctss22cf0021-p-760376652,Mayo
388,370802148,TRENDYOL MODEST,Siyah Fermuar Detaylı Yarım Kapalı 3'lü Mayo Takımı TCTSS23CF00004,712.99,91,/trendyol-modest/siyah-fermuar-detayli-yarim-kapali-3-lu-mayo-takimi-tctss23cf00004-p-370802148,Mayo
