,ID,MARKA,URUN_NAME,FIYAT,RATE_COUNT,URUN_LINK,KATEGORI
0,338765835,TRENDYOLMİLLA,Vizon Regular Astarlı Dokuma Blazer Ceket TWOAW23BC00132,723.99,5921,/trendyolmilla/vizon-regular-astarli-dokuma-blazer-ceket-twoaw23bc00132-p-338765835,Ceket
1,746344742,TRENDYOLMİLLA,Siyah Dokuma Ekstra Oversize Blazer Ceket TWOAW24BC00107,727.99,1089,/trendyolmilla/siyah-dokuma-ekstra-oversize-blazer-ceket-twoaw24bc00107-p-746344742,Ceket
2,131305127,TRENDYOL MODEST,Siyah Çift Düğmeli Cep Detaylı Astarlı Blazer Dokuma Ceket TCTAW22CK0007,450.99,7304,/trendyol-modest/siyah-cift-dugmeli-cep-detayli-astarli-blazer-dokuma-ceket-tctaw22ck0007-p-131305127,Ceket
3,342702116,TRENDYOLMİLLA,Siyah Regular Astarlı Kruvaze Kapama Dokuma Blazer Ceket TWOSS20CE0059,583.99,2167,/trendyolmilla/siyah-regular-astarli-kruvaze-kapama-dokuma-blazer-ceket-twoss20ce0059-p-342702116,Ceket
4,796379223,TRENDYOLMİLLA,Taş Bağlama Detaylı Poliviskon Limited Edition Blazer Ceket TWOSS24BC00037,768.99,45,/trendyolmilla/tas-baglama-detayli-poliviskon-limited-edition-blazer-ceket-twoss24bc00037-p-796379223,Ceket
5,738760803,TRENDYOLMİLLA,Siyah Vatkalı Düğmeli Dik Yaka İnterlok Crop Ceket TWOAW24CE00082,453.99,942,/trendyolmilla/siyah-vatkali-dugmeli-dik-yaka-interlok-crop-ceket-twoaw24ce00082-p-738760803,Ceket
6,337875345,TRENDYOLMİLLA,X Sagaza Studio Lacivert Çizgili Kruvaze Kapama Detaylı Dokuma Ceket TPRAW23CE00025,1031.99,1737,/trendyolmilla/x-sagaza-studio-lacivert-cizgili-kruvaze-kapama-detayli-dokuma-ceket-tpraw23ce00025-p-337875345,Ceket
7,55321629,TRENDYOLMİLLA,Gri Regular Astar Detaylı Dokuma Blazer Ceket TWOAW20CE0316,656.99,2420,/trendyolmilla/gri-regular-astar-detayli-dokuma-blazer-ceket-twoaw20ce0316-p-55321629,Ceket
8,50310610,TRENDYOLMİLLA,Siyah Regular Astarlı Düğmeli Dokuma Blazer Ceket TWOAW21CE0272,526.99,3534,/trendyolmilla/siyah-regular-astarli-dugmeli-dokuma-blazer-ceket-twoaw21ce0272-p-50310610,Ceket
9,744586240,TRENDYOLMİLLA,Siyah Limited Edition Fitted Astarlı Dokuma Blazer Ceket TWOAW24BC00096,402.99,168,/trendyolmilla/siyah-limited-edition-fitted-astarli-dokuma-blazer-ceket-twoaw24bc00096-p-744586240,Ceket
10,74291054,TRENDYOLMİLLA,Açık Mavi Etek Ucu Püsküllü Crop Denim Ceket TWOSS21CE0046,587.99,2792,/trendyolmilla/acik-mavi-etek-ucu-puskullu-crop-denim-ceket-twoss21ce0046-p-74291054,Ceket
11,304911315,TRENDYOLMİLLA,Mavi Oversize Trucker Denim Ceket TWOAW23CE00189,695.99,1927,/trendyolmilla/mavi-oversize-trucker-denim-ceket-twoaw23ce00189-p-304911315,Ceket
12,828888882,TRENDYOLMİLLA,Koyu Mavi Önden bağlamalı Oversize Denim Ceket TWOAW25CE00001,599.99,4,/trendyolmilla/koyu-mavi-onden-baglamali-oversize-denim-ceket-twoaw25ce00001-p-828888882,Ceket
13,136141690,TRENDYOLMİLLA,Siyah Crop Astarlı Dokuma Blazer Ceket TWOAW22CE0086,474.99,5583,/trendyolmilla/siyah-crop-astarli-dokuma-blazer-ceket-twoaw22ce0086-p-136141690,Ceket
14,738090586,TRENDYOLMİLLA,Siyah Fitted Astarlı Dokuma Blazer Ceket TWOAW24BC00047,367.99,179,/trendyolmilla/siyah-fitted-astarli-dokuma-blazer-ceket-twoaw24bc00047-p-738090586,Ceket
15,782050579,TRENDYOLMİLLA,Vizon Premium Dokuma Trençkot Blazer Ceket TWOSS24BC00010,804.99,84,/trendyolmilla/vizon-premium-dokuma-trenckot-blazer-ceket-twoss24bc00010-p-782050579,Ceket
16,781045701,TRENDYOLMİLLA,Bej Kruvaze Kapama Pamuk Keten Dokuma Blazer Ceket TWOSS24BC00018,693.99,92,/trendyolmilla/bej-kruvaze-kapama-pamuk-keten-dokuma-blazer-ceket-twoss24bc00018-p-781045701,Ceket
17,774506814,TRENDYOLMİLLA,Pembe Regular Astarlı Dokuma Blazer Ceket TWOAW23BC00132,742.99,70,/trendyolmilla/pembe-regular-astarli-dokuma-blazer-ceket-twoaw23bc00132-p-774506814,Ceket
18,137893827,TRENDYOLMİLLA,Açık Haki Oversize Astarlı Düğmeli Dokuma Blazer Ceket TWOAW22CE0167,584.99,3421,/trendyolmilla/acik-haki-oversize-astarli-dugmeli-dokuma-blazer-ceket-twoaw22ce0167-p-137893827,Ceket
19,34412115,TRENDYOLMİLLA,Lacivert Oversize Astarlı Kruvaze Kapama Dokuma Blazer Ceket TWOSS20CE0024,524.99,2288,/trendyolmilla/lacivert-oversize-astarli-kruvaze-kapama-dokuma-blazer-ceket-twoss20ce0024-p-34412115,Ceket
20,125895860,TRENDYOLMİLLA,Siyah Regular Astarlı Düğmeli Dokuma Blazer Ceket TWOAW22CE0168,577.99,2543,/trendyolmilla/siyah-regular-astarli-dugmeli-dokuma-blazer-ceket-twoaw22ce0168-p-125895860,Ceket
21,130002583,TRENDYOLMİLLA,Mavi Oversize Trucker Denim Ceket TWOAW22CE0364,647.99,4182,/trendyolmilla/mavi-oversize-trucker-denim-ceket-twoaw22ce0364-p-130002583,Ceket
22,789861870,TRENDYOLMİLLA,Siyah Basic Crop Oversize Dokuma Blazer Ceket TWOSS24BC00032,324.99,26,/trendyolmilla/siyah-basic-crop-oversize-dokuma-blazer-ceket-twoss24bc00032-p-789861870,Ceket
23,736231501,TRENDYOLMİLLA,Siyah Premium Bomber Dokuma Ceket TWOAW24CE00047,727.99,202,/trendyolmilla/siyah-premium-bomber-dokuma-ceket-twoaw24ce00047-p-736231501,Ceket
46,177282077,TRENDYOLMİLLA,Vizon Oversize Astarlı Kruvaze Kapama Dokuma Blazer Ceket TWOSS22CE0077,590.99,5445,/trendyolmilla/vizon-oversize-astarli-kruvaze-kapama-dokuma-blazer-ceket-twoss22ce0077-p-177282077,Ceket
49,140882266,TRENDYOLMİLLA,Kırmızı Regular Astarlı Kruvaze Kapama Dokuma Blazer Ceket TWOSS20CE0059,587.99,2873,/trendyolmilla/kirmizi-regular-astarli-kruvaze-kapama-dokuma-blazer-ceket-twoss20ce0059-p-140882266,Ceket
50,774506815,TRENDYOLMİLLA,Mint Regular Astarlı Dokuma Blazer Ceket TWOAW23BC00132,723.99,69,/trendyolmilla/mint-regular-astarli-dokuma-blazer-ceket-twoaw23bc00132-p-774506815,Ceket
51,383926059,TRENDYOLMİLLA,Siyah Dokuma Oversize Suni Deri Blazer Ceket TWOSS23BC00049,649.99,658,/trendyolmilla/siyah-dokuma-oversize-suni-deri-blazer-ceket-twoss23bc00049-p-383926059,Ceket
52,213141925,TRENDYOLMİLLA,Açık Mavi Denim Ceket TWOSS22CE0253,418.99,2187,/trendyolmilla/acik-mavi-denim-ceket-twoss22ce0253-p-213141925,Ceket
53,77789260,TRENDYOLMİLLA,Yeşil Regular Astarlı Dokuma Blazer Ceket TWOSS21CE0137,595.99,3457,/trendyolmilla/yesil-regular-astarli-dokuma-blazer-ceket-twoss21ce0137-p-77789260,Ceket
54,786972881,TRENDYOLMİLLA,Haki Beli Lastikli Bomber Denim Ceket TWOSS24CE00037,295.99,18,/trendyolmilla/haki-beli-lastikli-bomber-denim-ceket-twoss24ce00037-p-786972881,Ceket
55,788680135,TRENDYOLMİLLA,Camel Oversize Düz Kesim Basic Kruvaze Dokuma Blazer Ceket TWOSS24BC00028,664.99,68,/trendyolmilla/camel-oversize-duz-kesim-basic-kruvaze-dokuma-blazer-ceket-twoss24bc00028-p-788680135,Ceket
56,88456352,TRENDYOLMİLLA,Siyah Regular Astarlı Dokuma Blazer Ceket TWOSS21CE0137,585.99,10429,/trendyolmilla/siyah-regular-astarli-dokuma-blazer-ceket-twoss21ce0137-p-88456352,Ceket
57,782205374,TRENDYOLMİLLA,Siyah Dokuma Bel Detaylı Ayarlanabilir Blazer Ceket TWOSS24BC00004,310.99,14,/trendyolmilla/siyah-dokuma-bel-detayli-ayarlanabilir-blazer-ceket-twoss24bc00004-p-782205374,Ceket
58,805524553,TRENDYOLMİLLA,Vizon Crop Dokuma Blazer Ceket TWOSS24BC00040,230.99,25,/trendyolmilla/vizon-crop-dokuma-blazer-ceket-twoss24bc00040-p-805524553,Ceket
59,818091291,TRENDYOL MODEST,Beyaz Yandan Bağlama Detaylı Astarlı Kruvaze Dokuma Ceket TCTSS24CK00008,547.99,6,/trendyol-modest/beyaz-yandan-baglama-detayli-astarli-kruvaze-dokuma-ceket-tctss24ck00008-p-818091291,Ceket
60,788690096,TRENDYOLMİLLA,Ekru Oversize Basic Dokuma Blazer Ceket TWOSS24BC00029,672.99,78,/trendyolmilla/ekru-oversize-basic-dokuma-blazer-ceket-twoss24bc00029-p-788690096,Ceket
61,383894324,TRENDYOLMİLLA,Lacivert Regular Astar Detaylı Dokuma Blazer Ceket TWOAW20CE0316,689.99,948,/trendyolmilla/lacivert-regular-astar-detayli-dokuma-blazer-ceket-twoaw20ce0316-p-383894324,Ceket
62,711480694,TRENDYOLMİLLA,Açık Mavi Trucker Denim Ceket TWOAW24CE00010,402.99,284,/trendyolmilla/acik-mavi-trucker-denim-ceket-twoaw24ce00010-p-711480694,Ceket
63,78317511,TRENDYOLMİLLA,Antrasit Renk Bloklu Kemerli Oversize Denim Ceket TWOSS21CE0186,799.99,1608,/trendyolmilla/antrasit-renk-bloklu-kemerli-oversize-denim-ceket-twoss21ce0186-p-78317511,Ceket
64,785185735,TRENDYOLMİLLA,Koyu Mavi More Sustainable Cep Detaylı Denim Ceket TWOSS24CE00029,604.99,50,/trendyolmilla/koyu-mavi-more-sustainable-cep-detayli-denim-ceket-twoss24ce00029-p-785185735,Ceket
65,782564200,TRENDYOLMİLLA,Antrasit Crop İnce Çizgili Poliviskon Dokuma Blazer Ceket TWOSS24BC00020,369.99,16,/trendyolmilla/antrasit-crop-ince-cizgili-poliviskon-dokuma-blazer-ceket-twoss24bc00020-p-782564200,Ceket
66,126005789,TRENDYOLMİLLA,Haki Cep Detaylı Oversize Denim Gömlek Ceket TWOAW22CE0272,398.99,2740,/trendyolmilla/haki-cep-detayli-oversize-denim-gomlek-ceket-twoaw22ce0272-p-126005789,Ceket
67,338921993,TRENDYOLMİLLA,Siyah Regular Astarlı Dokuma Çizgili Blazer Ceket TWOAW23BC00135,703.99,2464,/trendyolmilla/siyah-regular-astarli-dokuma-cizgili-blazer-ceket-twoaw23bc00135-p-338921993,Ceket
68,774763109,TRENDYOLMİLLA,Ekru Premium Bomber Dokuma Ceket TWOAW24CE00047,708.99,63,/trendyolmilla/ekru-premium-bomber-dokuma-ceket-twoaw24ce00047-p-774763109,Ceket
69,775564783,TRENDYOLMİLLA,Mavi Soluk Efekt Vintage Oversize Denim Ceket TWOSS24CE00008,549.99,22,/trendyolmilla/mavi-soluk-efekt-vintage-oversize-denim-ceket-twoss24ce00008-p-775564783,Ceket
70,71515425,TRENDYOLMİLLA,Taş Oversize Astarlı Kruvaze Kapama Dokuma Blazer Ceket TWOSS20CE0024,579.99,2781,/trendyolmilla/tas-oversize-astarli-kruvaze-kapama-dokuma-blazer-ceket-twoss20ce0024-p-71515425,Ceket
71,379997677,TRENDYOLMİLLA,Taş Regular Crop Dokuma Çizgili Blazer Ceket TWOSS23BC00029,614.99,658,/trendyolmilla/tas-regular-crop-dokuma-cizgili-blazer-ceket-twoss23bc00029-p-379997677,Ceket
72,218977623,TRENDYOLMİLLA,Koyu Mavi Cep Detaylı Oversize Denim Ceket TWOSS21CE0289,826.99,5484,/trendyolmilla/koyu-mavi-cep-detayli-oversize-denim-ceket-twoss21ce0289-p-218977623,Ceket
73,788680136,TRENDYOLMİLLA,Taş Oversize Düz Kesim Basic Kruvaze Dokuma Blazer Ceket TWOSS24BC00028,671.99,80,/trendyolmilla/tas-oversize-duz-kesim-basic-kruvaze-dokuma-blazer-ceket-twoss24bc00028-p-788680136,Ceket
74,785189023,TRENDYOLMİLLA,Koyu Mavi Bomber Denim Ceket TWOSS24CE00026,336.99,12,/trendyolmilla/koyu-mavi-bomber-denim-ceket-twoss24ce00026-p-785189023,Ceket
75,31973300,TRENDYOLMİLLA,Siyah Regular Astar Detaylı Dokuma Blazer Ceket TWOAW20CE0316,611.99,13888,/trendyolmilla/siyah-regular-astar-detayli-dokuma-blazer-ceket-twoaw20ce0316-p-31973300,Ceket
76,318906877,TRENDYOLMİLLA,Siyah Crop Astarlı Kruvaze Kapama Dokuma Blazer Ceket TWOAW23BC00076,601.99,1248,/trendyolmilla/siyah-crop-astarli-kruvaze-kapama-dokuma-blazer-ceket-twoaw23bc00076-p-318906877,Ceket
77,77789261,TRENDYOLMİLLA,Açık Mavi Regular Astarlı Dokuma Blazer Ceket TWOSS21CE0137,591.99,1324,/trendyolmilla/acik-mavi-regular-astarli-dokuma-blazer-ceket-twoss21ce0137-p-77789261,Ceket
78,775931737,TRENDYOLMİLLA,Bej Regular Astarlı Düğmeli Dokuma Blazer Ceket TWOAW23BC00017,243.99,22,/trendyolmilla/bej-regular-astarli-dugmeli-dokuma-blazer-ceket-twoaw23bc00017-p-775931737,Ceket
79,704964627,TRENDYOLMİLLA,Siyah Oversize Astarlı Düğmeli Dokuma Blazer Ceket TWOAW22CE0167,673.99,209,/trendyolmilla/siyah-oversize-astarli-dugmeli-dokuma-blazer-ceket-twoaw22ce0167-p-704964627,Ceket
80,782417649,TRENDYOLMİLLA,Antrasit Kolu Manşet Detaylı Dokuma Blazer Ceket TWOSS24BC00015,661.99,51,/trendyolmilla/antrasit-kolu-manset-detayli-dokuma-blazer-ceket-twoss24bc00015-p-782417649,Ceket
81,820028139,TRENDYOLMİLLA,Lacivert Dokuma Payet Ceket TPRSS24CE00000,340.99,8,/trendyolmilla/lacivert-dokuma-payet-ceket-tprss24ce00000-p-820028139,Ceket
82,782212077,TRENDYOLMİLLA,Gri Dokuma Bel Detaylı Ayarlanabilir Blazer Ceket TWOSS24BC00004,243.99,17,/trendyolmilla/gri-dokuma-bel-detayli-ayarlanabilir-blazer-ceket-twoss24bc00004-p-782212077,Ceket
83,410743424,TRENDYOL MODEST,Vizon Çift Düğme Detaylı Cepli Astarlı Blazer Dokuma Ceket TCTSS22CE025,443.99,201,/trendyol-modest/vizon-cift-dugme-detayli-cepli-astarli-blazer-dokuma-ceket-tctss22ce025-p-410743424,Ceket
84,195050324,TRENDYOLMİLLA,Pembe Regular Astarlı Dokuma Blazer Ceket TWOSS21CE0137,662.99,1354,/trendyolmilla/pembe-regular-astarli-dokuma-blazer-ceket-twoss21ce0137-p-195050324,Ceket
85,782417940,TRENDYOLMİLLA,Siyah Crop Kısa Kollu Dokuma Blazer Ceket TWOSS24BC00014,475.99,20,/trendyolmilla/siyah-crop-kisa-kollu-dokuma-blazer-ceket-twoss24bc00014-p-782417940,Ceket
86,141646627,TRENDYOLMİLLA,Camel Crop Dokuma Astarlı Blazer Ceket TWOAW22CE0086,447.99,1037,/trendyolmilla/camel-crop-dokuma-astarli-blazer-ceket-twoaw22ce0086-p-141646627,Ceket
87,203645200,TRENDYOL MODEST,Siyah Çift Düğme Detaylı Cepli Astarlı Blazer Dokuma Ceket TCTSS22CE0250,566.99,2228,/trendyol-modest/siyah-cift-dugme-detayli-cepli-astarli-blazer-dokuma-ceket-tctss22ce0250-p-203645200,Ceket
88,789863594,TRENDYOLMİLLA,Taş Oversize Saten Dokuma Blazer Ceket TWOSS24BC00033,472.99,14,/trendyolmilla/tas-oversize-saten-dokuma-blazer-ceket-twoss24bc00033-p-789863594,Ceket
89,708419235,TRENDYOLMİLLA,Açık Haki Regular Astarlı Kruvaze Kapama Dokuma Blazer Ceket TWOSS20CE0059,646.99,397,/trendyolmilla/acik-haki-regular-astarli-kruvaze-kapama-dokuma-blazer-ceket-twoss20ce0059-p-708419235,Ceket
90,809122102,TRENDYOLMİLLA,Kahverengi Oversize Düz Kesim Basic Kruvaze Dokuma Blazer Ceket TWOSS24BC00028,693.99,24,/trendyolmilla/kahverengi-oversize-duz-kesim-basic-kruvaze-dokuma-blazer-ceket-twoss24bc00028-p-809122102,Ceket
91,733829612,TRENDYOLMİLLA,Kahverengi Oversize/Geniş Kalıp Cepli ve Düğmeli Polo Yaka İçi Polarlı Örme Ceket TWOAW24CE00000,199.99,68,/trendyolmilla/kahverengi-oversize-genis-kalip-cepli-ve-dugmeli-polo-yaka-ici-polarli-orme-ceket-twoaw24ce00000-p-733829612,Ceket
92,125577748,TRENDYOLMİLLA,Bordo Regular Astarlı Dokuma Blazer Ceket TWOSS21CE0137,672.99,1255,/trendyolmilla/bordo-regular-astarli-dokuma-blazer-ceket-twoss21ce0137-p-125577748,Ceket
93,733001776,TRENDYOLMİLLA,Lacivert Cep Detaylı Çıtçıt Düğmeli Scuba Örme Ceket TWOAW24CE00003,390.99,277,/trendyolmilla/lacivert-cep-detayli-citcit-dugmeli-scuba-orme-ceket-twoaw24ce00003-p-733001776,Ceket
94,9385547,TRENDYOLMİLLA,Siyah Trucker Crop Denim Ceket TWOAW20CE0033,437.99,1877,/trendyolmilla/siyah-trucker-crop-denim-ceket-twoaw20ce0033-p-9385547,Ceket
95,774623862,TRENDYOLMİLLA,Açık Sarı Kruvaze Kapama Dokuma Astarlı Suni Deri Blazer Ceket TWOAW21CE0156,215.99,14,/trendyolmilla/acik-sari-kruvaze-kapama-dokuma-astarli-suni-deri-blazer-ceket-twoaw21ce0156-p-774623862,Ceket
96,790499693,TRENDYOLMİLLA,Beyaz Düğme Detaylı Denim Ceket TWOSS24CE00042,414.99,32,/trendyolmilla/beyaz-dugme-detayli-denim-ceket-twoss24ce00042-p-790499693,Ceket
97,379067998,TRENDYOLMİLLA,Koyu Mavi Regular Astar Detaylı Dokuma Blazer Ceket TWOAW20CE0316,672.99,983,/trendyolmilla/koyu-mavi-regular-astar-detayli-dokuma-blazer-ceket-twoaw20ce0316-p-379067998,Ceket
98,141785636,TRENDYOLMİLLA,Taş Regular Astar Detaylı Dokuma Blazer Ceket TWOAW20CE0316,665.99,1298,/trendyolmilla/tas-regular-astar-detayli-dokuma-blazer-ceket-twoaw20ce0316-p-141785636,Ceket
99,708468432,TRENDYOLMİLLA,Açık Haki Oversize Astarlı Dokuma Blazer Ceket TWOSS22CE0077,575.99,106,/trendyolmilla/acik-haki-oversize-astarli-dokuma-blazer-ceket-twoss22ce0077-p-708468432,Ceket
100,304177383,TRENDYOLMİLLA,Açık Haki Regular Astarlı Kruvaze Kapama Dokuma Blazer Ceket TWOAW21CE0264,667.99,2124,/trendyolmilla/acik-haki-regular-astarli-kruvaze-kapama-dokuma-blazer-ceket-twoaw21ce0264-p-304177383,Ceket
101,774506595,TRENDYOLMİLLA,Açık Mavi Regular Astar Detaylı Dokuma Blazer Ceket TWOAW20CE0316,710.99,59,/trendyolmilla/acik-mavi-regular-astar-detayli-dokuma-blazer-ceket-twoaw20ce0316-p-774506595,Ceket
102,52199861,TRENDYOLMİLLA,Siyah Kuşaklı Regular Astarlı Kruvaze Kapama Dokuma Blazer Ceket TWOAW21CE0320,588.99,1759,/trendyolmilla/siyah-kusakli-regular-astarli-kruvaze-kapama-dokuma-blazer-ceket-twoaw21ce0320-p-52199861,Ceket
104,193753250,TRENDYOLMİLLA,Indigo Regular Astarlı Kruvaze Kapama Dokuma Blazer Ceket TWOAW21CE0264,573.99,1727,/trendyolmilla/indigo-regular-astarli-kruvaze-kapama-dokuma-blazer-ceket-twoaw21ce0264-p-193753250,Ceket
105,34412116,TRENDYOLMİLLA,Kırmızı Oversize Dokuma Astarlı Kruvaze Kapama Düğme Detaylı Ceket TWOSS20CE0024,643.99,4260,/trendyolmilla/kirmizi-oversize-dokuma-astarli-kruvaze-kapama-dugme-detayli-ceket-twoss20ce0024-p-34412116,Ceket
106,410734246,TRENDYOLMİLLA,Siyah Taşlı Oversize Denim Ceket TWOSS23CE00044,773.99,174,/trendyolmilla/siyah-tasli-oversize-denim-ceket-twoss23ce00044-p-410734246,Ceket
107,69555254,TRENDYOLMİLLA,Haki Regular Astarlı Kruvaze Kapama Dokuma Blazer Ceket TWOSS21CE0029,571.99,4823,/trendyolmilla/haki-regular-astarli-kruvaze-kapama-dokuma-blazer-ceket-twoss21ce0029-p-69555254,Ceket
108,444513178,TRENDYOLMİLLA,Taş Crop Dokuma Blazer Ceket TWOSS23BC00101,623.99,216,/trendyolmilla/tas-crop-dokuma-blazer-ceket-twoss23bc00101-p-444513178,Ceket
109,744374858,TRENDYOLMİLLA,Siyah Regular Dokuma Astarlı Taş Detaylı Blazer Ceket TWOAW24BC00078,775.99,82,/trendyolmilla/siyah-regular-dokuma-astarli-tas-detayli-blazer-ceket-twoaw24bc00078-p-744374858,Ceket
110,774509897,TRENDYOLMİLLA,Açık Turuncu Regular Astarlı Düğmeli Dokuma Blazer Ceket TWOAW22CE0168,301.99,24,/trendyolmilla/acik-turuncu-regular-astarli-dugmeli-dokuma-blazer-ceket-twoaw22ce0168-p-774509897,Ceket
111,788692636,TRENDYOLMİLLA,Antrasit Poliviskon Zincir Detaylı Regular Kalıp Dokuma Premium Blazer Ceket TWOSS24BC00031,423.99,18,/trendyolmilla/antrasit-poliviskon-zincir-detayli-regular-kalip-dokuma-premium-blazer-ceket-twoss24bc00031-p-788692636,Ceket
112,786954961,TRENDYOLMİLLA,Ekru Oversize Denim Ceket TWOSS24CE00036,539.99,44,/trendyolmilla/ekru-oversize-denim-ceket-twoss24ce00036-p-786954961,Ceket
113,774506813,TRENDYOLMİLLA,Gri Regular Astarlı Dokuma Blazer Ceket TWOAW23BC00132,738.99,52,/trendyolmilla/gri-regular-astarli-dokuma-blazer-ceket-twoaw23bc00132-p-774506813,Ceket
114,737577543,TRENDYOLMİLLA,Antrasit Premium Oversize Astarlı Dokuma Blazer Ceket TWOAW24BC00046,693.99,339,/trendyolmilla/antrasit-premium-oversize-astarli-dokuma-blazer-ceket-twoaw24bc00046-p-737577543,Ceket
115,782040945,TRENDYOLMİLLA,Siyah Dokuma Blazer Ceket TWOSS24BC00017,429.99,23,/trendyolmilla/siyah-dokuma-blazer-ceket-twoss24bc00017-p-782040945,Ceket
116,729612653,TRENDYOLMİLLA,Lacivert Crop Dokuma Blazer Ceket TWOAW24BC00023,575.99,78,/trendyolmilla/lacivert-crop-dokuma-blazer-ceket-twoaw24bc00023-p-729612653,Ceket
117,773284661,TRENDYOLMİLLA,Beyaz Oversize Astarlı Düğmeli Dokuma Blazer Ceket TWOAW22CE0167,643.99,134,/trendyolmilla/beyaz-oversize-astarli-dugmeli-dokuma-blazer-ceket-twoaw22ce0167-p-773284661,Ceket
118,786618002,TRENDYOLMİLLA,Mavi Blazer Denim Ceket TWOSS24CE00018,479.99,23,/trendyolmilla/mavi-blazer-denim-ceket-twoss24ce00018-p-786618002,Ceket
119,774533134,TRENDYOLMİLLA,Mint Regular Astarlı Kruvaze Kapama Dokuma Blazer Ceket TWOSS20CE0059,672.99,33,/trendyolmilla/mint-regular-astarli-kruvaze-kapama-dokuma-blazer-ceket-twoss20ce0059-p-774533134,Ceket
122,708419275,TRENDYOLMİLLA,Koyu Mavi Regular Astarlı Kruvaze Kapama Dokuma Blazer Ceket TWOSS20CE0059,672.99,141,/trendyolmilla/koyu-mavi-regular-astarli-kruvaze-kapama-dokuma-blazer-ceket-twoss20ce0059-p-708419275,Ceket
123,789941824,TRENDYOLMİLLA,Lacivert Nakış Detaylı Dokuma Regular Blazer Ceket TWOSS24BC00027,469.99,50,/trendyolmilla/lacivert-nakis-detayli-dokuma-regular-blazer-ceket-twoss24bc00027-p-789941824,Ceket
124,773574038,TRENDYOLMİLLA,Nar Çiçeği Regular Astarlı Kruvaze Kapama Dokuma Blazer Ceket TWOSS21CE0137,670.99,50,/trendyolmilla/nar-cicegi-regular-astarli-kruvaze-kapama-dokuma-blazer-ceket-twoss21ce0137-p-773574038,Ceket
125,774623722,TRENDYOLMİLLA,Ekru Crop Dokuma Astarlı Blazer Ceket TWOAW22CE0086,476.99,28,/trendyolmilla/ekru-crop-dokuma-astarli-blazer-ceket-twoaw22ce0086-p-774623722,Ceket
126,74506731,TRENDYOLMİLLA,Lacivert Regular Astarlı Kruvaze Kapama Dokuma Blazer Ceket TWOSS20CE0059,561.99,2384,/trendyolmilla/lacivert-regular-astarli-kruvaze-kapama-dokuma-blazer-ceket-twoss20ce0059-p-74506731,Ceket
127,820059421,TRENDYOLMİLLA,Ekru Premium Kalite Kemerli Dokuma Blazer Ceket TWOSS24BC00042,633.99,12,/trendyolmilla/ekru-premium-kalite-kemerli-dokuma-blazer-ceket-twoss24bc00042-p-820059421,Ceket
128,833252800,TRENDYOLMİLLA,Mavi Trucker Denim Ceket TWOAW25CE00003,699.99,0,/trendyolmilla/mavi-trucker-denim-ceket-twoaw25ce00003-p-833252800,Ceket
129,304911310,TRENDYOLMİLLA,Siyah Oversize Trucker Denim Ceket TWOAW23CE00189,517.99,681,/trendyolmilla/siyah-oversize-trucker-denim-ceket-twoaw23ce00189-p-304911310,Ceket
130,833256826,TRENDYOLMİLLA,Mavi Kapüşonlu Denim Ceket TWOAW25CE00008,669.99,0,/trendyolmilla/mavi-kapusonlu-denim-ceket-twoaw25ce00008-p-833256826,Ceket
131,305051739,TRENDYOLMİLLA,Gri Regular Astarlı Düğmeli Dokuma Blazer Ceket TWOAW23BC00017,713.99,1723,/trendyolmilla/gri-regular-astarli-dugmeli-dokuma-blazer-ceket-twoaw23bc00017-p-305051739,Ceket
132,138616915,TRENDYOLMİLLA,Camel Crop Düğmeli Kruvaze Kapama Dokuma Ceket TWOAW22CE0274,548.99,1326,/trendyolmilla/camel-crop-dugmeli-kruvaze-kapama-dokuma-ceket-twoaw22ce0274-p-138616915,Ceket
133,151847855,TRENDYOLMİLLA,Zümrüt Yeşili Regular Astarlı Bağlamalı Dokuma Blazer Ceket TWOAW21CE0320,643.99,884,/trendyolmilla/zumrut-yesili-regular-astarli-baglamali-dokuma-blazer-ceket-twoaw21ce0320-p-151847855,Ceket
134,790594015,TRENDYOL MODEST,Siyah Yakası Taş Detaylı Dokuma Ceket TCTSS24CK00004,479.99,38,/trendyol-modest/siyah-yakasi-tas-detayli-dokuma-ceket-tctss24ck00004-p-790594015,Ceket
135,379068010,TRENDYOLMİLLA,Turuncu Regular Astar Detaylı Dokuma Blazer Ceket TWOAW20CE0316,661.99,359,/trendyolmilla/turuncu-regular-astar-detayli-dokuma-blazer-ceket-twoaw20ce0316-p-379068010,Ceket
136,786955709,TRENDYOLMİLLA,Beyaz Oversize Denim Ceket Gömlek TWOSS24CE00040,339.99,26,/trendyolmilla/beyaz-oversize-denim-ceket-gomlek-twoss24ce00040-p-786955709,Ceket
137,450328245,TRENDYOLMİLLA,Mavi Fermuar Detaylı Biker Denim Ceket TWOSS23CE00050,569.99,258,/trendyolmilla/mavi-fermuar-detayli-biker-denim-ceket-twoss23ce00050-p-450328245,Ceket
138,774506591,TRENDYOLMİLLA,Nar Çiçeği Regular Astar Detaylı Dokuma Blazer Ceket TWOAW20CE0316,702.99,54,/trendyolmilla/nar-cicegi-regular-astar-detayli-dokuma-blazer-ceket-twoaw20ce0316-p-774506591,Ceket
139,132302958,TRENDYOL MODEST,Camel Çift Düğmeli Cep Detaylı Astarlı Blazer Dokuma Ceket TCTAW22CK0007,414.99,819,/trendyol-modest/camel-cift-dugmeli-cep-detayli-astarli-blazer-dokuma-ceket-tctaw22ck0007-p-132302958,Ceket
140,727892480,TRENDYOLMİLLA,Siyah Regular Astarlı Dokuma Blazer Ceket TWOAW24BC00014,205.99,55,/trendyolmilla/siyah-regular-astarli-dokuma-blazer-ceket-twoaw24bc00014-p-727892480,Ceket
141,386004374,TRENDYOLMİLLA,Siyah Cep Detaylı Oversize Denim Ceket TWOSS23CE00021,679.99,481,/trendyolmilla/siyah-cep-detayli-oversize-denim-ceket-twoss23ce00021-p-386004374,Ceket
142,705187573,TRENDYOLMİLLA,Saks Regular Astarlı Kruvaze Kapama Dokuma Blazer Ceket TWOSS21CE0137,671.99,229,/trendyolmilla/saks-regular-astarli-kruvaze-kapama-dokuma-blazer-ceket-twoss21ce0137-p-705187573,Ceket
143,773140957,TRENDYOLMİLLA,Pembe Regular Astarlı Kruvaze Kapama Dokuma Blazer Ceket TWOAW21CE0264,669.99,100,/trendyolmilla/pembe-regular-astarli-kruvaze-kapama-dokuma-blazer-ceket-twoaw21ce0264-p-773140957,Ceket
144,379118079,TRENDYOLMİLLA,Lacivert Oversize Astarlı Dokuma Blazer Ceket TWOSS22CE0077,686.99,260,/trendyolmilla/lacivert-oversize-astarli-dokuma-blazer-ceket-twoss22ce0077-p-379118079,Ceket
145,807856843,TRENDYOL MODEST,Açık Kahverengi Çift Düğme Detaylı Cepli Astarlı Blazer Dokuma Ceket TCTSS22CE0250,420.99,20,/trendyol-modest/acik-kahverengi-cift-dugme-detayli-cepli-astarli-blazer-dokuma-ceket-tctss22ce0250-p-807856843,Ceket
146,341077439,TRENDYOLMİLLA,Fuşya Regular Astarlı Kruvaze Kapama Dokuma Blazer Ceket TWOSS20CE0059,656.99,890,/trendyolmilla/fusya-regular-astarli-kruvaze-kapama-dokuma-blazer-ceket-twoss20ce0059-p-341077439,Ceket
147,655840072,TRENDYOLMİLLA,Siyah Oversize Denim Ceket TWOSS23CE00073,899.99,210,/trendyolmilla/siyah-oversize-denim-ceket-twoss23ce00073-p-655840072,Ceket
148,195050239,TRENDYOLMİLLA,Taş Regular Astarlı Dokuma Blazer Ceket TWOSS21CE0137,581.99,3207,/trendyolmilla/tas-regular-astarli-dokuma-blazer-ceket-twoss21ce0137-p-195050239,Ceket
149,833250272,TRENDYOLMİLLA,Açık Mavi Oversize Denim Ceket TWOAW25CE00006,779.99,0,/trendyolmilla/acik-mavi-oversize-denim-ceket-twoaw25ce00006-p-833250272,Ceket
150,704346450,TRENDYOLMİLLA,Gri Crop Astarlı Dokuma Blazer Ceket TWOAW22CE0086,511.99,61,/trendyolmilla/gri-crop-astarli-dokuma-blazer-ceket-twoaw22ce0086-p-704346450,Ceket
151,787834367,TRENDYOLMİLLA,Lacivert Cep Detaylı Crop Dokuma Blazer Ceket TWOSS24BC00035,310.99,15,/trendyolmilla/lacivert-cep-detayli-crop-dokuma-blazer-ceket-twoss24bc00035-p-787834367,Ceket
152,790413581,TRENDYOLMİLLA,Bej Paraşüt Detaylı Cepli Çıtçıtlı Bomber Ceket TWOAW24CE00173,544.99,0,/trendyolmilla/bej-parasut-detayli-cepli-citcitli-bomber-ceket-twoaw24ce00173-p-790413581,Ceket
153,773574064,TRENDYOLMİLLA,Açık Kahverengi Regular Astarlı Kruvaze Kapama Dokuma Blazer Ceket TWOSS21CE0137,657.99,82,/trendyolmilla/acik-kahverengi-regular-astarli-kruvaze-kapama-dokuma-blazer-ceket-twoss21ce0137-p-773574064,Ceket
154,743273233,TRENDYOLMİLLA,Koyu Mor Regular Astar Detaylı Dokuma Blazer Ceket TWOAW20CE0316,680.99,232,/trendyolmilla/koyu-mor-regular-astar-detayli-dokuma-blazer-ceket-twoaw20ce0316-p-743273233,Ceket
155,815745253,TRENDYOLMİLLA,Bej %100 Keten Ceket TWOSS24CE00048,599.99,5,/trendyolmilla/bej-100-keten-ceket-twoss24ce00048-p-815745253,Ceket
156,774623861,TRENDYOLMİLLA,Mint Kruvaze Kapama Dokuma Astarlı Suni Deri Blazer Ceket TWOAW21CE0156,490.99,26,/trendyolmilla/mint-kruvaze-kapama-dokuma-astarli-suni-deri-blazer-ceket-twoaw21ce0156-p-774623861,Ceket
157,140533743,TRENDYOLMİLLA,Bej Regular Astarlı Kruvaze Kapama Dokuma Blazer Ceket TWOAW21CE0264,623.99,1148,/trendyolmilla/bej-regular-astarli-kruvaze-kapama-dokuma-blazer-ceket-twoaw21ce0264-p-140533743,Ceket
158,141683647,TRENDYOLMİLLA,Kahverengi Regular Astarlı Düğmeli Dokuma Ceket TWOAW22CE0622,693.99,570,/trendyolmilla/kahverengi-regular-astarli-dugmeli-dokuma-ceket-twoaw22ce0622-p-141683647,Ceket
159,42725350,TRENDYOLMİLLA,Gri Oversize Astarlı Kruvaze Kapama Dokuma Blazer Ceket TWOAW20CE0130,512.99,1251,/trendyolmilla/gri-oversize-astarli-kruvaze-kapama-dokuma-blazer-ceket-twoaw20ce0130-p-42725350,Ceket
160,786953708,TRENDYOLMİLLA,Beyaz Oversize Denim Ceket TWOSS24CE00033,599.99,31,/trendyolmilla/beyaz-oversize-denim-ceket-twoss24ce00033-p-786953708,Ceket
161,774489164,TRENDYOLMİLLA,Mavi Regular Astarlı Dokuma Blazer Ceket TWOSS22CE0104,651.99,32,/trendyolmilla/mavi-regular-astarli-dokuma-blazer-ceket-twoss22ce0104-p-774489164,Ceket
162,738091158,TRENDYOLMİLLA,Gri Premium Yün Görünümlü Regular Astarlı Dokuma Ekose Blazer Ceket TWOAW24BC00048,763.99,74,/trendyolmilla/gri-premium-yun-gorunumlu-regular-astarli-dokuma-ekose-blazer-ceket-twoaw24bc00048-p-738091158,Ceket
163,48348188,TRENDYOLMİLLA,Haki Cep Detaylı Düğmeli Dokuma Ceket TWOAW21CE0020,427.99,336,/trendyolmilla/haki-cep-detayli-dugmeli-dokuma-ceket-twoaw21ce0020-p-48348188,Ceket
164,773660419,TRENDYOLMİLLA,Ekru Regular Crop Çizgili Dokuma Blazer Ceket TWOSS23BC00029,675.99,33,/trendyolmilla/ekru-regular-crop-cizgili-dokuma-blazer-ceket-twoss23bc00029-p-773660419,Ceket
165,786969267,TRENDYOLMİLLA,Siyah Volanlı Fitted Denim Ceket TWOSS24CE00039,397.99,18,/trendyolmilla/siyah-volanli-fitted-denim-ceket-twoss24ce00039-p-786969267,Ceket
166,43534644,TRENDYOLMİLLA,Camel Regular Astar Detaylı Dokuma Blazer Ceket TWOAW20CE0316,577.99,3274,/trendyolmilla/camel-regular-astar-detayli-dokuma-blazer-ceket-twoaw20ce0316-p-43534644,Ceket
167,782194057,TRENDYOLMİLLA,Siyah Dokuma Aksesuar Detaylı Regular Blazer Ceket TWOSS24BC00012,670.99,45,/trendyolmilla/siyah-dokuma-aksesuar-detayli-regular-blazer-ceket-twoss24bc00012-p-782194057,Ceket
168,774489166,TRENDYOLMİLLA,Vizon Regular Astarlı Dokuma Blazer Ceket TWOSS22CE0104,411.99,61,/trendyolmilla/vizon-regular-astarli-dokuma-blazer-ceket-twoss22ce0104-p-774489166,Ceket
169,781034479,TRENDYOLMİLLA,Bej Çizgili Kruvaze Kapama Pamuk Keten Dokuma Blazer Ceket TWOSS24BC00016,587.99,70,/trendyolmilla/bej-cizgili-kruvaze-kapama-pamuk-keten-dokuma-blazer-ceket-twoss24bc00016-p-781034479,Ceket
170,774534736,TRENDYOLMİLLA,Açık Mor Regular Astarlı Kruvaze Kapama Dokuma Blazer Ceket TWOSS20CE0059,638.99,69,/trendyolmilla/acik-mor-regular-astarli-kruvaze-kapama-dokuma-blazer-ceket-twoss20ce0059-p-774534736,Ceket
171,151875079,TRENDYOLMİLLA,Yeşil Regular Astarlı Kruvaze Kapama Dokuma Blazer Ceket TWOSS20CE0059,645.99,482,/trendyolmilla/yesil-regular-astarli-kruvaze-kapama-dokuma-blazer-ceket-twoss20ce0059-p-151875079,Ceket
172,830481977,TRENDYOLMİLLA,Koyu Kahverengi Regular Astarlı Kruvaze Kapama Dokuma Blazer Ceket TWOAW21CE0264,615.99,0,/trendyolmilla/koyu-kahverengi-regular-astarli-kruvaze-kapama-dokuma-blazer-ceket-twoaw21ce0264-p-830481977,Ceket
173,744775821,TRENDYOLMİLLA,Lacivert Limited Edition Fitted Dokuma Ceket TWOAW24CE00123,696.99,140,/trendyolmilla/lacivert-limited-edition-fitted-dokuma-ceket-twoaw24ce00123-p-744775821,Ceket
174,743273109,TRENDYOLMİLLA,Açık Haki Regular Astar Detaylı Dokuma Blazer Ceket TWOAW20CE0316,697.99,47,/trendyolmilla/acik-haki-regular-astar-detayli-dokuma-blazer-ceket-twoaw20ce0316-p-743273109,Ceket
175,383953754,TRENDYOLMİLLA,Gri Oversize Astarlı Dokuma Blazer Ceket TWOSS23BC00067,694.99,184,/trendyolmilla/gri-oversize-astarli-dokuma-blazer-ceket-twoss23bc00067-p-383953754,Ceket
176,283925512,TRENDYOLMİLLA,Siyah Crop Astarlı Dokuma Blazer Ceket TWOAW23CE00051,500.99,456,/trendyolmilla/siyah-crop-astarli-dokuma-blazer-ceket-twoaw23ce00051-p-283925512,Ceket
177,786973651,TRENDYOLMİLLA,Koyu Mavi Fermuar Detaylı Biker Denim Ceket TWOSS24CE00038,573.99,14,/trendyolmilla/koyu-mavi-fermuar-detayli-biker-denim-ceket-twoss24ce00038-p-786973651,Ceket
178,85767270,TRENDYOLMİLLA,Bej Regular Astarlı Kruvaze Kapama Dokuma Blazer Ceket TWOSS21CE0107,606.99,3404,/trendyolmilla/bej-regular-astarli-kruvaze-kapama-dokuma-blazer-ceket-twoss21ce0107-p-85767270,Ceket
179,371774799,TRENDYOLMİLLA,Açık Kahverengi Regular Astarlı Kruvaze Kapama Düğme Detaylı Dokuma Blazer Ceket TWOAW21CE0264,654.99,424,/trendyolmilla/acik-kahverengi-regular-astarli-kruvaze-kapama-dugme-detayli-dokuma-blazer-ceket-twoaw21ce0264-p-371774799,Ceket
180,730837878,TRENDYOLMİLLA,Yeşil Tüvit Regular Dokuma Ceket TWOAW24CE00022,214.99,53,/trendyolmilla/yesil-tuvit-regular-dokuma-ceket-twoaw24ce00022-p-730837878,Ceket
181,774506596,TRENDYOLMİLLA,Koyu Bej Regular Astar Detaylı Dokuma Blazer Ceket TWOAW20CE0316,662.99,64,/trendyolmilla/koyu-bej-regular-astar-detayli-dokuma-blazer-ceket-twoaw20ce0316-p-774506596,Ceket
182,738395083,TRENDYOLMİLLA,Antrasit Premium Regular Astarlı Dokuma Blazer Ceket TWOAW24BC00052,831.99,50,/trendyolmilla/antrasit-premium-regular-astarli-dokuma-blazer-ceket-twoaw24bc00052-p-738395083,Ceket
183,741799973,TRENDYOLMİLLA,Haki Oversize Astarlı Dokuma Blazer Ceket TWOAW24BC00070,701.99,56,/trendyolmilla/haki-oversize-astarli-dokuma-blazer-ceket-twoaw24bc00070-p-741799973,Ceket
184,455990398,TRENDYOLMİLLA,Siyah Astarlı Parıltılı Payet Ceket TPRSS23CE00017,512.99,315,/trendyolmilla/siyah-astarli-pariltili-payet-ceket-tprss23ce00017-p-455990398,Ceket
185,131070430,TRENDYOLMİLLA,Siyah Regular Astarlı Düğmeli Dokuma Blazer Ceket TWOAW22CE0046,666.99,1027,/trendyolmilla/siyah-regular-astarli-dugmeli-dokuma-blazer-ceket-twoaw22ce0046-p-131070430,Ceket
186,186441842,TRENDYOLMİLLA,Siyah Düğmeli Ekose Dokuma Blazer Ceket TWOSS22CE0088,551.99,1622,/trendyolmilla/siyah-dugmeli-ekose-dokuma-blazer-ceket-twoss22ce0088-p-186441842,Ceket
187,379068011,TRENDYOLMİLLA,Yeşil Regular Astar Detaylı Dokuma Blazer Ceket TWOAW20CE0316,681.99,435,/trendyolmilla/yesil-regular-astar-detayli-dokuma-blazer-ceket-twoaw20ce0316-p-379068011,Ceket
188,737458427,TRENDYOLMİLLA,Kahverengi Premium Kalite Regular Normal Kalıp Astarlı Kaşe Kumaş Dokuma Blazer Ceket TWOAW24BC00039,805.99,67,/trendyolmilla/kahverengi-premium-kalite-regular-normal-kalip-astarli-kase-kumas-dokuma-blazer-ceket-twoaw24bc00039-p-737458427,Ceket
189,774667593,TRENDYOLMİLLA,Açık Mavi Trucker Oversize Denim Ceket TWOSS24CE00004,381.99,12,/trendyolmilla/acik-mavi-trucker-oversize-denim-ceket-twoss24ce00004-p-774667593,Ceket
190,704823181,TRENDYOLMİLLA,Koyu Gri Regular Astarlı Kruvaze Kapama Dokuma Blazer Ceket TWOAW21CE0264,666.99,128,/trendyolmilla/koyu-gri-regular-astarli-kruvaze-kapama-dokuma-blazer-ceket-twoaw21ce0264-p-704823181,Ceket
191,316423427,TRENDYOLMİLLA,Siyah Crop Dokuma Astarlı Kruvaze Kapama Blazer Ceket TWOAW23BC00100,514.99,788,/trendyolmilla/siyah-crop-dokuma-astarli-kruvaze-kapama-blazer-ceket-twoaw23bc00100-p-316423427,Ceket
193,785786209,TRENDYOLMİLLA,Açık Mavi Oversize Püskül Detaylı Denim Ceket TWOSS24CE00021,512.99,35,/trendyolmilla/acik-mavi-oversize-puskul-detayli-denim-ceket-twoss24ce00021-p-785786209,Ceket
194,785185670,TRENDYOLMİLLA,Koyu Mavi More Sustainable Bomber Denim Ceket TWOSS24CE00028,470.99,21,/trendyolmilla/koyu-mavi-more-sustainable-bomber-denim-ceket-twoss24ce00028-p-785185670,Ceket
195,773284665,TRENDYOLMİLLA,Gül Kurusu Oversize Astarlı Düğmeli Dokuma Blazer Ceket TWOAW22CE0167,684.99,43,/trendyolmilla/gul-kurusu-oversize-astarli-dugmeli-dokuma-blazer-ceket-twoaw22ce0167-p-773284665,Ceket
196,771901205,TRENDYOLMİLLA,Beyaz Oversize Astarlı Dokuma Blazer Ceket TWOSS22CE0077,603.99,26,/trendyolmilla/beyaz-oversize-astarli-dokuma-blazer-ceket-twoss22ce0077-p-771901205,Ceket
197,736127372,TRENDYOLMİLLA,Gri Premium Regular Astarlı Dokuma Blazer Ceket TWOAW24BC00033,674.99,78,/trendyolmilla/gri-premium-regular-astarli-dokuma-blazer-ceket-twoaw24bc00033-p-736127372,Ceket
198,705187567,TRENDYOLMİLLA,Fıstık Yeşil Regular Astarlı Kruvaze Kapama Dokuma Blazer Ceket TWOSS21CE0137,654.99,131,/trendyolmilla/fistik-yesil-regular-astarli-kruvaze-kapama-dokuma-blazer-ceket-twoss21ce0137-p-705187567,Ceket
199,716197023,TRENDYOLMİLLA,Siyah Cep Detaylı Oversize Denim Ceket TWOSS21CE0289,650.99,256,/trendyolmilla/siyah-cep-detayli-oversize-denim-ceket-twoss21ce0289-p-716197023,Ceket
200,830484200,TRENDYOLMİLLA,Kahverengi Oversize Astarlı Dokuma Blazer Ceket TWOAW20CE0130,591.99,0,/trendyolmilla/kahverengi-oversize-astarli-dokuma-blazer-ceket-twoaw20ce0130-p-830484200,Ceket
201,379128253,TRENDYOLMİLLA,Açık Kahverengi Regular Astarlı Dokuma Blazer Ceket TWOSS21CE0029,615.99,296,/trendyolmilla/acik-kahverengi-regular-astarli-dokuma-blazer-ceket-twoss21ce0029-p-379128253,Ceket
202,194985460,TRENDYOLMİLLA,Indigo Regular Bağlamalı Dokuma Blazer Ceket TWOSS22CE0175,635.99,709,/trendyolmilla/indigo-regular-baglamali-dokuma-blazer-ceket-twoss22ce0175-p-194985460,Ceket
203,787835035,TRENDYOLMİLLA,Ekru Premium Kalite Ederli Crop Dokuma Blazer Ceket TWOSS24BC00036,484.99,20,/trendyolmilla/ekru-premium-kalite-ederli-crop-dokuma-blazer-ceket-twoss24bc00036-p-787835035,Ceket
204,744595130,TRENDYOLMİLLA,Fuşya Limited Edition Regular Dokuma Ceket TWOAW24CE00121,768.99,42,/trendyolmilla/fusya-limited-edition-regular-dokuma-ceket-twoaw24ce00121-p-744595130,Ceket
205,782234121,TRENDYOLMİLLA,Gri Poliviskon Çizgili Crop Premium Dokuma Blazer Ceket TWOSS24BC00025,424.99,23,/trendyolmilla/gri-poliviskon-cizgili-crop-premium-dokuma-blazer-ceket-twoss24bc00025-p-782234121,Ceket
206,708475373,TRENDYOLMİLLA,Zümrüt Yeşili Oversize Astarlı Kruvaze Kapama Dokuma Blazer Ceket TWOSS20CE0024,600.99,69,/trendyolmilla/zumrut-yesili-oversize-astarli-kruvaze-kapama-dokuma-blazer-ceket-twoss20ce0024-p-708475373,Ceket
207,833252795,TRENDYOLMİLLA,Siyah Trucker Denim Ceket TWOAW25CE00003,699.99,0,/trendyolmilla/siyah-trucker-denim-ceket-twoaw25ce00003-p-833252795,Ceket
208,782292710,TRENDYOLMİLLA,Camel Kısa Kollu Dokuma Keten Görünümlü Blazer Ceket TWOSS24BC00023,571.99,12,/trendyolmilla/camel-kisa-kollu-dokuma-keten-gorunumlu-blazer-ceket-twoss24bc00023-p-782292710,Ceket
209,782292748,TRENDYOLMİLLA,Haki Dokuma Kısa Kollu Keten Görünümlü Blazer Ceket TWOSS24BC00023,532.99,10,/trendyolmilla/haki-dokuma-kisa-kollu-keten-gorunumlu-blazer-ceket-twoss24bc00023-p-782292748,Ceket
210,775714575,TRENDYOLMİLLA,Açık Mavi Beli Lastikli Gold Düğme Detaylı Oversize Uzun Denim Ceket TWOSS24CE00013,456.99,23,/trendyolmilla/acik-mavi-beli-lastikli-gold-dugme-detayli-oversize-uzun-denim-ceket-twoss24ce00013-p-775714575,Ceket
211,443804230,TRENDYOLMİLLA,Siyah Regular Astarlı Dokuma Blazer Ceket TWOSS23BC00113,555.99,173,/trendyolmilla/siyah-regular-astarli-dokuma-blazer-ceket-twoss23bc00113-p-443804230,Ceket
212,792804373,TRENDYOLMİLLA,Beyaz Renk Bloklu Kemerli Oversize Denim Ceket TWOSS21CE0186,789.99,52,/trendyolmilla/beyaz-renk-bloklu-kemerli-oversize-denim-ceket-twoss21ce0186-p-792804373,Ceket
213,744597080,TRENDYOLMİLLA,Ekru Limited Edition Crop Dokuma Ceket TWOAW24CE00122,764.99,102,/trendyolmilla/ekru-limited-edition-crop-dokuma-ceket-twoaw24ce00122-p-744597080,Ceket
214,797927282,TRENDYOLMİLLA,Siyah Keten Görünümlü Astarsız Ceket TWOSS24CE00045,145.99,20,/trendyolmilla/siyah-keten-gorunumlu-astarsiz-ceket-twoss24ce00045-p-797927282,Ceket
215,830475994,TRENDYOLMİLLA,Vizon Regular Astarlı Düğmeli Dokuma Blazer Ceket TWOAW22CE0046,652.99,0,/trendyolmilla/vizon-regular-astarli-dugmeli-dokuma-blazer-ceket-twoaw22ce0046-p-830475994,Ceket
216,823655805,Edit by Trendyol,Siyah Dokuma Blazer Ceket TEDSS24BC00000,447.99,16,/edit-by-trendyol/siyah-dokuma-blazer-ceket-tedss24bc00000-p-823655805,Ceket
217,785884830,TRENDYOL MODEST,Siyah Regular Düğmeli Kuşak Detaylı Finike Dokuma Ceket TCTSS24CK00003,449.99,14,/trendyol-modest/siyah-regular-dugmeli-kusak-detayli-finike-dokuma-ceket-tctss24ck00003-p-785884830,Ceket
218,359465857,TRENDYOLMİLLA,Turuncu Crop Astarlı Dokuma Blazer Ceket TWOAW22CE0086,515.99,258,/trendyolmilla/turuncu-crop-astarli-dokuma-blazer-ceket-twoaw22ce0086-p-359465857,Ceket
219,828805114,TRENDYOLMİLLA,Kahverengi Regular Crop Çizgili Dokuma Blazer Ceket TWOSS23BC00029,672.99,0,/trendyolmilla/kahverengi-regular-crop-cizgili-dokuma-blazer-ceket-twoss23bc00029-p-828805114,Ceket
220,774533098,TRENDYOLMİLLA,Açık Turuncu Regular Astarlı Dokuma Kruvaze Kapama Blazer Ceket TWOSS20CE0059,537.99,18,/trendyolmilla/acik-turuncu-regular-astarli-dokuma-kruvaze-kapama-blazer-ceket-twoss20ce0059-p-774533098,Ceket
221,708182106,TRENDYOLMİLLA,Taş Regular Astarlı Dokuma Blazer Ceket TWOAW21CE0320,671.99,120,/trendyolmilla/tas-regular-astarli-dokuma-blazer-ceket-twoaw21ce0320-p-708182106,Ceket
222,744585644,TRENDYOLMİLLA,Gri Limited Edition Crop Dokuma Blazer Ceket TWOAW24BC00090,705.99,80,/trendyolmilla/gri-limited-edition-crop-dokuma-blazer-ceket-twoaw24bc00090-p-744585644,Ceket
223,784562688,TRENDYOLMİLLA,Vizon Cep Detaylı Utility Crop Dokuma Ceket TWOSS24CE00031,615.99,49,/trendyolmilla/vizon-cep-detayli-utility-crop-dokuma-ceket-twoss24ce00031-p-784562688,Ceket
224,304159818,TRENDYOLMİLLA,Siyah Regular Astarlı Düğmeli Dokuma Blazer Ceket TWOAW23BC00023,625.99,574,/trendyolmilla/siyah-regular-astarli-dugmeli-dokuma-blazer-ceket-twoaw23bc00023-p-304159818,Ceket
225,705469653,TRENDYOLMİLLA,Zümrüt Yeşili Tüvit Crop Dokuma Ceket TWOAW23CE00215,459.99,54,/trendyolmilla/zumrut-yesili-tuvit-crop-dokuma-ceket-twoaw23ce00215-p-705469653,Ceket
226,774509898,TRENDYOLMİLLA,Mint Regular Astarlı Düğmeli Dokuma Blazer Ceket TWOAW22CE0168,471.99,30,/trendyolmilla/mint-regular-astarli-dugmeli-dokuma-blazer-ceket-twoaw22ce0168-p-774509898,Ceket
227,144427789,TRENDYOLMİLLA,Ekru Tüvit Oversize Dokuma Ekose Blazer Ceket TWOAW21CE0105,738.99,654,/trendyolmilla/ekru-tuvit-oversize-dokuma-ekose-blazer-ceket-twoaw21ce0105-p-144427789,Ceket
228,773140956,TRENDYOLMİLLA,Mor Regular Astarlı Kruvaze Kapama Dokuma Blazer Ceket TWOAW21CE0264,666.99,31,/trendyolmilla/mor-regular-astarli-kruvaze-kapama-dokuma-blazer-ceket-twoaw21ce0264-p-773140956,Ceket
229,738484910,TRENDYOLMİLLA,Siyah Crop Dokuma Çizgili Blazer Ceket TWOAW24BC00055,603.99,103,/trendyolmilla/siyah-crop-dokuma-cizgili-blazer-ceket-twoaw24bc00055-p-738484910,Ceket
230,782054649,TRENDYOLMİLLA,Taş Premium Dokuma Blazer Ceket TWOSS24BC00011,309.99,13,/trendyolmilla/tas-premium-dokuma-blazer-ceket-twoss24bc00011-p-782054649,Ceket
231,359466001,TRENDYOLMİLLA,Yeşil Crop Dokuma Astarlı Blazer Ceket TWOAW22CE0086,520.99,237,/trendyolmilla/yesil-crop-dokuma-astarli-blazer-ceket-twoaw22ce0086-p-359466001,Ceket
232,833249951,TRENDYOLMİLLA,Mavi Yaka Detaylı Crop Denim Ceket TWOAW25CE00004,659.99,0,/trendyolmilla/mavi-yaka-detayli-crop-denim-ceket-twoaw25ce00004-p-833249951,Ceket
233,304157943,TRENDYOLMİLLA,Siyah Dokuma Astarlı Kruvaze Kapama Blazer Ceket TWOAW23BC00022,556.99,364,/trendyolmilla/siyah-dokuma-astarli-kruvaze-kapama-blazer-ceket-twoaw23bc00022-p-304157943,Ceket
234,708138913,TRENDYOLMİLLA,Mor Oversize Astarlı Dokuma Blazer Ceket TWOAW20CE0130,672.99,95,/trendyolmilla/mor-oversize-astarli-dokuma-blazer-ceket-twoaw20ce0130-p-708138913,Ceket
235,774478985,TRENDYOLMİLLA,Açık Haki Oversize Astarlı Kruvaze Kapama Dokuma Blazer Ceket TWOSS20CE0024,553.99,37,/trendyolmilla/acik-haki-oversize-astarli-kruvaze-kapama-dokuma-blazer-ceket-twoss20ce0024-p-774478985,Ceket
236,371774788,TRENDYOLMİLLA,Petrol Regular Astarlı Düğme Detaylı Dokuma Blazer Ceket TWOAW21CE0264,648.99,551,/trendyolmilla/petrol-regular-astarli-dugme-detayli-dokuma-blazer-ceket-twoaw21ce0264-p-371774788,Ceket
237,379098629,TRENDYOLMİLLA,Mor Regular Astarlı Kruvaze Kapama Dokuma Blazer Ceket TWOSS20CE0059,657.99,287,/trendyolmilla/mor-regular-astarli-kruvaze-kapama-dokuma-blazer-ceket-twoss20ce0059-p-379098629,Ceket
238,142587305,TRENDYOLMİLLA,Siyah Suni Deri Oversize Cep Detaylı Dokuma Ceket TWOAW22CE0633,691.99,850,/trendyolmilla/siyah-suni-deri-oversize-cep-detayli-dokuma-ceket-twoaw22ce0633-p-142587305,Ceket
239,788690097,TRENDYOLMİLLA,Gri Oversize Basic Dokuma Blazer Ceket TWOSS24BC00029,601.99,26,/trendyolmilla/gri-oversize-basic-dokuma-blazer-ceket-twoss24bc00029-p-788690097,Ceket
240,444511946,TRENDYOLMİLLA,Gri Crop Astarlı Kruvaze Kapama Dokuma Çizgili Poliviskon Blazer Ceket TWOSS23BC00123,686.99,351,/trendyolmilla/gri-crop-astarli-kruvaze-kapama-dokuma-cizgili-poliviskon-blazer-ceket-twoss23bc00123-p-444511946,Ceket
241,825829614,TRENDYOL MODEST,Lacivert Regular Finike Düz Dokuma TCTAW22CK0007,728.99,1,/trendyol-modest/lacivert-regular-finike-duz-dokuma-tctaw22ck0007-p-825829614,Ceket
242,733829615,TRENDYOLMİLLA,Bej Oversize/Geniş Kalıp Cepli ve Düğmeli Polo Yaka Kalın İçi Polarlı Örme Ceket TWOAW24CE00000,523.99,77,/trendyolmilla/bej-oversize-genis-kalip-cepli-ve-dugmeli-polo-yaka-kalin-ici-polarli-orme-ceket-twoaw24ce00000-p-733829615,Ceket
243,782216897,TRENDYOLMİLLA,Lacivert Poliviskon Çizgili Crop Premium Dokuma Blazer Ceket TWOSS24BC00009,539.99,36,/trendyolmilla/lacivert-poliviskon-cizgili-crop-premium-dokuma-blazer-ceket-twoss24bc00009-p-782216897,Ceket
244,147419755,TRENDYOLMİLLA,Antrasit Regular Astarlı Düğmeli Dokuma Blazer Ceket TWOAW22CE0667,762.99,388,/trendyolmilla/antrasit-regular-astarli-dugmeli-dokuma-blazer-ceket-twoaw22ce0667-p-147419755,Ceket
245,292770150,TRENDYOLMİLLA,Fuşya Suni Deri Kruvaze Kapama Astarlı Dokuma Blazer Ceket TWOAW21CE0156,832.99,1285,/trendyolmilla/fusya-suni-deri-kruvaze-kapama-astarli-dokuma-blazer-ceket-twoaw21ce0156-p-292770150,Ceket
246,823655809,Edit by Trendyol,Bej Dokuma Blazer Ceket TEDSS24BC00000,473.99,16,/edit-by-trendyol/bej-dokuma-blazer-ceket-tedss24bc00000-p-823655809,Ceket
247,828805117,TRENDYOLMİLLA,Lacivert Regular Crop Çizgili Dokuma Blazer Ceket TWOSS23BC00029,672.99,0,/trendyolmilla/lacivert-regular-crop-cizgili-dokuma-blazer-ceket-twoss23bc00029-p-828805117,Ceket
248,312882703,TRENDYOLMİLLA,Fuşya Tüvit Regular Astarlı Kruvaze Kapama Dokuma Kazayağı Blazer Ceket TWOAW23CE00160,818.99,417,/trendyolmilla/fusya-tuvit-regular-astarli-kruvaze-kapama-dokuma-kazayagi-blazer-ceket-twoaw23ce00160-p-312882703,Ceket
249,34613957,TRENDYOLMİLLA,Lacivert Regular Astarlı Dokuma Blazer Ceket TWOSS20CE0126,652.99,1045,/trendyolmilla/lacivert-regular-astarli-dokuma-blazer-ceket-twoss20ce0126-p-34613957,Ceket
250,791666989,TRENDYOL MODEST,Ekru Gold Düğmeli Tüvit Dokuma Ceket TCTSS24CK00005,359.99,12,/trendyol-modest/ekru-gold-dugmeli-tuvit-dokuma-ceket-tctss24ck00005-p-791666989,Ceket
251,285549446,TRENDYOLMİLLA,Kahverengi Regular Astarlı Kruvaze Kapama Çizgili Dokuma Blazer Ceket TWOAW23CE00100,697.99,640,/trendyolmilla/kahverengi-regular-astarli-kruvaze-kapama-cizgili-dokuma-blazer-ceket-twoaw23ce00100-p-285549446,Ceket
252,316423445,TRENDYOLMİLLA,Kahverengi Crop Dokuma Astarlı Kruvaze Kapama Blazer Ceket TWOAW23BC00100,470.99,422,/trendyolmilla/kahverengi-crop-dokuma-astarli-kruvaze-kapama-blazer-ceket-twoaw23bc00100-p-316423445,Ceket
253,814877436,Edit by Trendyol,Pudra Keten Görünümlü Dokuma Blazer Ceket TEDSS24BC00001,206.99,3,/edit-by-trendyol/pudra-keten-gorunumlu-dokuma-blazer-ceket-tedss24bc00001-p-814877436,Ceket
254,830362723,TRENDYOLMİLLA,Koyu Lacivert Regular Astarlı Kruvaze Kapama Dokuma Blazer Ceket TWOSS21CE0107,665.99,0,/trendyolmilla/koyu-lacivert-regular-astarli-kruvaze-kapama-dokuma-blazer-ceket-twoss21ce0107-p-830362723,Ceket
255,774672852,TRENDYOLMİLLA,Mavi Soluk Efekt Vintage Oversize Crop Denim Ceket TWOSS24CE00010,458.99,12,/trendyolmilla/mavi-soluk-efekt-vintage-oversize-crop-denim-ceket-twoss24ce00010-p-774672852,Ceket
256,774479813,TRENDYOLMİLLA,Bej Crop Dokuma Astarlı Kruvaze Kapama Blazer Ceket TWOAW23BC00100,351.99,21,/trendyolmilla/bej-crop-dokuma-astarli-kruvaze-kapama-blazer-ceket-twoaw23bc00100-p-774479813,Ceket
257,284026454,TRENDYOLMİLLA,Bej Polar Kalın Oversize Örme Ceket TWOAW23CE00103,494.99,307,/trendyolmilla/bej-polar-kalin-oversize-orme-ceket-twoaw23ce00103-p-284026454,Ceket
258,177277003,TRENDYOLMİLLA,Siyah Regular Astarlı Dokuma Blazer Ceket TWOSS22CE0074,653.99,358,/trendyolmilla/siyah-regular-astarli-dokuma-blazer-ceket-twoss22ce0074-p-177277003,Ceket
259,304166700,TRENDYOLMİLLA,Siyah Regular Astarlı Düğmeli Dokuma Blazer Ceket TWOAW23BC00025,620.99,424,/trendyolmilla/siyah-regular-astarli-dugmeli-dokuma-blazer-ceket-twoaw23bc00025-p-304166700,Ceket
260,359458131,TRENDYOLMİLLA,Fuşya Crop Dokuma Astarlı Ceket TWOAW22CE0086,509.99,299,/trendyolmilla/fusya-crop-dokuma-astarli-ceket-twoaw22ce0086-p-359458131,Ceket
261,292770223,TRENDYOLMİLLA,Bordo Suni Deri Kruvaze Kapama Astarlı Dokuma Blazer Ceket TWOAW21CE0156,860.99,854,/trendyolmilla/bordo-suni-deri-kruvaze-kapama-astarli-dokuma-blazer-ceket-twoaw21ce0156-p-292770223,Ceket
262,825829914,TRENDYOL MODEST,Haki Regular Finike Düz Dokuma TCTAW22CK0031,1079.99,0,/trendyol-modest/haki-regular-finike-duz-dokuma-tctaw22ck0031-p-825829914,Ceket
263,800247618,TRENDYOLMİLLA,Lacivert %100 Keten Ceket TWOSS24CE00046,779.99,10,/trendyolmilla/lacivert-100-keten-ceket-twoss24ce00046-p-800247618,Ceket
264,785195252,TRENDYOLMİLLA,Mavi Oversize Blazer Denim Ceket TWOSS24CE00023,470.99,23,/trendyolmilla/mavi-oversize-blazer-denim-ceket-twoss24ce00023-p-785195252,Ceket
265,774623721,TRENDYOLMİLLA,Kırmızı Crop Dokuma Astarlı Ceket TWOAW22CE0086,443.99,24,/trendyolmilla/kirmizi-crop-dokuma-astarli-ceket-twoaw22ce0086-p-774623721,Ceket
266,773140958,TRENDYOLMİLLA,Antrasit Regular Astarlı Kruvaze Kapama Dokuma Blazer Ceket TWOAW21CE0272,457.99,32,/trendyolmilla/antrasit-regular-astarli-kruvaze-kapama-dokuma-blazer-ceket-twoaw21ce0272-p-773140958,Ceket
267,383892795,TRENDYOLMİLLA,Siyah Regular Astar Detaylı Dokuma Blazer Ceket TWOSS23BC00060,653.99,155,/trendyolmilla/siyah-regular-astar-detayli-dokuma-blazer-ceket-twoss23bc00060-p-383892795,Ceket
268,302127218,TRENDYOLMİLLA,Kırmızı Dokuma Astarlı Kruvaze Kapama Blazer Ceket TWOAW23BC00019,680.99,1106,/trendyolmilla/kirmizi-dokuma-astarli-kruvaze-kapama-blazer-ceket-twoaw23bc00019-p-302127218,Ceket
269,286034630,TRENDYOLMİLLA,Mint Ekose Regular Astarlı Ekose Dokuma Ceket TWOAW23CE00094,703.99,416,/trendyolmilla/mint-ekose-regular-astarli-ekose-dokuma-ceket-twoaw23ce00094-p-286034630,Ceket
270,208839514,TRENDYOL MODEST,Ekru Çift Düğme Detaylı Cepli Astarlı Blazer Dokuma Ceket TCTSS22CE0250,659.99,427,/trendyol-modest/ekru-cift-dugme-detayli-cepli-astarli-blazer-dokuma-ceket-tctss22ce0250-p-208839514,Ceket
271,141785644,TRENDYOLMİLLA,Kahverengi Regular Astar Detaylı Dokuma Blazer Ceket TWOAW20CE0316,717.99,2319,/trendyolmilla/kahverengi-regular-astar-detayli-dokuma-blazer-ceket-twoaw20ce0316-p-141785644,Ceket
272,140533751,TRENDYOLMİLLA,Gri Regular Astarlı Kruvaze Kapama Dokuma Blazer Ceket TWOAW21CE0264,672.99,827,/trendyolmilla/gri-regular-astarli-kruvaze-kapama-dokuma-blazer-ceket-twoaw21ce0264-p-140533751,Ceket
273,134089906,TRENDYOL MODEST,Siyah Düğmeli Blazer Dokuma Ceket TCTAW22CK0032,476.99,1420,/trendyol-modest/siyah-dugmeli-blazer-dokuma-ceket-tctaw22ck0032-p-134089906,Ceket
274,132843090,TRENDYOLMİLLA,Kırmızı Regular Astarlı Düğmeli Dokuma Blazer Ceket TWOAW22CE0165,653.99,1707,/trendyolmilla/kirmizi-regular-astarli-dugmeli-dokuma-blazer-ceket-twoaw22ce0165-p-132843090,Ceket
275,131305281,TRENDYOL MODEST,Mavi Çift Düğmeli Cep Detaylı Astarlı Blazer Dokuma Ceket TCTAW22CK0007,599.99,2092,/trendyol-modest/mavi-cift-dugmeli-cep-detayli-astarli-blazer-dokuma-ceket-tctaw22ck0007-p-131305281,Ceket
276,74506732,TRENDYOLMİLLA,Bej Regular Astarlı Kruvaze Kapama Dokuma Blazer Ceket TWOSS20CE0059,602.99,2285,/trendyolmilla/bej-regular-astarli-kruvaze-kapama-dokuma-blazer-ceket-twoss20ce0059-p-74506732,Ceket
277,51607609,TRENDYOLMİLLA,Antrasit Regular Astarlı Düğme Detaylı Dokuma Blazer Ceket TWOAW21CE0264,564.99,23579,/trendyolmilla/antrasit-regular-astarli-dugme-detayli-dokuma-blazer-ceket-twoaw21ce0264-p-51607609,Ceket
278,50072815,TRENDYOLMİLLA,Siyah Suni Deri Regular Astarlı Kruvaze Kapama Dokuma Blazer Ceket TWOAW21CE0156,781.99,5834,/trendyolmilla/siyah-suni-deri-regular-astarli-kruvaze-kapama-dokuma-blazer-ceket-twoaw21ce0156-p-50072815,Ceket
279,46288465,TRENDYOLMİLLA,Siyah Tüvit Regular Dokuma Ekose Blazer Ceket TWOAW21CE0105,616.99,4706,/trendyolmilla/siyah-tuvit-regular-dokuma-ekose-blazer-ceket-twoaw21ce0105-p-46288465,Ceket
280,35625543,TRENDYOLMİLLA,Siyah Basic Denim Ceket TWOSS20CE0038,560.99,3537,/trendyolmilla/siyah-basic-denim-ceket-twoss20ce0038-p-35625543,Ceket
281,34425737,TRENDYOLMİLLA,Bej Oversize Astarlı Dokuma Blazer Ceket TWOAW20CE0130,666.99,5952,/trendyolmilla/bej-oversize-astarli-dokuma-blazer-ceket-twoaw20ce0130-p-34425737,Ceket
282,34414184,TRENDYOLMİLLA,Gri Regular Astarlı Kruvaze Kapama Dokuma Blazer Ceket TWOSS20CE0059,556.99,2618,/trendyolmilla/gri-regular-astarli-kruvaze-kapama-dokuma-blazer-ceket-twoss20ce0059-p-34414184,Ceket
283,806288974,Edit by Trendyol,Mavi Süper Crop Denim Ceket TEDSS24CE00001,216.99,8,/edit-by-trendyol/mavi-super-crop-denim-ceket-tedss24ce00001-p-806288974,Ceket
284,712880577,Trendyol Curve,Gri Çizgili Çift Kapama Kruvaze Kapama Astarlı Büyük Beden Dokuma Ceket TBBAW24AG00001,733.99,172,/trendyol-curve/gri-cizgili-cift-kapama-kruvaze-kapama-astarli-buyuk-beden-dokuma-ceket-tbbaw24ag00001-p-712880577,Ceket
285,196024498,Trendyol Curve,Siyah Leopar Astar Detaylı Blazer Dokuma Ceket TBBSS22CE0195,550.99,2093,/trendyol-curve/siyah-leopar-astar-detayli-blazer-dokuma-ceket-tbbss22ce0195-p-196024498,Ceket
286,769900704,Trendyol Curve,Lacivert Çizgi Astar Detaylı Dokuma Ceket TBBSS22CE0195,626.99,202,/trendyol-curve/lacivert-cizgi-astar-detayli-dokuma-ceket-tbbss22ce0195-p-769900704,Ceket
287,793568667,Trendyol Curve,Siyah Blazer Dokuma Ceket,559.99,76,/trendyol-curve/siyah-blazer-dokuma-ceket-p-793568667,Ceket
288,792793557,Trendyol Curve,Siyah Oversize Astarlı Kruvaze Kapama Dokuma Blazer Ceket TBBSS24AG00002,712.99,38,/trendyol-curve/siyah-oversize-astarli-kruvaze-kapama-dokuma-blazer-ceket-tbbss24ag00002-p-792793557,Ceket
289,776175342,Trendyol Curve,Yeşil ,634.99,70,/trendyol-curve/yesil-p-776175342,Ceket
290,289637804,Trendyol Curve,Yeşil Oversize/Geniş Kesim Blazer Dokuma Büyük Beden Kumaş Ceket TBBAW23AG00006,719.99,208,/trendyol-curve/yesil-oversize-genis-kesim-blazer-dokuma-buyuk-beden-kumas-ceket-tbbaw23ag00006-p-289637804,Ceket
291,299245680,Trendyol Curve,Antrasit Cep Detaylı Denim Ceket TBBSS22YE00000,661.99,758,/trendyol-curve/antrasit-cep-detayli-denim-ceket-tbbss22ye00000-p-299245680,Ceket
292,712902045,Trendyol Curve,Gri Kruvaze Kapama Astarlı Büyük Beden Blazer Ceket TBBAW24AG00003,756.99,106,/trendyol-curve/gri-kruvaze-kapama-astarli-buyuk-beden-blazer-ceket-tbbaw24ag00003-p-712902045,Ceket
293,195970379,Trendyol Curve,Yeşil Cep Detaylı Ceket TBBSS22CE0180,761.99,690,/trendyol-curve/yesil-cep-detayli-ceket-tbbss22ce0180-p-195970379,Ceket
294,752863955,Trendyol Curve,Lacivert Çizgili Gold Düğmeli Dokuma Ceket TBBAW24AG00027,817.99,89,/trendyol-curve/lacivert-cizgili-gold-dugmeli-dokuma-ceket-tbbaw24ag00027-p-752863955,Ceket
295,232650151,Trendyol Curve,Mavi Cep Detaylı Denim Ceket TBBSS22YE00000,675.99,1554,/trendyol-curve/mavi-cep-detayli-denim-ceket-tbbss22ye00000-p-232650151,Ceket
296,232007414,Trendyol Curve,Siyah Çift Kapamalı Dokuma Blazer Ceket TBBSS22CE0180,722.99,2505,/trendyol-curve/siyah-cift-kapamali-dokuma-blazer-ceket-tbbss22ce0180-p-232007414,Ceket
297,740819314,Trendyol Curve,Çok Renkli Ekose Desenli Ceket TBBAW24AG00014,775.99,38,/trendyol-curve/cok-renkli-ekose-desenli-ceket-tbbaw24ag00014-p-740819314,Ceket
298,788939334,Trendyol Curve,Mavi Oversize Denim Ceket TBBSS24AG00001,640.99,32,/trendyol-curve/mavi-oversize-denim-ceket-tbbss24ag00001-p-788939334,Ceket
299,374891238,Trendyol Curve,Açık Mavi Cepli Boyfriend Denim Ceket TBBSS23AG00000,663.99,350,/trendyol-curve/acik-mavi-cepli-boyfriend-denim-ceket-tbbss23ag00000-p-374891238,Ceket
300,738918363,Trendyol Curve,Ekru Gold Düğmeli Cepli Tüvit Dokuma Büyük Beden Ceket TBBAW24AG00009,589.99,61,/trendyol-curve/ekru-gold-dugmeli-cepli-tuvit-dokuma-buyuk-beden-ceket-tbbaw24ag00009-p-738918363,Ceket
301,719115716,Trendyol Curve,İndigo Tüvit Ekose Desenli Astarlı Düğmeli Ceket TBBAW24AG00002,811.99,77,/trendyol-curve/indigo-tuvit-ekose-desenli-astarli-dugmeli-ceket-tbbaw24ag00002-p-719115716,Ceket
302,797233768,Trendyol Curve,Lacivert Tüvit Dokuma Blazer Ceket TBBSS24AG00004,772.99,37,/trendyol-curve/lacivert-tuvit-dokuma-blazer-ceket-tbbss24ag00004-p-797233768,Ceket
303,302178970,Trendyol Curve,Lacivert Cep Detaylı Blazer Ceket TBBSS22CE0180,774.99,322,/trendyol-curve/lacivert-cep-detayli-blazer-ceket-tbbss22ce0180-p-302178970,Ceket
304,289435872,Trendyol Curve,Kırmızı Astarlı Oversize/Geniş Kesim Blazer Dokuma Büyük Beden Kumaş Ceket TBBAW23AG00005,808.99,579,/trendyol-curve/kirmizi-astarli-oversize-genis-kesim-blazer-dokuma-buyuk-beden-kumas-ceket-tbbaw23ag00005-p-289435872,Ceket
305,458786284,Trendyol Curve,Çizgili Dokuma Blazer Ceket TBBSS23AG00017,824.99,260,/trendyol-curve/cizgili-dokuma-blazer-ceket-tbbss23ag00017-p-458786284,Ceket
306,826879460,Trendyol Curve,Siyah-Beyaz Ekose/Kareli Astarlı Düğmeli Tüvit Ceket TBBAW25AG00000,638.99,0,/trendyol-curve/siyah-beyaz-ekose-kareli-astarli-dugmeli-tuvit-ceket-tbbaw25ag00000-p-826879460,Ceket
307,381799601,Trendyol Curve,Siyah Suni Deri Cep Detaylı Biker Ceket TBBSS23AG00004,1144.99,587,/trendyol-curve/siyah-suni-deri-cep-detayli-biker-ceket-tbbss23ag00004-p-381799601,Ceket
308,745190513,Trendyol Curve,Antrasit Oversize Denim Ceket TBBAW24AG00022,517.99,67,/trendyol-curve/antrasit-oversize-denim-ceket-tbbaw24ag00022-p-745190513,Ceket
