,ID,MARKA,URUN_NAME,FIYAT,RATE_COUNT,URUN_LINK,KATEGORI
0,789965901,TRENDYOLMİLLA,Etnik Desenli Kuşaklı Bağlamalı Yüksek Bel Hipster Bikini Altı TBESS24BA00133,255.99,290,/trendyolmilla/etnik-desenli-kusakli-baglamali-yuksek-bel-hipster-bikini-alti-tbess24ba00133-p-789965901,Bikini Altı
1,31639213,TRENDYOLMİLLA,Siyah Toparlayıcı Yüksek Bel Hipster Bikini Altı TBESS20BA0018,271.99,7346,/trendyolmilla/siyah-toparlayici-yuksek-bel-hipster-bikini-alti-tbess20ba0018-p-31639213,Bikini Altı
2,808380489,TRENDYOLMİLLA,Kırmızı Premium Aksesuarlı Yüksek Bel Hipster Bikini Altı TBESS24BA00127,290.99,96,/trendyolmilla/kirmizi-premium-aksesuarli-yuksek-bel-hipster-bikini-alti-tbess24ba00127-p-808380489,Bikini Altı
3,789091684,TRENDYOLMİLLA,Hayvan Desenli Aksesuarlı Regular Bikini Altı TBESS24BA00135,287.99,140,/trendyolmilla/hayvan-desenli-aksesuarli-regular-bikini-alti-tbess24ba00135-p-789091684,Bikini Altı
4,349151165,TRENDYOLMİLLA,Nar Çiçeği Toparlayıcı Yüksek Bel Hipster Bikini Altı TBESS20BA0018,228.99,296,/trendyolmilla/nar-cicegi-toparlayici-yuksek-bel-hipster-bikini-alti-tbess20ba0018-p-349151165,Bikini Altı
5,808380492,TRENDYOLMİLLA,Siyah Premium Aksesuarlı Yüksek Bel Hipster Bikini Altı TBESS24BA00127,232.99,102,/trendyolmilla/siyah-premium-aksesuarli-yuksek-bel-hipster-bikini-alti-tbess24ba00127-p-808380492,Bikini Altı
6,789684449,TRENDYOLMİLLA,Mavi Premium Aksesuarlı Yüksek Bel Hipster Bikini Altı TBESS24BA00127,275.99,105,/trendyolmilla/mavi-premium-aksesuarli-yuksek-bel-hipster-bikini-alti-tbess24ba00127-p-789684449,Bikini Altı
7,32736504,TRENDYOLMİLLA,Siyah Cut Out/Pencereli Yüksek Bel Regular Bikini Altı TBESS20BA0184,229.99,7646,/trendyolmilla/siyah-cut-out-pencereli-yuksek-bel-regular-bikini-alti-tbess20ba0184-p-32736504,Bikini Altı
8,819012054,TRENDYOLMİLLA,Siyah Kuşaklı Bağlamalı Yüksek Bel Hipster Bikini Altı TBESS24BA00147,304.99,35,/trendyolmilla/siyah-kusakli-baglamali-yuksek-bel-hipster-bikini-alti-tbess24ba00147-p-819012054,Bikini Altı
9,56317293,TRENDYOLMİLLA,Pembe Yüksek Bel Regular Bikini Altı TBESS21BA0057,238.99,961,/trendyolmilla/pembe-yuksek-bel-regular-bikini-alti-tbess21ba0057-p-56317293,Bikini Altı
10,358103970,TRENDYOLMİLLA,Beyaz Bağlamalı Dokulu Regular Bikini Altı TBESS23BA00222,314.99,234,/trendyolmilla/beyaz-baglamali-dokulu-regular-bikini-alti-tbess23ba00222-p-358103970,Bikini Altı
11,56317294,TRENDYOLMİLLA,Siyah Yüksek Bel Regular Bikini Altı TBESS21BA0057,243.99,2213,/trendyolmilla/siyah-yuksek-bel-regular-bikini-alti-tbess21ba0057-p-56317294,Bikini Altı
12,358059620,TRENDYOLMİLLA,Siyah Dokulu Yüksek Bel Şort Bikini Altı TBESS23BA00249,292.99,449,/trendyolmilla/siyah-dokulu-yuksek-bel-sort-bikini-alti-tbess23ba00249-p-358059620,Bikini Altı
13,136190821,TRENDYOLMİLLA,Sarı Fırfırlı Regular Bikini Altı TBESS22BA0074,251.99,793,/trendyolmilla/sari-firfirli-regular-bikini-alti-tbess22ba0074-p-136190821,Bikini Altı
14,320153314,TRENDYOLMİLLA,Pembe Aksesuarlı Regular Bikini Altı TBESS23BA00061,260.99,815,/trendyolmilla/pembe-aksesuarli-regular-bikini-alti-tbess23ba00061-p-320153314,Bikini Altı
15,75607290,TRENDYOLMİLLA,Siyah V Kesim Brazilian Bikini Altı TBESS21BA0168,216.99,2023,/trendyolmilla/siyah-v-kesim-brazilian-bikini-alti-tbess21ba0168-p-75607290,Bikini Altı
16,358075521,TRENDYOLMİLLA,Ekru Bağlamalı Dokulu Regular Bikini Altı TBESS23BA00250,307.99,91,/trendyolmilla/ekru-baglamali-dokulu-regular-bikini-alti-tbess23ba00250-p-358075521,Bikini Altı
17,762630447,TRENDYOLMİLLA,Siyah Bağlamalı Dokulu Regular Bikini Altı TBESS23BA00250,345.99,34,/trendyolmilla/siyah-baglamali-dokulu-regular-bikini-alti-tbess23ba00250-p-762630447,Bikini Altı
18,789058768,TRENDYOLMİLLA,Hayvan Desenli Regular Bikini Altı TBESS24BA00136,334.99,52,/trendyolmilla/hayvan-desenli-regular-bikini-alti-tbess24ba00136-p-789058768,Bikini Altı
19,66954059,TRENDYOLMİLLA,Siyah Regular Bikini Altı TBESS21BA0228,295.99,672,/trendyolmilla/siyah-regular-bikini-alti-tbess21ba0228-p-66954059,Bikini Altı
20,346045326,TRENDYOLMİLLA,Pembe Cut Out/Pencereli Yüksek Bel Regular Bikini Altı TBESS20BA0184,287.99,331,/trendyolmilla/pembe-cut-out-pencereli-yuksek-bel-regular-bikini-alti-tbess20ba0184-p-346045326,Bikini Altı
21,150974075,TRENDYOLMİLLA,Siyah Biyeli Yüksek Bel Hipster Bikini Altı TBESS22BA0044,273.99,751,/trendyolmilla/siyah-biyeli-yuksek-bel-hipster-bikini-alti-tbess22ba0044-p-150974075,Bikini Altı
22,789679670,TRENDYOLMİLLA,Kırmızı V Kesim Yüksek Bel Regular Bikini Altı TBESS24BA00137,262.99,21,/trendyolmilla/kirmizi-v-kesim-yuksek-bel-regular-bikini-alti-tbess24ba00137-p-789679670,Bikini Altı
23,237802249,TRENDYOLMİLLA,Yeşil Aksesuarlı Yüksek Bel High Leg Regular Bikini Altı TBESS22BA00001,287.99,750,/trendyolmilla/yesil-aksesuarli-yuksek-bel-high-leg-regular-bikini-alti-tbess22ba00001-p-237802249,Bikini Altı
46,81242212,TRENDYOLMİLLA,Ekru Aksesuarlı Dokulu Yüksek Bel Regular Bikini Altı TBESS21BA0167,259.99,1778,/trendyolmilla/ekru-aksesuarli-dokulu-yuksek-bel-regular-bikini-alti-tbess21ba0167-p-81242212,Bikini Altı
48,763129925,TRENDYOLMİLLA,Saks Toparlayıcı Yüksek Bel Hipster Bikini Altı TBESS20BA0018,289.99,27,/trendyolmilla/saks-toparlayici-yuksek-bel-hipster-bikini-alti-tbess20ba0018-p-763129925,Bikini Altı
49,790452386,TRENDYOLMİLLA,Siyah Drapeli Yüksek Bel Hipster Bikini Altı TBESS24BA00139,243.99,21,/trendyolmilla/siyah-drapeli-yuksek-bel-hipster-bikini-alti-tbess24ba00139-p-790452386,Bikini Altı
50,322180292,TRENDYOLMİLLA,Siyah Dokulu Yüksek Bel Regular Bikini Altı TBESS23BA00128,232.99,182,/trendyolmilla/siyah-dokulu-yuksek-bel-regular-bikini-alti-tbess23ba00128-p-322180292,Bikini Altı
51,158544241,TRENDYOLMİLLA,Tarçın Şerit Aksesuarlı Yüksek Bel Regular Bikini Altı TBESS22BA0027,285.99,960,/trendyolmilla/tarcin-serit-aksesuarli-yuksek-bel-regular-bikini-alti-tbess22ba0027-p-158544241,Bikini Altı
53,93168937,TRENDYOLMİLLA,Ekru Düğümlü Regular Bikini Altı TBESS21BA0183,193.99,153,/trendyolmilla/ekru-dugumlu-regular-bikini-alti-tbess21ba0183-p-93168937,Bikini Altı
54,85641461,TRENDYOLMİLLA,Siyah Biyeli Yüksek Bel Hipster Bikini Altı TBESS21BA0363,291.99,1329,/trendyolmilla/siyah-biyeli-yuksek-bel-hipster-bikini-alti-tbess21ba0363-p-85641461,Bikini Altı
55,739206503,TRENDYOLMİLLA,Hayvan Desenli Düğümlü Yüksek Bel Hipster Bikini Altı TBESS24BA00003,298.99,35,/trendyolmilla/hayvan-desenli-dugumlu-yuksek-bel-hipster-bikini-alti-tbess24ba00003-p-739206503,Bikini Altı
56,739177670,TRENDYOLMİLLA,Siyah Düğümlü Yüksek Bel Regular Bikini Altı TBESS24BA00005,223.99,9,/trendyolmilla/siyah-dugumlu-yuksek-bel-regular-bikini-alti-tbess24ba00005-p-739177670,Bikini Altı
57,358084363,TRENDYOLMİLLA,Çiçek Desenli Nakışlı Regular Bikini Altı TBESS23BA00232,270.99,149,/trendyolmilla/cicek-desenli-nakisli-regular-bikini-alti-tbess23ba00232-p-358084363,Bikini Altı
58,778015691,TRENDYOLMİLLA,Kahverengi Biyeli Brazilian Bikini Altı TBESS22BA0232,146.99,25,/trendyolmilla/kahverengi-biyeli-brazilian-bikini-alti-tbess22ba0232-p-778015691,Bikini Altı
59,763129926,TRENDYOLMİLLA,Kırmızı Toparlayıcı Yüksek Bel Hipster Bikini Altı TBESS20BA0018,234.99,15,/trendyolmilla/kirmizi-toparlayici-yuksek-bel-hipster-bikini-alti-tbess20ba0018-p-763129926,Bikini Altı
60,762853471,TRENDYOLMİLLA,Kırmızı V Kesim Regular Bikini Altı TBESS22BA0024,218.99,35,/trendyolmilla/kirmizi-v-kesim-regular-bikini-alti-tbess22ba0024-p-762853471,Bikini Altı
61,777570114,TRENDYOLMİLLA,Lacivert Bağlamalı Brazilian Bikini Altı TBESS24BA00121,222.99,23,/trendyolmilla/lacivert-baglamali-brazilian-bikini-alti-tbess24ba00121-p-777570114,Bikini Altı
62,823043443,TRENDYOLMİLLA,Kahverengi Premium Aksesuarlı Yüksek Bel Hipster Bikini Altı TBESS24BA00127,322.99,18,/trendyolmilla/kahverengi-premium-aksesuarli-yuksek-bel-hipster-bikini-alti-tbess24ba00127-p-823043443,Bikini Altı
63,770008975,TRENDYOLMİLLA,Siyah Dokulu Yüksek Bel Hipster Bikini Altı TBESS24BA00095,394.99,22,/trendyolmilla/siyah-dokulu-yuksek-bel-hipster-bikini-alti-tbess24ba00095-p-770008975,Bikini Altı
64,80715666,TRENDYOLMİLLA,Kahverengi Drapeli Yüksek Bel Hipster Bikini Altı TBESS21BA0178,196.99,1086,/trendyolmilla/kahverengi-drapeli-yuksek-bel-hipster-bikini-alti-tbess21ba0178-p-80715666,Bikini Altı
65,52784070,TRENDYOLMİLLA,Yeşil Dokulu Bikini Altı TBESS21BA0091,38.99,931,/trendyolmilla/yesil-dokulu-bikini-alti-tbess21ba0091-p-52784070,Bikini Altı
66,33951876,TRENDYOLMİLLA,Siyah Kemerli Yüksek Bel Hipster Bikini Altı TBESS20BA0246,187.99,1787,/trendyolmilla/siyah-kemerli-yuksek-bel-hipster-bikini-alti-tbess20ba0246-p-33951876,Bikini Altı
67,772142944,TRENDYOLMİLLA,Kırmızı V Kesim Yüksek Bel Hipster Bikini Altı TBESS20BA0248,178.99,17,/trendyolmilla/kirmizi-v-kesim-yuksek-bel-hipster-bikini-alti-tbess20ba0248-p-772142944,Bikini Altı
68,33262956,TRENDYOLMİLLA,Kahverengi Aksesuarlı Regular Bikini Altı TBESS20BA0250,219.99,966,/trendyolmilla/kahverengi-aksesuarli-regular-bikini-alti-tbess20ba0250-p-33262956,Bikini Altı
69,73321499,TRENDYOLMİLLA,Leopar Desenli Bikini Altı TBESS21BA0055,32.99,975,/trendyolmilla/leopar-desenli-bikini-alti-tbess21ba0055-p-73321499,Bikini Altı
70,776236324,TRENDYOLMİLLA,Kahverengi Büzgülü Brazilian Bikini Altı TBESS24BA00112,60.99,9,/trendyolmilla/kahverengi-buzgulu-brazilian-bikini-alti-tbess24ba00112-p-776236324,Bikini Altı
71,817265767,TRENDYOLMİLLA,Siyah V Kesim Yüksek Bel Regular Bikini Altı TBESS24BA00137,294.99,26,/trendyolmilla/siyah-v-kesim-yuksek-bel-regular-bikini-alti-tbess24ba00137-p-817265767,Bikini Altı
72,799292495,TRENDYOLMİLLA,Puantiyeli Yüksek Bel Regular Bikini Altı TBESS21BA0037,148.99,7,/trendyolmilla/puantiyeli-yuksek-bel-regular-bikini-alti-tbess21ba0037-p-799292495,Bikini Altı
73,799299821,TRENDYOLMİLLA,Hayvan Desenli Yüksek Bel Regular Bikini Altı TBESS21BA0320,113.99,16,/trendyolmilla/hayvan-desenli-yuksek-bel-regular-bikini-alti-tbess21ba0320-p-799299821,Bikini Altı
74,321840239,TRENDYOLMİLLA,Çizgili Bağlamalı High Leg Bikini Altı TBESS23BA00127,38.99,51,/trendyolmilla/cizgili-baglamali-high-leg-bikini-alti-tbess23ba00127-p-321840239,Bikini Altı
75,127318773,TRENDYOLMİLLA,Kırmızı Zincir Aksesuarlı High Leg Brazilian Bikini Altı TBESS22BA0046,71.99,798,/trendyolmilla/kirmizi-zincir-aksesuarli-high-leg-brazilian-bikini-alti-tbess22ba0046-p-127318773,Bikini Altı
76,357790501,TRENDYOLMİLLA,Siyah Nakışlı Regular Bikini Altı TBESS23BA00226,222.99,58,/trendyolmilla/siyah-nakisli-regular-bikini-alti-tbess23ba00226-p-357790501,Bikini Altı
77,763558072,TRENDYOLMİLLA,Siyah Düğümlü Hipster Bikini Altı TBESS24BA00058,194.99,9,/trendyolmilla/siyah-dugumlu-hipster-bikini-alti-tbess24ba00058-p-763558072,Bikini Altı
78,823043439,TRENDYOLMİLLA,Zümrüt Yeşili Premium Aksesuarlı Yüksek Bel Hipster Bikini Altı TBESS24BA00127,242.99,12,/trendyolmilla/zumrut-yesili-premium-aksesuarli-yuksek-bel-hipster-bikini-alti-tbess24ba00127-p-823043439,Bikini Altı
79,762383261,TRENDYOLMİLLA,Siyah Regular Bikini Altı TBESS24BA00070,214.99,15,/trendyolmilla/siyah-regular-bikini-alti-tbess24ba00070-p-762383261,Bikini Altı
80,315619265,TRENDYOLMİLLA,Ekose Desenli Bağlamalı Normal Paça Bikini Altı TBESS23BA00034,33.99,91,/trendyolmilla/ekose-desenli-baglamali-normal-paca-bikini-alti-tbess23ba00034-p-315619265,Bikini Altı
81,328941785,TRENDYOLMİLLA,Saks Aksesuarlı Brazilian Bikini Altı TBESS23BA00102,168.99,75,/trendyolmilla/saks-aksesuarli-brazilian-bikini-alti-tbess23ba00102-p-328941785,Bikini Altı
82,70260959,TRENDYOLMİLLA,Siyah Yüksek Bel Hipster Bikini Altı TBESS21BA0070,229.99,4752,/trendyolmilla/siyah-yuksek-bel-hipster-bikini-alti-tbess21ba0070-p-70260959,Bikini Altı
83,137687518,TRENDYOLMİLLA,Soyut Desenli Bağlamalı Normal Paça Bikini Altı TBESS22BA0246,37.99,256,/trendyolmilla/soyut-desenli-baglamali-normal-paca-bikini-alti-tbess22ba0246-p-137687518,Bikini Altı
84,322319432,TRENDYOLMİLLA,Vizon Toparlayıcı Yüksek Bel Hipster Bikini Altı TBESS20BA0018,186.99,232,/trendyolmilla/vizon-toparlayici-yuksek-bel-hipster-bikini-alti-tbess20ba0018-p-322319432,Bikini Altı
85,127203102,TRENDYOLMİLLA,Siyah Tünelli Regular Bikini Altı TBESS22BA0035,124.99,1041,/trendyolmilla/siyah-tunelli-regular-bikini-alti-tbess22ba0035-p-127203102,Bikini Altı
86,315613760,TRENDYOLMİLLA,Hayvan Desenli Biyeli High Leg Brazilian Bikini Altı TBESS23BA00051,111.99,469,/trendyolmilla/hayvan-desenli-biyeli-high-leg-brazilian-bikini-alti-tbess23ba00051-p-315613760,Bikini Altı
87,800147309,TRENDYOLMİLLA,Saks Aksesuarlı Yüksek Bel High Leg Regular Bikini Altı TBESS22BA00001,150.99,13,/trendyolmilla/saks-aksesuarli-yuksek-bel-high-leg-regular-bikini-alti-tbess22ba00001-p-800147309,Bikini Altı
88,762858348,TRENDYOLMİLLA,Ekru Şerit Aksesuarlı Yüksek Bel Regular Bikini Altı TBESS22BA0027,265.99,13,/trendyolmilla/ekru-serit-aksesuarli-yuksek-bel-regular-bikini-alti-tbess22ba0027-p-762858348,Bikini Altı
89,776754817,TRENDYOLMİLLA,Siyah Etekli Regular Bikini Altı TBESS24BA00119,350.99,34,/trendyolmilla/siyah-etekli-regular-bikini-alti-tbess24ba00119-p-776754817,Bikini Altı
90,788960061,TRENDYOLMİLLA,Siyah Tanga Bikini Altı TBESS24BA00130,228.99,36,/trendyolmilla/siyah-tanga-bikini-alti-tbess24ba00130-p-788960061,Bikini Altı
91,68018698,TRENDYOLMİLLA,Siyah Dokulu High Leg Regular Bikini Altı TBESS21BA0016,223.99,644,/trendyolmilla/siyah-dokulu-high-leg-regular-bikini-alti-tbess21ba0016-p-68018698,Bikini Altı
92,762876971,TRENDYOLMİLLA,Haki Biyeli Yüksek Bel Hipster Bikini Altı TBESS22BA0044,158.99,11,/trendyolmilla/haki-biyeli-yuksek-bel-hipster-bikini-alti-tbess22ba0044-p-762876971,Bikini Altı
93,79872014,TRENDYOLMİLLA,Siyah Aksesuarlı Dokulu Yüksek Bel Regular Bikini Altı TBESS21BA0167,197.99,737,/trendyolmilla/siyah-aksesuarli-dokulu-yuksek-bel-regular-bikini-alti-tbess21ba0167-p-79872014,Bikini Altı
94,68018697,TRENDYOLMİLLA,Mavi Dokulu High Leg Regular Bikini Altı TBESS21BA0016,89.99,1267,/trendyolmilla/mavi-dokulu-high-leg-regular-bikini-alti-tbess21ba0016-p-68018697,Bikini Altı
95,762856687,TRENDYOLMİLLA,Kırmızı Dokulu Regular Bikini Altı TBESS24BA00073,61.99,8,/trendyolmilla/kirmizi-dokulu-regular-bikini-alti-tbess24ba00073-p-762856687,Bikini Altı
97,775953133,TRENDYOLMİLLA,Fuşya Bağlamalı Brazilian Bikini Altı TBESS24BA00111,58.99,16,/trendyolmilla/fusya-baglamali-brazilian-bikini-alti-tbess24ba00111-p-775953133,Bikini Altı
98,358357148,TRENDYOLMİLLA,Haki V Kesim Regular Bikini Altı TBESS22BA0024,276.99,155,/trendyolmilla/haki-v-kesim-regular-bikini-alti-tbess22ba0024-p-358357148,Bikini Altı
99,789028924,TRENDYOLMİLLA,Siyah-Beyaz Dokulu Yüksek Bel High Leg Hipster Bikini Altı TBESS24BA00129,361.99,22,/trendyolmilla/siyah-beyaz-dokulu-yuksek-bel-high-leg-hipster-bikini-alti-tbess24ba00129-p-789028924,Bikini Altı
100,315612659,TRENDYOLMİLLA,Siyah Biyeli High Leg Brazilian Bikini Altı TBESS23BA00032,178.99,556,/trendyolmilla/siyah-biyeli-high-leg-brazilian-bikini-alti-tbess23ba00032-p-315612659,Bikini Altı
101,372734864,TRENDYOLMİLLA,Siyah Bağlamalı Regular Bikini Altı TBESS23BA00052,223.99,186,/trendyolmilla/siyah-baglamali-regular-bikini-alti-tbess23ba00052-p-372734864,Bikini Altı
102,364560911,TRENDYOLMİLLA,Siyah Aksesuarlı Simli Regular Bikini Altı TBESS23BA00272,241.99,306,/trendyolmilla/siyah-aksesuarli-simli-regular-bikini-alti-tbess23ba00272-p-364560911,Bikini Altı
103,314575055,TRENDYOLMİLLA,Fuşya Cut Out/Pencereli Yüksek Bel Regular Bikini Altı TBESS23BA00018,241.99,62,/trendyolmilla/fusya-cut-out-pencereli-yuksek-bel-regular-bikini-alti-tbess23ba00018-p-314575055,Bikini Altı
104,50751636,TRENDYOLMİLLA,Kahverengi Yılan Desenli Bikini Altı TBESS21BA0032,36.99,906,/trendyolmilla/kahverengi-yilan-desenli-bikini-alti-tbess21ba0032-p-50751636,Bikini Altı
105,763092284,TRENDYOLMİLLA,Kahverengi Dokulu High Leg Regular Bikini Altı TBESS21BA0016,93.99,5,/trendyolmilla/kahverengi-dokulu-high-leg-regular-bikini-alti-tbess21ba0016-p-763092284,Bikini Altı
106,321720574,TRENDYOLMİLLA,Pötikareli Dokulu V Kesim Normal Paça Bikini Altı TBESS21BA0130,58.99,70,/trendyolmilla/potikareli-dokulu-v-kesim-normal-paca-bikini-alti-tbess21ba0130-p-321720574,Bikini Altı
107,763827402,TRENDYOLMİLLA,Kırmızı Dokulu Regular Bikini Altı TBESS24BA00076,108.99,9,/trendyolmilla/kirmizi-dokulu-regular-bikini-alti-tbess24ba00076-p-763827402,Bikini Altı
108,322631307,TRENDYOLMİLLA,Yeşil Zincir Aksesuarlı Normal Paça Bikini Altı TBESS23BA00078,37.99,76,/trendyolmilla/yesil-zincir-aksesuarli-normal-paca-bikini-alti-tbess23ba00078-p-322631307,Bikini Altı
109,778048661,TRENDYOLMİLLA,Kahverengi Aksesuarlı Brazilian Bikini Altı TBESS24BA00083,215.99,15,/trendyolmilla/kahverengi-aksesuarli-brazilian-bikini-alti-tbess24ba00083-p-778048661,Bikini Altı
110,32127859,TRENDYOLMİLLA,Siyah Tünelli Yüksek Bel Hipster Bikini Altı TBESS20BA0240,194.99,668,/trendyolmilla/siyah-tunelli-yuksek-bel-hipster-bikini-alti-tbess20ba0240-p-32127859,Bikini Altı
111,762718458,TRENDYOLMİLLA,Yeşil Dokulu High Leg Regular Bikini Altı TBESS21BA0016,106.99,8,/trendyolmilla/yesil-dokulu-high-leg-regular-bikini-alti-tbess21ba0016-p-762718458,Bikini Altı
112,739231963,TRENDYOLMİLLA,Siyah Tünelli High Leg Brazilian Bikini Altı TBESS24BA00022,85.99,11,/trendyolmilla/siyah-tunelli-high-leg-brazilian-bikini-alti-tbess24ba00022-p-739231963,Bikini Altı
113,320196081,TRENDYOLMİLLA,Petrol Biyeli High Leg Bikini Altı TBESS22BA0289,33.99,81,/trendyolmilla/petrol-biyeli-high-leg-bikini-alti-tbess22ba0289-p-320196081,Bikini Altı
114,776742262,TRENDYOLMİLLA,Fuşya Bağlamalı Brazilian Bikini Altı TBESS24BA00121,146.99,9,/trendyolmilla/fusya-baglamali-brazilian-bikini-alti-tbess24ba00121-p-776742262,Bikini Altı
115,775934986,TRENDYOLMİLLA,Pembe Bağlamalı Dokulu Brazilian Bikini Altı TBESS24BA00098,168.99,13,/trendyolmilla/pembe-baglamali-dokulu-brazilian-bikini-alti-tbess24ba00098-p-775934986,Bikini Altı
116,801228040,TRENDYOLMİLLA,Siyah Premium Aksesuarlı Yüksek Bel Regular Bikini Altı TBESS24BA00142,268.99,37,/trendyolmilla/siyah-premium-aksesuarli-yuksek-bel-regular-bikini-alti-tbess24ba00142-p-801228040,Bikini Altı
117,763133360,TRENDYOLMİLLA,Haki Aksesuarlı Dokulu Yüksek Bel Regular Bikini Altı TBESS21BA0167,128.99,14,/trendyolmilla/haki-aksesuarli-dokulu-yuksek-bel-regular-bikini-alti-tbess21ba0167-p-763133360,Bikini Altı
118,776776189,TRENDYOLMİLLA,Mor Bağlamalı Parlak Lak Baskılı Brazilian Bikini Altı TBESS24BA00122,71.99,12,/trendyolmilla/mor-baglamali-parlak-lak-baskili-brazilian-bikini-alti-tbess24ba00122-p-776776189,Bikini Altı
119,349390806,TRENDYOLMİLLA,Siyah Aksesuarlı High Leg Brazilian Bikini Altı TBESS23BA00044,68.99,94,/trendyolmilla/siyah-aksesuarli-high-leg-brazilian-bikini-alti-tbess23ba00044-p-349390806,Bikini Altı
120,762855818,TRENDYOLMİLLA,Ekru Dokulu Regular Bikini Altı TBESS24BA00073,136.99,9,/trendyolmilla/ekru-dokulu-regular-bikini-alti-tbess24ba00073-p-762855818,Bikini Altı
121,776070998,TRENDYOLMİLLA,Çizgili Dokulu Brazilian Bikini Altı TBESS24BA00115,202.99,14,/trendyolmilla/cizgili-dokulu-brazilian-bikini-alti-tbess24ba00115-p-776070998,Bikini Altı
122,127317068,TRENDYOLMİLLA,Lila Bağlamalı Normal Paça Bikini Altı TBESS22BA0045,52.99,726,/trendyolmilla/lila-baglamali-normal-paca-bikini-alti-tbess22ba0045-p-127317068,Bikini Altı
123,762872752,TRENDYOLMİLLA,Mavi Yüksek Bel Hipster Bikini Altı TBESS21BA0387,162.99,12,/trendyolmilla/mavi-yuksek-bel-hipster-bikini-alti-tbess21ba0387-p-762872752,Bikini Altı
124,816137380,TRENDYOLMİLLA,Çiçek Desenli Bağlamalı Yüksek Bel Hipster Bikini Altı TBESS24BA00133,176.99,5,/trendyolmilla/cicek-desenli-baglamali-yuksek-bel-hipster-bikini-alti-tbess24ba00133-p-816137380,Bikini Altı
125,763103008,TRENDYOLMİLLA,Kırmızı Bağlamalı Brazilian Bikini Altı TBESS24BA00065,77.99,6,/trendyolmilla/kirmizi-baglamali-brazilian-bikini-alti-tbess24ba00065-p-763103008,Bikini Altı
126,762847527,TRENDYOLMİLLA,Tarçın Yüksek Bel Hipster Bikini Altı TBESS21BA0070,246.99,11,/trendyolmilla/tarcin-yuksek-bel-hipster-bikini-alti-tbess21ba0070-p-762847527,Bikini Altı
127,776286925,TRENDYOLMİLLA,Mavi Büzgülü Brazilian Bikini Altı TBESS24BA00091,86.99,7,/trendyolmilla/mavi-buzgulu-brazilian-bikini-alti-tbess24ba00091-p-776286925,Bikini Altı
128,763135399,TRENDYOLMİLLA,Çiçek Desenli Yüksek Bel Hipster Bikini Altı TBESS21BA0320,223.99,32,/trendyolmilla/cicek-desenli-yuksek-bel-hipster-bikini-alti-tbess21ba0320-p-763135399,Bikini Altı
129,322939744,TRENDYOLMİLLA,Geometrik Desenli V Kesim Normal Paça Bikini Altı TBESS23BA00116,35.99,62,/trendyolmilla/geometrik-desenli-v-kesim-normal-paca-bikini-alti-tbess23ba00116-p-322939744,Bikini Altı
130,776230843,TRENDYOLMİLLA,Pembe Büzgülü Brazilian Bikini Altı TBESS24BA00109,58.99,12,/trendyolmilla/pembe-buzgulu-brazilian-bikini-alti-tbess24ba00109-p-776230843,Bikini Altı
131,349143285,TRENDYOLMİLLA,Mor Cut Out/Pencereli Yüksek Bel Regular Bikini Altı TBESS20BA0184,196.99,110,/trendyolmilla/mor-cut-out-pencereli-yuksek-bel-regular-bikini-alti-tbess20ba0184-p-349143285,Bikini Altı
132,50747705,TRENDYOLMİLLA,Yaprak Desenli Bikini Altı TBESS21BA0042,30.99,390,/trendyolmilla/yaprak-desenli-bikini-alti-tbess21ba0042-p-50747705,Bikini Altı
133,763092253,TRENDYOLMİLLA,Yeşil Dokulu High Leg Regular Bikini Altı TBESS21BA0016,201.99,11,/trendyolmilla/yesil-dokulu-high-leg-regular-bikini-alti-tbess21ba0016-p-763092253,Bikini Altı
134,763128709,TRENDYOLMİLLA,Lacivert Fırfırlı Regular Bikini Altı TBESS22BA0074,213.99,10,/trendyolmilla/lacivert-firfirli-regular-bikini-alti-tbess22ba0074-p-763128709,Bikini Altı
135,762370479,TRENDYOLMİLLA,Ekru Cut Out/Pencereli Yüksek Bel Regular Bikini Altı TBESS20BA0184,143.99,7,/trendyolmilla/ekru-cut-out-pencereli-yuksek-bel-regular-bikini-alti-tbess20ba0184-p-762370479,Bikini Altı
136,356856690,TRENDYOLMİLLA,Yeşil Aksesuarlı High Leg Bikini Altı TBESS23BA00215,39.99,23,/trendyolmilla/yesil-aksesuarli-high-leg-bikini-alti-tbess23ba00215-p-356856690,Bikini Altı
137,763119258,TRENDYOLMİLLA,Siyah-Beyaz High Leg Regular Bikini Altı TBESS24BA00074,195.99,14,/trendyolmilla/siyah-beyaz-high-leg-regular-bikini-alti-tbess24ba00074-p-763119258,Bikini Altı
138,763143523,TRENDYOLMİLLA,Saks Dokulu High Leg Regular Bikini Altı TBESS21BA0016,89.99,10,/trendyolmilla/saks-dokulu-high-leg-regular-bikini-alti-tbess21ba0016-p-763143523,Bikini Altı
139,775953881,TRENDYOLMİLLA,Siyah Bağlamalı Brazilian Bikini Altı TBESS24BA00111,59.99,11,/trendyolmilla/siyah-baglamali-brazilian-bikini-alti-tbess24ba00111-p-775953881,Bikini Altı
140,367895080,TRENDYOLMİLLA,Çiçek Desenli Tünelli Normal Paça Bikini Altı TBESS23BA00292,33.99,59,/trendyolmilla/cicek-desenli-tunelli-normal-paca-bikini-alti-tbess23ba00292-p-367895080,Bikini Altı
141,364521343,TRENDYOLMİLLA,Ekru Aksesuarlı High Leg Bikini Altı TBESS23BA00179,34.99,35,/trendyolmilla/ekru-aksesuarli-high-leg-bikini-alti-tbess23ba00179-p-364521343,Bikini Altı
142,315678116,TRENDYOLMİLLA,Soyut Desenli Cut Out/Pencereli Yüksek Bel Normal Paça Bikini Altı TBESS23BA00048,41.99,108,/trendyolmilla/soyut-desenli-cut-out-pencereli-yuksek-bel-normal-paca-bikini-alti-tbess23ba00048-p-315678116,Bikini Altı
143,337407212,TRENDYOLMİLLA,Yeşil Fırfırlı Normal Paça Bikini Altı TBESS23BA00178,34.99,16,/trendyolmilla/yesil-firfirli-normal-paca-bikini-alti-tbess23ba00178-p-337407212,Bikini Altı
144,95594254,TRENDYOLMİLLA,Siyah Yüksek Bel Hipster Bikini Altı TBESS21BA0387,139.99,1118,/trendyolmilla/siyah-yuksek-bel-hipster-bikini-alti-tbess21ba0387-p-95594254,Bikini Altı
145,819012758,TRENDYOLMİLLA,Kırmızı Kemerli Premium Aksesuarlı Yüksek Bel Regular Bikini Altı TBESS24BA00142,152.99,15,/trendyolmilla/kirmizi-kemerli-premium-aksesuarli-yuksek-bel-regular-bikini-alti-tbess24ba00142-p-819012758,Bikini Altı
146,763946873,TRENDYOLMİLLA,Çiçek Desenli V Kesim Brazilian Bikini Altı TBESS23BA00116,56.99,8,/trendyolmilla/cicek-desenli-v-kesim-brazilian-bikini-alti-tbess23ba00116-p-763946873,Bikini Altı
147,762662116,TRENDYOLMİLLA,Siyah Aksesuarlı Regular Bikini Altı TBESS20BA0250,159.99,17,/trendyolmilla/siyah-aksesuarli-regular-bikini-alti-tbess20ba0250-p-762662116,Bikini Altı
148,72071040,TRENDYOLMİLLA,Bordo Yüksek Bel Hipster Bikini Altı TBESS21BA0070,151.99,718,/trendyolmilla/bordo-yuksek-bel-hipster-bikini-alti-tbess21ba0070-p-72071040,Bikini Altı
149,144048545,TRENDYOLMİLLA,Siyah Brazilian Bikini Altı TBESS22BA0232,186.99,535,/trendyolmilla/siyah-brazilian-bikini-alti-tbess22ba0232-p-144048545,Bikini Altı
150,343008264,TRENDYOLMİLLA,Çiçek Desenli Regular Bikini Altı TBESS23BA00152,168.99,95,/trendyolmilla/cicek-desenli-regular-bikini-alti-tbess23ba00152-p-343008264,Bikini Altı
151,775934985,TRENDYOLMİLLA,Saks Bağlamalı Dokulu Brazilian Bikini Altı TBESS24BA00098,248.99,12,/trendyolmilla/saks-baglamali-dokulu-brazilian-bikini-alti-tbess24ba00098-p-775934985,Bikini Altı
152,776843613,TRENDYOLMİLLA,Turuncu Yüksek Bel Hipster Bikini Altı TBESS21BA0057,220.99,14,/trendyolmilla/turuncu-yuksek-bel-hipster-bikini-alti-tbess21ba0057-p-776843613,Bikini Altı
153,801383941,TRENDYOLMİLLA,Siyah Mesh Detaylı Yüksek Bel Regular Bikini Altı TBESS24BA00143,46.99,7,/trendyolmilla/siyah-mesh-detayli-yuksek-bel-regular-bikini-alti-tbess24ba00143-p-801383941,Bikini Altı
154,762578215,TRENDYOLMİLLA,Yeşil V Kesim Brazilian Bikini Altı TBESS21BA0168,56.99,10,/trendyolmilla/yesil-v-kesim-brazilian-bikini-alti-tbess21ba0168-p-762578215,Bikini Altı
155,364521350,TRENDYOLMİLLA,Ekru Aksesuarlı High Leg Bikini Altı TBESS23BA00179,33.99,22,/trendyolmilla/ekru-aksesuarli-high-leg-bikini-alti-tbess23ba00179-p-364521350,Bikini Altı
156,739158148,TRENDYOLMİLLA,Gül kurusu Tünelli High Leg Brazilian Bikini Altı TBESS23BA00187,39.99,12,/trendyolmilla/gul-kurusu-tunelli-high-leg-brazilian-bikini-alti-tbess23ba00187-p-739158148,Bikini Altı
157,59114098,TRENDYOLMİLLA,Yeşil Pötikareli Dokulu V Kesim Bikini Altı TBESS21BA0130,78.99,927,/trendyolmilla/yesil-potikareli-dokulu-v-kesim-bikini-alti-tbess21ba0130-p-59114098,Bikini Altı
158,762383757,TRENDYOLMİLLA,Kahverengi Regular Bikini Altı TBESS24BA00070,74.99,13,/trendyolmilla/kahverengi-regular-bikini-alti-tbess24ba00070-p-762383757,Bikini Altı
159,769762747,TRENDYOLMİLLA,Beyaz Dokulu Regular Bikini Altı TBESS24BA00094,186.99,10,/trendyolmilla/beyaz-dokulu-regular-bikini-alti-tbess24ba00094-p-769762747,Bikini Altı
160,378053371,TRENDYOLMİLLA,Mor Bağlamalı High Leg Bikini Altı TBESS23BA00300,61.99,90,/trendyolmilla/mor-baglamali-high-leg-bikini-alti-tbess23ba00300-p-378053371,Bikini Altı
161,762726731,TRENDYOLMİLLA,Siyah Gipeli Regular Bikini Altı TBESS21BA0263,251.99,10,/trendyolmilla/siyah-gipeli-regular-bikini-alti-tbess21ba0263-p-762726731,Bikini Altı
162,762389997,TRENDYOLMİLLA,Siyah Düğümlü Regular Bikini Altı TBESS21BA0183,224.99,7,/trendyolmilla/siyah-dugumlu-regular-bikini-alti-tbess21ba0183-p-762389997,Bikini Altı
163,95594266,TRENDYOLMİLLA,Kırmızı Yüksek Bel Hipster Bikini Altı TBESS21BA0387,229.99,848,/trendyolmilla/kirmizi-yuksek-bel-hipster-bikini-alti-tbess21ba0387-p-95594266,Bikini Altı
164,762718459,TRENDYOLMİLLA,Ekru Dokulu High Leg Regular Bikini Altı TBESS21BA0016,163.99,11,/trendyolmilla/ekru-dokulu-high-leg-regular-bikini-alti-tbess21ba0016-p-762718459,Bikini Altı
165,767352513,TRENDYOLMİLLA,Beyaz V Kesim Regular Bikini Altı TBESS24BA00092,218.99,11,/trendyolmilla/beyaz-v-kesim-regular-bikini-alti-tbess24ba00092-p-767352513,Bikini Altı
166,763528383,TRENDYOLMİLLA,Siyah Tünelli Brazilian Bikini Altı TBESS24BA00075,155.99,13,/trendyolmilla/siyah-tunelli-brazilian-bikini-alti-tbess24ba00075-p-763528383,Bikini Altı
167,346794520,TRENDYOLMİLLA,Pembe Boncuk Aksesuarlı Regular Bikini Altı TBESS23BA00213,225.99,180,/trendyolmilla/pembe-boncuk-aksesuarli-regular-bikini-alti-tbess23ba00213-p-346794520,Bikini Altı
168,780869353,TRENDYOLMİLLA,Çiçek Desenli Yüksek Bel Hipster Bikini Altı TBESS24BA00124,150.99,6,/trendyolmilla/cicek-desenli-yuksek-bel-hipster-bikini-alti-tbess24ba00124-p-780869353,Bikini Altı
169,68018701,TRENDYOLMİLLA,Turuncu Dokulu Normal Paça Bikini Altı TBESS21BA0016,55.99,1898,/trendyolmilla/turuncu-dokulu-normal-paca-bikini-alti-tbess21ba0016-p-68018701,Bikini Altı
170,149581623,TRENDYOLMİLLA,Yeşil Biye Detaylı Bikini Altı TBESS22BA0289,33.99,292,/trendyolmilla/yesil-biye-detayli-bikini-alti-tbess22ba0289-p-149581623,Bikini Altı
171,739231964,TRENDYOLMİLLA,Yeşil Tünelli High Leg Brazilian Bikini Altı TBESS24BA00022,59.99,3,/trendyolmilla/yesil-tunelli-high-leg-brazilian-bikini-alti-tbess24ba00022-p-739231964,Bikini Altı
172,815508097,TRENDYOLMİLLA,Soyut Desenli Regular Bikini Altı TBESS24BA00146,54.99,1,/trendyolmilla/soyut-desenli-regular-bikini-alti-tbess24ba00146-p-815508097,Bikini Altı
173,314563879,TRENDYOLMİLLA,Siyah Cut Out/Pencereli High Leg Bikini Altı TBESS23BA00014,34.99,22,/trendyolmilla/siyah-cut-out-pencereli-high-leg-bikini-alti-tbess23ba00014-p-314563879,Bikini Altı
174,762721693,TRENDYOLMİLLA,Kırmızı Dokulu Yüksek Bel Regular Bikini Altı TBESS23BA00128,286.99,19,/trendyolmilla/kirmizi-dokulu-yuksek-bel-regular-bikini-alti-tbess23ba00128-p-762721693,Bikini Altı
175,778048652,TRENDYOLMİLLA,Saks Aksesuarlı Regular Bikini Altı TBESS24BA00083,116.99,17,/trendyolmilla/saks-aksesuarli-regular-bikini-alti-tbess24ba00083-p-778048652,Bikini Altı
176,318283929,TRENDYOLMİLLA,Siyah Yüksek Bel Regular Bikini Altı TBESS23BA00119,191.99,142,/trendyolmilla/siyah-yuksek-bel-regular-bikini-alti-tbess23ba00119-p-318283929,Bikini Altı
177,320196499,TRENDYOLMİLLA,Turuncu Biyeli High Leg Bikini Altı TBESS22BA0289,39.99,87,/trendyolmilla/turuncu-biyeli-high-leg-bikini-alti-tbess22ba0289-p-320196499,Bikini Altı
178,762856689,TRENDYOLMİLLA,Yeşil Dokulu Regular Bikini Altı TBESS24BA00073,54.99,4,/trendyolmilla/yesil-dokulu-regular-bikini-alti-tbess24ba00073-p-762856689,Bikini Altı
179,740822837,TRENDYOLMİLLA,Kırmızı Tünelli Brazilian Bikini Altı TBESS24BA00030,171.99,15,/trendyolmilla/kirmizi-tunelli-brazilian-bikini-alti-tbess24ba00030-p-740822837,Bikini Altı
180,776222533,TRENDYOLMİLLA,Siyah Büzgülü Yüksek Bel Hipster Bikini Altı TBESS24BA00102,254.99,18,/trendyolmilla/siyah-buzgulu-yuksek-bel-hipster-bikini-alti-tbess24ba00102-p-776222533,Bikini Altı
181,762370477,TRENDYOLMİLLA,Kırmızı Cut Out/Pencereli Yüksek Bel Regular Bikini Altı TBESS20BA0184,220.99,8,/trendyolmilla/kirmizi-cut-out-pencereli-yuksek-bel-regular-bikini-alti-tbess20ba0184-p-762370477,Bikini Altı
182,769762753,TRENDYOLMİLLA,Kırmızı Dokulu Regular Bikini Altı TBESS24BA00094,98.99,12,/trendyolmilla/kirmizi-dokulu-regular-bikini-alti-tbess24ba00094-p-769762753,Bikini Altı
183,776221583,TRENDYOLMİLLA,Haki Büzgülü Yüksek Bel Hipster Bikini Altı TBESS24BA00102,182.99,7,/trendyolmilla/haki-buzgulu-yuksek-bel-hipster-bikini-alti-tbess24ba00102-p-776221583,Bikini Altı
184,358372377,TRENDYOLMİLLA,Batik Desenli V Kesim Normal Paça Bikini Altı TBESS23BA00252,36.99,23,/trendyolmilla/batik-desenli-v-kesim-normal-paca-bikini-alti-tbess23ba00252-p-358372377,Bikini Altı
185,763143792,TRENDYOLMİLLA,Kahverengi Bağlamalı Brazilian Bikini Altı TBESS23BA00052,223.99,5,/trendyolmilla/kahverengi-baglamali-brazilian-bikini-alti-tbess23ba00052-p-763143792,Bikini Altı
186,739177672,TRENDYOLMİLLA,Yeşil Düğümlü Yüksek Bel Brazilian Bikini Altı TBESS24BA00005,108.99,18,/trendyolmilla/yesil-dugumlu-yuksek-bel-brazilian-bikini-alti-tbess24ba00005-p-739177672,Bikini Altı
187,739221903,TRENDYOLMİLLA,Kırmızı Kemerli Aksesuarlı Yüksek Bel High Leg Regular Bikini Altı TBESS24BA00029,193.99,14,/trendyolmilla/kirmizi-kemerli-aksesuarli-yuksek-bel-high-leg-regular-bikini-alti-tbess24ba00029-p-739221903,Bikini Altı
188,776686985,TRENDYOLMİLLA,Çiçek Desenli Bağlamalı Brazilian Bikini Altı TBESS24BA00117,117.99,9,/trendyolmilla/cicek-desenli-baglamali-brazilian-bikini-alti-tbess24ba00117-p-776686985,Bikini Altı
189,762847533,TRENDYOLMİLLA,Mavi Yüksek Bel Hipster Bikini Altı TBESS21BA0070,223.99,15,/trendyolmilla/mavi-yuksek-bel-hipster-bikini-alti-tbess21ba0070-p-762847533,Bikini Altı
190,772428252,TRENDYOLMİLLA,Lila Yüksek Bel Hipster Bikini Altı TBESS21BA0057,385.99,16,/trendyolmilla/lila-yuksek-bel-hipster-bikini-alti-tbess21ba0057-p-772428252,Bikini Altı
191,318190448,TRENDYOLMİLLA,Çiçek Desenli Bağlamalı High Leg Bikini Altı TBESS23BA00043,40.99,40,/trendyolmilla/cicek-desenli-baglamali-high-leg-bikini-alti-tbess23ba00043-p-318190448,Bikini Altı
192,444034609,TRENDYOLMİLLA,Mavi V Kesim Normal Paça Bikini Altı TBESS23BA00343,41.99,23,/trendyolmilla/mavi-v-kesim-normal-paca-bikini-alti-tbess23ba00343-p-444034609,Bikini Altı
193,374917848,TRENDYOLMİLLA,Kahverengi Bağlamalı Parlak Lak Baskılı Brazilian Bikini Altı TBESS23BA00315,178.99,382,/trendyolmilla/kahverengi-baglamali-parlak-lak-baskili-brazilian-bikini-alti-tbess23ba00315-p-374917848,Bikini Altı
194,271439990,TRENDYOLMİLLA,Koyu Yeşil Biyeli Bikini Altı TBESS22BA0289,30.99,67,/trendyolmilla/koyu-yesil-biyeli-bikini-alti-tbess22ba0289-p-271439990,Bikini Altı
195,776285074,TRENDYOLMİLLA,Çiçek Desenli Büzgülü Brazilian Bikini Altı TBESS24BA00120,71.99,8,/trendyolmilla/cicek-desenli-buzgulu-brazilian-bikini-alti-tbess24ba00120-p-776285074,Bikini Altı
196,338526353,TRENDYOLMİLLA,Çiçek Desenli Bağlamalı High Leg Bikini Altı TBESS23BA00163,33.99,27,/trendyolmilla/cicek-desenli-baglamali-high-leg-bikini-alti-tbess23ba00163-p-338526353,Bikini Altı
197,809534936,TRENDYOLMİLLA,Saks V Kesim Regular Bikini Altı TBESS22BA0024,100.99,9,/trendyolmilla/saks-v-kesim-regular-bikini-alti-tbess22ba0024-p-809534936,Bikini Altı
198,776065761,TRENDYOLMİLLA,Siyah Payetli Brazilian Bikini Altı TBESS24BA00110,157.99,13,/trendyolmilla/siyah-payetli-brazilian-bikini-alti-tbess24ba00110-p-776065761,Bikini Altı
199,666792255,TRENDYOLMİLLA,Kiremit Aksesuarlı Yüksek Bel High Leg Regular Bikini Altı TBESS22BA00001,137.99,55,/trendyolmilla/kiremit-aksesuarli-yuksek-bel-high-leg-regular-bikini-alti-tbess22ba00001-p-666792255,Bikini Altı
200,337402103,TRENDYOLMİLLA,Yeşil Fırfırlı Normal Paça Bikini Altı TBESS23BA00173,33.99,44,/trendyolmilla/yesil-firfirli-normal-paca-bikini-alti-tbess23ba00173-p-337402103,Bikini Altı
201,772202826,TRENDYOLMİLLA,Fuşya Regular Bikini Altı TBESS24BA00070,111.99,13,/trendyolmilla/fusya-regular-bikini-alti-tbess24ba00070-p-772202826,Bikini Altı
202,823046257,TRENDYOLMİLLA,Mavi Bağlamalı Brazilian Bikini Altı TBESS24BA00121,173.99,2,/trendyolmilla/mavi-baglamali-brazilian-bikini-alti-tbess24ba00121-p-823046257,Bikini Altı
203,789658640,TRENDYOLMİLLA,Saks Dokulu Yüksek Bel High Leg Hipster Bikini Altı TBESS24BA00138,301.99,25,/trendyolmilla/saks-dokulu-yuksek-bel-high-leg-hipster-bikini-alti-tbess24ba00138-p-789658640,Bikini Altı
205,149559900,TRENDYOLMİLLA,Siyah Tünelli High Leg Brazilian Bikini Altı TBESS22BA0159,93.99,402,/trendyolmilla/siyah-tunelli-high-leg-brazilian-bikini-alti-tbess22ba0159-p-149559900,Bikini Altı
206,354426084,TRENDYOLMİLLA,Yeşil-Kahve Colour Block Normal Paça Bikini Altı TBESS23BA00174,36.99,47,/trendyolmilla/yesil-kahve-colour-block-normal-paca-bikini-alti-tbess23ba00174-p-354426084,Bikini Altı
207,349758523,TRENDYOLMİLLA,Geometrik Desenli Normal Paça Bikini Altı TBESS23BA00124,39.99,29,/trendyolmilla/geometrik-desenli-normal-paca-bikini-alti-tbess23ba00124-p-349758523,Bikini Altı
208,767203970,TRENDYOLMİLLA,Mor Aksesuarlı Yüksek Bel High Leg Brazilian Bikini Altı TBESS22BA00001,180.99,9,/trendyolmilla/mor-aksesuarli-yuksek-bel-high-leg-brazilian-bikini-alti-tbess22ba00001-p-767203970,Bikini Altı
209,322571988,TRENDYOLMİLLA,Etnik Desenli Normal Paça Bikini Altı TBESS22BA0306,34.99,73,/trendyolmilla/etnik-desenli-normal-paca-bikini-alti-tbess22ba0306-p-322571988,Bikini Altı
210,367895076,TRENDYOLMİLLA,Soyut Desenli Tünelli Normal Paça Bikini Altı TBESS23BA00292,39.99,48,/trendyolmilla/soyut-desenli-tunelli-normal-paca-bikini-alti-tbess23ba00292-p-367895076,Bikini Altı
211,764644640,TRENDYOLMİLLA,Siyah Bağlamalı Simli Regular Bikini Altı TBESS24BA00077,296.99,14,/trendyolmilla/siyah-baglamali-simli-regular-bikini-alti-tbess24ba00077-p-764644640,Bikini Altı
212,77504483,TRENDYOLMİLLA,Mavi Cut Out/Pencereli Dokulu Yüksek Bel Normal Paça Bikini Altı TBESS21BA0215,51.99,1017,/trendyolmilla/mavi-cut-out-pencereli-dokulu-yuksek-bel-normal-paca-bikini-alti-tbess21ba0215-p-77504483,Bikini Altı
214,776680378,TRENDYOLMİLLA,Fuşya V Kesim Dokulu Brazilian Bikini Altı TBESS24BA00114,101.99,15,/trendyolmilla/fusya-v-kesim-dokulu-brazilian-bikini-alti-tbess24ba00114-p-776680378,Bikini Altı
215,127317040,TRENDYOLMİLLA,Siyah Bağlamalı Regular Bikini Altı TBESS22BA0045,165.99,401,/trendyolmilla/siyah-baglamali-regular-bikini-alti-tbess22ba0045-p-127317040,Bikini Altı
216,763149709,TRENDYOLMİLLA,Kırmızı Yüksek Bel Regular Bikini Altı TBESS21BA0057,187.99,10,/trendyolmilla/kirmizi-yuksek-bel-regular-bikini-alti-tbess21ba0057-p-763149709,Bikini Altı
217,356856696,TRENDYOLMİLLA,Siyah Aksesuarlı High Leg Bikini Altı TBESS23BA00215,48.99,62,/trendyolmilla/siyah-aksesuarli-high-leg-bikini-alti-tbess23ba00215-p-356856696,Bikini Altı
218,800149517,TRENDYOLMİLLA,Saks Aksesuarlı Yüksek Bel High Leg Regular Bikini Altı TBESS24BA00140,190.99,7,/trendyolmilla/saks-aksesuarli-yuksek-bel-high-leg-regular-bikini-alti-tbess24ba00140-p-800149517,Bikini Altı
219,817265799,TRENDYOLMİLLA,Geometrik Desenli Bağlamalı Yüksek Bel Hipster Bikini Altı TBESS24BA00133,266.99,13,/trendyolmilla/geometrik-desenli-baglamali-yuksek-bel-hipster-bikini-alti-tbess24ba00133-p-817265799,Bikini Altı
220,739221891,TRENDYOLMİLLA,Siyah Kemerli Aksesuarlı Yüksek Bel High Leg Regular Bikini Altı TBESS24BA00029,169.99,24,/trendyolmilla/siyah-kemerli-aksesuarli-yuksek-bel-high-leg-regular-bikini-alti-tbess24ba00029-p-739221891,Bikini Altı
221,739195978,TRENDYOLMİLLA,Saks V Kesim High Leg Brazilian Bikini Altı TBESS24BA00009,187.99,7,/trendyolmilla/saks-v-kesim-high-leg-brazilian-bikini-alti-tbess24ba00009-p-739195978,Bikini Altı
222,743596514,TRENDYOLMİLLA,Siyah Bağlamalı Brazilian Bikini Altı TBESS24BA00032,213.99,5,/trendyolmilla/siyah-baglamali-brazilian-bikini-alti-tbess24ba00032-p-743596514,Bikini Altı
223,769633674,TRENDYOLMİLLA,Siyah Yüksek Bel Hipster Bikini Altı TBESS24BA00093,167.99,16,/trendyolmilla/siyah-yuksek-bel-hipster-bikini-alti-tbess24ba00093-p-769633674,Bikini Altı
224,356407330,TRENDYOLMİLLA,Çiçek Desenli V Kesim Normal Paça Bikini Altı TBESS23BA00220,51.99,73,/trendyolmilla/cicek-desenli-v-kesim-normal-paca-bikini-alti-tbess23ba00220-p-356407330,Bikini Altı
225,769762764,TRENDYOLMİLLA,Yeşil Dokulu Regular Bikini Altı TBESS24BA00094,65.99,9,/trendyolmilla/yesil-dokulu-regular-bikini-alti-tbess24ba00094-p-769762764,Bikini Altı
226,789682461,TRENDYOLMİLLA,Tropikal Desenli Nakışlı Yüksek Bel Hipster Bikini Altı TBESS24BA00132,213.99,27,/trendyolmilla/tropikal-desenli-nakisli-yuksek-bel-hipster-bikini-alti-tbess24ba00132-p-789682461,Bikini Altı
227,349112326,TRENDYOLMİLLA,Turuncu Bağlamalı Dokulu Normal Paça Bikini Altı TBESS21BA0024,43.99,29,/trendyolmilla/turuncu-baglamali-dokulu-normal-paca-bikini-alti-tbess21ba0024-p-349112326,Bikini Altı
229,763418896,TRENDYOLMİLLA,Kahverengi Aksesuarlı Simli Regular Bikini Altı TBESS23BA00272,212.99,14,/trendyolmilla/kahverengi-aksesuarli-simli-regular-bikini-alti-tbess23ba00272-p-763418896,Bikini Altı
230,763092306,TRENDYOLMİLLA,Kırmızı Dokulu High Leg Regular Bikini Altı TBESS21BA0016,226.99,9,/trendyolmilla/kirmizi-dokulu-high-leg-regular-bikini-alti-tbess21ba0016-p-763092306,Bikini Altı
231,321770044,TRENDYOLMİLLA,Sıklamen Dokulu High Leg Bikini Altı TBESS21BA0016,154.99,70,/trendyolmilla/siklamen-dokulu-high-leg-bikini-alti-tbess21ba0016-p-321770044,Bikini Altı
232,762384767,TRENDYOLMİLLA,Siyah Aksesuarlı Yüksek Bel High Leg Regular Bikini Altı TBESS22BA00001,335.99,8,/trendyolmilla/siyah-aksesuarli-yuksek-bel-high-leg-regular-bikini-alti-tbess22ba00001-p-762384767,Bikini Altı
233,34593378,TRENDYOLMİLLA,Siyah V Kesim Yüksek Bel Hipster Bikini Altı TBESS20BA0248,181.99,2600,/trendyolmilla/siyah-v-kesim-yuksek-bel-hipster-bikini-alti-tbess20ba0248-p-34593378,Bikini Altı
234,763780934,TRENDYOLMİLLA,Kahverengi Dokulu Regular Bikini Altı TBESS24BA00055,240.99,14,/trendyolmilla/kahverengi-dokulu-regular-bikini-alti-tbess24ba00055-p-763780934,Bikini Altı
235,320139186,TRENDYOLMİLLA,Yeşil Yüksek Bel Regular Bikini Altı TBESS21BA0057,236.99,111,/trendyolmilla/yesil-yuksek-bel-regular-bikini-alti-tbess21ba0057-p-320139186,Bikini Altı
236,789092396,TRENDYOLMİLLA,Siyah Yüksek Bel Hipster Bikini Altı TBESS24BA00134,230.99,15,/trendyolmilla/siyah-yuksek-bel-hipster-bikini-alti-tbess24ba00134-p-789092396,Bikini Altı
237,770068917,TRENDYOLMİLLA,Siyah Aksesuarlı Yüksek Bel Hipster Bikini Altı TBESS24BA00096,194.99,25,/trendyolmilla/siyah-aksesuarli-yuksek-bel-hipster-bikini-alti-tbess24ba00096-p-770068917,Bikini Altı
238,762534626,TRENDYOLMİLLA,Puantiyeli Hipster Bikini Altı TBESS24BA00071,97.99,7,/trendyolmilla/puantiyeli-hipster-bikini-alti-tbess24ba00071-p-762534626,Bikini Altı
239,772186548,TRENDYOLMİLLA,Kırmızı Yüksek Bel Hipster Bikini Altı TBESS21BA0057,248.99,16,/trendyolmilla/kirmizi-yuksek-bel-hipster-bikini-alti-tbess21ba0057-p-772186548,Bikini Altı
240,666785828,TRENDYOLMİLLA,Siyah Aksesuarlı Regular Bikini Altı TBESS23BA00061,302.99,87,/trendyolmilla/siyah-aksesuarli-regular-bikini-alti-tbess23ba00061-p-666785828,Bikini Altı
243,763526619,TRENDYOLMİLLA,Çiçek Desenli Tünelli High Leg Brazilian Bikini Altı TBESS24BA00063,62.99,5,/trendyolmilla/cicek-desenli-tunelli-high-leg-brazilian-bikini-alti-tbess24ba00063-p-763526619,Bikini Altı
244,137336686,TRENDYOLMİLLA,Çıtır Çiçek Desenli Fırfır Detaylı Bikini Altı TBESS22BA0223,49.99,399,/trendyolmilla/citir-cicek-desenli-firfir-detayli-bikini-alti-tbess22ba0223-p-137336686,Bikini Altı
245,763511913,TRENDYOLMİLLA,Siyah Şort Bikini Altı TBESS24BA00062,253.99,14,/trendyolmilla/siyah-sort-bikini-alti-tbess24ba00062-p-763511913,Bikini Altı
246,762601377,TRENDYOLMİLLA,Siyah Bağlamalı Parlak Lak Baskılı Brazilian Bikini Altı TBESS23BA00315,76.99,11,/trendyolmilla/siyah-baglamali-parlak-lak-baskili-brazilian-bikini-alti-tbess23ba00315-p-762601377,Bikini Altı
247,763150542,TRENDYOLMİLLA,Yeşil Bağlamalı Brazilian Bikini Altı TBESS23BA00052,141.99,11,/trendyolmilla/yesil-baglamali-brazilian-bikini-alti-tbess23ba00052-p-763150542,Bikini Altı
248,762685011,TRENDYOLMİLLA,Ekru High Leg Regular Bikini Altı TBESS24BA00072,201.99,9,/trendyolmilla/ekru-high-leg-regular-bikini-alti-tbess24ba00072-p-762685011,Bikini Altı
249,739234685,TRENDYOLMİLLA,Siyah Cut Out/Pencereli Brazilian Bikini Altı TBESS24BA00021,137.99,10,/trendyolmilla/siyah-cut-out-pencereli-brazilian-bikini-alti-tbess24ba00021-p-739234685,Bikini Altı
250,367889775,TRENDYOLMİLLA,Kırmızı Tünelli High Leg Bikini Altı TBESS23BA00288,108.99,50,/trendyolmilla/kirmizi-tunelli-high-leg-bikini-alti-tbess23ba00288-p-367889775,Bikini Altı
251,68016509,TRENDYOLMİLLA,Lila Dokulu High Leg Bikini Altı TBESS21BA0014,39.99,447,/trendyolmilla/lila-dokulu-high-leg-bikini-alti-tbess21ba0014-p-68016509,Bikini Altı
252,92854888,TRENDYOLMİLLA,Mavi Gipeli Regular Bikini Altı TBESS21BA0263,201.99,345,/trendyolmilla/mavi-gipeli-regular-bikini-alti-tbess21ba0263-p-92854888,Bikini Altı
253,344385950,TRENDYOLMİLLA,Yeşil Biyeli Normal Paça Bikini Altı TBESS22BA0232,51.99,56,/trendyolmilla/yesil-biyeli-normal-paca-bikini-alti-tbess22ba0232-p-344385950,Bikini Altı
254,320149425,TRENDYOLMİLLA,Soyut Desenli Biyeli Brazilian Bikini Altı TBESS23BA00058,154.99,76,/trendyolmilla/soyut-desenli-biyeli-brazilian-bikini-alti-tbess23ba00058-p-320149425,Bikini Altı
255,225147488,TRENDYOLMİLLA,Zebra Desenli Cut Out Detaylı Bikini Altı TBESS22BA0303,33.99,42,/trendyolmilla/zebra-desenli-cut-out-detayli-bikini-alti-tbess22ba0303-p-225147488,Bikini Altı
256,314542965,TRENDYOLMİLLA,Yağ Yeşili Biyeli Normal Paça Bikini Altı TBESS23BA00013,33.99,34,/trendyolmilla/yag-yesili-biyeli-normal-paca-bikini-alti-tbess23ba00013-p-314542965,Bikini Altı
257,338526356,TRENDYOLMİLLA,Etnik Desenli Bağlamalı High Leg Bikini Altı TBESS23BA00163,61.99,34,/trendyolmilla/etnik-desenli-baglamali-high-leg-bikini-alti-tbess23ba00163-p-338526356,Bikini Altı
258,365872922,TRENDYOLMİLLA,Yeşil Bağlamalı Havlu Normal Paça Bikini Altı TBESS23BA00280,67.99,71,/trendyolmilla/yesil-baglamali-havlu-normal-paca-bikini-alti-tbess23ba00280-p-365872922,Bikini Altı
259,776229736,TRENDYOLMİLLA,Turuncu Büzgülü Brazilian Bikini Altı TBESS24BA00109,103.99,8,/trendyolmilla/turuncu-buzgulu-brazilian-bikini-alti-tbess24ba00109-p-776229736,Bikini Altı
260,167823836,TRENDYOLMİLLA,Etnik Desenli Normal Paça Bikini Altı TBESS22BA0306,138.99,520,/trendyolmilla/etnik-desenli-normal-paca-bikini-alti-tbess22ba0306-p-167823836,Bikini Altı
261,150974074,TRENDYOLMİLLA,Kırmızı Biyeli Yüksek Bel Hipster Bikini Altı TBESS22BA0044,222.99,506,/trendyolmilla/kirmizi-biyeli-yuksek-bel-hipster-bikini-alti-tbess22ba0044-p-150974074,Bikini Altı
262,789659518,TRENDYOLMİLLA,Çiçek Desenli Drapeli Yüksek Bel Hipster Bikini Altı TBESS24BA00131,295.99,14,/trendyolmilla/cicek-desenli-drapeli-yuksek-bel-hipster-bikini-alti-tbess24ba00131-p-789659518,Bikini Altı
263,129997083,TRENDYOLMİLLA,Yılan Desenli Bağlama Detaylı Bikini Altı TBESS22BA0063,40.99,96,/trendyolmilla/yilan-desenli-baglama-detayli-bikini-alti-tbess22ba0063-p-129997083,Bikini Altı
264,762383260,TRENDYOLMİLLA,Ekru Regular Bikini Altı TBESS24BA00070,151.99,9,/trendyolmilla/ekru-regular-bikini-alti-tbess24ba00070-p-762383260,Bikini Altı
265,353178669,TRENDYOLMİLLA,Çiçek Desenli Bağlamalı High Leg Bikini Altı TBESS23BA00042,36.99,34,/trendyolmilla/cicek-desenli-baglamali-high-leg-bikini-alti-tbess23ba00042-p-353178669,Bikini Altı
266,776684318,TRENDYOLMİLLA,Çiçek Desenli Bağlamalı Brazilian Bikini Altı TBESS24BA00117,67.99,13,/trendyolmilla/cicek-desenli-baglamali-brazilian-bikini-alti-tbess24ba00117-p-776684318,Bikini Altı
268,364562908,TRENDYOLMİLLA,Mor Biyeli Normal Paça Bikini Altı TBESS23BA00271,49.99,52,/trendyolmilla/mor-biyeli-normal-paca-bikini-alti-tbess23ba00271-p-364562908,Bikini Altı
269,784831117,TRENDYOLMİLLA,Hayvan Desenli V Kesim High Leg Regular Bikini Altı TBESS23BA00116,219.99,20,/trendyolmilla/hayvan-desenli-v-kesim-high-leg-regular-bikini-alti-tbess23ba00116-p-784831117,Bikini Altı
271,337407206,TRENDYOLMİLLA,Nar Çiçeği Fırfırlı High Leg Bikini Altı TBESS23BA00178,49.99,34,/trendyolmilla/nar-cicegi-firfirli-high-leg-bikini-alti-tbess23ba00178-p-337407206,Bikini Altı
274,763103373,TRENDYOLMİLLA,Siyah Bağlamalı Regular Bikini Altı TBESS24BA00065,187.99,8,/trendyolmilla/siyah-baglamali-regular-bikini-alti-tbess24ba00065-p-763103373,Bikini Altı
275,800159813,TRENDYOLMİLLA,Puantiyeli Regular Bikini Altı TBESS24BA00126,81.99,11,/trendyolmilla/puantiyeli-regular-bikini-alti-tbess24ba00126-p-800159813,Bikini Altı
276,691886947,TRENDYOLMİLLA,Kırmızı Aksesuarlı Yüksek Bel High Leg Regular Bikini Altı TBESS22BA00001,248.99,50,/trendyolmilla/kirmizi-aksesuarli-yuksek-bel-high-leg-regular-bikini-alti-tbess22ba00001-p-691886947,Bikini Altı
277,32736610,TRENDYOLMİLLA,Çiçek Desenli Yüksek Bel Bikini Altı TBESS20BA0100,39.99,1121,/trendyolmilla/cicek-desenli-yuksek-bel-bikini-alti-tbess20ba0100-p-32736610,Bikini Altı
278,788987167,TRENDYOLMİLLA,Kahverengi Yüksek Bel Regular Bikini Altı TBESS21BA0228,345.99,17,/trendyolmilla/kahverengi-yuksek-bel-regular-bikini-alti-tbess21ba0228-p-788987167,Bikini Altı
279,150974087,TRENDYOLMİLLA,Siyah Şerit Aksesuarlı Yüksek Bel Regular Bikini Altı TBESS22BA0027,219.99,749,/trendyolmilla/siyah-serit-aksesuarli-yuksek-bel-regular-bikini-alti-tbess22ba0027-p-150974087,Bikini Altı
280,767748658,TRENDYOLMİLLA,Ekru Biyeli High Leg Brazilian Bikini Altı TBESS23BA00032,175.99,12,/trendyolmilla/ekru-biyeli-high-leg-brazilian-bikini-alti-tbess23ba00032-p-767748658,Bikini Altı
281,799291794,TRENDYOLMİLLA,Soyut Desenli V Kesim Regular Bikini Altı TBESS23BA00116,173.99,9,/trendyolmilla/soyut-desenli-v-kesim-regular-bikini-alti-tbess23ba00116-p-799291794,Bikini Altı
282,762370480,TRENDYOLMİLLA,Saks Cut Out/Pencereli Yüksek Bel Regular Bikini Altı TBESS20BA0184,248.99,25,/trendyolmilla/saks-cut-out-pencereli-yuksek-bel-regular-bikini-alti-tbess20ba0184-p-762370480,Bikini Altı
283,340609347,TRENDYOLMİLLA,Hayvan Desenli Bağlamalı Normal Paça Bikini Altı TBESS23BA00135,44.99,89,/trendyolmilla/hayvan-desenli-baglamali-normal-paca-bikini-alti-tbess23ba00135-p-340609347,Bikini Altı
284,740862693,TRENDYOLMİLLA,Siyah Düğümlü Yüksek Bel Hipster Bikini Altı TBESS24BA00031,258.99,13,/trendyolmilla/siyah-dugumlu-yuksek-bel-hipster-bikini-alti-tbess24ba00031-p-740862693,Bikini Altı
285,69252641,TRENDYOLMİLLA,Çıtır Çiçek Desenli Gipeli Düşük Bel Bikini Altı TBESS21BA0148,36.99,269,/trendyolmilla/citir-cicek-desenli-gipeli-dusuk-bel-bikini-alti-tbess21ba0148-p-69252641,Bikini Altı
286,338843074,TRENDYOLMİLLA,Siyah Bağlamalı Parlak Baskılı Normal Paça Bikini Altı TBESS23BA00160,50.99,86,/trendyolmilla/siyah-baglamali-parlak-baskili-normal-paca-bikini-alti-tbess23ba00160-p-338843074,Bikini Altı
287,315661808,TRENDYOLMİLLA,Fuşya Aksesuarlı High Leg Brazilian Bikini Altı TBESS23BA00044,159.99,114,/trendyolmilla/fusya-aksesuarli-high-leg-brazilian-bikini-alti-tbess23ba00044-p-315661808,Bikini Altı
288,672347997,TRENDYOLMİLLA,Degrade Desenli Mesh Detaylı Yüksek Bel High Leg Bikini Altı TBESS23BA00347,57.99,15,/trendyolmilla/degrade-desenli-mesh-detayli-yuksek-bel-high-leg-bikini-alti-tbess23ba00347-p-672347997,Bikini Altı
289,670998118,TRENDYOLMİLLA,Altın Bağlamalı Parlak Lak Baskılı Brazilian Bikini Altı TBESS23BA00315,224.99,52,/trendyolmilla/altin-baglamali-parlak-lak-baskili-brazilian-bikini-alti-tbess23ba00315-p-670998118,Bikini Altı
290,356740842,TRENDYOLMİLLA,Kiremit Cut Out/Pencereli Yüksek Bel Normal Paça Bikini Altı TBESS23BA00200,55.99,50,/trendyolmilla/kiremit-cut-out-pencereli-yuksek-bel-normal-paca-bikini-alti-tbess23ba00200-p-356740842,Bikini Altı
291,320199849,TRENDYOLMİLLA,Yeşil Bağlamalı Normal Paça Bikini Altı TBESS22BA0045,64.99,102,/trendyolmilla/yesil-baglamali-normal-paca-bikini-alti-tbess22ba0045-p-320199849,Bikini Altı
292,356801380,TRENDYOLMİLLA,Soyut Desenli Aksesuarlı Regular Bikini Altı TBESS23BA00237,170.99,117,/trendyolmilla/soyut-desenli-aksesuarli-regular-bikini-alti-tbess23ba00237-p-356801380,Bikini Altı
293,337376222,TRENDYOLMİLLA,Nar Çiçeği Tünelli High Leg Bikini Altı TBESS23BA00187,52.99,30,/trendyolmilla/nar-cicegi-tunelli-high-leg-bikini-alti-tbess23ba00187-p-337376222,Bikini Altı
294,790170580,TRENDYOLMİLLA,Mavi Yüksek Bel Hipster Bikini Altı TBESS24BA00134,149.99,13,/trendyolmilla/mavi-yuksek-bel-hipster-bikini-alti-tbess24ba00134-p-790170580,Bikini Altı
295,349143277,TRENDYOLMİLLA,Kiremit Cut Out/Pencereli Yüksek Bel Regular Bikini Altı TBESS20BA0184,175.99,106,/trendyolmilla/kiremit-cut-out-pencereli-yuksek-bel-regular-bikini-alti-tbess20ba0184-p-349143277,Bikini Altı
296,322663122,TRENDYOLMİLLA,Soyut Desenli Zincir Aksesuarlı High Leg Bikini Altı TBESS23BA00080,37.99,76,/trendyolmilla/soyut-desenli-zincir-aksesuarli-high-leg-bikini-alti-tbess23ba00080-p-322663122,Bikini Altı
297,314573766,TRENDYOLMİLLA,Yeşil Boncuk Aksesuarlı Normal Paça Bikini Altı TBESS23BA00019,51.99,43,/trendyolmilla/yesil-boncuk-aksesuarli-normal-paca-bikini-alti-tbess23ba00019-p-314573766,Bikini Altı
298,71525726,TRENDYOLMİLLA,Çini Desenli Bağlama Detaylı Yüksek Bel Bikini Altı TBESS21BA0105,43.99,438,/trendyolmilla/cini-desenli-baglama-detayli-yuksek-bel-bikini-alti-tbess21ba0105-p-71525726,Bikini Altı
299,348734479,TRENDYOLMİLLA,Petrol Cut Out/Pencereli Yüksek Bel Normal Paça Bikini Altı TBESS23BA00200,44.99,45,/trendyolmilla/petrol-cut-out-pencereli-yuksek-bel-normal-paca-bikini-alti-tbess23ba00200-p-348734479,Bikini Altı
300,358558550,TRENDYOLMİLLA,Nar Çiçeği Dokulu Normal Paça Bikini Altı TBESS21BA0091,42.99,30,/trendyolmilla/nar-cicegi-dokulu-normal-paca-bikini-alti-tbess21ba0091-p-358558550,Bikini Altı
301,322631310,TRENDYOLMİLLA,Kahverengi Zincir Aksesuarlı Normal Paça Bikini Altı TBESS23BA00078,93.99,50,/trendyolmilla/kahverengi-zincir-aksesuarli-normal-paca-bikini-alti-tbess23ba00078-p-322631310,Bikini Altı
302,776281017,TRENDYOLMİLLA,Siyah Büzgülü Brazilian Bikini Altı TBESS24BA00091,121.99,16,/trendyolmilla/siyah-buzgulu-brazilian-bikini-alti-tbess24ba00091-p-776281017,Bikini Altı
303,763417479,TRENDYOLMİLLA,Siyah Bağlamalı Dokulu Regular Bikini Altı TBESS23BA00222,89.99,9,/trendyolmilla/siyah-baglamali-dokulu-regular-bikini-alti-tbess23ba00222-p-763417479,Bikini Altı
304,314519705,TRENDYOLMİLLA,Batik Desenli Normal Paça Bikini Altı TBESS23BA00049,58.99,68,/trendyolmilla/batik-desenli-normal-paca-bikini-alti-tbess23ba00049-p-314519705,Bikini Altı
305,322186135,TRENDYOLMİLLA,Kırmızı Cut Out/Pencereli Yüksek Bel Regular Bikini Altı TBESS20BA0184,163.99,142,/trendyolmilla/kirmizi-cut-out-pencereli-yuksek-bel-regular-bikini-alti-tbess20ba0184-p-322186135,Bikini Altı
306,88914818,TRENDYOLMİLLA,Hayvan Desenli Yüksek Bel Normal Paça Bikini Altı TBESS21BA0320,199.99,432,/trendyolmilla/hayvan-desenli-yuksek-bel-normal-paca-bikini-alti-tbess21ba0320-p-88914818,Bikini Altı
307,762381954,TRENDYOLMİLLA,Kahverengi V Kesim Yüksek Bel Hipster Bikini Altı TBESS20BA0248,262.99,18,/trendyolmilla/kahverengi-v-kesim-yuksek-bel-hipster-bikini-alti-tbess20ba0248-p-762381954,Bikini Altı
308,338546818,TRENDYOLMİLLA,Çiçek Desenli V Kesim Normal Paça Bikini Altı TBESS23BA00169,43.99,60,/trendyolmilla/cicek-desenli-v-kesim-normal-paca-bikini-alti-tbess23ba00169-p-338546818,Bikini Altı
309,130014767,TRENDYOLMİLLA,Turuncu Dokulu V Kesim Bikini Altı TBESS22BA0121,61.99,338,/trendyolmilla/turuncu-dokulu-v-kesim-bikini-alti-tbess22ba0121-p-130014767,Bikini Altı
310,314559756,TRENDYOLMİLLA,Hayvan Desenli Normal Paça Bikini Altı TBESS23BA00050,35.99,43,/trendyolmilla/hayvan-desenli-normal-paca-bikini-alti-tbess23ba00050-p-314559756,Bikini Altı
311,741962887,TRENDYOLMİLLA,Siyah Tünelli Brazilian Bikini Altı TBESS24BA00030,182.99,10,/trendyolmilla/siyah-tunelli-brazilian-bikini-alti-tbess24ba00030-p-741962887,Bikini Altı
312,316790504,TRENDYOLMİLLA,Çiçek Desenli Tünelli Normal Paça Bikini Altı TBESS23BA00039,37.99,51,/trendyolmilla/cicek-desenli-tunelli-normal-paca-bikini-alti-tbess23ba00039-p-316790504,Bikini Altı
313,763410989,TRENDYOLMİLLA,Kahverengi Yüksek Bel Regular Bikini Altı TBESS21BA0057,308.99,15,/trendyolmilla/kahverengi-yuksek-bel-regular-bikini-alti-tbess21ba0057-p-763410989,Bikini Altı
314,340486721,TRENDYOLMİLLA,Turuncu Dokulu High Leg Bikini Altı TBESS23BA00149,41.99,45,/trendyolmilla/turuncu-dokulu-high-leg-bikini-alti-tbess23ba00149-p-340486721,Bikini Altı
315,358548784,TRENDYOLMİLLA,Çiçek Desenli Yüksek Bel Normal Paça Bikini Altı TBESS21BA0051,94.99,108,/trendyolmilla/cicek-desenli-yuksek-bel-normal-paca-bikini-alti-tbess21ba0051-p-358548784,Bikini Altı
316,815774276,TRENDYOLMİLLA,Kırmızı Tanga Bikini Altı TBESS24BA00130,119.99,7,/trendyolmilla/kirmizi-tanga-bikini-alti-tbess24ba00130-p-815774276,Bikini Altı
317,347705029,TRENDYOLMİLLA,Soyut Desenli Biyeli High Leg Bikini Altı TBESS23BA00214,42.99,40,/trendyolmilla/soyut-desenli-biyeli-high-leg-bikini-alti-tbess23ba00214-p-347705029,Bikini Altı
318,127334712,TRENDYOLMİLLA,Manzara Desenli Yüksek Bel Bikini Altı TBESS21BA0422,37.99,356,/trendyolmilla/manzara-desenli-yuksek-bel-bikini-alti-tbess21ba0422-p-127334712,Bikini Altı
319,314519699,TRENDYOLMİLLA,Soyut Desenli Normal Paça Bikini Altı TBESS23BA00049,44.99,69,/trendyolmilla/soyut-desenli-normal-paca-bikini-alti-tbess23ba00049-p-314519699,Bikini Altı
320,762651437,TRENDYOLMİLLA,Kırmızı High Leg Brazilian Bikini Altı TBESS24BA00028,146.99,16,/trendyolmilla/kirmizi-high-leg-brazilian-bikini-alti-tbess24ba00028-p-762651437,Bikini Altı
321,319874802,TRENDYOLMİLLA,Yeşil Zincir Aksesuarlı High Leg Bikini Altı TBESS22BA0046,42.99,61,/trendyolmilla/yesil-zincir-aksesuarli-high-leg-bikini-alti-tbess22ba0046-p-319874802,Bikini Altı
322,322186133,TRENDYOLMİLLA,Yeşil Cut Out/Pencereli Yüksek Bel Normal Paça Bikini Altı TBESS20BA0184,45.99,197,/trendyolmilla/yesil-cut-out-pencereli-yuksek-bel-normal-paca-bikini-alti-tbess20ba0184-p-322186133,Bikini Altı
323,349341664,TRENDYOLMİLLA,Ekru Aksesuarlı High Leg Bikini Altı TBESS23BA00014,34.99,12,/trendyolmilla/ekru-aksesuarli-high-leg-bikini-alti-tbess23ba00014-p-349341664,Bikini Altı
324,319868347,TRENDYOLMİLLA,Soyut Desenli Bağlamalı High Leg Bikini Altı TBESS23BA00089,40.99,55,/trendyolmilla/soyut-desenli-baglamali-high-leg-bikini-alti-tbess23ba00089-p-319868347,Bikini Altı
325,356857613,TRENDYOLMİLLA,Hayvan Desenli Tünelli Normal Paça Bikini Altı TBESS23BA00217,56.99,76,/trendyolmilla/hayvan-desenli-tunelli-normal-paca-bikini-alti-tbess23ba00217-p-356857613,Bikini Altı
326,762877285,TRENDYOLMİLLA,Ekru Biyeli Yüksek Bel Hipster Bikini Altı TBESS22BA0044,325.99,12,/trendyolmilla/ekru-biyeli-yuksek-bel-hipster-bikini-alti-tbess22ba0044-p-762877285,Bikini Altı
327,315680505,TRENDYOLMİLLA,Lila Cut Out/Pencereli Yüksek Bel Normal Paça Bikini Altı TBESS23BA00053,90.99,88,/trendyolmilla/lila-cut-out-pencereli-yuksek-bel-normal-paca-bikini-alti-tbess23ba00053-p-315680505,Bikini Altı
328,801384208,TRENDYOLMİLLA,Siyah Toparlayıcı Yüksek Bel Regular Bikini Altı TBESS24BA00144,275.99,16,/trendyolmilla/siyah-toparlayici-yuksek-bel-regular-bikini-alti-tbess24ba00144-p-801384208,Bikini Altı
329,322561880,TRENDYOLMİLLA,Somon Volanlı Normal Paça Bikini Altı TBESS21BA0044,42.99,51,/trendyolmilla/somon-volanli-normal-paca-bikini-alti-tbess21ba0044-p-322561880,Bikini Altı
330,320205505,TRENDYOLMİLLA,Somon Boncuk Aksesuarlı Dokulu Normal Paça Bikini Altı TBESS22BA0020,47.99,53,/trendyolmilla/somon-boncuk-aksesuarli-dokulu-normal-paca-bikini-alti-tbess22ba0020-p-320205505,Bikini Altı
331,322958744,TRENDYOLMİLLA,Çiçek Desenli Normal Paça Bikini Altı TBESS23BA00124,54.99,44,/trendyolmilla/cicek-desenli-normal-paca-bikini-alti-tbess23ba00124-p-322958744,Bikini Altı
332,345912182,TRENDYOLMİLLA,Bordo Bağlamalı Yüksek Bel Normal Paça Bikini Altı TBESS23BA00211,70.99,61,/trendyolmilla/bordo-baglamali-yuksek-bel-normal-paca-bikini-alti-tbess23ba00211-p-345912182,Bikini Altı
333,763095413,TRENDYOLMİLLA,Fuşya Dokulu High Leg Regular Bikini Altı TBESS21BA0016,200.99,8,/trendyolmilla/fusya-dokulu-high-leg-regular-bikini-alti-tbess21ba0016-p-763095413,Bikini Altı
334,358541499,TRENDYOLMİLLA,Kırmızı Biyeli Yüksek Bel Normal Paça Bikini Altı TBESS21BA0363,97.99,110,/trendyolmilla/kirmizi-biyeli-yuksek-bel-normal-paca-bikini-alti-tbess21ba0363-p-358541499,Bikini Altı
335,449343328,TRENDYOLMİLLA,Pembe Tünelli Dokulu Normal Paça Bikini Altı TBESS23BA00345,43.99,22,/trendyolmilla/pembe-tunelli-dokulu-normal-paca-bikini-alti-tbess23ba00345-p-449343328,Bikini Altı
336,80714430,TRENDYOLMİLLA,Lila Drapeli Yüksek Bel Hipster Bikini Altı TBESS21BA0178,194.99,677,/trendyolmilla/lila-drapeli-yuksek-bel-hipster-bikini-alti-tbess21ba0178-p-80714430,Bikini Altı
337,378693482,TRENDYOLMİLLA,Tarçın Aksesuarlı Yüksek Bel Normal Paça Bikini Altı TBESS23BA00129,65.99,69,/trendyolmilla/tarcin-aksesuarli-yuksek-bel-normal-paca-bikini-alti-tbess23ba00129-p-378693482,Bikini Altı
338,358895439,TRENDYOLMİLLA,Soyut Desenli Bağlamalı Normal Paça Bikini Altı TBESS22BA0243,42.99,57,/trendyolmilla/soyut-desenli-baglamali-normal-paca-bikini-alti-tbess22ba0243-p-358895439,Bikini Altı
339,666785824,TRENDYOLMİLLA,Tropik Yeşil Aksesuarlı Normal Paça Bikini Altı TBESS23BA00061,73.99,63,/trendyolmilla/tropik-yesil-aksesuarli-normal-paca-bikini-alti-tbess23ba00061-p-666785824,Bikini Altı
340,666791653,TRENDYOLMİLLA,Hayvan Desenli Biyeli High Leg Bikini Altı TBESS23BA00051,113.99,43,/trendyolmilla/hayvan-desenli-biyeli-high-leg-bikini-alti-tbess23ba00051-p-666791653,Bikini Altı
341,762802543,TRENDYOLMİLLA,Siyah Dokulu Regular Bikini Altı TBESS24BA00073,219.99,15,/trendyolmilla/siyah-dokulu-regular-bikini-alti-tbess24ba00073-p-762802543,Bikini Altı
342,350132101,TRENDYOLMİLLA,Çiçek Desenli Bağlamalı Normal Paça Bikini Altı TBESS23BA00034,38.99,51,/trendyolmilla/cicek-desenli-baglamali-normal-paca-bikini-alti-tbess23ba00034-p-350132101,Bikini Altı
343,809532278,TRENDYOLMİLLA,Saks V Kesim Brazilian Bikini Altı TBESS21BA0168,209.99,21,/trendyolmilla/saks-v-kesim-brazilian-bikini-alti-tbess21ba0168-p-809532278,Bikini Altı
344,318190451,TRENDYOLMİLLA,Çiçek Desenli Bağlamalı High Leg Bikini Altı TBESS23BA00043,33.99,34,/trendyolmilla/cicek-desenli-baglamali-high-leg-bikini-alti-tbess23ba00043-p-318190451,Bikini Altı
345,150454280,TRENDYOLMİLLA,Haki Zincir Detaylı Bikini Altı TBESS22BA0259,38.99,183,/trendyolmilla/haki-zincir-detayli-bikini-alti-tbess22ba0259-p-150454280,Bikini Altı
346,130029458,TRENDYOLMİLLA,Turuncu V Kesim Dokulu Yüksek Bel Normal Paça Bikini Altı TBESS22BA0122,47.99,489,/trendyolmilla/turuncu-v-kesim-dokulu-yuksek-bel-normal-paca-bikini-alti-tbess22ba0122-p-130029458,Bikini Altı
347,136190790,TRENDYOLMİLLA,Pudra Fırfırlı Regular Bikini Altı TBESS22BA0074,197.99,374,/trendyolmilla/pudra-firfirli-regular-bikini-alti-tbess22ba0074-p-136190790,Bikini Altı
348,349341183,TRENDYOLMİLLA,Lila Biyeli Normal Paça Bikini Altı TBESS23BA00013,79.99,34,/trendyolmilla/lila-biyeli-normal-paca-bikini-alti-tbess23ba00013-p-349341183,Bikini Altı
349,448531254,TRENDYOLMİLLA,Camel Tünelli Normal Paça Bikini Altı TBESS23BA00344,39.99,13,/trendyolmilla/camel-tunelli-normal-paca-bikini-alti-tbess23ba00344-p-448531254,Bikini Altı
350,32014336,TRENDYOLMİLLA,Pembe Leopar Desenli Desenli V Kesim Bikini Altı TBESS20BA0012,47.99,210,/trendyolmilla/pembe-leopar-desenli-desenli-v-kesim-bikini-alti-tbess20ba0012-p-32014336,Bikini Altı
351,367844327,TRENDYOLMİLLA,Soyut Desenli Biyeli Normal Paça Bikini Altı TBESS23BA00291,33.99,81,/trendyolmilla/soyut-desenli-biyeli-normal-paca-bikini-alti-tbess23ba00291-p-367844327,Bikini Altı
352,763540367,TRENDYOLMİLLA,Ekru Dokulu Regular Bikini Altı TBESS24BA00036,249.99,23,/trendyolmilla/ekru-dokulu-regular-bikini-alti-tbess24ba00036-p-763540367,Bikini Altı
353,348738967,TRENDYOLMİLLA,Siyah Aksesuarlı Yüksek Bel Normal Paça Bikini Altı TBESS23BA00202,90.99,117,/trendyolmilla/siyah-aksesuarli-yuksek-bel-normal-paca-bikini-alti-tbess23ba00202-p-348738967,Bikini Altı
354,365771233,TRENDYOLMİLLA,Nar Çiçeği Biyeli High Leg Bikini Altı TBESS23BA00289,54.99,81,/trendyolmilla/nar-cicegi-biyeli-high-leg-bikini-alti-tbess23ba00289-p-365771233,Bikini Altı
355,358566433,TRENDYOLMİLLA,Çizgili Bağlamalı Normal Paça Bikini Altı TBESS23BA00253,44.99,56,/trendyolmilla/cizgili-baglamali-normal-paca-bikini-alti-tbess23ba00253-p-358566433,Bikini Altı
356,82678528,TRENDYOLMİLLA,Lila Cut Out Detaylı Bikini Altı TBESS21BA0306,104.99,410,/trendyolmilla/lila-cut-out-detayli-bikini-alti-tbess21ba0306-p-82678528,Bikini Altı
357,763540091,TRENDYOLMİLLA,Yeşil Dokulu Regular Bikini Altı TBESS24BA00036,187.99,17,/trendyolmilla/yesil-dokulu-regular-bikini-alti-tbess24ba00036-p-763540091,Bikini Altı
358,129493222,TRENDYOLMİLLA,Yeşil Çiçek Desenli Bikini Altı TBESS22BA0096,46.99,102,/trendyolmilla/yesil-cicek-desenli-bikini-alti-tbess22ba0096-p-129493222,Bikini Altı
359,358081937,TRENDYOLMİLLA,Siyah V Kesim Simli High Leg Bikini Altı TBESS23BA00242,79.99,61,/trendyolmilla/siyah-v-kesim-simli-high-leg-bikini-alti-tbess23ba00242-p-358081937,Bikini Altı
360,169994451,TRENDYOLMİLLA,Kiremit V Kesim Normal Paça Bikini Altı TBESS22BA0042,74.99,154,/trendyolmilla/kiremit-v-kesim-normal-paca-bikini-alti-tbess22ba0042-p-169994451,Bikini Altı
361,374886197,TRENDYOLMİLLA,Kırmızı Tanga Yüksek Bel High Leg Bikini Altı TBESS23BA00294,73.99,42,/trendyolmilla/kirmizi-tanga-yuksek-bel-high-leg-bikini-alti-tbess23ba00294-p-374886197,Bikini Altı
362,356517316,TRENDYOLMİLLA,Etnik Desenli V Kesim High Leg Bikini Altı TBESS23BA00247,75.99,96,/trendyolmilla/etnik-desenli-v-kesim-high-leg-bikini-alti-tbess23ba00247-p-356517316,Bikini Altı
363,349343564,TRENDYOLMİLLA,Lila Dokulu Yüksek Bel Normal Paça Bikini Altı TBESS23BA00121,49.99,54,/trendyolmilla/lila-dokulu-yuksek-bel-normal-paca-bikini-alti-tbess23ba00121-p-349343564,Bikini Altı
364,131096971,TRENDYOLMİLLA,Zümrüt Yeşili Simli Bikini Altı TBESS22BA0118,34.99,158,/trendyolmilla/zumrut-yesili-simli-bikini-alti-tbess22ba0118-p-131096971,Bikini Altı
365,358343528,TRENDYOLMİLLA,Yağ Yeşili V Kesim Dokulu Normal Paça Bikini Altı TBESS22BA0121,46.99,55,/trendyolmilla/yag-yesili-v-kesim-dokulu-normal-paca-bikini-alti-tbess22ba0121-p-358343528,Bikini Altı
366,347735997,TRENDYOLMİLLA,Hayvan Desenli Cut Out/Pencereli High Leg Bikini Altı TBESS23BA00207,77.99,62,/trendyolmilla/hayvan-desenli-cut-out-pencereli-high-leg-bikini-alti-tbess23ba00207-p-347735997,Bikini Altı
367,358754009,TRENDYOLMİLLA,Yeşil Cut Out/Pencereli Yüksek Bel Normal Paça Bikini Altı TBESS22BA0197,45.99,53,/trendyolmilla/yesil-cut-out-pencereli-yuksek-bel-normal-paca-bikini-alti-tbess22ba0197-p-358754009,Bikini Altı
368,347736005,TRENDYOLMİLLA,Hayvan Desenli Cut Out/Pencereli High Leg Bikini Altı TBESS23BA00207,70.99,63,/trendyolmilla/hayvan-desenli-cut-out-pencereli-high-leg-bikini-alti-tbess23ba00207-p-347736005,Bikini Altı
369,356857623,TRENDYOLMİLLA,Çiçek Desenli Tünelli High Leg Bikini Altı TBESS23BA00217,39.99,58,/trendyolmilla/cicek-desenli-tunelli-high-leg-bikini-alti-tbess23ba00217-p-356857623,Bikini Altı
370,129496625,TRENDYOLMİLLA,Çiçek Desenli Yüksek Bel Bikini Altı TBESS22BA0096,34.99,116,/trendyolmilla/cicek-desenli-yuksek-bel-bikini-alti-tbess22ba0096-p-129496625,Bikini Altı
371,345994013,TRENDYOLMİLLA,Soyut Desenli Boncuk Aksesuarlı Normal Paça Bikini Altı TBESS23BA00209,58.99,48,/trendyolmilla/soyut-desenli-boncuk-aksesuarli-normal-paca-bikini-alti-tbess23ba00209-p-345994013,Bikini Altı
372,271439982,TRENDYOLMİLLA,Kiremit Biyeli Bikini Altı TBESS22BA0289,45.99,52,/trendyolmilla/kiremit-biyeli-bikini-alti-tbess22ba0289-p-271439982,Bikini Altı
373,349384106,TRENDYOLMİLLA,Turuncu Cut Out/Pencereli Yüksek Bel Normal Paça Bikini Altı TBESS23BA00053,46.99,36,/trendyolmilla/turuncu-cut-out-pencereli-yuksek-bel-normal-paca-bikini-alti-tbess23ba00053-p-349384106,Bikini Altı
374,666731458,TRENDYOLMİLLA,Saks Biyeli High Leg Bikini Altı TBESS23BA00032,42.99,51,/trendyolmilla/saks-biyeli-high-leg-bikini-alti-tbess23ba00032-p-666731458,Bikini Altı
375,350125533,TRENDYOLMİLLA,Etnik Desenli Bağlamalı Normal Paça Bikini Altı TBESS23BA00070,44.99,79,/trendyolmilla/etnik-desenli-baglamali-normal-paca-bikini-alti-tbess23ba00070-p-350125533,Bikini Altı
376,82678534,TRENDYOLMİLLA,Bronz Cut Out Detaylı Bikini Altı TBESS21BA0306,39.99,187,/trendyolmilla/bronz-cut-out-detayli-bikini-alti-tbess21ba0306-p-82678534,Bikini Altı
377,356776218,TRENDYOLMİLLA,Hayvan Desenli High Leg Bikini Altı TBESS23BA00223,36.99,73,/trendyolmilla/hayvan-desenli-high-leg-bikini-alti-tbess23ba00223-p-356776218,Bikini Altı
378,127285590,TRENDYOLMİLLA,Kahverengi Zebra Desenli Bikini Altı TBESS22BA0032,39.99,92,/trendyolmilla/kahverengi-zebra-desenli-bikini-alti-tbess22ba0032-p-127285590,Bikini Altı
379,817265817,TRENDYOLMİLLA,Hayvan Desenli Regular Bikini Altı TBESS24BA00136,162.99,19,/trendyolmilla/hayvan-desenli-regular-bikini-alti-tbess24ba00136-p-817265817,Bikini Altı
380,318146650,TRENDYOLMİLLA,Çiçek Desenli Bağlamalı High Leg Bikini Altı TBESS23BA00042,37.99,39,/trendyolmilla/cicek-desenli-baglamali-high-leg-bikini-alti-tbess23ba00042-p-318146650,Bikini Altı
381,320145586,TRENDYOLMİLLA,Pembe Cut Out/Pencereli Yüksek Bel Normal Paça Bikini Altı TBESS23BA00055,73.99,49,/trendyolmilla/pembe-cut-out-pencereli-yuksek-bel-normal-paca-bikini-alti-tbess23ba00055-p-320145586,Bikini Altı
382,350130067,TRENDYOLMİLLA,Etnik Desenli Yüksek Bel Normal Paça Bikini Altı TBESS23BA00047,61.99,76,/trendyolmilla/etnik-desenli-yuksek-bel-normal-paca-bikini-alti-tbess23ba00047-p-350130067,Bikini Altı
383,358006747,TRENDYOLMİLLA,Yeşil Havlu High Leg Bikini Altı TBESS23BA00239,67.99,47,/trendyolmilla/yesil-havlu-high-leg-bikini-alti-tbess23ba00239-p-358006747,Bikini Altı
386,366326561,TRENDYOLMİLLA,Tarçın Biyeli High Leg Bikini Altı TBESS23BA00156,55.99,40,/trendyolmilla/tarcin-biyeli-high-leg-bikini-alti-tbess23ba00156-p-366326561,Bikini Altı
387,358754001,TRENDYOLMİLLA,Mavi Cut Out/Pencereli Yüksek Bel Normal Paça Bikini Altı TBESS22BA0197,49.99,44,/trendyolmilla/mavi-cut-out-pencereli-yuksek-bel-normal-paca-bikini-alti-tbess22ba0197-p-358754001,Bikini Altı
388,356522201,TRENDYOLMİLLA,Çiçek Desenli Aksesuarlı Yüksek Bel Normal Paça Bikini Altı TBESS23BA00082,46.99,65,/trendyolmilla/cicek-desenli-aksesuarli-yuksek-bel-normal-paca-bikini-alti-tbess23ba00082-p-356522201,Bikini Altı
389,364569751,TRENDYOLMİLLA,Çiçek Desenli Normal Paça Bikini Altı TBESS23BA00155,48.99,69,/trendyolmilla/cicek-desenli-normal-paca-bikini-alti-tbess23ba00155-p-364569751,Bikini Altı
390,142558556,TRENDYOLMİLLA,Kahverengi Leopar Desenli Bağlama Detaylı Bikini Altı TBESS22BA0243,72.99,345,/trendyolmilla/kahverengi-leopar-desenli-baglama-detayli-bikini-alti-tbess22ba0243-p-142558556,Bikini Altı
391,347703270,TRENDYOLMİLLA,Tarçın Biyeli High Leg Bikini Altı TBESS23BA00205,33.99,21,/trendyolmilla/tarcin-biyeli-high-leg-bikini-alti-tbess23ba00205-p-347703270,Bikini Altı
392,365771237,TRENDYOLMİLLA,Mor Biyeli Normal Paça Bikini Altı TBESS23BA00289,39.99,93,/trendyolmilla/mor-biyeli-normal-paca-bikini-alti-tbess23ba00289-p-365771237,Bikini Altı
393,334608452,TRENDYOLMİLLA,Tropikal Desenli Normal Paça Bikini Altı TBESS22BA0306,35.99,32,/trendyolmilla/tropikal-desenli-normal-paca-bikini-alti-tbess22ba0306-p-334608452,Bikini Altı
394,337376232,TRENDYOLMİLLA,Siyah Tünelli High Leg Bikini Altı TBESS23BA00187,77.99,58,/trendyolmilla/siyah-tunelli-high-leg-bikini-alti-tbess23ba00187-p-337376232,Bikini Altı
395,356512920,TRENDYOLMİLLA,Turuncu Nakışlı Normal Paça Bikini Altı TBESS23BA00221,65.99,94,/trendyolmilla/turuncu-nakisli-normal-paca-bikini-alti-tbess23ba00221-p-356512920,Bikini Altı
396,225308691,TRENDYOLMİLLA,Yeşil Gipeli Normal Paça Bikini Altı TBESS22BA0010,90.99,261,/trendyolmilla/yesil-gipeli-normal-paca-bikini-alti-tbess22ba0010-p-225308691,Bikini Altı
397,322561873,TRENDYOLMİLLA,Yeşil Volanlı High Leg Bikini Altı TBESS21BA0044,59.99,48,/trendyolmilla/yesil-volanli-high-leg-bikini-alti-tbess21ba0044-p-322561873,Bikini Altı
398,144048563,TRENDYOLMİLLA,Turuncu Biyeli Normal Paça Bikini Altı TBESS22BA0232,55.99,115,/trendyolmilla/turuncu-biyeli-normal-paca-bikini-alti-tbess22ba0232-p-144048563,Bikini Altı
399,448531172,TRENDYOLMİLLA,Mavi Tünelli Normal Paça Bikini Altı TBESS23BA00344,52.99,21,/trendyolmilla/mavi-tunelli-normal-paca-bikini-alti-tbess23ba00344-p-448531172,Bikini Altı
400,314569102,TRENDYOLMİLLA,Yeşil Aksesuarlı Normal Paça Bikini Altı TBESS23BA00011,51.99,63,/trendyolmilla/yesil-aksesuarli-normal-paca-bikini-alti-tbess23ba00011-p-314569102,Bikini Altı
402,365796209,TRENDYOLMİLLA,Hayvan Desenli Bağlamalı Normal Paça Bikini Altı TBESS23BA00281,47.99,53,/trendyolmilla/hayvan-desenli-baglamali-normal-paca-bikini-alti-tbess23ba00281-p-365796209,Bikini Altı
403,80015270,TRENDYOLMİLLA,Bronz Renk Bloklu Bikini Altı TBESS21BA0255,35.99,462,/trendyolmilla/bronz-renk-bloklu-bikini-alti-tbess21ba0255-p-80015270,Bikini Altı
404,356530327,TRENDYOLMİLLA,Yeşil Aksesuarlı Yüksek Bel Normal Paça Bikini Altı TBESS23BA00129,39.99,51,/trendyolmilla/yesil-aksesuarli-yuksek-bel-normal-paca-bikini-alti-tbess23ba00129-p-356530327,Bikini Altı
405,136274457,TRENDYOLMİLLA,Patchwork Desenli Bağlama Detaylı Bikini Altı TBESS22BA0070,36.99,87,/trendyolmilla/patchwork-desenli-baglama-detayli-bikini-alti-tbess22ba0070-p-136274457,Bikini Altı
406,314407802,TRENDYOLMİLLA,Kiremit Cut Out/Pencereli Yüksek Bel Normal Paça Bikini Altı TBESS23BA00030,81.99,66,/trendyolmilla/kiremit-cut-out-pencereli-yuksek-bel-normal-paca-bikini-alti-tbess23ba00030-p-314407802,Bikini Altı
407,317717272,TRENDYOLMİLLA,Çiçek Desenli Bağlamalı Normal Paça Bikini Altı TBESS23BA00070,64.99,69,/trendyolmilla/cicek-desenli-baglamali-normal-paca-bikini-alti-tbess23ba00070-p-317717272,Bikini Altı
408,358081939,TRENDYOLMİLLA,Yeşil V Kesim Simli Normal Paça Bikini Altı TBESS23BA00242,56.99,35,/trendyolmilla/yesil-v-kesim-simli-normal-paca-bikini-alti-tbess23ba00242-p-358081939,Bikini Altı
409,135533350,TRENDYOLMİLLA,Renkli Leopar Desenli V Kesim Bikini AltıTBESS22BA0086,34.99,131,/trendyolmilla/renkli-leopar-desenli-v-kesim-bikini-altitbess22ba0086-p-135533350,Bikini Altı
410,166620041,TRENDYOLMİLLA,Gül Kurusu Aksesuar Detaylı Bikini Altı TBESS22BA0320,35.99,46,/trendyolmilla/gul-kurusu-aksesuar-detayli-bikini-alti-tbess22ba0320-p-166620041,Bikini Altı
411,322932970,TRENDYOLMİLLA,Geometrik Desenli Bağlamalı Normal Paça Bikini Altı TBESS23BA00112,43.99,59,/trendyolmilla/geometrik-desenli-baglamali-normal-paca-bikini-alti-tbess23ba00112-p-322932970,Bikini Altı
412,349818539,TRENDYOLMİLLA,Fuşya Aksesuarlı Yüksek Bel High Leg Bikini Altı TBESS23BA00143,68.99,56,/trendyolmilla/fusya-aksesuarli-yuksek-bel-high-leg-bikini-alti-tbess23ba00143-p-349818539,Bikini Altı
413,358088490,TRENDYOLMİLLA,Geometrik Desenli Nakışlı High Leg Bikini Altı TBESS23BA00231,80.99,48,/trendyolmilla/geometrik-desenli-nakisli-high-leg-bikini-alti-tbess23ba00231-p-358088490,Bikini Altı
414,365878388,TRENDYOLMİLLA,Pembe Bağlamalı Havlu Normal Paça Bikini Altı TBESS23BA00280,80.99,59,/trendyolmilla/pembe-baglamali-havlu-normal-paca-bikini-alti-tbess23ba00280-p-365878388,Bikini Altı
415,365732291,TRENDYOLMİLLA,Yeşil Tünelli High Leg Bikini Altı TBESS23BA00288,68.99,54,/trendyolmilla/yesil-tunelli-high-leg-bikini-alti-tbess23ba00288-p-365732291,Bikini Altı
416,338928580,TRENDYOLMİLLA,Soyut Desenli Büzgülü Normal Paça Bikini Altı TBESS23BA00136,66.99,51,/trendyolmilla/soyut-desenli-buzgulu-normal-paca-bikini-alti-tbess23ba00136-p-338928580,Bikini Altı
417,127318747,TRENDYOLMİLLA,Siyah Zincir Aksesuarlı High Leg Brazilian Bikini Altı TBESS22BA0046,184.99,343,/trendyolmilla/siyah-zincir-aksesuarli-high-leg-brazilian-bikini-alti-tbess22ba0046-p-127318747,Bikini Altı
418,314563877,TRENDYOLMİLLA,Yeşil Cut Out/Pencereli High Leg Bikini Altı TBESS23BA00014,33.99,1,/trendyolmilla/yesil-cut-out-pencereli-high-leg-bikini-alti-tbess23ba00014-p-314563877,Bikini Altı
419,347703274,TRENDYOLMİLLA,Siyah Biyeli High Leg Bikini Altı TBESS23BA00205,73.99,47,/trendyolmilla/siyah-biyeli-high-leg-bikini-alti-tbess23ba00205-p-347703274,Bikini Altı
420,142505414,TRENDYOLMİLLA,Batik Desenli Bağlamalı Normal Paça Bikini Altı TBESS22BA0172,52.99,177,/trendyolmilla/batik-desenli-baglamali-normal-paca-bikini-alti-tbess22ba0172-p-142505414,Bikini Altı
421,345558151,TRENDYOLMİLLA,Puantiyeli Tünelli High Leg Bikini Altı TBESS23BA00193,42.99,55,/trendyolmilla/puantiyeli-tunelli-high-leg-bikini-alti-tbess23ba00193-p-345558151,Bikini Altı
422,358363078,TRENDYOLMİLLA,Hayvan Desenli V Kesim Normal Paça Bikini Altı TBESS23BA00251,46.99,60,/trendyolmilla/hayvan-desenli-v-kesim-normal-paca-bikini-alti-tbess23ba00251-p-358363078,Bikini Altı
423,184615250,TRENDYOLMİLLA,Siyah Boncuk Aksesuarlı Dokulu Normal Paça Bikini Altı TBESS22BA0020,102.99,192,/trendyolmilla/siyah-boncuk-aksesuarli-dokulu-normal-paca-bikini-alti-tbess22ba0020-p-184615250,Bikini Altı
424,358080958,TRENDYOLMİLLA,Meyve Desenli Bağlamalı Normal Paça Bikini Altı TBESS23BA00233,55.99,48,/trendyolmilla/meyve-desenli-baglamali-normal-paca-bikini-alti-tbess23ba00233-p-358080958,Bikini Altı
425,358557100,TRENDYOLMİLLA,Mavi V Kesim Normal Paça Bikini Altı TBESS22BA0102,38.99,48,/trendyolmilla/mavi-v-kesim-normal-paca-bikini-alti-tbess22ba0102-p-358557100,Bikini Altı
426,349752553,TRENDYOLMİLLA,Hayvan Desenli V Kesim Normal Paça Bikini Altı TBESS23BA00050,58.99,51,/trendyolmilla/hayvan-desenli-v-kesim-normal-paca-bikini-alti-tbess23ba00050-p-349752553,Bikini Altı
427,322936840,TRENDYOLMİLLA,Sarı Aksesuarlı Yüksek Bel Normal Paça Bikini Altı TBESS23BA00115,80.99,43,/trendyolmilla/sari-aksesuarli-yuksek-bel-normal-paca-bikini-alti-tbess23ba00115-p-322936840,Bikini Altı
428,136250828,TRENDYOLMİLLA,Mor Çiçek Desenli Bağlama Detaylı Bikini Altı TBESS22BA0072,34.99,72,/trendyolmilla/mor-cicek-desenli-baglama-detayli-bikini-alti-tbess22ba0072-p-136250828,Bikini Altı
429,320144964,TRENDYOLMİLLA,Yeşil Cut Out/Pencereli Yüksek Bel Normal Paça Bikini Altı TBESS23BA00055,60.99,59,/trendyolmilla/yesil-cut-out-pencereli-yuksek-bel-normal-paca-bikini-alti-tbess23ba00055-p-320144964,Bikini Altı
430,318193221,TRENDYOLMİLLA,Meyve Desenli Bağlamalı High Leg Bikini Altı TBESS23BA00084,51.99,61,/trendyolmilla/meyve-desenli-baglamali-high-leg-bikini-alti-tbess23ba00084-p-318193221,Bikini Altı
431,78076858,TRENDYOLMİLLA,Siyah Puantiyeli Bağlama Detaylı Bikini Altı TBESS21BA0253,65.99,300,/trendyolmilla/siyah-puantiyeli-baglama-detayli-bikini-alti-tbess21ba0253-p-78076858,Bikini Altı
432,158544235,TRENDYOLMİLLA,Mavi Şerit Aksesuarlı Yüksek Bel Normal Paça Bikini Altı TBESS22BA0027,105.99,369,/trendyolmilla/mavi-serit-aksesuarli-yuksek-bel-normal-paca-bikini-alti-tbess22ba0027-p-158544235,Bikini Altı
433,68020035,TRENDYOLMİLLA,Siyah Pötikareli Dokulu Bağlamalı Normal Paça Bikini Altı TBESS21BA0098,77.99,276,/trendyolmilla/siyah-potikareli-dokulu-baglamali-normal-paca-bikini-alti-tbess21ba0098-p-68020035,Bikini Altı
434,320140517,TRENDYOLMİLLA,Yeşil Biyeli Yüksek Bel Normal Paça Bikini Altı TBESS21BA0363,94.99,103,/trendyolmilla/yesil-biyeli-yuksek-bel-normal-paca-bikini-alti-tbess21ba0363-p-320140517,Bikini Altı
435,356517320,TRENDYOLMİLLA,Çiçek Desenli V Kesim High Leg Bikini Altı TBESS23BA00247,62.99,75,/trendyolmilla/cicek-desenli-v-kesim-high-leg-bikini-alti-tbess23ba00247-p-356517320,Bikini Altı
436,167896630,TRENDYOLMİLLA,Mavi Yıldız Desenli Bikini Altı TBESS22BA0314,33.99,85,/trendyolmilla/mavi-yildiz-desenli-bikini-alti-tbess22ba0314-p-167896630,Bikini Altı
437,356801377,TRENDYOLMİLLA,Çiçek Desenli Aksesuarlı Normal Paça Bikini Altı TBESS23BA00237,66.99,74,/trendyolmilla/cicek-desenli-aksesuarli-normal-paca-bikini-alti-tbess23ba00237-p-356801377,Bikini Altı
438,70365843,TRENDYOLMİLLA,Zebra Desenli V Kesim Bikini Altı TBESS21BA0060,51.99,227,/trendyolmilla/zebra-desenli-v-kesim-bikini-alti-tbess21ba0060-p-70365843,Bikini Altı
439,367844332,TRENDYOLMİLLA,Çini Desenli Biyeli High Leg Bikini Altı TBESS23BA00291,37.99,93,/trendyolmilla/cini-desenli-biyeli-high-leg-bikini-alti-tbess23ba00291-p-367844332,Bikini Altı
440,358088494,TRENDYOLMİLLA,Şal Desenli Nakışlı High Leg Bikini Altı TBESS23BA00231,74.99,46,/trendyolmilla/sal-desenli-nakisli-high-leg-bikini-alti-tbess23ba00231-p-358088494,Bikini Altı
441,358913804,TRENDYOLMİLLA,Soyut Desenli Bağlamalı Normal Paça Bikini Altı TBESS22BA0246,62.99,68,/trendyolmilla/soyut-desenli-baglamali-normal-paca-bikini-alti-tbess22ba0246-p-358913804,Bikini Altı
442,356407312,TRENDYOLMİLLA,Çini Desenli V Kesim Normal Paça Bikini Altı TBESS23BA00220,60.99,71,/trendyolmilla/cini-desenli-v-kesim-normal-paca-bikini-alti-tbess23ba00220-p-356407312,Bikini Altı
443,801816178,TRENDYOLMİLLA,Yeşil Drapeli Yüksek Bel Regular Bikini Altı TBESS24BA00145,238.99,24,/trendyolmilla/yesil-drapeli-yuksek-bel-regular-bikini-alti-tbess24ba00145-p-801816178,Bikini Altı
444,349757290,TRENDYOLMİLLA,Geometrik Desenli Tünelli Normal Paça Bikini Altı TBESS23BA00123,38.99,55,/trendyolmilla/geometrik-desenli-tunelli-normal-paca-bikini-alti-tbess23ba00123-p-349757290,Bikini Altı
445,367355576,TRENDYOLMİLLA,Mor Yüksek Bel Normal Paça Bikini Altı TBESS21BA0387,66.99,46,/trendyolmilla/mor-yuksek-bel-normal-paca-bikini-alti-tbess21ba0387-p-367355576,Bikini Altı
446,138858789,TRENDYOLMİLLA,Batik Desenli Bağlama Detaylı Bikini Altı TBESS22BA0134,38.99,114,/trendyolmilla/batik-desenli-baglama-detayli-bikini-alti-tbess22ba0134-p-138858789,Bikini Altı
447,349817035,TRENDYOLMİLLA,Tarçın Aksesuarlı High Leg Bikini Altı TBESS23BA00102,47.99,31,/trendyolmilla/tarcin-aksesuarli-high-leg-bikini-alti-tbess23ba00102-p-349817035,Bikini Altı
448,34661169,TRENDYOLMİLLA,Hayvan Desenli Biyeli Yüksek Bel Normal Paça Bikini Altı TBESS20BA0325,48.99,186,/trendyolmilla/hayvan-desenli-biyeli-yuksek-bel-normal-paca-bikini-alti-tbess20ba0325-p-34661169,Bikini Altı
449,358566435,TRENDYOLMİLLA,Çizgili Bağlamalı Normal Paça Bikini Altı TBESS23BA00253,54.99,56,/trendyolmilla/cizgili-baglamali-normal-paca-bikini-alti-tbess23ba00253-p-358566435,Bikini Altı
450,135533372,TRENDYOLMİLLA,Kahverengi Leopar Desenli V Kesim Bikini AltıTBESS22BA0086,38.99,122,/trendyolmilla/kahverengi-leopar-desenli-v-kesim-bikini-altitbess22ba0086-p-135533372,Bikini Altı
451,322939743,TRENDYOLMİLLA,Hayvan Desenli V Kesim Brazilian Bikini Altı TBESS23BA00116,200.99,127,/trendyolmilla/hayvan-desenli-v-kesim-brazilian-bikini-alti-tbess23ba00116-p-322939743,Bikini Altı
452,319949535,TRENDYOLMİLLA,Siyah Büzgülü Yüksek Bel Normal Paça Bikini Altı TBESS23BA00092,71.99,76,/trendyolmilla/siyah-buzgulu-yuksek-bel-normal-paca-bikini-alti-tbess23ba00092-p-319949535,Bikini Altı
453,149968986,TRENDYOLMİLLA,Yeşil Yüksek Bel Bikini Altı TBESS22BA0285,44.99,100,/trendyolmilla/yesil-yuksek-bel-bikini-alti-tbess22ba0285-p-149968986,Bikini Altı
454,127752633,TRENDYOLMİLLA,Renkli Soyut Desenli Yüksek Bel Bikini Altı TBESS22BA0014,63.99,260,/trendyolmilla/renkli-soyut-desenli-yuksek-bel-bikini-alti-tbess22ba0014-p-127752633,Bikini Altı
455,89213625,TRENDYOLMİLLA,Siyah Tünelli Yüksek Bel Hipster Bikini Altı TBESS21BA0342,253.99,1074,/trendyolmilla/siyah-tunelli-yuksek-bel-hipster-bikini-alti-tbess21ba0342-p-89213625,Bikini Altı
456,75031166,TRENDYOLMİLLA,Hayvan Desenli Yüksek Bel Normal Paça Bikini Altı TBESS21BA0220,73.99,301,/trendyolmilla/hayvan-desenli-yuksek-bel-normal-paca-bikini-alti-tbess21ba0220-p-75031166,Bikini Altı
457,68020038,TRENDYOLMİLLA,Pembe Pötikareli Dokulu Bikini Altı TBESS21BA0098,45.99,515,/trendyolmilla/pembe-potikareli-dokulu-bikini-alti-tbess21ba0098-p-68020038,Bikini Altı
