,ID,MARKA,URUN_NAME,FIYAT,RATE_COUNT,URUN_LINK,KATEGORI
0,44694916,TRENDYOLMİLLA,Siyah Geniş Bel Lastikli Ekstra Toparlayıcı Tam Boy Örme Spor Tayt TWOAW21TA0029,296.99,30282,/trendyolmilla/siyah-genis-bel-lastikli-ekstra-toparlayici-tam-boy-orme-spor-tayt-twoaw21ta0029-p-44694916,Tayt
1,399092790,TRENDYOLMİLLA,Siyah Toparlayıcı Örme Spor Biker/Bisikletçi/Kısa Tayt THMSS23TY00021,250.99,246,/trendyolmilla/siyah-toparlayici-orme-spor-biker-bisikletci-kisa-tayt-thmss23ty00021-p-399092790,Tayt
2,798071930,Trendyol Curve,Siyah-Gri 2'li Paket Biker Örme Tayt TBBSS24BV00000,356.99,191,/trendyol-curve/siyah-gri-2-li-paket-biker-orme-tayt-tbbss24bv00000-p-798071930,Tayt
3,31515569,TRENDYOLMİLLA,Siyah Toparlayıcı Beli Lastikli Yüksek Bel Örme Tayt TWOAW20TA0087,281.99,67623,/trendyolmilla/siyah-toparlayici-beli-lastikli-yuksek-bel-orme-tayt-twoaw20ta0087-p-31515569,Tayt
4,445594348,TRENDYOLMİLLA,Siyah Seamless/Dikişsiz Asit Yıkamalı Örme Spor Şort/Kısa Tayt THMSS23TY00034,310.99,364,/trendyolmilla/siyah-seamless-dikissiz-asit-yikamali-orme-spor-sort-kisa-tayt-thmss23ty00034-p-445594348,Tayt
5,196000002,Trendyol Curve,Siyah Yüksek Bel Toparlayıcı Örme Tayt TBBSS22TA0022,279.99,5996,/trendyol-curve/siyah-yuksek-bel-toparlayici-orme-tayt-tbbss22ta0022-p-196000002,Tayt
6,280890186,TRENDYOLMİLLA,Siyah Fitilli İspanyol Paça Yoga Örme Spor Tayt TWOAW23TY00011,267.99,4499,/trendyolmilla/siyah-fitilli-ispanyol-paca-yoga-orme-spor-tayt-twoaw23ty00011-p-280890186,Tayt
7,44694696,TRENDYOLMİLLA,Siyah Toparlayıcı Yüksek Bel Cep Detaylı Örme Spor Şort/Kısa Tayt TWOAW21SR0033,285.99,2539,/trendyolmilla/siyah-toparlayici-yuksek-bel-cep-detayli-orme-spor-sort-kisa-tayt-twoaw21sr0033-p-44694696,Tayt
8,459301553,TRENDYOLMİLLA,X Sagaza Studio Siyah Toparlayıcı Kordon Biye Detaylı ve Push Up Dikişli Spor Tayt,402.99,1144,/trendyolmilla/x-sagaza-studio-siyah-toparlayici-kordon-biye-detayli-ve-push-up-dikisli-spor-tayt-p-459301553,Tayt
9,772653739,TRENDYOLMİLLA,Mavi Seamless/Dikişsiz Asit Yıkamalı Örme Spor Şort/Kısa Tayt THMSS23TY00034,358.99,87,/trendyolmilla/mavi-seamless-dikissiz-asit-yikamali-orme-spor-sort-kisa-tayt-thmss23ty00034-p-772653739,Tayt
10,795558701,TRENDYOLMİLLA,Kırmızı Fırçalı Soft Kumaş İç Bel Cep Detaylı Örme Spor Şort/Kısa Tayt THMSS24TY00020,342.99,47,/trendyolmilla/kirmizi-fircali-soft-kumas-ic-bel-cep-detayli-orme-spor-sort-kisa-tayt-thmss24ty00020-p-795558701,Tayt
11,790175019,TRENDYOLMİLLA,Siyah Fırçalı Soft Kumaş İspanyol Paça Yoga Örme Spor Tayt THMSS24TY00019,189.99,113,/trendyolmilla/siyah-fircali-soft-kumas-ispanyol-paca-yoga-orme-spor-tayt-thmss24ty00019-p-790175019,Tayt
12,790175771,TRENDYOLMİLLA,Siyah Fırçalı Soft İç Bel Cep Detaylı Örme Spor Şort/Kısa Tayt THMSS24TY00020,310.99,47,/trendyolmilla/siyah-fircali-soft-ic-bel-cep-detayli-orme-spor-sort-kisa-tayt-thmss24ty00020-p-790175771,Tayt
13,234800986,Trendyol Curve,Siyah Yüksek Bel Toparlayıcı Örme Tayt TBBSS22TA00002,351.99,1734,/trendyol-curve/siyah-yuksek-bel-toparlayici-orme-tayt-tbbss22ta00002-p-234800986,Tayt
14,49377325,TRENDYOLMİLLA,Lacivert Toparlayıcı Yüksek Bel Cep Detaylı Örme Spor Biker/Bisikletçi/Kısa Tayt TWOAW21TA0064,344.99,413,/trendyolmilla/lacivert-toparlayici-yuksek-bel-cep-detayli-orme-spor-biker-bisikletci-kisa-tayt-twoaw21ta0064-p-49377325,Tayt
15,782497092,TRENDYOLMİLLA,Siyah Mat Toparlayıcı Kumaş Reflektör Baskılı Örme Spor Biker/Bisikletçi/Kısa Tayt THMSS24TY00006,317.99,39,/trendyolmilla/siyah-mat-toparlayici-kumas-reflektor-baskili-orme-spor-biker-bisikletci-kisa-tayt-thmss24ty00006-p-782497092,Tayt
16,376320182,TRENDYOLMİLLA,Siyah Toparlayıcı Belde Reflektör Baskılı Örme Spor Ekstra Şort/Kısa Tayt THMSS23TY00019,244.99,324,/trendyolmilla/siyah-toparlayici-belde-reflektor-baskili-orme-spor-ekstra-sort-kisa-tayt-thmss23ty00019-p-376320182,Tayt
17,110153572,TRENDYOLMİLLA,Lacivert Toparlayıcı Örme Spor Şort/Kısa Tayt TWOSS21SR0545,224.99,1922,/trendyolmilla/lacivert-toparlayici-orme-spor-sort-kisa-tayt-twoss21sr0545-p-110153572,Tayt
18,290188068,Trendyol Curve,Siyah Fitilli Örme Tayt TBBAW23AY00009,186.99,2819,/trendyol-curve/siyah-fitilli-orme-tayt-tbbaw23ay00009-p-290188068,Tayt
19,110154076,TRENDYOLMİLLA,Haki Toparlayıcı Örme Spor Şort/Kısa Tayt TWOSS21SR0545,220.99,575,/trendyolmilla/haki-toparlayici-orme-spor-sort-kisa-tayt-twoss21sr0545-p-110154076,Tayt
20,89194097,TRENDYOLMİLLA,Siyah Seamless/Dikişsiz Fitilli Biker/Bisikletçi/Kısa Örme Spor Tayt TWOSS21TA0013,131.99,1625,/trendyolmilla/siyah-seamless-dikissiz-fitilli-biker-bisikletci-kisa-orme-spor-tayt-twoss21ta0013-p-89194097,Tayt
21,372673621,Trendyol Curve,Siyah İçi Polarlı Örme Tayt TBBAW23BV00017,257.99,1928,/trendyol-curve/siyah-ici-polarli-orme-tayt-tbbaw23bv00017-p-372673621,Tayt
22,786561351,TRENDYOLMİLLA,Siyah Beli Ekstra Toparlayıcı Örme Spor Şort/Kısa Tayt THMSS24TY00014,155.99,22,/trendyolmilla/siyah-beli-ekstra-toparlayici-orme-spor-sort-kisa-tayt-thmss24ty00014-p-786561351,Tayt
23,371806233,TRENDYOLMİLLA,Siyah Kruvaze Bel Detaylı İspanyol Paça Yoga Örme Spor Tayt THMAW23TY00005,328.99,1119,/trendyolmilla/siyah-kruvaze-bel-detayli-ispanyol-paca-yoga-orme-spor-tayt-thmaw23ty00005-p-371806233,Tayt
48,752869309,TRENDYOLMİLLA,Gri Seamless/Dikişsiz Tam Boy Örme Spor Tayt TWOSS21TY0024,209.99,123,/trendyolmilla/gri-seamless-dikissiz-tam-boy-orme-spor-tayt-twoss21ty0024-p-752869309,Tayt
49,812884359,Trendyol Curve,Lacivert - Haki 2'li Paket Biker Örme Tayt TBBSS24BV00000,365.99,60,/trendyol-curve/lacivert-haki-2-li-paket-biker-orme-tayt-tbbss24bv00000-p-812884359,Tayt
50,382011997,TRENDYOLMİLLA,Siyah-Taş 2'li Paket Toparlayıcı Örme Spor Şort/Kısa Tayt TWOSS21SR0698,409.99,166,/trendyolmilla/siyah-tas-2-li-paket-toparlayici-orme-spor-sort-kisa-tayt-twoss21sr0698-p-382011997,Tayt
51,92838855,TRENDYOLMİLLA,Siyah Toparlayıcı Tam Boy Örme Spor Tayt TWOSS21TA0023,318.99,13600,/trendyolmilla/siyah-toparlayici-tam-boy-orme-spor-tayt-twoss21ta0023-p-92838855,Tayt
52,92838259,TRENDYOLMİLLA,Siyah Toparlayıcı Örme Spor Şort/Kısa Tayt TWOSS21SR0545,349.99,16408,/trendyolmilla/siyah-toparlayici-orme-spor-sort-kisa-tayt-twoss21sr0545-p-92838259,Tayt
53,708242326,TRENDYOLMİLLA,Koyu Mor Geniş Bel Lastikli Ekstra Toparlayıcı Tam Boy Örme Spor Tayt TWOAW21TA0029,145.99,123,/trendyolmilla/koyu-mor-genis-bel-lastikli-ekstra-toparlayici-tam-boy-orme-spor-tayt-twoaw21ta0029-p-708242326,Tayt
54,111332644,TRENDYOLMİLLA,Siyah Toparlayıcı Kruvaze Bel Detaylı Örme Spor Şort/Kısa Tayt TWOSS21SR0714,286.99,4571,/trendyolmilla/siyah-toparlayici-kruvaze-bel-detayli-orme-spor-sort-kisa-tayt-twoss21sr0714-p-111332644,Tayt
55,796444184,TRENDYOLMİLLA,Siyah Fırçalı Toparlayıcı Mat ve Soft Kumaş Tam Boy Örme Spor Tayt THMSS24TY00025,254.99,44,/trendyolmilla/siyah-fircali-toparlayici-mat-ve-soft-kumas-tam-boy-orme-spor-tayt-thmss24ty00025-p-796444184,Tayt
56,280889465,TRENDYOLMİLLA,Koyu Antrasit Fitilli İspanyol Paça Yoga Örme Spor Tayt TWOAW23TY00011,284.99,1634,/trendyolmilla/koyu-antrasit-fitilli-ispanyol-paca-yoga-orme-spor-tayt-twoaw23ty00011-p-280889465,Tayt
57,640294611,TRENDYOLMİLLA,Gül Kurusu Seamless/Dikişsiz Asit Yıkamalı Örme Spor Şort/Kısa Tayt THMSS23TY00034,360.99,152,/trendyolmilla/gul-kurusu-seamless-dikissiz-asit-yikamali-orme-spor-sort-kisa-tayt-thmss23ty00034-p-640294611,Tayt
58,124945647,TRENDYOLMİLLA,Lacivert Geniş Bel Lastikli Ekstra Toparlayıcı Tam Boy Örme Spor Tayt TWOAW21TA0029,316.99,5870,/trendyolmilla/lacivert-genis-bel-lastikli-ekstra-toparlayici-tam-boy-orme-spor-tayt-twoaw21ta0029-p-124945647,Tayt
59,455953905,Trendyol Curve,Ten Kısa Örme Tayt TBBSS23BV00001,238.99,169,/trendyol-curve/ten-kisa-orme-tayt-tbbss23bv00001-p-455953905,Tayt
60,114879737,TRENDYOLMİLLA,Siyah Esnek Yoga Örme Spor Şort/Kısa Tayt TWOSS21TY0098,185.99,685,/trendyolmilla/siyah-esnek-yoga-orme-spor-sort-kisa-tayt-twoss21ty0098-p-114879737,Tayt
61,362581763,TRENDYOLMİLLA,Beyaz Toparlayıcı Örme Spor Şort/Kısa Tayt TWOSS21SR0545,215.99,193,/trendyolmilla/beyaz-toparlayici-orme-spor-sort-kisa-tayt-twoss21sr0545-p-362581763,Tayt
62,131100368,TRENDYOLMİLLA,Lacivert Toparlayıcı Tam Boy Örme Spor Tayt TWOSS21TA0023,321.99,1550,/trendyolmilla/lacivert-toparlayici-tam-boy-orme-spor-tayt-twoss21ta0023-p-131100368,Tayt
63,813516545,TRENDYOLMİLLA,Koyu Antrasit Fırçalı Soft Kumaş İç Bel Cep Detaylı Örme Spor Şort Tayt THMSS24TY00020,196.99,4,/trendyolmilla/koyu-antrasit-fircali-soft-kumas-ic-bel-cep-detayli-orme-spor-sort-tayt-thmss24ty00020-p-813516545,Tayt
64,786563018,TRENDYOLMİLLA,Premium Siyah 2. Katman ile Ekstra Karın Toparlayıcı Push Up Tam Boy Örme Spor Tayt THMSS24TY00015,151.99,26,/trendyolmilla/premium-siyah-2-katman-ile-ekstra-karin-toparlayici-push-up-tam-boy-orme-spor-tayt-thmss24ty00015-p-786563018,Tayt
65,782191035,TRENDYOLMİLLA,Siyah Toparlayıcı Rekflektör Baskı Deteylı Bol Kesim Örme Spor Şort/Kısa Tayt THMSS24TY00004,191.99,16,/trendyolmilla/siyah-toparlayici-rekflektor-baski-deteyli-bol-kesim-orme-spor-sort-kisa-tayt-thmss24ty00004-p-782191035,Tayt
66,110154908,TRENDYOLMİLLA,Füme Toparlayıcı Örme Spor Şort/Kısa Tayt TWOSS21SR0545,260.99,843,/trendyolmilla/fume-toparlayici-orme-spor-sort-kisa-tayt-twoss21sr0545-p-110154908,Tayt
67,196000001,Trendyol Curve,Lacivert Yüksek Bel Toparlayıcı Örme Tayt TBBSS22TA0022,276.99,441,/trendyol-curve/lacivert-yuksek-bel-toparlayici-orme-tayt-tbbss22ta0022-p-196000001,Tayt
68,362581766,TRENDYOLMİLLA,Yağ Yeşili Toparlayıcı Örme Spor Şort/Kısa Tayt TWOSS21SR0545,169.99,81,/trendyolmilla/yag-yesili-toparlayici-orme-spor-sort-kisa-tayt-twoss21sr0545-p-362581766,Tayt
69,92838854,TRENDYOLMİLLA,Koyu Mürdüm Toparlayıcı Tam Boy Örme Spor Tayt TWOSS21TA0023,282.99,1358,/trendyolmilla/koyu-murdum-toparlayici-tam-boy-orme-spor-tayt-twoss21ta0023-p-92838854,Tayt
70,811168253,TRENDYOLMİLLA,Koyu Lacivert Fitilli İspanyol Paça Yoga Örme Spor Tayt TWOAW23TY00011,306.99,34,/trendyolmilla/koyu-lacivert-fitilli-ispanyol-paca-yoga-orme-spor-tayt-twoaw23ty00011-p-811168253,Tayt
71,44694915,TRENDYOLMİLLA,Antrasit Geniş Bel Lastikli Ekstra Toparlayıcı Tam Boy Örme Spor Tayt TWOAW21TA0029,317.99,5768,/trendyolmilla/antrasit-genis-bel-lastikli-ekstra-toparlayici-tam-boy-orme-spor-tayt-twoaw21ta0029-p-44694915,Tayt
72,84772040,TRENDYOLMİLLA,Haki Geniş Bel Lastikli Ekstra Toparlayıcı Tam Boy Örme Spor Tayt TWOAW21TA0029,249.99,4759,/trendyolmilla/haki-genis-bel-lastikli-ekstra-toparlayici-tam-boy-orme-spor-tayt-twoaw21ta0029-p-84772040,Tayt
73,92838263,TRENDYOLMİLLA,Koyu Mürdüm Toparlayıcı Örme Spor Şort/Kısa Tayt TWOSS21SR0545,279.99,2989,/trendyolmilla/koyu-murdum-toparlayici-orme-spor-sort-kisa-tayt-twoss21sr0545-p-92838263,Tayt
74,376320184,TRENDYOLMİLLA,Mürdüm Toparlayıcı Belde Reflektör Baskılı Örme Spor Ekstra Şort/Kısa Tayt THMSS23TY00019,123.99,96,/trendyolmilla/murdum-toparlayici-belde-reflektor-baskili-orme-spor-ekstra-sort-kisa-tayt-thmss23ty00019-p-376320184,Tayt
75,124945660,TRENDYOLMİLLA,Lacivert Push-Up Özellikli Tam Boy Örme Spor Tayt TWOAW21TA0030,317.99,2656,/trendyolmilla/lacivert-push-up-ozellikli-tam-boy-orme-spor-tayt-twoaw21ta0030-p-124945660,Tayt
76,283968553,TRENDYOLMİLLA,Kayısı Toparlayıcı Örme Spor Şort/Kısa Tayt TWOSS21SR0545,211.99,260,/trendyolmilla/kayisi-toparlayici-orme-spor-sort-kisa-tayt-twoss21sr0545-p-283968553,Tayt
77,745783295,Trendyol Curve,Lacivert Fitilli Örme Tayt TBBAW23AY00009,270.99,229,/trendyol-curve/lacivert-fitilli-orme-tayt-tbbaw23ay00009-p-745783295,Tayt
78,773457351,TRENDYOLMİLLA,Siyah-Mürdüm 2'li Paket Toparlayıcı Örme Spor Şort/Kısa Tayt TWOSS21SR0698,450.99,23,/trendyolmilla/siyah-murdum-2-li-paket-toparlayici-orme-spor-sort-kisa-tayt-twoss21sr0698-p-773457351,Tayt
79,786550757,TRENDYOLMİLLA,Siyah 2. Katman ile Ektra Karın Toparlayıcı ve Kısa Örme Spor Şort Tayt THMSS24TY00013,150.99,13,/trendyolmilla/siyah-2-katman-ile-ektra-karin-toparlayici-ve-kisa-orme-spor-sort-tayt-thmss24ty00013-p-786550757,Tayt
80,192981599,TRENDYOLMİLLA,Gül Kurusu Geniş Bel Lastikli Ekstra Toparlayıcı Tam Boy Örme Spor Tayt TWOAW21TA0029,286.99,456,/trendyolmilla/gul-kurusu-genis-bel-lastikli-ekstra-toparlayici-tam-boy-orme-spor-tayt-twoaw21ta0029-p-192981599,Tayt
81,362581765,TRENDYOLMİLLA,Kırmızı Toparlayıcı Örme Spor Şort/Kısa Tayt TWOSS21SR0545,164.99,115,/trendyolmilla/kirmizi-toparlayici-orme-spor-sort-kisa-tayt-twoss21sr0545-p-362581765,Tayt
82,455953910,Trendyol Curve,Siyah Kısa Örme Tayt TBBSS23BV00001,238.99,251,/trendyol-curve/siyah-kisa-orme-tayt-tbbss23bv00001-p-455953910,Tayt
83,372673604,Trendyol Curve,Haki İçi Polarlı Örme Tayt TBBAW23BV00017,270.99,594,/trendyol-curve/haki-ici-polarli-orme-tayt-tbbaw23bv00017-p-372673604,Tayt
84,376079053,TRENDYOLMİLLA,Siyah Seamless/Dikişsiz Ekstra Toparlayıcı Örme Spor Şort/Kısa Tayt THMSS23TY00001,256.99,186,/trendyolmilla/siyah-seamless-dikissiz-ekstra-toparlayici-orme-spor-sort-kisa-tayt-thmss23ty00001-p-376079053,Tayt
85,746623608,TRENDYOLMİLLA,X Sagaza Studio Siyah Toparlayıcı Tül Detaylı Tam Boy Spor Tayt TCLAW24TY00000,397.99,160,/trendyolmilla/x-sagaza-studio-siyah-toparlayici-tul-detayli-tam-boy-spor-tayt-tclaw24ty00000-p-746623608,Tayt
86,811169804,TRENDYOLMİLLA,Koyu Antrasit Fırçalı Soft Kumaş İspanyol Paça Yoga Örme Spor Tayt THMSS24TY00019,268.99,6,/trendyolmilla/koyu-antrasit-fircali-soft-kumas-ispanyol-paca-yoga-orme-spor-tayt-thmss24ty00019-p-811169804,Tayt
87,786200499,TRENDYOLMİLLA,Siyah Seamless/Dikişsiz Push Up Büzgülü Örme Spor Şort/Kısa Tayt THMSS24TY00008,246.99,22,/trendyolmilla/siyah-seamless-dikissiz-push-up-buzgulu-orme-spor-sort-kisa-tayt-thmss24ty00008-p-786200499,Tayt
88,816903369,Trendyol Curve, Siyah-Antrasit 2'li Paket Örme Tayt TBBSS24BV00003,306.99,18,/trendyol-curve/siyah-antrasit-2-li-paket-orme-tayt-tbbss24bv00003-p-816903369,Tayt
89,250674353,Trendyol Curve, Siyah-Kahverengi 2'li Paket Örme Tayt TBBSS22TA0057,384.99,687,/trendyol-curve/siyah-kahverengi-2-li-paket-orme-tayt-tbbss22ta0057-p-250674353,Tayt
90,787514192,TRENDYOLMİLLA,Siyah Toparlayıcı Dikiş Detaylı Örme Spor Şort/Kısa Tayt THMSS24TY00016,155.99,11,/trendyolmilla/siyah-toparlayici-dikis-detayli-orme-spor-sort-kisa-tayt-thmss24ty00016-p-787514192,Tayt
91,781350443,TRENDYOLMİLLA,Açık Antrasit Toparlayıcı Desenli Tam Boy Örme Spor Tayt TWOSS20TA0089,81.99,21,/trendyolmilla/acik-antrasit-toparlayici-desenli-tam-boy-orme-spor-tayt-twoss20ta0089-p-781350443,Tayt
92,131104424,TRENDYOLMİLLA,Mürdüm Push-Up Özellikli Tam Boy Örme Spor Tayt TWOAW21TA0030,288.99,1183,/trendyolmilla/murdum-push-up-ozellikli-tam-boy-orme-spor-tayt-twoaw21ta0030-p-131104424,Tayt
93,464919160,TRENDYOLMİLLA,Siyah Bel Toparlayıcı Yüksek Bel Biker İnterlok Örme Tayt TWOSS23TA00023,224.99,199,/trendyolmilla/siyah-bel-toparlayici-yuksek-bel-biker-interlok-orme-tayt-twoss23ta00023-p-464919160,Tayt
94,822965064,TRENDYOLMİLLA,Leopar Geniş Bel Lastikli Push Up ve Ekstra Toparlayıcı Örme Spor Şort Tayt THMSS24TY00047,154.99,5,/trendyolmilla/leopar-genis-bel-lastikli-push-up-ve-ekstra-toparlayici-orme-spor-sort-tayt-thmss24ty00047-p-822965064,Tayt
95,807392402,TRENDYOLMİLLA,Siyah 2 Katmanlı Şort Detaylı Tam Boy Örme Spor Tayt THMSS24TY00043,183.99,2,/trendyolmilla/siyah-2-katmanli-sort-detayli-tam-boy-orme-spor-tayt-thmss24ty00043-p-807392402,Tayt
96,832437245,TRENDYOLMİLLA,Koyu Kahverengi Toparlayıcı Paça Çıtçıt Detaylı İspanyol Paça Yoga Örme Spor Tayt THMAW24TY00015,459.99,0,/trendyolmilla/koyu-kahverengi-toparlayici-paca-citcit-detayli-ispanyol-paca-yoga-orme-spor-tayt-thmaw24ty00015-p-832437245,Tayt
97,802122894,TRENDYOLMİLLA,Antrasit Seamless/Dikişsiz Dokulu Kendinden Desenli Tam Boy Örme Spor Tayt THMSS24TY00031,283.99,16,/trendyolmilla/antrasit-seamless-dikissiz-dokulu-kendinden-desenli-tam-boy-orme-spor-tayt-thmss24ty00031-p-802122894,Tayt
98,110175750,TRENDYOLMİLLA,Siyah-Haki 2'li Paket Toparlayıcı Örme Spor Şort/Kısa Tayt TWOSS21SR0698,427.99,1986,/trendyolmilla/siyah-haki-2-li-paket-toparlayici-orme-spor-sort-kisa-tayt-twoss21sr0698-p-110175750,Tayt
99,369544731,TRENDYOLMİLLA,Pembe Esnek Yoga Örme Spor Şort/Kısa Tayt TWOSS21TY0098,176.99,137,/trendyolmilla/pembe-esnek-yoga-orme-spor-sort-kisa-tayt-twoss21ty0098-p-369544731,Tayt
100,810232869,TRENDYOLMİLLA,Koyu Lacivert Toparlayıcı Belde Reflektör Baskılı Örme Spor Ekstra Şort/Kısa Tayt THMSS23TY00019,209.99,9,/trendyolmilla/koyu-lacivert-toparlayici-belde-reflektor-baskili-orme-spor-ekstra-sort-kisa-tayt-thmss23ty00019-p-810232869,Tayt
101,756073484,TRENDYOLMİLLA,Siyah Reflektör Baskı ve Cep Detaylı İspanyol Paça Yoga Örme Spor Tayt THMAW24TY00066,433.99,46,/trendyolmilla/siyah-reflektor-baski-ve-cep-detayli-ispanyol-paca-yoga-orme-spor-tayt-thmaw24ty00066-p-756073484,Tayt
102,782485376,TRENDYOLMİLLA,Siyah Fitilli Toparlayıcı Bel Tül Detaylı Örme Spor Şort/Kısa Tayt THMSS24TY00005,150.99,13,/trendyolmilla/siyah-fitilli-toparlayici-bel-tul-detayli-orme-spor-sort-kisa-tayt-thmss24ty00005-p-782485376,Tayt
103,196000007,Trendyol Curve,Kahverengi Yüksek Bel Toparlayıcı Örme Tayt TBBSS22TA0022,176.99,376,/trendyol-curve/kahverengi-yuksek-bel-toparlayici-orme-tayt-tbbss22ta0022-p-196000007,Tayt
104,302189293,TRENDYOLMİLLA,Siyah Toparlayıcı İspanyol Paça Yoga Örme Spor Tayt TWOAW23TA00018,348.99,505,/trendyolmilla/siyah-toparlayici-ispanyol-paca-yoga-orme-spor-tayt-twoaw23ta00018-p-302189293,Tayt
105,731626174,TRENDYOLMİLLA,Siyah Seamless/Dikişsiz Toparlayıcı Asit Yıkamalı Tam Boy Örme Spor Tayt THMAW24TY00012,222.99,27,/trendyolmilla/siyah-seamless-dikissiz-toparlayici-asit-yikamali-tam-boy-orme-spor-tayt-thmaw24ty00012-p-731626174,Tayt
106,731728965,TRENDYOLMİLLA,Siyah Toparlayıcı Paça Çıtçıt Detaylı İspanyol Paça Yoga Örme Spor Tayt THMAW24TY00015,397.99,199,/trendyolmilla/siyah-toparlayici-paca-citcit-detayli-ispanyol-paca-yoga-orme-spor-tayt-thmaw24ty00015-p-731728965,Tayt
107,811171130,TRENDYOLMİLLA,Kırmızı Fırçalı Soft Kumaş İspanyol Paça Yoga Örme Spor Tayt THMSS24TY00019,189.99,12,/trendyolmilla/kirmizi-fircali-soft-kumas-ispanyol-paca-yoga-orme-spor-tayt-thmss24ty00019-p-811171130,Tayt
108,192981598,TRENDYOLMİLLA,Vizon Geniş Bel Lastikli Ekstra Toparlayıcı Tam Boy Örme Spor Tayt TWOAW21TA0029,317.99,1068,/trendyolmilla/vizon-genis-bel-lastikli-ekstra-toparlayici-tam-boy-orme-spor-tayt-twoaw21ta0029-p-192981598,Tayt
109,708404433,TRENDYOLMİLLA,Koyu Yeşil Seamless/Dikişsiz Toparlayıcı Tam Boy Örme Spor Tayt TWOAW23TY00027,187.99,107,/trendyolmilla/koyu-yesil-seamless-dikissiz-toparlayici-tam-boy-orme-spor-tayt-twoaw23ty00027-p-708404433,Tayt
110,794342853,TRENDYOLMİLLA,Siyah Seamless/Dikişsiz Degrade Desenli Push Up Büzgülü Örme Spor Şort/Kısa Tayt THMSS24TY00022,199.99,0,/trendyolmilla/siyah-seamless-dikissiz-degrade-desenli-push-up-buzgulu-orme-spor-sort-kisa-tayt-thmss24ty00022-p-794342853,Tayt
111,796449656,TRENDYOLMİLLA,Premium Siyah 2.Katman ile Karın Toparlayıcı Tam Boy Örme Spor Tayt THMSS24TY00027,232.99,12,/trendyolmilla/premium-siyah-2-katman-ile-karin-toparlayici-tam-boy-orme-spor-tayt-thmss24ty00027-p-796449656,Tayt
112,772648372,TRENDYOLMİLLA,Antrasit Toparlayıcı Belde Reflektör Baskılı Örme Spor Ekstra Şort/Kısa Tayt THMSS23TY00019,154.99,10,/trendyolmilla/antrasit-toparlayici-belde-reflektor-baskili-orme-spor-ekstra-sort-kisa-tayt-thmss23ty00019-p-772648372,Tayt
113,807677778,TRENDYOLMİLLA,Siyah Seamless/Dikişsiz Dokulu Kendinden Desenli Örme Spor Şort/Kısa Tayt THMSS24TY00044,126.99,16,/trendyolmilla/siyah-seamless-dikissiz-dokulu-kendinden-desenli-orme-spor-sort-kisa-tayt-thmss24ty00044-p-807677778,Tayt
114,807814453,TRENDYOLMİLLA,Koyu Lacivert Geniş Bel Lastikli Push Up ve Ekstra Toparlayıcı Örme Spor Şort Tayt THMSS24TY00038,196.99,3,/trendyolmilla/koyu-lacivert-genis-bel-lastikli-push-up-ve-ekstra-toparlayici-orme-spor-sort-tayt-thmss24ty00038-p-807814453,Tayt
115,832438666,TRENDYOLMİLLA,Koyu Kahverengi Geniş Bel Lastikli Ekstra Toparlayıcı Tam Boy Örme Spor Tayt TWOAW21TA0029,313.99,0,/trendyolmilla/koyu-kahverengi-genis-bel-lastikli-ekstra-toparlayici-tam-boy-orme-spor-tayt-twoaw21ta0029-p-832438666,Tayt
116,786236990,TRENDYOLMİLLA,Premium Siyah Seamless/Dikişsiz Reklektör Baskı Detaylı Tam Boy Örme Spor Tayt THMSS24TY00011,132.99,17,/trendyolmilla/premium-siyah-seamless-dikissiz-reklektor-baski-detayli-tam-boy-orme-spor-tayt-thmss24ty00011-p-786236990,Tayt
117,362581761,TRENDYOLMİLLA,Taba Toparlayıcı Örme Spor Şort/Kısa Tayt TWOSS21SR0545,204.99,68,/trendyolmilla/taba-toparlayici-orme-spor-sort-kisa-tayt-twoss21sr0545-p-362581761,Tayt
118,789857172,TRENDYOLMİLLA,Siyah Toparlayıcı Ekstra Kısa Örme Spor Şort/Kısa Tayt THMSS24TY00018,247.99,19,/trendyolmilla/siyah-toparlayici-ekstra-kisa-orme-spor-sort-kisa-tayt-thmss24ty00018-p-789857172,Tayt
119,301731635,TRENDYOLMİLLA,Siyah Seamless/Dikişsiz Toparlayıcı Tam Boy Örme Spor Tayt TWOAW23TY00027,269.99,876,/trendyolmilla/siyah-seamless-dikissiz-toparlayici-tam-boy-orme-spor-tayt-twoaw23ty00027-p-301731635,Tayt
120,806440695,TRENDYOLMİLLA,Antrasit Geniş Bel Lastikli Push Up ve Ekstra Toparlayıcı Örme Spor Şort/Kısa Tayt THMSS24TY00038,185.99,14,/trendyolmilla/antrasit-genis-bel-lastikli-push-up-ve-ekstra-toparlayici-orme-spor-sort-kisa-tayt-thmss24ty00038-p-806440695,Tayt
121,786177400,TRENDYOLMİLLA,Ekru Reflektör Baskı ve Cep Detaylı İspanyol Paça Yoga Örme Spor Tayt THMAW24TY00066,408.99,39,/trendyolmilla/ekru-reflektor-baski-ve-cep-detayli-ispanyol-paca-yoga-orme-spor-tayt-thmaw24ty00066-p-786177400,Tayt
122,196001834,Trendyol Curve,Siyah Örme Tayt TBBSS22TA0026,222.99,3571,/trendyol-curve/siyah-orme-tayt-tbbss22ta0026-p-196001834,Tayt
123,762537930,TRENDYOLMİLLA,Koyu Vişne Geniş Bel Lastikli Ekstra Toparlayıcı Tam Boy Örme Spor Tayt TWOAW21TA0029,291.99,146,/trendyolmilla/koyu-visne-genis-bel-lastikli-ekstra-toparlayici-tam-boy-orme-spor-tayt-twoaw21ta0029-p-762537930,Tayt
124,806441220,TRENDYOLMİLLA,Siyah Geniş Bel Lastikli Push Up ve Ekstra Toparlayıcı Örme Spor Şort/Kısa Tayt THMSS24TY00038,203.99,13,/trendyolmilla/siyah-genis-bel-lastikli-push-up-ve-ekstra-toparlayici-orme-spor-sort-kisa-tayt-thmss24ty00038-p-806441220,Tayt
125,782891253,TRENDYOLMİLLA,Kahverengi Seamless/Dikişsiz Asit Yıkamalı Örme Spor Şort/Kısa Tayt THMSS23TY00034,307.99,32,/trendyolmilla/kahverengi-seamless-dikissiz-asit-yikamali-orme-spor-sort-kisa-tayt-thmss23ty00034-p-782891253,Tayt
126,796449921,TRENDYOLMİLLA,Premium Siyah Mat 2. Katman ile Karın ve Basen İnceltici Örme Spor Şort/Kısa Tayt THMSS24TY00026,256.99,18,/trendyolmilla/premium-siyah-mat-2-katman-ile-karin-ve-basen-inceltici-orme-spor-sort-kisa-tayt-thmss24ty00026-p-796449921,Tayt
127,198031752,TRENDYOLMİLLA,Indigo Toparlayıcı Yüksek Bel Cep Detaylı Örme Spor Şort/Kısa Tayt TWOAW21SR0033,271.99,255,/trendyolmilla/indigo-toparlayici-yuksek-bel-cep-detayli-orme-spor-sort-kisa-tayt-twoaw21sr0033-p-198031752,Tayt
128,88760650,TRENDYOLMİLLA,Lila Seamless/Dikişsiz Tam Boy Örme Spor Tayt TWOSS21TY0024,394.99,3798,/trendyolmilla/lila-seamless-dikissiz-tam-boy-orme-spor-tayt-twoss21ty0024-p-88760650,Tayt
129,35620359,TRENDYOLMİLLA,Koyu Gri Toparlayıcı Desenli Tam Boy Örme Spor Tayt TWOSS20TA0089,324.99,1923,/trendyolmilla/koyu-gri-toparlayici-desenli-tam-boy-orme-spor-tayt-twoss20ta0089-p-35620359,Tayt
130,148893966,TRENDYOLMİLLA,Koyu Antrasit Push-Up Özellikli Tam Boy Örme Spor Tayt TWOAW21TA0030,315.99,1062,/trendyolmilla/koyu-antrasit-push-up-ozellikli-tam-boy-orme-spor-tayt-twoaw21ta0030-p-148893966,Tayt
131,745777099,TRENDYOLMİLLA,X Sagaza Studio Siyah Toparlayıcı Push Up Özellikli Tam Boy Spor Tayt TCLAW24TY00001,482.99,71,/trendyolmilla/x-sagaza-studio-siyah-toparlayici-push-up-ozellikli-tam-boy-spor-tayt-tclaw24ty00001-p-745777099,Tayt
132,690604533,Trendyol Curve,Kahverengi İçi Polarlı Örme Tayt TBBAW23BV00017,276.99,537,/trendyol-curve/kahverengi-ici-polarli-orme-tayt-tbbaw23bv00017-p-690604533,Tayt
133,716486911,TRENDYOLMİLLA,Koyu Lacivert Toparlayıcı İspanyol Paça Yoga Örme Spor Tayt TWOAW23TA00018,362.99,61,/trendyolmilla/koyu-lacivert-toparlayici-ispanyol-paca-yoga-orme-spor-tayt-twoaw23ta00018-p-716486911,Tayt
134,792610300,TRENDYOLMİLLA,Haki Toparlayıcı Belde Reflektör Baskılı Örme Spor Ekstra Şort/Kısa Tayt THMSS23TY00019,151.99,20,/trendyolmilla/haki-toparlayici-belde-reflektor-baskili-orme-spor-ekstra-sort-kisa-tayt-thmss23ty00019-p-792610300,Tayt
135,800004509,TRENDYOLMİLLA,Siyah Çift Cep Detaylı Tam Boy Örme Spor Tayt THMSS24TY00029,101.99,12,/trendyolmilla/siyah-cift-cep-detayli-tam-boy-orme-spor-tayt-thmss24ty00029-p-800004509,Tayt
136,798170627,TRENDYOLMİLLA,Siyah Seamless/Dikişsiz Reflektör Baskılı ve Asit Yıkamalı Örme Spor Şort/Kısa Tayt THMSS24TY00028,146.99,15,/trendyolmilla/siyah-seamless-dikissiz-reflektor-baskili-ve-asit-yikamali-orme-spor-sort-kisa-tayt-thmss24ty00028-p-798170627,Tayt
137,830074346,TRENDYOLMİLLA,Siyah Toparlayıcı Askı ve Tül Detaylı Örme Spor Biker/Bisikletçi/Kısa Tayt THMSS24TY00048,171.99,2,/trendyolmilla/siyah-toparlayici-aski-ve-tul-detayli-orme-spor-biker-bisikletci-kisa-tayt-thmss24ty00048-p-830074346,Tayt
138,807951899,TRENDYOLMİLLA,Siyah-Haki 2' li Paket Seamless/Dikişsiz Örme Spor Şort/Kısa Tayt THMSS24TY00046,393.99,24,/trendyolmilla/siyah-haki-2-li-paket-seamless-dikissiz-orme-spor-sort-kisa-tayt-thmss24ty00046-p-807951899,Tayt
139,817200529,Trendyol Curve,Antrasit Melanj - Siyah 2'li Paket Örme Tayt TBBSS22TA0057,386.99,11,/trendyol-curve/antrasit-melanj-siyah-2-li-paket-orme-tayt-tbbss22ta0057-p-817200529,Tayt
140,813516154,TRENDYOLMİLLA,Lacivert Fırçalı Soft Kumaş İç Bel Cep Detaylı Örme Spor Şort Tayt THMSS24TY00020,335.99,4,/trendyolmilla/lacivert-fircali-soft-kumas-ic-bel-cep-detayli-orme-spor-sort-tayt-thmss24ty00020-p-813516154,Tayt
141,44277793,TRENDYOLMİLLA,Kahverengi Yüksek Bel Basic Beli Lastikli İnterlok Örme Tayt TWOAW20TA0047,280.99,1923,/trendyolmilla/kahverengi-yuksek-bel-basic-beli-lastikli-interlok-orme-tayt-twoaw20ta0047-p-44277793,Tayt
142,751329353,TRENDYOLMİLLA,Zümrüt Yeşili Toparlayıcı Tam Boy Örme Spor Tayt TWOSS21TA0023,301.99,39,/trendyolmilla/zumrut-yesili-toparlayici-tam-boy-orme-spor-tayt-twoss21ta0023-p-751329353,Tayt
143,794342252,TRENDYOLMİLLA,Siyah Toparlayıcı Tül Cep ve Reflektör Baskı Detaylı Örme Spor Şort/Kısa Tayt THMSS24TY00023,249.99,20,/trendyolmilla/siyah-toparlayici-tul-cep-ve-reflektor-baski-detayli-orme-spor-sort-kisa-tayt-thmss24ty00023-p-794342252,Tayt
144,736355680,TRENDYOLMİLLA,Koyu Donuk Haki Ekstra Karın Toparlayıcı Katmana Sahip Mat Tam Boy Örme Spor Tayt THMAW24TY00026,406.99,33,/trendyolmilla/koyu-donuk-haki-ekstra-karin-toparlayici-katmana-sahip-mat-tam-boy-orme-spor-tayt-thmaw24ty00026-p-736355680,Tayt
145,809691404,Trendyol Curve,Siyah Baskılı Örme Büyük Beden Tayt TBBSS24BV00002,358.99,11,/trendyol-curve/siyah-baskili-orme-buyuk-beden-tayt-tbbss24bv00002-p-809691404,Tayt
146,46079884,TRENDYOLMİLLA,Kahverengi Toparlayıcı Beli Lastikli Yüksek Bel Örme Tayt TWOAW20TA0087,285.99,6993,/trendyolmilla/kahverengi-toparlayici-beli-lastikli-yuksek-bel-orme-tayt-twoaw20ta0087-p-46079884,Tayt
147,832568894,TRENDYOLMİLLA,Siyah Fırçalı Soft Kumaş Füzo Tam Boy Örme Spor Tayt THMAW25TY00009,353.99,0,/trendyolmilla/siyah-fircali-soft-kumas-fuzo-tam-boy-orme-spor-tayt-thmaw25ty00009-p-832568894,Tayt
148,301758095,TRENDYOLMİLLA,Siyah Seamless/Dikişsiz Kontrast Renk Detaylı Tam Boy Örme Spor Tayt TWOAW23TY00030,239.99,1131,/trendyolmilla/siyah-seamless-dikissiz-kontrast-renk-detayli-tam-boy-orme-spor-tayt-twoaw23ty00030-p-301758095,Tayt
149,301758086,TRENDYOLMİLLA,Antrasit Seamless/Dikişsiz Kontrast Renk Detaylı Tam Boy Örme Spor Tayt TWOAW23TY00030,240.99,1288,/trendyolmilla/antrasit-seamless-dikissiz-kontrast-renk-detayli-tam-boy-orme-spor-tayt-twoaw23ty00030-p-301758086,Tayt
150,799773541,TRENDYOLMİLLA,Antrasit Çift Cep Detaylı Tam Boy Örme Spor Tayt THMSS24TY00029,105.99,15,/trendyolmilla/antrasit-cift-cep-detayli-tam-boy-orme-spor-tayt-thmss24ty00029-p-799773541,Tayt
151,127386398,TRENDYOLMİLLA,Camel Geniş Bel Lastikli Ekstra Toparlayıcı Tam Boy Örme Spor Tayt TWOAW21TA0029,315.99,1427,/trendyolmilla/camel-genis-bel-lastikli-ekstra-toparlayici-tam-boy-orme-spor-tayt-twoaw21ta0029-p-127386398,Tayt
152,792929174,TRENDYOLMİLLA,Lacivert Renk Bloklu Seamless/Dikişsiz Örme Spor Şort/Kısa Tayt THMSS24TY00021,94.99,12,/trendyolmilla/lacivert-renk-bloklu-seamless-dikissiz-orme-spor-sort-kisa-tayt-thmss24ty00021-p-792929174,Tayt
153,782485847,TRENDYOLMİLLA,Haki Mat Toparlayıcı Cep ve Bağlama Detaylı Örme Spor Biker/Bisikletçi/Kısa Tayt THMSS24TY00007,222.99,12,/trendyolmilla/haki-mat-toparlayici-cep-ve-baglama-detayli-orme-spor-biker-bisikletci-kisa-tayt-thmss24ty00007-p-782485847,Tayt
154,775533876,TRENDYOLMİLLA,Koyu Vişne Toparlayıcı Paça Çıtçıt Detaylı İspanyol Paça Yoga Örme Spor Tayt THMAW24TY00015,178.99,30,/trendyolmilla/koyu-visne-toparlayici-paca-citcit-detayli-ispanyol-paca-yoga-orme-spor-tayt-thmaw24ty00015-p-775533876,Tayt
155,708278622,TRENDYOLMİLLA,Yeşil Push- Up Özellikli Tam Boy Örme Spor Tayt TWOAW21TA0030,315.99,71,/trendyolmilla/yesil-push-up-ozellikli-tam-boy-orme-spor-tayt-twoaw21ta0030-p-708278622,Tayt
156,772649240,TRENDYOLMİLLA,Mürdüm Toparlayıcı Örme Spor Biker/Bisikletçi/Kısa Tayt THMSS23TY00021,374.99,28,/trendyolmilla/murdum-toparlayici-orme-spor-biker-bisikletci-kisa-tayt-thmss23ty00021-p-772649240,Tayt
157,131100382,TRENDYOLMİLLA,Koyu Antrasit Toparlayıcı Tam Boy Örme Spor Tayt TWOSS21TA0023,293.99,5891,/trendyolmilla/koyu-antrasit-toparlayici-tam-boy-orme-spor-tayt-twoss21ta0023-p-131100382,Tayt
158,786538294,TRENDYOLMİLLA,Siyah Beli Ekstra Toparlayıcı Mikro Delikli Örme Spor Biker/Bisikletçi/Kısa Tayt THMSS24TY00012,246.99,18,/trendyolmilla/siyah-beli-ekstra-toparlayici-mikro-delikli-orme-spor-biker-bisikletci-kisa-tayt-thmss24ty00012-p-786538294,Tayt
159,786180925,TRENDYOLMİLLA,Antrasit Melanj Seamless/Dikişsiz Spor Şort/Kısa Tayt THMSS24TY00009,156.99,24,/trendyolmilla/antrasit-melanj-seamless-dikissiz-spor-sort-kisa-tayt-thmss24ty00009-p-786180925,Tayt
160,31870404,TRENDYOLMİLLA,Siyah Yüksek Bel İçi Şardonlu Esnek Örme Tayt TWOAW20TA0079,305.99,908,/trendyolmilla/siyah-yuksek-bel-ici-sardonlu-esnek-orme-tayt-twoaw20ta0079-p-31870404,Tayt
161,782485848,TRENDYOLMİLLA,Siyah Mat Toparlayıcı Cep ve Bağlama Detaylı Örme Spor Biker/Bisikletçi/Kısa Tayt THMSS24TY00007,172.99,15,/trendyolmilla/siyah-mat-toparlayici-cep-ve-baglama-detayli-orme-spor-biker-bisikletci-kisa-tayt-thmss24ty00007-p-782485848,Tayt
162,736355034,TRENDYOLMİLLA,Siyah Ekstra Karın Toparlayıcı Katmana Sahip Mat Tam Boy Örme Spor Tayt THMAW24TY00026,406.99,47,/trendyolmilla/siyah-ekstra-karin-toparlayici-katmana-sahip-mat-tam-boy-orme-spor-tayt-thmaw24ty00026-p-736355034,Tayt
163,832745430,TRENDYOLMİLLA,Siyah Seamless/Dikişsiz Push Up Tam Boy Örme Spor Tayt THMAW25TY00003,323.99,0,/trendyolmilla/siyah-seamless-dikissiz-push-up-tam-boy-orme-spor-tayt-thmaw25ty00003-p-832745430,Tayt
164,805617204,TRENDYOLMİLLA,Siyah Parlak Kumaş Örme Spor Şort/Kısa Tayt THMSS24TY00033,138.99,10,/trendyolmilla/siyah-parlak-kumas-orme-spor-sort-kisa-tayt-thmss24ty00033-p-805617204,Tayt
165,802219520,TRENDYOLMİLLA,Siyah Seamless/Dikişsiz Dokulu Kendinden Desenli Tam Boy Örme Spor Tayt THMSS24TY00031,217.99,17,/trendyolmilla/siyah-seamless-dikissiz-dokulu-kendinden-desenli-tam-boy-orme-spor-tayt-thmss24ty00031-p-802219520,Tayt
166,800087025,TRENDYOLMİLLA,Lacivert Çift Cep Detaylı Örme Spor Şort/Kısa Tayt THMSS24TY00030,238.99,12,/trendyolmilla/lacivert-cift-cep-detayli-orme-spor-sort-kisa-tayt-thmss24ty00030-p-800087025,Tayt
167,800085941,TRENDYOLMİLLA,Antrasit Çift Cep Detaylı Örme Spor Şort/Kısa Tayt THMSS24TY00030,283.99,13,/trendyolmilla/antrasit-cift-cep-detayli-orme-spor-sort-kisa-tayt-thmss24ty00030-p-800085941,Tayt
168,794722857,TRENDYOLMİLLA,Siyah Toparlayıcı Reflektör Baskılı ve Fermuarlı Örme Spor Biker/Bisikletçi/Kısa Tayt THMSS24TY00024,155.99,7,/trendyolmilla/siyah-toparlayici-reflektor-baskili-ve-fermuarli-orme-spor-biker-bisikletci-kisa-tayt-thmss24ty00024-p-794722857,Tayt
169,790861223,TRENDYOLMİLLA,Siyah Toparlayıcı Beli Tül Detaylı Örme Spor Biker/Bisikletçi/Kısa Tayt THMSS24TY00017,201.99,11,/trendyolmilla/siyah-toparlayici-beli-tul-detayli-orme-spor-biker-bisikletci-kisa-tayt-thmss24ty00017-p-790861223,Tayt
170,790175773,TRENDYOLMİLLA,Antrasit Fırçalı Soft İç Bel Cep Detaylı Örme Spor Şort/Kısa Tayt THMSS24TY00020,380.99,18,/trendyolmilla/antrasit-fircali-soft-ic-bel-cep-detayli-orme-spor-sort-kisa-tayt-thmss24ty00020-p-790175773,Tayt
171,786201238,TRENDYOLMİLLA,Siyah Desen Detaylı Seamless/Dikişsiz Örme Spor Biker/Bisikletçi/Kısa Tayt THMSS24TY00010,95.99,17,/trendyolmilla/siyah-desen-detayli-seamless-dikissiz-orme-spor-biker-bisikletci-kisa-tayt-thmss24ty00010-p-786201238,Tayt
172,782497089,TRENDYOLMİLLA,Haki Mat Toparlayıcı Kumaş Reflektör Baskılı Örme Spor Biker/Bisikletçi/Kısa Tayt THMSS24TY00006,339.99,21,/trendyolmilla/haki-mat-toparlayici-kumas-reflektor-baskili-orme-spor-biker-bisikletci-kisa-tayt-thmss24ty00006-p-782497089,Tayt
173,773329759,TRENDYOLMİLLA,Gri Toparlayıcı Örme Spor Şort/Kısa Tayt TWOSS21SR0545,291.99,2,/trendyolmilla/gri-toparlayici-orme-spor-sort-kisa-tayt-twoss21sr0545-p-773329759,Tayt
174,773326350,TRENDYOLMİLLA,Bordo Toparlayıcı Yüksek Bel Cep Detaylı Örme Spor Biker/Bisikletçi/Kısa Tayt TWOAW21TA0064,327.99,9,/trendyolmilla/bordo-toparlayici-yuksek-bel-cep-detayli-orme-spor-biker-bisikletci-kisa-tayt-twoaw21ta0064-p-773326350,Tayt
175,772729742,TRENDYOLMİLLA,Kaymak Beyazı Geniş Bel Lastikli Ekstra Toparlayıcı Tam Boy Örme Spor Tayt TWOAW21TA0029,327.99,23,/trendyolmilla/kaymak-beyazi-genis-bel-lastikli-ekstra-toparlayici-tam-boy-orme-spor-tayt-twoaw21ta0029-p-772729742,Tayt
176,736356402,TRENDYOLMİLLA,Koyu Antrasit Ekstra Karın Toparlayıcı Katmana Sahip Mat Tam Boy Örme Spor Tayt THMAW24TY00026,414.99,71,/trendyolmilla/koyu-antrasit-ekstra-karin-toparlayici-katmana-sahip-mat-tam-boy-orme-spor-tayt-thmaw24ty00026-p-736356402,Tayt
177,732880339,TRENDYOLMİLLA,Siyah Paçası Yandan Yırtmaçlı Ottoman Yüksek Bel Örme Tayt TWOAW24TA00008,341.99,72,/trendyolmilla/siyah-pacasi-yandan-yirtmacli-ottoman-yuksek-bel-orme-tayt-twoaw24ta00008-p-732880339,Tayt
178,661870449,Trendyol Curve,Siyah Korse Görünümlü Yüksek Bel İnterlok Örme Tayt TBBSS23BV00008,322.99,116,/trendyol-curve/siyah-korse-gorunumlu-yuksek-bel-interlok-orme-tayt-tbbss23bv00008-p-661870449,Tayt
179,376079048,TRENDYOLMİLLA,Uzay Lacivert Seamless/Dikişsiz Ekstra Toparlayıcı Örme Spor Şort/Kısa Tayt THMSS23TY00001,279.99,89,/trendyolmilla/uzay-lacivert-seamless-dikissiz-ekstra-toparlayici-orme-spor-sort-kisa-tayt-thmss23ty00001-p-376079048,Tayt
180,301731630,TRENDYOLMİLLA,Koyu Lacivert Seamless/Dikişsiz Toparlayıcı Tam Boy Örme Spor Tayt TWOAW23TY00027,280.99,666,/trendyolmilla/koyu-lacivert-seamless-dikissiz-toparlayici-tam-boy-orme-spor-tayt-twoaw23ty00027-p-301731630,Tayt
181,185957934,TRENDYOLMİLLA,Yeşil Toparlayıcı Beli Lastikli Yüksek Bel Örme Tayt TWOAW20TA0087,306.99,273,/trendyolmilla/yesil-toparlayici-beli-lastikli-yuksek-bel-orme-tayt-twoaw20ta0087-p-185957934,Tayt
182,129692280,TRENDYOLMİLLA,Siyah Petite Yüksek Bel Örme Tayt TWOAW22TA0050,295.99,684,/trendyolmilla/siyah-petite-yuksek-bel-orme-tayt-twoaw22ta0050-p-129692280,Tayt
183,119315455,TRENDYOLMİLLA,Siyah Önü Yırtmaç Detaylı Yüksek Bel Örme Tayt TWOAW22TA0004,303.99,6946,/trendyolmilla/siyah-onu-yirtmac-detayli-yuksek-bel-orme-tayt-twoaw22ta0004-p-119315455,Tayt
184,115605851,TRENDYOLMİLLA,Siyah Seamless/Dikişsiz Örme Spor Şort/Kısa Tayt TWOSS21SR0707,201.99,1212,/trendyolmilla/siyah-seamless-dikissiz-orme-spor-sort-kisa-tayt-twoss21sr0707-p-115605851,Tayt
185,89714190,TRENDYOLMİLLA,Taş Toparlayıcı Beli Lastikli Yüksek Bel Örme Tayt TWOAW20TA0087,305.99,1876,/trendyolmilla/tas-toparlayici-beli-lastikli-yuksek-bel-orme-tayt-twoaw20ta0087-p-89714190,Tayt
186,84042578,TRENDYOLMİLLA,Gri Toparlayıcı Beli Lastikli Yüksek Bel Örme Tayt TWOAW20TA0087,307.99,851,/trendyolmilla/gri-toparlayici-beli-lastikli-yuksek-bel-orme-tayt-twoaw20ta0087-p-84042578,Tayt
187,52636816,TRENDYOLMİLLA,Siyah polarlı Scuba Yüksek Bel Örme Tayt TWOAW21TA0098,193.99,7531,/trendyolmilla/siyah-polarli-scuba-yuksek-bel-orme-tayt-twoaw21ta0098-p-52636816,Tayt
188,46222358,TRENDYOLMİLLA,Lacivert Toparlayıcı Beli Lastikli Yüksek Bel Örme Tayt TWOAW20TA0087,283.99,7533,/trendyolmilla/lacivert-toparlayici-beli-lastikli-yuksek-bel-orme-tayt-twoaw20ta0087-p-46222358,Tayt
189,46079883,TRENDYOLMİLLA,Bordo Toparlayıcı Beli Lastikli Yüksek Bel Örme Tayt TWOAW20TA0087,296.99,2275,/trendyolmilla/bordo-toparlayici-beli-lastikli-yuksek-bel-orme-tayt-twoaw20ta0087-p-46079883,Tayt
190,44695143,TRENDYOLMİLLA,Siyah Push- Up Özellikli Tam Boy Örme Spor Tayt TWOAW21TA0030,278.99,16392,/trendyolmilla/siyah-push-up-ozellikli-tam-boy-orme-spor-tayt-twoaw21ta0030-p-44695143,Tayt
191,44695142,TRENDYOLMİLLA,Haki Push-Up Özellikli Tam Boy Örme Spor Tayt TWOAW21TA0030,312.99,2328,/trendyolmilla/haki-push-up-ozellikli-tam-boy-orme-spor-tayt-twoaw21ta0030-p-44695142,Tayt
192,35466674,TRENDYOLMİLLA,Lacivert Yüksek Bel Basic Beli Lastikli İnterlok Örme Tayt TWOAW20TA0047,318.99,909,/trendyolmilla/lacivert-yuksek-bel-basic-beli-lastikli-interlok-orme-tayt-twoaw20ta0047-p-35466674,Tayt
193,30560409,TRENDYOLMİLLA,Siyah Yüksek Bel Basic Beli Lastikli İnterlok Örme Tayt TWOAW20TA0047,258.99,16101,/trendyolmilla/siyah-yuksek-bel-basic-beli-lastikli-interlok-orme-tayt-twoaw20ta0047-p-30560409,Tayt
