,ID,MARKA,URUN_NAME,FIYAT,RATE_COUNT,URUN_LINK,KATEGORI
0,654538497,TRENDYOLMİLLA,Lacivert Devrik Yaka Fermuarlı Triko Hırka TWOAW24HI00072,467.99,2778,/trendyolmilla/lacivert-devrik-yaka-fermuarli-triko-hirka-twoaw24hi00072-p-654538497,Hırka
1,654538481,TRENDYOLMİLLA,Siyah Devrik Yaka Fermuarlı Triko Hırka TWOAW24HI00072,467.99,1696,/trendyolmilla/siyah-devrik-yaka-fermuarli-triko-hirka-twoaw24hi00072-p-654538481,Hırka
2,784251968,TRENDYOLMİLLA,Camel Crop Simli Kalite Bluz Hırka Triko Takım TWOSS24HI00002,119.99,9,/trendyolmilla/camel-crop-simli-kalite-bluz-hirka-triko-takim-twoss24hi00002-p-784251968,Hırka
3,641639257,TRENDYOLMİLLA,Bordo Crop Yumuşak Dokulu Dik Yaka Triko Hırka TWOAW22HI0174,390.99,153,/trendyolmilla/bordo-crop-yumusak-dokulu-dik-yaka-triko-hirka-twoaw22hi0174-p-641639257,Hırka
4,672434673,TRENDYOLMİLLA,Lacivert Crop Renk Bloklu Dik Yaka Triko Hırka TWOAW24HI00238,412.99,336,/trendyolmilla/lacivert-crop-renk-bloklu-dik-yaka-triko-hirka-twoaw24hi00238-p-672434673,Hırka
5,248503522,TRENDYOLMİLLA,Turuncu Desenli Bluz-Hırka Triko Takım TWOAW23HI00223,495.99,308,/trendyolmilla/turuncu-desenli-bluz-hirka-triko-takim-twoaw23hi00223-p-248503522,Hırka
6,654538517,TRENDYOLMİLLA,Taş Devrik Yaka Fermuarlı Triko Hırka TWOAW24HI00072,458.99,923,/trendyolmilla/tas-devrik-yaka-fermuarli-triko-hirka-twoaw24hi00072-p-654538517,Hırka
7,808175348,TRENDYOLMİLLA,Gümüş Varak Baskılı Triko Hırka TWOSS24HI00013,291.99,22,/trendyolmilla/gumus-varak-baskili-triko-hirka-twoss24hi00013-p-808175348,Hırka
8,810288577,TRENDYOLMİLLA,Gri Crop Yumuşak Dokulu Dik Yaka Triko Hırka TWOAW22HI0174,408.99,1,/trendyolmilla/gri-crop-yumusak-dokulu-dik-yaka-triko-hirka-twoaw22hi0174-p-810288577,Hırka
9,700338337,TRENDYOLMİLLA,Siyah Süper Crop Basic Triko Hırka TWOAW24HI00315,340.99,372,/trendyolmilla/siyah-super-crop-basic-triko-hirka-twoaw24hi00315-p-700338337,Hırka
10,131449576,TRENDYOLMİLLA,Taş Crop Bağlama Detaylı Bluz-Hırka Triko Takım Triko Hırka TWOSS21HI0002,331.99,2942,/trendyolmilla/tas-crop-baglama-detayli-bluz-hirka-triko-takim-triko-hirka-twoss21hi0002-p-131449576,Hırka
11,769389793,TRENDYOLMİLLA,Antrasit Devrik Yaka Fermuarlı Triko Hırka TWOAW24HI00072,457.99,164,/trendyolmilla/antrasit-devrik-yaka-fermuarli-triko-hirka-twoaw24hi00072-p-769389793,Hırka
12,696772802,TRENDYOLMİLLA,Ekru Crop Dantelli Ajurlu/Delikli Triko Hırka TWOAW24KZ01059,538.99,43,/trendyolmilla/ekru-crop-dantelli-ajurlu-delikli-triko-hirka-twoaw24kz01059-p-696772802,Hırka
13,700338356,TRENDYOLMİLLA,Ekru Süper Crop Basic Triko Hırka TWOAW24HI00315,340.99,308,/trendyolmilla/ekru-super-crop-basic-triko-hirka-twoaw24hi00315-p-700338356,Hırka
14,808175340,TRENDYOLMİLLA,Altın Varak Baskılı Triko Hırka TWOSS24HI00013,229.99,6,/trendyolmilla/altin-varak-baskili-triko-hirka-twoss24hi00013-p-808175340,Hırka
15,812621519,TRENDYOLMİLLA,Siyah Premium Kalite Transparan Görünümlü Triko Hırka TWOSS24HI00020,273.99,1,/trendyolmilla/siyah-premium-kalite-transparan-gorunumlu-triko-hirka-twoss24hi00020-p-812621519,Hırka
16,686770231,TRENDYOLMİLLA,Haki Devrik Yaka Triko Hırka TWOAW24HI00284,378.99,818,/trendyolmilla/haki-devrik-yaka-triko-hirka-twoaw24hi00284-p-686770231,Hırka
17,645588631,TRENDYOLMİLLA,Gri Fermuar Detaylı Triko Hırka TWOAW23HI00189,394.99,282,/trendyolmilla/gri-fermuar-detayli-triko-hirka-twoaw23hi00189-p-645588631,Hırka
18,716168593,TRENDYOLMİLLA,Ekru Bisiklet Yaka Triko Hırka TWOAW24HI00337,443.99,503,/trendyolmilla/ekru-bisiklet-yaka-triko-hirka-twoaw24hi00337-p-716168593,Hırka
19,660385458,TRENDYOLMİLLA,Haki Geniş Kalıp Yumuşak Dokulu Cep Detaylı Triko Hırka TWOAW24HI00133,394.99,67,/trendyolmilla/haki-genis-kalip-yumusak-dokulu-cep-detayli-triko-hirka-twoaw24hi00133-p-660385458,Hırka
20,814567311,TRENDYOLMİLLA,Ekru Fiyonk Detaylı Triko Hırka TWOAW25HI00067,461.99,1,/trendyolmilla/ekru-fiyonk-detayli-triko-hirka-twoaw25hi00067-p-814567311,Hırka
21,812621521,TRENDYOLMİLLA,Ekru Premium Kalite Transparan Görünümlü Triko Hırka TWOSS24HI00020,376.99,10,/trendyolmilla/ekru-premium-kalite-transparan-gorunumlu-triko-hirka-twoss24hi00020-p-812621521,Hırka
22,810046653,TRENDYOLMİLLA,Bej Yumuşak Dokulu Parlak Sim İşlemeli Triko Hırka TWOAW25HI00005,452.99,0,/trendyolmilla/bej-yumusak-dokulu-parlak-sim-islemeli-triko-hirka-twoaw25hi00005-p-810046653,Hırka
23,660430912,TRENDYOLMİLLA,Ekru Çizgili Basic Triko Hırka TWOAW24HI00091,321.99,543,/trendyolmilla/ekru-cizgili-basic-triko-hirka-twoaw24hi00091-p-660430912,Hırka
47,128804712,TRENDYOLMİLLA,Ekru Crop Yumuşak Dokulu Dik Yaka Triko Hırka TWOAW22HI0174,378.99,1460,/trendyolmilla/ekru-crop-yumusak-dokulu-dik-yaka-triko-hirka-twoaw22hi0174-p-128804712,Hırka
49,814825381,TRENDYOLMİLLA,Açık Turuncu Devrik Yaka Triko Hırka TWOSS24HI00019,151.99,15,/trendyolmilla/acik-turuncu-devrik-yaka-triko-hirka-twoss24hi00019-p-814825381,Hırka
50,645550752,TRENDYOLMİLLA,Saks Desenli Bluz-Hırka Triko Takım TWOAW23HI00223,500.99,50,/trendyolmilla/saks-desenli-bluz-hirka-triko-takim-twoaw23hi00223-p-645550752,Hırka
51,258293527,TRENDYOLMİLLA,Ekru Crop Ajurlu/Delikli V Yaka TWOAW23HI00203,296.99,744,/trendyolmilla/ekru-crop-ajurlu-delikli-v-yaka-twoaw23hi00203-p-258293527,Hırka
52,665685334,TRENDYOLMİLLA,Gri Yumuşak Dokulu Triko Hırka TWOAW24HI00198,367.99,235,/trendyolmilla/gri-yumusak-dokulu-triko-hirka-twoaw24hi00198-p-665685334,Hırka
53,661770916,TRENDYOLMİLLA,Siyah Geniş Kalıp Polo Yaka Buklet Triko Hırka TWOAW24HI00177,500.99,493,/trendyolmilla/siyah-genis-kalip-polo-yaka-buklet-triko-hirka-twoaw24hi00177-p-661770916,Hırka
54,708568285,TRENDYOLMİLLA,Ekru Kapüşonlu Buklet Triko Hırka TWOAW24HI00370,425.99,119,/trendyolmilla/ekru-kapusonlu-buklet-triko-hirka-twoaw24hi00370-p-708568285,Hırka
55,814825377,TRENDYOLMİLLA,Lacivert Devrik Yaka Triko Hırka TWOSS24HI00019,158.99,13,/trendyolmilla/lacivert-devrik-yaka-triko-hirka-twoss24hi00019-p-814825377,Hırka
56,661297494,TRENDYOLMİLLA,Siyah Bomber Yaka Fermuarlı Triko Hırka TWOAW24HI00153,368.99,472,/trendyolmilla/siyah-bomber-yaka-fermuarli-triko-hirka-twoaw24hi00153-p-661297494,Hırka
57,665727400,TRENDYOLMİLLA,Antrasit V Yaka Triko Hırka TWOAW24HI00227,128.99,80,/trendyolmilla/antrasit-v-yaka-triko-hirka-twoaw24hi00227-p-665727400,Hırka
58,812621592,TRENDYOLMİLLA,Siyah Premium Kalite Transparan Görünümlü Triko Hırka TWOAW25HI00045,442.99,3,/trendyolmilla/siyah-premium-kalite-transparan-gorunumlu-triko-hirka-twoaw25hi00045-p-812621592,Hırka
59,131449577,TRENDYOLMİLLA,Açık Mavi Crop Bağlama Detaylı Bluz-Hırka Triko Takım TWOSS21HI0002,329.99,1720,/trendyolmilla/acik-mavi-crop-baglama-detayli-bluz-hirka-triko-takim-twoss21hi0002-p-131449577,Hırka
60,668343461,TRENDYOLMİLLA,Kahverengi Yumuşak Dokulu Degrade Triko Hırka TWOAW24HI00052,397.99,83,/trendyolmilla/kahverengi-yumusak-dokulu-degrade-triko-hirka-twoaw24hi00052-p-668343461,Hırka
61,686770233,TRENDYOLMİLLA,Lacivert Devrik Yaka Triko Hırka TWOAW24HI00284,378.99,288,/trendyolmilla/lacivert-devrik-yaka-triko-hirka-twoaw24hi00284-p-686770233,Hırka
62,699156218,TRENDYOLMİLLA,Taş Oversize Midi Ajurlu/Delikli Triko Hırka TWOAW24HI00331,469.99,186,/trendyolmilla/tas-oversize-midi-ajurlu-delikli-triko-hirka-twoaw24hi00331-p-699156218,Hırka
63,645176452,TRENDYOLMİLLA,Siyah Crop Triko Hırka TWOAW22HI0344,139.99,57,/trendyolmilla/siyah-crop-triko-hirka-twoaw22hi0344-p-645176452,Hırka
64,810232828,TRENDYOLMİLLA,Ekru Devrik Yaka Fermuarlı Triko Hırka TWOAW24HI00072,469.99,3,/trendyolmilla/ekru-devrik-yaka-fermuarli-triko-hirka-twoaw24hi00072-p-810232828,Hırka
65,284781531,TRENDYOL MODEST,Siyah Etek Ucu Püsküllü Uzun Triko Hırka TCTAW23TH00008,512.99,424,/trendyol-modest/siyah-etek-ucu-puskullu-uzun-triko-hirka-tctaw23th00008-p-284781531,Hırka
66,244820428,TRENDYOLMİLLA,Yeşil Crop Triko Hırka TWOAW23HI00176,328.99,1005,/trendyolmilla/yesil-crop-triko-hirka-twoaw23hi00176-p-244820428,Hırka
67,70259791,TRENDYOLMİLLA,Pembe Crop Bağlama Detaylı Bluz-Hırka Triko Takım Triko Hırka TWOSS21HI0002,331.99,1817,/trendyolmilla/pembe-crop-baglama-detayli-bluz-hirka-triko-takim-triko-hirka-twoss21hi0002-p-70259791,Hırka
68,660222124,TRENDYOLMİLLA,Taş Yumuşak Dokulu Fermuarlı Saç Örgülü Triko Hırka TWOAW24HI00202,433.99,239,/trendyolmilla/tas-yumusak-dokulu-fermuarli-sac-orgulu-triko-hirka-twoaw24hi00202-p-660222124,Hırka
69,668343460,TRENDYOLMİLLA,Yeşil Yumuşak Dokulu Degrade Triko Hırka TWOAW24HI00052,389.99,162,/trendyolmilla/yesil-yumusak-dokulu-degrade-triko-hirka-twoaw24hi00052-p-668343460,Hırka
70,661781942,TRENDYOLMİLLA,Indigo Yumuşak Dokulu Çizgili Triko Hırka TWOAW24HI00118,435.99,232,/trendyolmilla/indigo-yumusak-dokulu-cizgili-triko-hirka-twoaw24hi00118-p-661781942,Hırka
71,242391591,TRENDYOLMİLLA,Lacivert Crop Bağlama Detaylı Bluz-Hırka Triko Takım Triko Hırka TWOSS21HI0002,323.99,547,/trendyolmilla/lacivert-crop-baglama-detayli-bluz-hirka-triko-takim-triko-hirka-twoss21hi0002-p-242391591,Hırka
72,106376479,TRENDYOLMİLLA,Taş Örgü Detaylı Triko Hırka TWOAW22HI0176,406.99,1509,/trendyolmilla/tas-orgu-detayli-triko-hirka-twoaw22hi0176-p-106376479,Hırka
73,811067986,TRENDYOLMİLLA,Kiremit Crop Bağlama Detaylı Bluz-Hırka Triko Takım TWOSS21HI0002,323.99,0,/trendyolmilla/kiremit-crop-baglama-detayli-bluz-hirka-triko-takim-twoss21hi0002-p-811067986,Hırka
74,658729706,TRENDYOLMİLLA,Siyah Basic Triko Hırka TWOAW24HI00090,321.99,656,/trendyolmilla/siyah-basic-triko-hirka-twoaw24hi00090-p-658729706,Hırka
75,43517742,TRENDYOLMİLLA,Indigo Yumuşak Dokulu Crop Triko Hırka TWOAW21HI0017,410.99,638,/trendyolmilla/indigo-yumusak-dokulu-crop-triko-hirka-twoaw21hi0017-p-43517742,Hırka
76,266321543,TRENDYOLMİLLA,Turuncu Crop Yumuşak Dokulu Triko Hırka TWOAW23HI00272,379.99,607,/trendyolmilla/turuncu-crop-yumusak-dokulu-triko-hirka-twoaw23hi00272-p-266321543,Hırka
77,672435949,TRENDYOLMİLLA,Yeşil Yumuşak Dokulu Nakış Detaylı V Yaka Triko Hırka TWOAW24HI00237,401.99,175,/trendyolmilla/yesil-yumusak-dokulu-nakis-detayli-v-yaka-triko-hirka-twoaw24hi00237-p-672435949,Hırka
78,302254407,TRENDYOLMİLLA,Indigo Süper Crop Fitilli Triko Hırka TWOAW23HI00519,403.99,1460,/trendyolmilla/indigo-super-crop-fitilli-triko-hirka-twoaw23hi00519-p-302254407,Hırka
79,118217825,TRENDYOLMİLLA,İndigo Geniş Kalıp Tüvit Görünümlü Simli Triko Hırka TWOAW21HI0250,368.99,2205,/trendyolmilla/indigo-genis-kalip-tuvit-gorunumlu-simli-triko-hirka-twoaw21hi0250-p-118217825,Hırka
80,646735499,TRENDYOLMİLLA,Kırmızı Yumuşak Dokulu Baklava Desenli Triko Hırka TWOAW23HI00596,427.99,54,/trendyolmilla/kirmizi-yumusak-dokulu-baklava-desenli-triko-hirka-twoaw23hi00596-p-646735499,Hırka
81,132882263,TRENDYOL MODEST,Camel Dama Desenli Triko Hırka TCTAW22TH0083,459.99,970,/trendyol-modest/camel-dama-desenli-triko-hirka-tctaw22th0083-p-132882263,Hırka
82,831011634,TRENDYOL MODEST,Gri Baklava Desenli Triko Hırka TCTAW25TH00022,809.99,0,/trendyol-modest/gri-baklava-desenli-triko-hirka-tctaw25th00022-p-831011634,Hırka
83,52689304,TRENDYOLMİLLA,Mavi Yumuşak Dokulu Hayvan Desenli Triko Hırka TWOAW21HI0476,480.99,1119,/trendyolmilla/mavi-yumusak-dokulu-hayvan-desenli-triko-hirka-twoaw21hi0476-p-52689304,Hırka
84,131080504,TRENDYOL MODEST,Bej Düğmeli V Yaka Yumuşak Triko Hırka TCTAW22HI0397,499.99,1682,/trendyol-modest/bej-dugmeli-v-yaka-yumusak-triko-hirka-tctaw22hi0397-p-131080504,Hırka
85,645539488,TRENDYOLMİLLA,Gri Yumuşak Dokulu Polo Yaka Triko Hırka TWOAW20HI0070,340.99,183,/trendyolmilla/gri-yumusak-dokulu-polo-yaka-triko-hirka-twoaw20hi0070-p-645539488,Hırka
86,43514379,TRENDYOLMİLLA,Ekru Crop Yumuşak Dokulu Bluz-Hırka Triko Takım TWOAW21HI0107,459.99,668,/trendyolmilla/ekru-crop-yumusak-dokulu-bluz-hirka-triko-takim-twoaw21hi0107-p-43514379,Hırka
87,822161794,TRENDYOLMİLLA,Ekru Crop Yumuşak Dokulu Kurdele Detaylı Triko Hırka TWOAW25HI00182,482.99,1,/trendyolmilla/ekru-crop-yumusak-dokulu-kurdele-detayli-triko-hirka-twoaw25hi00182-p-822161794,Hırka
88,99660320,TRENDYOLMİLLA,Çok Renkli Düğmeli Triko Hırka TWOAW22HI0331,337.99,758,/trendyolmilla/cok-renkli-dugmeli-triko-hirka-twoaw22hi0331-p-99660320,Hırka
89,822720980,TRENDYOLMİLLA,Taş Yumuşak Dokulu Mont Triko Hırka TWOAW25HI00189,658.99,0,/trendyolmilla/tas-yumusak-dokulu-mont-triko-hirka-twoaw25hi00189-p-822720980,Hırka
90,769547414,TRENDYOLMİLLA,Lacivert Çizgili Düğmeli Triko Hırka TWOAW24HI00432,474.99,12,/trendyolmilla/lacivert-cizgili-dugmeli-triko-hirka-twoaw24hi00432-p-769547414,Hırka
91,769547413,TRENDYOLMİLLA,Ekru Çizgili Düğmeli Triko Hırka TWOAW24HI00432,474.99,17,/trendyolmilla/ekru-cizgili-dugmeli-triko-hirka-twoaw24hi00432-p-769547413,Hırka
92,641751141,TRENDYOLMİLLA,Siyah Crop Yumuşak Dokulu Bluz-Hırka Triko Takım TWOAW21HI0107,459.99,92,/trendyolmilla/siyah-crop-yumusak-dokulu-bluz-hirka-triko-takim-twoaw21hi0107-p-641751141,Hırka
93,807614074,TRENDYOL MODEST,Lacivert Jakarlı Düğme Detaylı Triko Hırka TCTAW22TH0013,474.99,0,/trendyol-modest/lacivert-jakarli-dugme-detayli-triko-hirka-tctaw22th0013-p-807614074,Hırka
94,50514075,TRENDYOLMİLLA,Siyah Geniş Kalıp Yumuşak Dokulu Triko Hırka TWOAW21HI0555,435.99,1421,/trendyolmilla/siyah-genis-kalip-yumusak-dokulu-triko-hirka-twoaw21hi0555-p-50514075,Hırka
95,305092620,TRENDYOLMİLLA,Lacivert Yumuşak Dokulu Polo Yaka Triko Hırka TWOAW20HI0070,318.99,717,/trendyolmilla/lacivert-yumusak-dokulu-polo-yaka-triko-hirka-twoaw20hi0070-p-305092620,Hırka
97,671038760,TRENDYOLMİLLA,Bej Geniş Kalıp Triko Hırka TWOAW24HI00218,239.99,60,/trendyolmilla/bej-genis-kalip-triko-hirka-twoaw24hi00218-p-671038760,Hırka
98,238717661,TRENDYOLMİLLA,Siyah Basic V Yaka Triko Hırka Triko Hırka TWOAW23HI0019,311.99,328,/trendyolmilla/siyah-basic-v-yaka-triko-hirka-triko-hirka-twoaw23hi0019-p-238717661,Hırka
99,811163259,TRENDYOLMİLLA,Indigo Basic V Yaka Triko Hırka TWOAW24HI00383,290.99,0,/trendyolmilla/indigo-basic-v-yaka-triko-hirka-twoaw24hi00383-p-811163259,Hırka
100,160269691,TRENDYOL MODEST,Mint V Yaka Kalp Desenli Triko Hırka TCTAW22TH0161,413.99,697,/trendyol-modest/mint-v-yaka-kalp-desenli-triko-hirka-tctaw22th0161-p-160269691,Hırka
101,811084980,TRENDYOLMİLLA,Taş Fermuar Detaylı Triko Hırka TWOAW23HI00189,408.99,0,/trendyolmilla/tas-fermuar-detayli-triko-hirka-twoaw23hi00189-p-811084980,Hırka
102,807307221,TRENDYOL MODEST,Camel Zikzak Çizgili Triko Hırka TCTAW23HI00070,476.99,0,/trendyol-modest/camel-zikzak-cizgili-triko-hirka-tctaw23hi00070-p-807307221,Hırka
103,262710313,TRENDYOL MODEST,Mavi Zikzak Çizgili Triko Hırka TCTAW23HI00070,499.99,458,/trendyol-modest/mavi-zikzak-cizgili-triko-hirka-tctaw23hi00070-p-262710313,Hırka
104,652733976,TRENDYOLMİLLA,Ekru Yumuşak Dokulu Çizgili Triko Hırka TWOAW24HI00040,415.99,424,/trendyolmilla/ekru-yumusak-dokulu-cizgili-triko-hirka-twoaw24hi00040-p-652733976,Hırka
105,98084190,TRENDYOLMİLLA,Ekru Tüylü Triko Hırka TWOAW22HI0048,386.99,2325,/trendyolmilla/ekru-tuylu-triko-hirka-twoaw22hi0048-p-98084190,Hırka
106,817018413,TRENDYOL MODEST,Siyah Taş Triko Çizgili Hırka TCTAW25TH00001,584.99,0,/trendyol-modest/siyah-tas-triko-cizgili-hirka-tctaw25th00001-p-817018413,Hırka
107,678315190,TRENDYOL MODEST,Ekru Simli ve İnci Düğmeli Triko Hırka TCTAW24TH00060,259.99,95,/trendyol-modest/ekru-simli-ve-inci-dugmeli-triko-hirka-tctaw24th00060-p-678315190,Hırka
108,235766401,TRENDYOLMİLLA,Bej Suni Kürk Yakalı Triko Hırka TWOAW23HI00007,385.99,652,/trendyolmilla/bej-suni-kurk-yakali-triko-hirka-twoaw23hi00007-p-235766401,Hırka
109,652733972,TRENDYOLMİLLA,Camel Yumuşak Dokulu Çizgili Triko Hırka TWOAW24HI00040,409.99,215,/trendyolmilla/camel-yumusak-dokulu-cizgili-triko-hirka-twoaw24hi00040-p-652733972,Hırka
110,248482942,TRENDYOL MODEST,Kahverengi Saç Örgülü Bol Kesim Triko Hırka TCTAW22TH0002,474.99,253,/trendyol-modest/kahverengi-sac-orgulu-bol-kesim-triko-hirka-tctaw22th0002-p-248482942,Hırka
111,809891833,TRENDYOL MODEST,Kahverengi Taş Çizgili Triko Hırka TCTAW24TH00012,494.99,0,/trendyol-modest/kahverengi-tas-cizgili-triko-hirka-tctaw24th00012-p-809891833,Hırka
112,41084413,TRENDYOLMİLLA,Pudra Midi Tül Detaylı Triko Hırka TWOAW20FV0048,401.99,506,/trendyolmilla/pudra-midi-tul-detayli-triko-hirka-twoaw20fv0048-p-41084413,Hırka
113,822109490,TRENDYOLMİLLA,Taş Yumuşak Dokulu Kruvaze Triko Hırka TWOAW25HI00163,527.99,0,/trendyolmilla/tas-yumusak-dokulu-kruvaze-triko-hirka-twoaw25hi00163-p-822109490,Hırka
114,812367075,TRENDYOLMİLLA,Ekru Buklet Polo Yaka Triko Hırka TWOAW25HI00077,427.99,0,/trendyolmilla/ekru-buklet-polo-yaka-triko-hirka-twoaw25hi00077-p-812367075,Hırka
115,669602800,TRENDYOL MODEST,Antrasit Kuşaklı Uzun Selanik Örgü Triko Hırka TCTAW24TH00043,589.99,31,/trendyol-modest/antrasit-kusakli-uzun-selanik-orgu-triko-hirka-tctaw24th00043-p-669602800,Hırka
116,50514076,TRENDYOLMİLLA,Camel Geniş Kalıp Yumuşak Dokulu Triko Hırka TWOAW21HI0555,436.99,931,/trendyolmilla/camel-genis-kalip-yumusak-dokulu-triko-hirka-twoaw21hi0555-p-50514076,Hırka
117,123695905,TRENDYOLMİLLA,Antrasit Crop Yumuşak Dokulu Bluz-Hırka Triko Takım TWOAW21HI0107,466.99,1890,/trendyolmilla/antrasit-crop-yumusak-dokulu-bluz-hirka-triko-takim-twoaw21hi0107-p-123695905,Hırka
118,241982133,TRENDYOLMİLLA,Kahverengi Crop Fermuarlı Triko Hırka TWOAW21HI0154,340.99,446,/trendyolmilla/kahverengi-crop-fermuarli-triko-hirka-twoaw21hi0154-p-241982133,Hırka
119,251788289,TRENDYOLMİLLA,Pembe Crop Düğme Detaylı Polo Yaka Triko Hırka TWOAW22HI0448,433.99,450,/trendyolmilla/pembe-crop-dugme-detayli-polo-yaka-triko-hirka-twoaw22hi0448-p-251788289,Hırka
120,262095075,TRENDYOL MODEST,Mor Düğmeli V Yaka Triko Hırka TCTAW22HI0397,489.99,101,/trendyol-modest/mor-dugmeli-v-yaka-triko-hirka-tctaw22hi0397-p-262095075,Hırka
121,738046713,TRENDYOLMİLLA,Siyah Çizgili Polo Yaka Triko Hırka TWOAW24HI00384,225.99,466,/trendyolmilla/siyah-cizgili-polo-yaka-triko-hirka-twoaw24hi00384-p-738046713,Hırka
122,43529569,TRENDYOLMİLLA,Pembe Yumuşak Dokulu Polo Yaka Triko Hırka TWOAW20HI0070,331.99,633,/trendyolmilla/pembe-yumusak-dokulu-polo-yaka-triko-hirka-twoaw20hi0070-p-43529569,Hırka
123,54786184,TRENDYOLMİLLA,Pudra Yumuşak Dokulu Crop Triko Hırka TWOAW21HI0017,392.99,539,/trendyolmilla/pudra-yumusak-dokulu-crop-triko-hirka-twoaw21hi0017-p-54786184,Hırka
124,32077021,TRENDYOLMİLLA,Siyah Midi Tül Detaylı Triko Hırka TWOAW20FV0048,387.99,2626,/trendyolmilla/siyah-midi-tul-detayli-triko-hirka-twoaw20fv0048-p-32077021,Hırka
125,807617587,TRENDYOL MODEST,Antrasit V Yaka Çizgili Triko Hırka TCTAW24TH00034,426.99,0,/trendyol-modest/antrasit-v-yaka-cizgili-triko-hirka-tctaw24th00034-p-807617587,Hırka
126,672216707,TRENDYOL MODEST,Taş Lacivert V Yaka Çizgili Triko Hırka TCTAW24TH00034,426.99,75,/trendyol-modest/tas-lacivert-v-yaka-cizgili-triko-hirka-tctaw24th00034-p-672216707,Hırka
127,106376555,TRENDYOLMİLLA,Bordo Geniş Kalıp Triko Hırka TWOAW22HI0176,401.99,547,/trendyolmilla/bordo-genis-kalip-triko-hirka-twoaw22hi0176-p-106376555,Hırka
128,659975447,TRENDYOL MODEST,Vizon Renk Bloklu Kuşaklı Mevsimlik Triko Hırka TCTAW24TH00009,683.99,14,/trendyol-modest/vizon-renk-bloklu-kusakli-mevsimlik-triko-hirka-tctaw24th00009-p-659975447,Hırka
129,249241686,TRENDYOL MODEST,Turuncu Dama Desenli Triko Hırka TCTAW22TH0083,459.99,252,/trendyol-modest/turuncu-dama-desenli-triko-hirka-tctaw22th0083-p-249241686,Hırka
130,641636841,TRENDYOLMİLLA,Zümrüt Yeşili Crop Fermuarlı Triko Hırka TWOAW21HI0154,337.99,110,/trendyolmilla/zumrut-yesili-crop-fermuarli-triko-hirka-twoaw21hi0154-p-641636841,Hırka
131,121276461,TRENDYOLMİLLA,Siyah Geniş Kalıp Kazayağı Triko Hırka TWOAW22HI0179,377.99,1816,/trendyolmilla/siyah-genis-kalip-kazayagi-triko-hirka-twoaw22hi0179-p-121276461,Hırka
132,711432104,TRENDYOL MODEST,Krem Düğme Detaylı Triko Hırka TCTAW24TH00073,539.99,55,/trendyol-modest/krem-dugme-detayli-triko-hirka-tctaw24th00073-p-711432104,Hırka
133,738045294,TRENDYOLMİLLA,Taş Basic V Yaka Triko Hırka TWOAW24HI00383,288.99,309,/trendyolmilla/tas-basic-v-yaka-triko-hirka-twoaw24hi00383-p-738045294,Hırka
134,32406405,TRENDYOLMİLLA,Ekru Geniş Kalıp V Yaka Triko Hırka TWOAW20HI0215,419.99,1501,/trendyolmilla/ekru-genis-kalip-v-yaka-triko-hirka-twoaw20hi0215-p-32406405,Hırka
135,124885830,TRENDYOLMİLLA,Antrasit Basic Yumuşak Dokulu Triko Hırka TWOAW20HI0213,395.99,915,/trendyolmilla/antrasit-basic-yumusak-dokulu-triko-hirka-twoaw20hi0213-p-124885830,Hırka
136,812615291,TRENDYOLMİLLA,Kırmızı Devrik Yaka Fermuarlı Triko Hırka TWOAW24HI00072,460.99,0,/trendyolmilla/kirmizi-devrik-yaka-fermuarli-triko-hirka-twoaw24hi00072-p-812615291,Hırka
137,302254410,TRENDYOLMİLLA,Pembe Süper Crop Fitilli Triko Hırka TWOAW23HI00519,401.99,539,/trendyolmilla/pembe-super-crop-fitilli-triko-hirka-twoaw23hi00519-p-302254410,Hırka
138,679710874,TRENDYOL MODEST,Kırmızı Animal Çizgi Desenli Triko Hırka TCTAW24TH00048,458.99,104,/trendyol-modest/kirmizi-animal-cizgi-desenli-triko-hirka-tctaw24th00048-p-679710874,Hırka
139,133881234,TRENDYOL MODEST,Koyu Yeşil V Yaka Düğmeli Cep Detaylı Uzun Triko Hırka TCTAW22TH0005,388.99,262,/trendyol-modest/koyu-yesil-v-yaka-dugmeli-cep-detayli-uzun-triko-hirka-tctaw22th0005-p-133881234,Hırka
140,645900412,TRENDYOLMİLLA,Kahverengi Crop Bağlama Detaylı Bluz-Hırka Triko Takım TWOSS21HI0002,331.99,80,/trendyolmilla/kahverengi-crop-baglama-detayli-bluz-hirka-triko-takim-twoss21hi0002-p-645900412,Hırka
141,811146942,TRENDYOL MODEST,Kahverengi Çizgili Gold Düğme Detaylı Yumuşak Dokulu Triko Hırka TCTAW24TH00046,584.99,0,/trendyol-modest/kahverengi-cizgili-gold-dugme-detayli-yumusak-dokulu-triko-hirka-tctaw24th00046-p-811146942,Hırka
142,155868494,TRENDYOL MODEST,Bej Triko Animal Kedi Desenli Hırka TCTAW22TH0135,469.99,939,/trendyol-modest/bej-triko-animal-kedi-desenli-hirka-tctaw22th0135-p-155868494,Hırka
143,129482897,TRENDYOL MODEST,Ekru Kontrast Biye Detaylı Triko Hırka TCTAW22TH0014,417.99,636,/trendyol-modest/ekru-kontrast-biye-detayli-triko-hirka-tctaw22th0014-p-129482897,Hırka
144,42718144,TRENDYOLMİLLA,Taş Yumuşak Dokulu Polo Yaka Triko Hırka TWOAW20HI0070,337.99,699,/trendyolmilla/tas-yumusak-dokulu-polo-yaka-triko-hirka-twoaw20hi0070-p-42718144,Hırka
145,811448613,TRENDYOLMİLLA,Indigo Premium Kalite Şönil Ceket Triko Hırka TWOAW25HI00035,598.99,0,/trendyolmilla/indigo-premium-kalite-sonil-ceket-triko-hirka-twoaw25hi00035-p-811448613,Hırka
146,811150349,TRENDYOLMİLLA,Siyah Premium Kalite Renk Bloklu Triko Hırka TWOAW25HI00028,508.99,0,/trendyolmilla/siyah-premium-kalite-renk-bloklu-triko-hirka-twoaw25hi00028-p-811150349,Hırka
147,56817950,TRENDYOLMİLLA,Camel Nakışlı Triko Hırka TWOAW21HI0628,441.99,582,/trendyolmilla/camel-nakisli-triko-hirka-twoaw21hi0628-p-56817950,Hırka
148,235766399,TRENDYOLMİLLA,Siyah Suni Kürk Yakalı Triko Hırka TWOAW23HI00007,385.99,451,/trendyolmilla/siyah-suni-kurk-yakali-triko-hirka-twoaw23hi00007-p-235766399,Hırka
149,242373144,TRENDYOLMİLLA,Pembe Yumuşak Dokulu Ajurlu/Delikli Triko Hırka TWOAW21HI0020,349.99,180,/trendyolmilla/pembe-yumusak-dokulu-ajurlu-delikli-triko-hirka-twoaw21hi0020-p-242373144,Hırka
150,32406404,TRENDYOLMİLLA,Siyah Geniş Kalıp V Yaka Triko Hırka TWOAW20HI0215,426.99,1107,/trendyolmilla/siyah-genis-kalip-v-yaka-triko-hirka-twoaw20hi0215-p-32406404,Hırka
151,811150310,TRENDYOLMİLLA,Taş Devrik Yaka Triko Hırka TWOAW25HI00030,406.99,0,/trendyolmilla/tas-devrik-yaka-triko-hirka-twoaw25hi00030-p-811150310,Hırka
152,137759108,TRENDYOLMİLLA,Sarı Geniş Kalıp Triko Hırka TWOAW21HI0517,385.99,1121,/trendyolmilla/sari-genis-kalip-triko-hirka-twoaw21hi0517-p-137759108,Hırka
153,810234222,TRENDYOLMİLLA,Siyah Crop Renk Bloklu Triko Hırka TWOAW23HI00366,378.99,0,/trendyolmilla/siyah-crop-renk-bloklu-triko-hirka-twoaw23hi00366-p-810234222,Hırka
154,813302965,TRENDYOLMİLLA,Bordo Yumuşak Dokulu Fermuarlı Triko Hırka TWOAW25HI00019,522.99,0,/trendyolmilla/bordo-yumusak-dokulu-fermuarli-triko-hirka-twoaw25hi00019-p-813302965,Hırka
155,123208774,TRENDYOLMİLLA,Ekru Kruvaze Yaka Renk Bloklu Triko Hırka TWOAW22HI0359,405.99,506,/trendyolmilla/ekru-kruvaze-yaka-renk-bloklu-triko-hirka-twoaw22hi0359-p-123208774,Hırka
156,810290255,TRENDYOLMİLLA,Siyah Yumuşak Dokulu Dantel Detaylı Triko Hırka TWOAW24HI00131,469.99,0,/trendyolmilla/siyah-yumusak-dokulu-dantel-detayli-triko-hirka-twoaw24hi00131-p-810290255,Hırka
157,118216008,TRENDYOLMİLLA,Mint Geniş Kalıp Tüvit Görünümlü Simli Triko Hırka TWOAW21HI0250,365.99,1001,/trendyolmilla/mint-genis-kalip-tuvit-gorunumlu-simli-triko-hirka-twoaw21hi0250-p-118216008,Hırka
158,810290018,TRENDYOLMİLLA,Gri Geniş Kalıp Yumuşak Dokulu Cep Detaylı Triko Hırka TWOAW24HI00133,400.99,1,/trendyolmilla/gri-genis-kalip-yumusak-dokulu-cep-detayli-triko-hirka-twoaw24hi00133-p-810290018,Hırka
159,122570153,TRENDYOLMİLLA,Kırmızı Geniş Kalıp Triko Hırka TWOAW22HI0268,366.99,472,/trendyolmilla/kirmizi-genis-kalip-triko-hirka-twoaw22hi0268-p-122570153,Hırka
160,45545655,TRENDYOLMİLLA,Antrasit Yumuşak Dokulu Mücevher Düğmeli Triko Hırka TWOAW21HI0034,439.99,621,/trendyolmilla/antrasit-yumusak-dokulu-mucevher-dugmeli-triko-hirka-twoaw21hi0034-p-45545655,Hırka
161,46715368,TRENDYOLMİLLA,Ekru Yumuşak Dokulu Crop Triko Hırka TWOAW21HI0017,432.99,936,/trendyolmilla/ekru-yumusak-dokulu-crop-triko-hirka-twoaw21hi0017-p-46715368,Hırka
162,695013034,TRENDYOL MODEST,Siyah Renk Bloklu İnci Düğmeli Triko Hırka TCTAW24TH00066,549.99,71,/trendyol-modest/siyah-renk-bloklu-inci-dugmeli-triko-hirka-tctaw24th00066-p-695013034,Hırka
163,650433974,TRENDYOL MODEST,Taş Saç Örgülü Bol Kesim Triko Hırka TCTAW22TH0002,509.99,86,/trendyol-modest/tas-sac-orgulu-bol-kesim-triko-hirka-tctaw22th0002-p-650433974,Hırka
164,763812601,TRENDYOL MODEST,Koyu Lacivert Ribana Triko Hırka TCTAW24TH00025,474.99,40,/trendyol-modest/koyu-lacivert-ribana-triko-hirka-tctaw24th00025-p-763812601,Hırka
165,132412636,TRENDYOL MODEST,Gri Jakarlı Düğme Detaylı Triko Hırka TCTAW22TH0013,469.99,215,/trendyol-modest/gri-jakarli-dugme-detayli-triko-hirka-tctaw22th0013-p-132412636,Hırka
166,652729120,TRENDYOLMİLLA,Bej Çıkartılabilir Suni Kürklü Simli Triko Hırka TWOAW24HI00043,580.99,169,/trendyolmilla/bej-cikartilabilir-suni-kurklu-simli-triko-hirka-twoaw24hi00043-p-652729120,Hırka
167,132176361,TRENDYOL MODEST,Antrasit Jakarlı Uzun Triko Hırka TCTAW22TH0058,464.99,271,/trendyol-modest/antrasit-jakarli-uzun-triko-hirka-tctaw22th0058-p-132176361,Hırka
168,736540353,TRENDYOLMİLLA,Siyah Cep Detaylı Triko Hırka TWOAW24HI00381,322.99,81,/trendyolmilla/siyah-cep-detayli-triko-hirka-twoaw24hi00381-p-736540353,Hırka
169,663770031,TRENDYOL MODEST,Taş Siyah Çizgili Triko Hırka TCTAW24TH00012,445.99,126,/trendyol-modest/tas-siyah-cizgili-triko-hirka-tctaw24th00012-p-663770031,Hırka
170,822109892,TRENDYOLMİLLA,Siyah Yumuşak Dokulu Triko Hırka TWOAW25HI00159,486.99,0,/trendyolmilla/siyah-yumusak-dokulu-triko-hirka-twoaw25hi00159-p-822109892,Hırka
171,811163264,TRENDYOLMİLLA,Gri Basic V Yaka Triko Hırka TWOAW24HI00383,290.99,0,/trendyolmilla/gri-basic-v-yaka-triko-hirka-twoaw24hi00383-p-811163264,Hırka
172,99671698,TRENDYOLMİLLA,Ekru Tüylü/Sakal İp Bluz Hırka Triko Takım TWOAW22HI0055,559.99,609,/trendyolmilla/ekru-tuylu-sakal-ip-bluz-hirka-triko-takim-twoaw22hi0055-p-99671698,Hırka
173,811165624,TRENDYOL MODEST,Antrasit İnci Düğmeli Biyeli Oversize Triko Hırka TCTAW24TH00036,494.99,0,/trendyol-modest/antrasit-inci-dugmeli-biyeli-oversize-triko-hirka-tctaw24th00036-p-811165624,Hırka
174,811154620,TRENDYOL MODEST,Antrasit Kontrast Biye Detaylı Triko Hırka TCTAW22TH0014,494.99,0,/trendyol-modest/antrasit-kontrast-biye-detayli-triko-hirka-tctaw22th0014-p-811154620,Hırka
175,123390577,TRENDYOLMİLLA,Taş Crop Düğme Detaylı Polo Yaka Triko Hırka TWOAW22HI0448,437.99,1039,/trendyolmilla/tas-crop-dugme-detayli-polo-yaka-triko-hirka-twoaw22hi0448-p-123390577,Hırka
176,661477668,TRENDYOLMİLLA,Siyah Geniş Kalıp Maxi Triko Hırka TWOAW24HI00154,474.99,93,/trendyolmilla/siyah-genis-kalip-maxi-triko-hirka-twoaw24hi00154-p-661477668,Hırka
177,47484620,TRENDYOLMİLLA,Siyah Geniş Kalıp Tüvit Görünümlü Simli Triko Hırka TWOAW21HI0250,363.99,9194,/trendyolmilla/siyah-genis-kalip-tuvit-gorunumlu-simli-triko-hirka-twoaw21hi0250-p-47484620,Hırka
178,269255571,TRENDYOLMİLLA,Siyah Garni Detaylı Triko Hırka TWOAW23HI00291,544.99,557,/trendyolmilla/siyah-garni-detayli-triko-hirka-twoaw23hi00291-p-269255571,Hırka
179,115184151,TRENDYOLMİLLA,Pembe Crop Tüylü Triko Hırka TWOAW22HI0452,459.99,1011,/trendyolmilla/pembe-crop-tuylu-triko-hirka-twoaw22hi0452-p-115184151,Hırka
180,822108618,TRENDYOLMİLLA,Bordo Yumuşak Dokulu Triko Hırka TWOAW25HI00162,550.99,0,/trendyolmilla/bordo-yumusak-dokulu-triko-hirka-twoaw25hi00162-p-822108618,Hırka
181,813302967,TRENDYOLMİLLA,Gri Yumuşak Dokulu Fermuarlı Triko Hırka TWOAW25HI00019,522.99,0,/trendyolmilla/gri-yumusak-dokulu-fermuarli-triko-hirka-twoaw25hi00019-p-813302967,Hırka
182,316655635,TRENDYOLMİLLA,Ekru Crop Tüylü Triko Hırka TWOAW23HI00549,450.99,1844,/trendyolmilla/ekru-crop-tuylu-triko-hirka-twoaw23hi00549-p-316655635,Hırka
183,822665324,TRENDYOLMİLLA,Taş Kroşe Detaylı Triko Hırka TWOAW25HI00196,484.99,0,/trendyolmilla/tas-krose-detayli-triko-hirka-twoaw25hi00196-p-822665324,Hırka
184,660385461,TRENDYOLMİLLA,Siyah Geniş Kalıp Yumuşak Dokulu Cep Detaylı Triko Hırka TWOAW24HI00133,397.99,80,/trendyolmilla/siyah-genis-kalip-yumusak-dokulu-cep-detayli-triko-hirka-twoaw24hi00133-p-660385461,Hırka
185,815801748,TRENDYOLMİLLA,Taş Yumuşak Dokulu Baklava Desenli Triko Hırka TWOAW25HI00022,467.99,0,/trendyolmilla/tas-yumusak-dokulu-baklava-desenli-triko-hirka-twoaw25hi00022-p-815801748,Hırka
186,815568044,TRENDYOLMİLLA,Siyah Açık Ayar Triko Hırka TWOAW25HI00109,449.99,0,/trendyolmilla/siyah-acik-ayar-triko-hirka-twoaw25hi00109-p-815568044,Hırka
187,815568043,TRENDYOLMİLLA,Ekru Açık Ayar Triko Hırka TWOAW25HI00109,449.99,0,/trendyolmilla/ekru-acik-ayar-triko-hirka-twoaw25hi00109-p-815568043,Hırka
188,822665922,TRENDYOLMİLLA,Gri Renk Bloklu Triko Hırka TWOAW25HI00197,439.99,0,/trendyolmilla/gri-renk-bloklu-triko-hirka-twoaw25hi00197-p-822665922,Hırka
189,810297411,TRENDYOLMİLLA,Gri Yumuşak Dokulu Bulut Desenli Triko Hırka TWOAW21HI0490,415.99,0,/trendyolmilla/gri-yumusak-dokulu-bulut-desenli-triko-hirka-twoaw21hi0490-p-810297411,Hırka
190,811397905,TRENDYOLMİLLA,Lime Kendinden Desenli Triko Hırka TWOAW22HI0329,412.99,0,/trendyolmilla/lime-kendinden-desenli-triko-hirka-twoaw22hi0329-p-811397905,Hırka
191,641230658,TRENDYOLMİLLA,Yeşil Kendinden Desenli Triko Hırka TWOAW22HI0329,411.99,44,/trendyolmilla/yesil-kendinden-desenli-triko-hirka-twoaw22hi0329-p-641230658,Hırka
192,812367073,TRENDYOLMİLLA,Pembe Buklet Polo Yaka Triko Hırka TWOAW25HI00077,406.99,0,/trendyolmilla/pembe-buklet-polo-yaka-triko-hirka-twoaw25hi00077-p-812367073,Hırka
193,131992237,TRENDYOL MODEST,Pudra Saç Örgülü Bol Kesim Triko Hırka TCTAW22TH0002,499.99,916,/trendyol-modest/pudra-sac-orgulu-bol-kesim-triko-hirka-tctaw22th0002-p-131992237,Hırka
194,811164251,TRENDYOLMİLLA,Kahverengi Geniş Kalıp Kazayağı Triko Hırka TWOAW22HI0179,396.99,0,/trendyolmilla/kahverengi-genis-kalip-kazayagi-triko-hirka-twoaw22hi0179-p-811164251,Hırka
195,811164250,TRENDYOLMİLLA,Pembe Geniş Kalıp Kazayağı Triko Hırka TWOAW22HI0179,396.99,0,/trendyolmilla/pembe-genis-kalip-kazayagi-triko-hirka-twoaw22hi0179-p-811164250,Hırka
196,811166858,TRENDYOLMİLLA,Kahverengi Ekose / Kareli Triko Hırka TWOAW24HI00089,324.99,0,/trendyolmilla/kahverengi-ekose-kareli-triko-hirka-twoaw24hi00089-p-811166858,Hırka
197,130319074,TRENDYOLMİLLA,Taş Kendinden Desenli Triko Hırka TWOAW22HI0329,395.99,1912,/trendyolmilla/tas-kendinden-desenli-triko-hirka-twoaw22hi0329-p-130319074,Hırka
198,660430914,TRENDYOLMİLLA,Camel Çizgili Basic Triko Hırka TWOAW24HI00091,321.99,191,/trendyolmilla/camel-cizgili-basic-triko-hirka-twoaw24hi00091-p-660430914,Hırka
199,266452768,TRENDYOLMİLLA,Siyah Çizgili Triko Hırka TWOAW23HI00261,367.99,601,/trendyolmilla/siyah-cizgili-triko-hirka-twoaw23hi00261-p-266452768,Hırka
200,738066985,TRENDYOLMİLLA,Ekru Basic V Yaka Çizgili Triko Hırka TWOAW24HI00392,293.99,34,/trendyolmilla/ekru-basic-v-yaka-cizgili-triko-hirka-twoaw24hi00392-p-738066985,Hırka
201,122569099,TRENDYOLMİLLA,Indigo Crop Polo Yaka Triko Hırka TWOAW22HI0344,341.99,764,/trendyolmilla/indigo-crop-polo-yaka-triko-hirka-twoaw22hi0344-p-122569099,Hırka
202,736707756,TRENDYOLMİLLA,Siyah V Yaka Renk Bloklu Triko Hırka TWOAW24HI00391,282.99,49,/trendyolmilla/siyah-v-yaka-renk-bloklu-triko-hirka-twoaw24hi00391-p-736707756,Hırka
203,641184052,TRENDYOLMİLLA,Kırmızı Geniş Kalıp Tüvit Görünümlü Simli Triko Hırka TWOAW21HI0250,372.99,53,/trendyolmilla/kirmizi-genis-kalip-tuvit-gorunumlu-simli-triko-hirka-twoaw21hi0250-p-641184052,Hırka
204,121699301,TRENDYOLMİLLA,Taş Ajurlu/Delikli Triko Hırka TWOAW22HI0290,369.99,2082,/trendyolmilla/tas-ajurlu-delikli-triko-hirka-twoaw22hi0290-p-121699301,Hırka
205,816498976,TRENDYOLMİLLA,Vizon Kapamalı Triko Hırka TWOAW25HI00112,584.99,0,/trendyolmilla/vizon-kapamali-triko-hirka-twoaw25hi00112-p-816498976,Hırka
206,316656438,TRENDYOLMİLLA,Ekru Crop Renk Bloklu Triko Hırka TWOAW23HI00550,471.99,1443,/trendyolmilla/ekru-crop-renk-bloklu-triko-hirka-twoaw23hi00550-p-316656438,Hırka
207,812364956,TRENDYOLMİLLA,Kemik Buklet Polo Yaka Mont Görünümlü Triko Hırka TWOAW25HI00076,547.99,1,/trendyolmilla/kemik-buklet-polo-yaka-mont-gorunumlu-triko-hirka-twoaw25hi00076-p-812364956,Hırka
208,124943797,TRENDYOLMİLLA,Taş Geniş Kalıp Yumuşak Dokulu Triko Hırka TWOAW21HI0555,438.99,493,/trendyolmilla/tas-genis-kalip-yumusak-dokulu-triko-hirka-twoaw21hi0555-p-124943797,Hırka
209,637161425,TRENDYOLMİLLA,Taş Düğme Detaylı Ajurlu/Delikli Bluz-Hırka Takım TWOSS23HI00000,528.99,267,/trendyolmilla/tas-dugme-detayli-ajurlu-delikli-bluz-hirka-takim-twoss23hi00000-p-637161425,Hırka
210,822312892,TRENDYOLMİLLA,Pembe Basic V Yaka Triko Hırka TWOAW25HI00171,594.99,0,/trendyolmilla/pembe-basic-v-yaka-triko-hirka-twoaw25hi00171-p-822312892,Hırka
211,317657015,TRENDYOLMİLLA,Gri Yumuşak Dokulu Baklava Desenli Triko Hırka TWOAW23HI00596,426.99,634,/trendyolmilla/gri-yumusak-dokulu-baklava-desenli-triko-hirka-twoaw23hi00596-p-317657015,Hırka
212,305078749,TRENDYOLMİLLA,Yeşil Geniş Kalıp Tüvit Görünümlü Simli Triko Hırka TWOAW21HI0250,372.99,623,/trendyolmilla/yesil-genis-kalip-tuvit-gorunumlu-simli-triko-hirka-twoaw21hi0250-p-305078749,Hırka
213,46118760,TRENDYOLMİLLA,Bej Crop Fermuarlı Triko Hırka TWOAW21HI0154,319.99,1798,/trendyolmilla/bej-crop-fermuarli-triko-hirka-twoaw21hi0154-p-46118760,Hırka
214,824548444,TRENDYOL MODEST,Taş Camel Çoban Dikişi Detaylı Triko Hırka TCTAW25TH00003,899.99,0,/trendyol-modest/tas-camel-coban-dikisi-detayli-triko-hirka-tctaw25th00003-p-824548444,Hırka
215,650012207,TRENDYOL MODEST,Mint Düğmeli V Yaka Triko Hırka TCTAW22HI0397,474.99,41,/trendyol-modest/mint-dugmeli-v-yaka-triko-hirka-tctaw22hi0397-p-650012207,Hırka
216,46104725,TRENDYOLMİLLA,Siyah Crop Fermuarlı Triko Hırka TWOAW21HI0154,343.99,2716,/trendyolmilla/siyah-crop-fermuarli-triko-hirka-twoaw21hi0154-p-46104725,Hırka
217,155565273,TRENDYOL MODEST,Mavi V Yaka Çiçek Nakışlı Triko Hırka TCTAW22TH0155,309.99,298,/trendyol-modest/mavi-v-yaka-cicek-nakisli-triko-hirka-tctaw22th0155-p-155565273,Hırka
218,660383752,TRENDYOLMİLLA,Ekru Yumuşak Dokulu Dantel Detaylı Triko Hırka TWOAW24HI00131,446.99,190,/trendyolmilla/ekru-yumusak-dokulu-dantel-detayli-triko-hirka-twoaw24hi00131-p-660383752,Hırka
219,155808070,TRENDYOL MODEST,Siyah V Yaka Triko Hırka TCTAW22TH0144,502.99,888,/trendyol-modest/siyah-v-yaka-triko-hirka-tctaw22th0144-p-155808070,Hırka
220,823047708,TRENDYOL MODEST,Bej Havlu Dokulu Triko Hırka TCTAW25TH00014,854.99,0,/trendyol-modest/bej-havlu-dokulu-triko-hirka-tctaw25th00014-p-823047708,Hırka
221,823047700,TRENDYOL MODEST,Mint Havlu Dokulu Triko Hırka TCTAW25TH00014,854.99,0,/trendyol-modest/mint-havlu-dokulu-triko-hirka-tctaw25th00014-p-823047700,Hırka
222,817139573,TRENDYOL MODEST,Taş V Yaka Triko Hırka TCTAW22TH0144,584.99,0,/trendyol-modest/tas-v-yaka-triko-hirka-tctaw22th0144-p-817139573,Hırka
223,804074427,TRENDYOLMİLLA,Taş Ceket Görünümlü Düğmeli Cep Detaylı Triko Hırka TWOAW25HI00000,520.99,0,/trendyolmilla/tas-ceket-gorunumlu-dugmeli-cep-detayli-triko-hirka-twoaw25hi00000-p-804074427,Hırka
224,118370901,TRENDYOLMİLLA,Camel Geniş Kalıp Triko Hırka TWOAW22HI0511,392.99,671,/trendyolmilla/camel-genis-kalip-triko-hirka-twoaw22hi0511-p-118370901,Hırka
225,814572116,TRENDYOLMİLLA,Antrasit Kapüşonlu Triko Hırka TWOAW25HI00070,689.99,0,/trendyolmilla/antrasit-kapusonlu-triko-hirka-twoaw25hi00070-p-814572116,Hırka
226,302254403,TRENDYOLMİLLA,Yeşil Crop Fitilli Triko Hırka TWOAW23HI00519,403.99,268,/trendyolmilla/yesil-crop-fitilli-triko-hirka-twoaw23hi00519-p-302254403,Hırka
227,647271311,TRENDYOLMİLLA,Zümrüt Yeşili Crop Renk Bloklu Triko Hırka TWOAW23HI00550,468.99,29,/trendyolmilla/zumrut-yesili-crop-renk-bloklu-triko-hirka-twoaw23hi00550-p-647271311,Hırka
228,816914981,TRENDYOLMİLLA,Ekru Basic Polo Yaka Triko Hırka TWOAW25HI00018,447.99,0,/trendyolmilla/ekru-basic-polo-yaka-triko-hirka-twoaw25hi00018-p-816914981,Hırka
229,470237940,TRENDYOLMİLLA,Yeşil Yumuşak Dokulu Aksesuarlı Triko Hırka TWOAW24HI00023,447.99,48,/trendyolmilla/yesil-yumusak-dokulu-aksesuarli-triko-hirka-twoaw24hi00023-p-470237940,Hırka
230,641776394,TRENDYOLMİLLA,Haki Geniş Kalıp Yumuşak Dokulu Triko Hırka TWOAW21HI0555,443.99,22,/trendyolmilla/haki-genis-kalip-yumusak-dokulu-triko-hirka-twoaw21hi0555-p-641776394,Hırka
231,650584733,TRENDYOLMİLLA,Camel Crop Kürk Detaylı Triko Hırka TWOAW24HI00029,434.99,54,/trendyolmilla/camel-crop-kurk-detayli-triko-hirka-twoaw24hi00029-p-650584733,Hırka
232,814567902,TRENDYOLMİLLA,Vizon Polo Yaka Triko Hırka TWOAW25HI00069,430.99,0,/trendyolmilla/vizon-polo-yaka-triko-hirka-twoaw25hi00069-p-814567902,Hırka
233,816915023,TRENDYOLMİLLA,Mavi Crop Yumuşak Dokulu Mücevher Düğmeli Triko Hırka TWOAW25HI00098,421.99,0,/trendyolmilla/mavi-crop-yumusak-dokulu-mucevher-dugmeli-triko-hirka-twoaw25hi00098-p-816915023,Hırka
234,699188068,TRENDYOLMİLLA,Açık Mavi Yumuşak Dokulu Basic Triko Hırka TWOAW24HI00319,402.99,39,/trendyolmilla/acik-mavi-yumusak-dokulu-basic-triko-hirka-twoaw24hi00319-p-699188068,Hırka
235,641204325,TRENDYOLMİLLA,Taş Geniş Kalıp Kazayağı Triko Hırka TWOAW22HI0179,393.99,45,/trendyolmilla/tas-genis-kalip-kazayagi-triko-hirka-twoaw22hi0179-p-641204325,Hırka
236,118370906,TRENDYOLMİLLA,Petrol Geniş Kalıp Triko Hırka TWOAW22HI0511,369.99,1423,/trendyolmilla/petrol-genis-kalip-triko-hirka-twoaw22hi0511-p-118370906,Hırka
237,811345446,TRENDYOLMİLLA,Fuşya Cep Detaylı Triko Hırka TWOAW24HI00381,374.99,0,/trendyolmilla/fusya-cep-detayli-triko-hirka-twoaw24hi00381-p-811345446,Hırka
238,822662110,TRENDYOLMİLLA,Pembe Yumuşak Dokulu Triko Hırka TWOAW25HI00194,499.99,0,/trendyolmilla/pembe-yumusak-dokulu-triko-hirka-twoaw25hi00194-p-822662110,Hırka
239,31532497,TRENDYOLMİLLA,Siyah Yumuşak Dokulu Polo Yaka Triko Hırka TWOAW20HI0070,314.99,1591,/trendyolmilla/siyah-yumusak-dokulu-polo-yaka-triko-hirka-twoaw20hi0070-p-31532497,Hırka
241,822988676,TRENDYOL MODEST,Siyah Ceket Görünümlü Tüvit Triko Hırka TCTAW25TH00016,854.99,0,/trendyol-modest/siyah-ceket-gorunumlu-tuvit-triko-hirka-tctaw25th00016-p-822988676,Hırka
242,812621699,TRENDYOLMİLLA,Siyah Premium Kalite Transparan Görünümlü Triko Hırka TWOAW25HI00046,342.99,0,/trendyolmilla/siyah-premium-kalite-transparan-gorunumlu-triko-hirka-twoaw25hi00046-p-812621699,Hırka
243,810584495,TRENDYOLMİLLA,Siyah Oversize Midi Ajurlu/Delikli Triko Hırka TWOAW24HI00331,467.99,0,/trendyolmilla/siyah-oversize-midi-ajurlu-delikli-triko-hirka-twoaw24hi00331-p-810584495,Hırka
244,51865947,TRENDYOLMİLLA,Ekru Yumuşak Dokulu Bulut Desenli Triko Hırka TWOAW21HI0490,410.99,908,/trendyolmilla/ekru-yumusak-dokulu-bulut-desenli-triko-hirka-twoaw21hi0490-p-51865947,Hırka
245,811106949,TRENDYOLMİLLA,Açık Lacivert Crop Ajurlu/Delikli V Yaka Triko Hırka TWOAW23HI00203,292.99,1,/trendyolmilla/acik-lacivert-crop-ajurlu-delikli-v-yaka-triko-hirka-twoaw23hi00203-p-811106949,Hırka
246,810586332,TRENDYOLMİLLA,Haki Yumuşak Dokulu Hayvan Desenli Triko Hırka TWOAW21HI0476,475.99,0,/trendyolmilla/haki-yumusak-dokulu-hayvan-desenli-triko-hirka-twoaw21hi0476-p-810586332,Hırka
247,813519696,TRENDYOLMİLLA,Taş Yumuşak Dokulu Bulut Desenli Triko Hırka TWOAW21HI0490,412.99,0,/trendyolmilla/tas-yumusak-dokulu-bulut-desenli-triko-hirka-twoaw21hi0490-p-813519696,Hırka
248,661480284,TRENDYOLMİLLA,Taş Renk Bloklu V Yaka Triko Hırka TWOAW24HI00161,397.99,79,/trendyolmilla/tas-renk-bloklu-v-yaka-triko-hirka-twoaw24hi00161-p-661480284,Hırka
249,645106369,TRENDYOLMİLLA,Bej Geniş Kalıp Triko Hırka TWOAW22HI0268,390.99,46,/trendyolmilla/bej-genis-kalip-triko-hirka-twoaw22hi0268-p-645106369,Hırka
250,811166617,TRENDYOLMİLLA,Antrasit Crop Kürk Detaylı Triko Hırka TWOAW24HI00029,448.99,0,/trendyolmilla/antrasit-crop-kurk-detayli-triko-hirka-twoaw24hi00029-p-811166617,Hırka
251,810985984,TRENDYOLMİLLA,Lacivert Geniş Kalıp Yumuşak Dokulu Triko Hırka TWOAW21HI0555,438.99,0,/trendyolmilla/lacivert-genis-kalip-yumusak-dokulu-triko-hirka-twoaw21hi0555-p-810985984,Hırka
252,765556923,TRENDYOL MODEST,Ekru Kolları Desenli Rahat Kalıp Triko Hırka TCTAW24TH00086,519.99,26,/trendyol-modest/ekru-kollari-desenli-rahat-kalip-triko-hirka-tctaw24th00086-p-765556923,Hırka
253,811165496,TRENDYOLMİLLA,Lacivert V Yaka Triko Hırka TWOAW22HI0268,382.99,0,/trendyolmilla/lacivert-v-yaka-triko-hirka-twoaw22hi0268-p-811165496,Hırka
254,648360615,TRENDYOL MODEST,Kahverengi Etek Ucu Püsküllü Uzun Triko Hırka TCTAW23TH00008,512.99,79,/trendyol-modest/kahverengi-etek-ucu-puskullu-uzun-triko-hirka-tctaw23th00008-p-648360615,Hırka
255,648360614,TRENDYOL MODEST,Antrasit Etek Ucu Püsküllü Uzun Triko Hırka TCTAW23TH00008,509.99,90,/trendyol-modest/antrasit-etek-ucu-puskullu-uzun-triko-hirka-tctaw23th00008-p-648360614,Hırka
256,674915165,TRENDYOL MODEST,Lacivert İnci Düğmeli Biyeli Oversize Triko Hırka TCTAW24TH00036,519.99,60,/trendyol-modest/lacivert-inci-dugmeli-biyeli-oversize-triko-hirka-tctaw24th00036-p-674915165,Hırka
257,738066961,TRENDYOLMİLLA,Taş Basic V Yaka Çizgili Triko Hırka TWOAW24HI00392,286.99,57,/trendyolmilla/tas-basic-v-yaka-cizgili-triko-hirka-twoaw24hi00392-p-738066961,Hırka
258,664137374,TRENDYOL MODEST,Koyu Yeşil Ribana Triko Hırka TCTAW24TH00025,436.99,89,/trendyol-modest/koyu-yesil-ribana-triko-hirka-tctaw24th00025-p-664137374,Hırka
259,811164940,TRENDYOLMİLLA,Indigo Basic Saç Örgü Triko Hırka TWOAW23HI00627,304.99,0,/trendyolmilla/indigo-basic-sac-orgu-triko-hirka-twoaw23hi00627-p-811164940,Hırka
260,810990460,TRENDYOLMİLLA,Lacivert Kruvaze Yaka Renk Bloklu Triko Hırka TWOAW22HI0359,406.99,0,/trendyolmilla/lacivert-kruvaze-yaka-renk-bloklu-triko-hirka-twoaw22hi0359-p-810990460,Hırka
261,95264720,TRENDYOLMİLLA,Lila Yumuşak Dokulu Mücevher Düğmeli Triko Hırka TWOAW22HI0044,437.99,1267,/trendyolmilla/lila-yumusak-dokulu-mucevher-dugmeli-triko-hirka-twoaw22hi0044-p-95264720,Hırka
262,822990529,TRENDYOL MODEST,Taş Fiyonk Kurdela Detaylı Taş Düğmeli Triko Hırka TCTAW25TH00015,899.99,0,/trendyol-modest/tas-fiyonk-kurdela-detayli-tas-dugmeli-triko-hirka-tctaw25th00015-p-822990529,Hırka
263,106376504,TRENDYOLMİLLA,Mint Geniş Kalıp Triko Hırka TWOAW22HI0176,400.99,658,/trendyolmilla/mint-genis-kalip-triko-hirka-twoaw22hi0176-p-106376504,Hırka
264,811164594,TRENDYOLMİLLA,Kırmızı Crop Kapüşonlu Triko Hırka TWOAW24HI00382,249.99,0,/trendyolmilla/kirmizi-crop-kapusonlu-triko-hirka-twoaw24hi00382-p-811164594,Hırka
265,742085414,TRENDYOLMİLLA,Ekru Limited Edition Ekru Süper Crop Yumuşak Dokulu Triko Hırka Triko Hırka TWOAW24HI00405,157.99,75,/trendyolmilla/ekru-limited-edition-ekru-super-crop-yumusak-dokulu-triko-hirka-triko-hirka-twoaw24hi00405-p-742085414,Hırka
266,50580080,TRENDYOLMİLLA,Siyah Geniş Kalıp V Yaka Triko Hırka TWOAW21HI0251,294.99,367,/trendyolmilla/siyah-genis-kalip-v-yaka-triko-hirka-twoaw21hi0251-p-50580080,Hırka
267,744102814,TRENDYOLMİLLA,Limited Edition Gri Yumuşak Dokulu Triko Hırka TWOAW24HI00403,359.99,155,/trendyolmilla/limited-edition-gri-yumusak-dokulu-triko-hirka-twoaw24hi00403-p-744102814,Hırka
268,710971063,TRENDYOLMİLLA,Mavi Kapüşon Detaylı Triko Hırka TWOAW24HI00365,350.99,54,/trendyolmilla/mavi-kapuson-detayli-triko-hirka-twoaw24hi00365-p-710971063,Hırka
269,811164382,TRENDYOLMİLLA,Vizon Çizgili Polo Yaka Triko Hırka TWOAW24HI00384,228.99,0,/trendyolmilla/vizon-cizgili-polo-yaka-triko-hirka-twoaw24hi00384-p-811164382,Hırka
270,813302966,TRENDYOLMİLLA,Lacivert Yumuşak Dokulu Fermuarlı Triko Hırka TWOAW25HI00019,522.99,0,/trendyolmilla/lacivert-yumusak-dokulu-fermuarli-triko-hirka-twoaw25hi00019-p-813302966,Hırka
271,813302964,TRENDYOLMİLLA,Siyah Yumuşak Dokulu Fermuarlı Triko Hırka TWOAW25HI00019,522.99,0,/trendyolmilla/siyah-yumusak-dokulu-fermuarli-triko-hirka-twoaw25hi00019-p-813302964,Hırka
272,812330517,TRENDYOLMİLLA,Antrasit Premium İplik Triko Hırka TWOAW25HI00047,870.99,0,/trendyolmilla/antrasit-premium-iplik-triko-hirka-twoaw25hi00047-p-812330517,Hırka
273,812323728,TRENDYOLMİLLA,Kahverengi Premium İplik Polo Yaka Triko Hırka TWOAW25HI00048,550.99,0,/trendyolmilla/kahverengi-premium-iplik-polo-yaka-triko-hirka-twoaw25hi00048-p-812323728,Hırka
274,812323721,TRENDYOLMİLLA,Lacivert Premium İplik Polo Yaka Triko Hırka TWOAW25HI00048,550.99,0,/trendyolmilla/lacivert-premium-iplik-polo-yaka-triko-hirka-twoaw25hi00048-p-812323721,Hırka
275,811150307,TRENDYOLMİLLA,Lacivert Geniş Kalıp Yumuşak Dokulu Triko Hırka TWOAW25HI00032,581.99,0,/trendyolmilla/lacivert-genis-kalip-yumusak-dokulu-triko-hirka-twoaw25hi00032-p-811150307,Hırka
276,132746205,TRENDYOLMİLLA,Sarı Yumuşak Dokulu Desenli Triko Hırka TWOAW22HI0026,389.99,750,/trendyolmilla/sari-yumusak-dokulu-desenli-triko-hirka-twoaw22hi0026-p-132746205,Hırka
277,47484619,TRENDYOLMİLLA,Lila Geniş Kalıp Tüvit Görünümlü Simli Triko Hırka TWOAW21HI0250,371.99,736,/trendyolmilla/lila-genis-kalip-tuvit-gorunumlu-simli-triko-hirka-twoaw21hi0250-p-47484619,Hırka
278,810290373,TRENDYOLMİLLA,Pembe Premium İplik/Özel İplik Cep Detaylı Triko Hırka TWOAW24HI00051,480.99,0,/trendyolmilla/pembe-premium-iplik-ozel-iplik-cep-detayli-triko-hirka-twoaw24hi00051-p-810290373,Hırka
279,810290371,TRENDYOLMİLLA,Mavi Premium İplik/Özel İplik Cep Detaylı Triko Hırka TWOAW24HI00051,480.99,0,/trendyolmilla/mavi-premium-iplik-ozel-iplik-cep-detayli-triko-hirka-twoaw24hi00051-p-810290371,Hırka
280,811076996,TRENDYOLMİLLA,Kahverengi Maxi Triko Hırka TWOAW24HI00096,441.99,0,/trendyolmilla/kahverengi-maxi-triko-hirka-twoaw24hi00096-p-811076996,Hırka
281,812326200,TRENDYOLMİLLA,Gri Yünlü Triko Hırka TWOAW25HI00049,412.99,0,/trendyolmilla/gri-yunlu-triko-hirka-twoaw25hi00049-p-812326200,Hırka
282,812326196,TRENDYOLMİLLA,Bordo Yünlü Triko Hırka TWOAW25HI00049,412.99,0,/trendyolmilla/bordo-yunlu-triko-hirka-twoaw25hi00049-p-812326196,Hırka
283,812326187,TRENDYOLMİLLA,Lacivert Yünlü Triko Hırka TWOAW25HI00049,412.99,0,/trendyolmilla/lacivert-yunlu-triko-hirka-twoaw25hi00049-p-812326187,Hırka
284,822939404,TRENDYOLMİLLA,Lacivert Yumuşak Dokulu Mücevher Düğmeli Triko Hırka TWOAW22HI0044,404.99,0,/trendyolmilla/lacivert-yumusak-dokulu-mucevher-dugmeli-triko-hirka-twoaw22hi0044-p-822939404,Hırka
285,812327948,TRENDYOLMİLLA,Ekru Kruvaze Triko Hırka TWOAW25HI00052,384.99,0,/trendyolmilla/ekru-kruvaze-triko-hirka-twoaw25hi00052-p-812327948,Hırka
286,812327941,TRENDYOLMİLLA,Açık Turuncu Kruvaze Triko Hırka TWOAW25HI00052,384.99,0,/trendyolmilla/acik-turuncu-kruvaze-triko-hirka-twoaw25hi00052-p-812327941,Hırka
287,810290465,TRENDYOLMİLLA,Siyah Yumuşak Dokulu V Yaka Triko Hırka TWOAW24HI00282,362.99,0,/trendyolmilla/siyah-yumusak-dokulu-v-yaka-triko-hirka-twoaw24hi00282-p-810290465,Hırka
288,810290464,TRENDYOLMİLLA,Mint Yumuşak Dokulu V Yaka Triko Hırka TWOAW24HI00282,362.99,0,/trendyolmilla/mint-yumusak-dokulu-v-yaka-triko-hirka-twoaw24hi00282-p-810290464,Hırka
289,738044304,TRENDYOLMİLLA,Taş Crop Kapüşonlu Triko Hırka TWOAW24HI00382,254.99,109,/trendyolmilla/tas-crop-kapusonlu-triko-hirka-twoaw24hi00382-p-738044304,Hırka
290,762267831,TRENDYOL MODEST,Camel Çizgili Gold Düğme Detaylı Yumuşak Dokulu Triko Hırka TCTAW24TH00046,249.99,24,/trendyol-modest/camel-cizgili-gold-dugme-detayli-yumusak-dokulu-triko-hirka-tctaw24th00046-p-762267831,Hırka
291,822157617,TRENDYOLMİLLA,Siyah Bisiklet Yaka Triko Hırka TWOAW25HI00172,449.99,0,/trendyolmilla/siyah-bisiklet-yaka-triko-hirka-twoaw25hi00172-p-822157617,Hırka
292,650584730,TRENDYOLMİLLA,Siyah Crop Kürk Detaylı Triko Hırka TWOAW24HI00029,449.99,69,/trendyolmilla/siyah-crop-kurk-detayli-triko-hirka-twoaw24hi00029-p-650584730,Hırka
293,35876911,TRENDYOLMİLLA,Taş Ajurlu/Delikli Triko Hırka TWOSS20HI0034,371.99,496,/trendyolmilla/tas-ajurlu-delikli-triko-hirka-twoss20hi0034-p-35876911,Hırka
294,652810065,TRENDYOLMİLLA,Siyah Polo Yaka Fermuar Detaylı Triko Hırka TWOAW24HI00024,341.99,134,/trendyolmilla/siyah-polo-yaka-fermuar-detayli-triko-hirka-twoaw24hi00024-p-652810065,Hırka
295,754068329,TRENDYOLMİLLA,Taş Basic Triko Hırka TWOAW24HI00090,321.99,56,/trendyolmilla/tas-basic-triko-hirka-twoaw24hi00090-p-754068329,Hırka
296,810584154,TRENDYOLMİLLA,Haki Yumuşak Dokulu Mücevher Düğmeli Triko Hırka TWOAW21HI0034,441.99,0,/trendyolmilla/haki-yumusak-dokulu-mucevher-dugmeli-triko-hirka-twoaw21hi0034-p-810584154,Hırka
297,811382289,TRENDYOLMİLLA,Pembe Kapüşonlu Buklet Triko Hırka TWOAW24HI00370,420.99,0,/trendyolmilla/pembe-kapusonlu-buklet-triko-hirka-twoaw24hi00370-p-811382289,Hırka
298,822108625,TRENDYOLMİLLA,Lacivert Yumuşak Dokulu Triko Hırka TWOAW25HI00162,571.99,0,/trendyolmilla/lacivert-yumusak-dokulu-triko-hirka-twoaw25hi00162-p-822108625,Hırka
299,824416585,TRENDYOLMİLLA,Ekru Nakış Detaylı Triko Hırka TWOAW25HI00026,505.99,0,/trendyolmilla/ekru-nakis-detayli-triko-hirka-twoaw25hi00026-p-824416585,Hırka
300,810291372,TRENDYOLMİLLA,Pembe Desenli Bluz-Hırka Triko Hırka TWOAW23HI00223,480.99,0,/trendyolmilla/pembe-desenli-bluz-hirka-triko-hirka-twoaw23hi00223-p-810291372,Hırka
301,41731134,TRENDYOLMİLLA,Ekru Yumuşak Dokulu Ajurlu/Delikli Triko Hırka TWOAW21HI0020,347.99,516,/trendyolmilla/ekru-yumusak-dokulu-ajurlu-delikli-triko-hirka-twoaw21hi0020-p-41731134,Hırka
302,810586863,TRENDYOLMİLLA,Pudra Crop Dantelli Ajurlu/Delikli Triko Hırka TWOAW24KZ01059,535.99,0,/trendyolmilla/pudra-crop-dantelli-ajurlu-delikli-triko-hirka-twoaw24kz01059-p-810586863,Hırka
303,810584501,TRENDYOLMİLLA,Mint Oversize Midi Ajurlu/Delikli Triko Hırka TWOAW24HI00331,467.99,0,/trendyolmilla/mint-oversize-midi-ajurlu-delikli-triko-hirka-twoaw24hi00331-p-810584501,Hırka
304,816464716,TRENDYOLMİLLA,Gri V Yaka Triko Hırka TWOAW25HI00107,466.99,0,/trendyolmilla/gri-v-yaka-triko-hirka-twoaw25hi00107-p-816464716,Hırka
305,814566762,TRENDYOLMİLLA,Mavi Bisiklet Yaka Triko Hırka TWOAW25HI00066,463.99,1,/trendyolmilla/mavi-bisiklet-yaka-triko-hirka-twoaw25hi00066-p-814566762,Hırka
306,766702731,TRENDYOLMİLLA,Lacivert Crop Basic Triko Hırka TWOAW24HI00419,313.99,11,/trendyolmilla/lacivert-crop-basic-triko-hirka-twoaw24hi00419-p-766702731,Hırka
307,810280438,TRENDYOLMİLLA,Lacivert Crop Tüylü Triko Hırka TWOAW23HI00549,448.99,0,/trendyolmilla/lacivert-crop-tuylu-triko-hirka-twoaw23hi00549-p-810280438,Hırka
308,738045295,TRENDYOLMİLLA,Mint Basic V Yaka Triko Hırka TWOAW24HI00383,274.99,201,/trendyolmilla/mint-basic-v-yaka-triko-hirka-twoaw24hi00383-p-738045295,Hırka
309,816496557,TRENDYOLMİLLA,Ekru Tüylü Triko Hırka TWOAW25HI00105,472.99,0,/trendyolmilla/ekru-tuylu-triko-hirka-twoaw25hi00105-p-816496557,Hırka
310,123695904,TRENDYOLMİLLA,Mavi Crop Yumuşak Dokulu Bluz-Hırka Triko Takım TWOAW21HI0107,457.99,412,/trendyolmilla/mavi-crop-yumusak-dokulu-bluz-hirka-triko-takim-twoaw21hi0107-p-123695904,Hırka
311,810297206,TRENDYOLMİLLA,Kahverengi Geniş Kalıp Yumuşak Dokulu Çizgili Triko Hırka TWOAW23HI00191,433.99,1,/trendyolmilla/kahverengi-genis-kalip-yumusak-dokulu-cizgili-triko-hirka-twoaw23hi00191-p-810297206,Hırka
312,811161022,TRENDYOLMİLLA,Indigo Çizgili Basic Triko Hırka TWOAW24HI00091,325.99,0,/trendyolmilla/indigo-cizgili-basic-triko-hirka-twoaw24hi00091-p-811161022,Hırka
313,660222110,TRENDYOLMİLLA,Haki Yumuşak Dokulu Fermuarlı Saç Örgülü Triko Hırka TWOAW24HI00202,450.99,46,/trendyolmilla/haki-yumusak-dokulu-fermuarli-sac-orgulu-triko-hirka-twoaw24hi00202-p-660222110,Hırka
314,811339199,TRENDYOLMİLLA,Antrasit Geniş Kalıp Polo Yaka Buklet Triko Hırka TWOAW24HI00177,516.99,1,/trendyolmilla/antrasit-genis-kalip-polo-yaka-buklet-triko-hirka-twoaw24hi00177-p-811339199,Hırka
315,813303411,TRENDYOLMİLLA,Ekru Yumuşak Dokulu Basic Triko Hırka TWOAW25HI00017,423.99,0,/trendyolmilla/ekru-yumusak-dokulu-basic-triko-hirka-twoaw25hi00017-p-813303411,Hırka
316,641205242,TRENDYOLMİLLA,Gri Süper Crop Fitilli Triko Hırka TWOAW23HI00519,406.99,53,/trendyolmilla/gri-super-crop-fitilli-triko-hirka-twoaw23hi00519-p-641205242,Hırka
317,816514947,TRENDYOLMİLLA,Lacivert Kruvaze Ceket Triko Hırka TWOAW25HI00103,442.99,0,/trendyolmilla/lacivert-kruvaze-ceket-triko-hirka-twoaw25hi00103-p-816514947,Hırka
318,822161276,TRENDYOLMİLLA,Vizon Tüylü Triko Hırka TWOAW25HI00177,584.99,0,/trendyolmilla/vizon-tuylu-triko-hirka-twoaw25hi00177-p-822161276,Hırka
319,816500934,TRENDYOLMİLLA,Siyah Tüylü Polo Yaka Triko Hırka TWOAW25HI00115,583.99,0,/trendyolmilla/siyah-tuylu-polo-yaka-triko-hirka-twoaw25hi00115-p-816500934,Hırka
320,661156147,TRENDYOLMİLLA,Taş Fitilli Triko Hırka TWOAW24HI00095,183.99,70,/trendyolmilla/tas-fitilli-triko-hirka-twoaw24hi00095-p-661156147,Hırka
321,133879432,TRENDYOL MODEST,Siyah V Yaka Düğmeli Cep Detaylı Uzun Triko Hırka TCTAW22TH0005,389.99,572,/trendyol-modest/siyah-v-yaka-dugmeli-cep-detayli-uzun-triko-hirka-tctaw22th0005-p-133879432,Hırka
322,810586330,TRENDYOLMİLLA,Gül Kurusu Yumuşak Dokulu Hayvan Desenli Triko Hırka TWOAW21HI0476,475.99,0,/trendyolmilla/gul-kurusu-yumusak-dokulu-hayvan-desenli-triko-hirka-twoaw21hi0476-p-810586330,Hırka
323,811345448,TRENDYOLMİLLA,Taş Cep Detaylı Triko Hırka TWOAW24HI00381,374.99,0,/trendyolmilla/tas-cep-detayli-triko-hirka-twoaw24hi00381-p-811345448,Hırka
324,816464720,TRENDYOLMİLLA,Siyah V Yaka Triko Hırka TWOAW25HI00107,466.99,0,/trendyolmilla/siyah-v-yaka-triko-hirka-twoaw25hi00107-p-816464720,Hırka
325,687843557,TRENDYOLMİLLA,Lacivert Premium İplik/Özel İplik Kontrast Renkli Triko Hırka TWOAW24HI00063,465.99,51,/trendyolmilla/lacivert-premium-iplik-ozel-iplik-kontrast-renkli-triko-hirka-twoaw24hi00063-p-687843557,Hırka
326,812621591,TRENDYOLMİLLA,Gül Kurusu Premium Kalite Transparan Görünümlü Triko Hırka TWOAW25HI00045,415.99,2,/trendyolmilla/gul-kurusu-premium-kalite-transparan-gorunumlu-triko-hirka-twoaw25hi00045-p-812621591,Hırka
327,660222114,TRENDYOLMİLLA,Siyah Yumuşak Dokulu Fermuarlı Saç Örgülü Triko Hırka TWOAW24HI00202,450.99,43,/trendyolmilla/siyah-yumusak-dokulu-fermuarli-sac-orgulu-triko-hirka-twoaw24hi00202-p-660222114,Hırka
328,816514955,TRENDYOLMİLLA,Mint Kruvaze Ceket Triko Hırka TWOAW25HI00103,442.99,0,/trendyolmilla/mint-kruvaze-ceket-triko-hirka-twoaw25hi00103-p-816514955,Hırka
329,810287714,TRENDYOLMİLLA,Lacivert Crop Fermuarlı Triko Hırka TWOAW21HI0154,346.99,0,/trendyolmilla/lacivert-crop-fermuarli-triko-hirka-twoaw21hi0154-p-810287714,Hırka
330,39766436,TRENDYOLMİLLA,Taş Basic Yumuşak Dokulu Triko Hırka TWOAW20HI0213,411.99,1382,/trendyolmilla/tas-basic-yumusak-dokulu-triko-hirka-twoaw20hi0213-p-39766436,Hırka
331,822312193,TRENDYOLMİLLA,Ekru Crop Renk Bloklu Triko Hırka TWOAW25HI00170,603.99,0,/trendyolmilla/ekru-crop-renk-bloklu-triko-hirka-twoaw25hi00170-p-822312193,Hırka
332,763897775,TRENDYOL MODEST,Ekru Renk Bloklu İnci Düğmeli Triko Hırka TCTAW24TH00066,159.99,24,/trendyol-modest/ekru-renk-bloklu-inci-dugmeli-triko-hirka-tctaw24th00066-p-763897775,Hırka
333,716171455,TRENDYOLMİLLA,Vizon Ajurlu/Delikli V Yaka Triko Hırka TWOAW24HI00311,428.99,58,/trendyolmilla/vizon-ajurlu-delikli-v-yaka-triko-hirka-twoaw24hi00311-p-716171455,Hırka
334,716171454,TRENDYOLMİLLA,Ekru Ajurlu/Delikli V Yaka Triko Hırka TWOAW24HI00311,428.99,64,/trendyolmilla/ekru-ajurlu-delikli-v-yaka-triko-hirka-twoaw24hi00311-p-716171454,Hırka
335,811400250,TRENDYOLMİLLA,Antrasit Ajurlu/Delikli V Yaka Triko Hırka TWOAW24HI00311,427.99,0,/trendyolmilla/antrasit-ajurlu-delikli-v-yaka-triko-hirka-twoaw24hi00311-p-811400250,Hırka
336,816915022,TRENDYOLMİLLA,Sarı Crop Yumuşak Dokulu Mücevher Düğmeli Triko Hırka TWOAW25HI00098,421.99,0,/trendyolmilla/sari-crop-yumusak-dokulu-mucevher-dugmeli-triko-hirka-twoaw25hi00098-p-816915022,Hırka
337,810298977,TRENDYOLMİLLA,Lacivert Geniş Kalıp V Yaka Triko Hırka TWOAW20HI0215,421.99,0,/trendyolmilla/lacivert-genis-kalip-v-yaka-triko-hirka-twoaw20hi0215-p-810298977,Hırka
338,660430919,TRENDYOLMİLLA,Lacivert Çizgili Basic Triko Hırka TWOAW24HI00091,326.99,66,/trendyolmilla/lacivert-cizgili-basic-triko-hirka-twoaw24hi00091-p-660430919,Hırka
339,810585942,TRENDYOLMİLLA,Siyah Yumuşak Dokulu Kontrast Renklı Triko Hırka TWOAW24HI00297,410.99,0,/trendyolmilla/siyah-yumusak-dokulu-kontrast-renkli-triko-hirka-twoaw24hi00297-p-810585942,Hırka
340,811068903,TRENDYOLMİLLA,Mint Basic V Yaka Triko Hırka TWOAW23HI0019,313.99,1,/trendyolmilla/mint-basic-v-yaka-triko-hirka-twoaw23hi0019-p-811068903,Hırka
341,641184047,TRENDYOLMİLLA,Açık Mavi Geniş Kalıp Tüvit Görünümlü Simli Triko Hırka TWOAW21HI0250,372.99,78,/trendyolmilla/acik-mavi-genis-kalip-tuvit-gorunumlu-simli-triko-hirka-twoaw21hi0250-p-641184047,Hırka
342,811166136,TRENDYOLMİLLA,Kemik Basic V Yaka Çizgili Triko Hırka TWOAW24HI00392,291.99,0,/trendyolmilla/kemik-basic-v-yaka-cizgili-triko-hirka-twoaw24hi00392-p-811166136,Hırka
343,810585557,TRENDYOLMİLLA,Tarçın Yumuşak Dokulu Ajurlu/Delikli Triko Hırka TWOAW21HI0020,347.99,0,/trendyolmilla/tarcin-yumusak-dokulu-ajurlu-delikli-triko-hirka-twoaw21hi0020-p-810585557,Hırka
344,766702732,TRENDYOLMİLLA,Bej Crop Basic Triko Hırka TWOAW24HI00419,313.99,11,/trendyolmilla/bej-crop-basic-triko-hirka-twoaw24hi00419-p-766702732,Hırka
345,811069445,TRENDYOLMİLLA,Bordo Crop Basic Triko Hırka TWOAW24HI00419,308.99,1,/trendyolmilla/bordo-crop-basic-triko-hirka-twoaw24hi00419-p-811069445,Hırka
346,810586481,TRENDYOLMİLLA,Vizon V Yaka Renk Bloklu Triko Hırka TWOAW24HI00391,287.99,0,/trendyolmilla/vizon-v-yaka-renk-bloklu-triko-hirka-twoaw24hi00391-p-810586481,Hırka
347,810298807,TRENDYOLMİLLA,Indigo Crop Yumuşak Dokulu Bluz-Hırka Triko Takım TWOAW21HI0107,455.99,0,/trendyolmilla/indigo-crop-yumusak-dokulu-bluz-hirka-triko-takim-twoaw21hi0107-p-810298807,Hırka
348,814764349,TRENDYOLMİLLA,Antrasit Çizgili Devrik Yaka Triko Hırka TWOAW25HI00038,476.99,0,/trendyolmilla/antrasit-cizgili-devrik-yaka-triko-hirka-twoaw25hi00038-p-814764349,Hırka
349,95264717,TRENDYOLMİLLA,Taş Yumuşak Dokulu Mücevher Düğmeli Triko Hırka TWOAW22HI0044,431.99,1236,/trendyolmilla/tas-yumusak-dokulu-mucevher-dugmeli-triko-hirka-twoaw22hi0044-p-95264717,Hırka
350,765384452,TRENDYOL MODEST,Vizon Simli ve İnci Düğmeli Triko Hırka TCTAW24TH00060,289.99,18,/trendyol-modest/vizon-simli-ve-inci-dugmeli-triko-hirka-tctaw24th00060-p-765384452,Hırka
351,335042615,TRENDYOLMİLLA,Siyah Basic Saç Örgü Triko Hırka TWOAW23HI00627,293.99,315,/trendyolmilla/siyah-basic-sac-orgu-triko-hirka-twoaw23hi00627-p-335042615,Hırka
352,812699583,TRENDYOLMİLLA,Ekru Pamuklu Bisiklet Yaka Triko Hırka TWOAW25HI00065,441.99,0,/trendyolmilla/ekru-pamuklu-bisiklet-yaka-triko-hirka-twoaw25hi00065-p-812699583,Hırka
353,811340497,TRENDYOLMİLLA,Mint Crop Triko Hırka TWOAW23HI00176,333.99,0,/trendyolmilla/mint-crop-triko-hirka-twoaw23hi00176-p-811340497,Hırka
354,683995083,TRENDYOLMİLLA,Pembe Crop Yumuşak Dokulu Triko Hırka TWOAW24HI00292,286.99,36,/trendyolmilla/pembe-crop-yumusak-dokulu-triko-hirka-twoaw24hi00292-p-683995083,Hırka
355,808185808,TRENDYOLMİLLA,Ekru İşlemeli Ajurlu İnce Triko Hırka TWOSS24HI00015,254.99,3,/trendyolmilla/ekru-islemeli-ajurlu-ince-triko-hirka-twoss24hi00015-p-808185808,Hırka
356,733176115,TRENDYOLMİLLA,Mint Agraf Detaylı Triko Hırka TWOAW24HI00223,237.99,1,/trendyolmilla/mint-agraf-detayli-triko-hirka-twoaw24hi00223-p-733176115,Hırka
358,810046668,TRENDYOLMİLLA,Kiremit Yumuşak Dokulu Parlak Sim İşlemeli Triko Hırka TWOAW25HI00005,452.99,0,/trendyolmilla/kiremit-yumusak-dokulu-parlak-sim-islemeli-triko-hirka-twoaw25hi00005-p-810046668,Hırka
359,827222778,TRENDYOLMİLLA,Kahverengi Yumuşak Dokulu Renk Bloklu Triko Hırka TWOAW25HI00226,525.99,0,/trendyolmilla/kahverengi-yumusak-dokulu-renk-bloklu-triko-hirka-twoaw25hi00226-p-827222778,Hırka
360,827222519,TRENDYOLMİLLA,Antrasit Yumuşak Dokulu Renk Bloklu Triko Hırka TWOAW25HI00225,498.99,0,/trendyolmilla/antrasit-yumusak-dokulu-renk-bloklu-triko-hirka-twoaw25hi00225-p-827222519,Hırka
361,814865357,TRENDYOLMİLLA,Siyah Pamuklu Bluzlu İkili Triko Hırka TWOSS24HI00018,622.99,0,/trendyolmilla/siyah-pamuklu-bluzlu-ikili-triko-hirka-twoss24hi00018-p-814865357,Hırka
362,805781287,TRENDYOLMİLLA,Pembe Midi Yazlık İnce Triko Hırka TWOSS24HI00010,182.99,18,/trendyolmilla/pembe-midi-yazlik-ince-triko-hirka-twoss24hi00010-p-805781287,Hırka
363,810585075,TRENDYOLMİLLA,Sarı Yumuşak Dokulu Nakış Detaylı V Yaka Triko Hırka TWOAW24HI00237,410.99,0,/trendyolmilla/sari-yumusak-dokulu-nakis-detayli-v-yaka-triko-hirka-twoaw24hi00237-p-810585075,Hırka
364,266450848,TRENDYOLMİLLA,Camel Yumuşak Dokulu Çizgili Triko Hırka TWOAW23HI00266,387.99,333,/trendyolmilla/camel-yumusak-dokulu-cizgili-triko-hirka-twoaw23hi00266-p-266450848,Hırka
365,831643406,TRENDYOLMİLLA,Antrasit Yumuşak Dokulu İnci Detaylı Triko Hırka TWOAW25HI00195,523.99,0,/trendyolmilla/antrasit-yumusak-dokulu-inci-detayli-triko-hirka-twoaw25hi00195-p-831643406,Hırka
366,369591651,TRENDYOLMİLLA,Pembe Düğme Detaylı Ajurlu/Delikli Bluz-Hırka Takım TWOSS23HI00000,533.99,224,/trendyolmilla/pembe-dugme-detayli-ajurlu-delikli-bluz-hirka-takim-twoss23hi00000-p-369591651,Hırka
367,816498021,TRENDYOLMİLLA,Antrasit Crop Tüylü Bağlama Detaylı Triko Hırka TWOAW25HI00111,488.99,0,/trendyolmilla/antrasit-crop-tuylu-baglama-detayli-triko-hirka-twoaw25hi00111-p-816498021,Hırka
368,734001166,TRENDYOLMİLLA,Indigo Crop Dokuma Garni Detaylı Triko Hırka TWOAW24HI00221,495.99,56,/trendyolmilla/indigo-crop-dokuma-garni-detayli-triko-hirka-twoaw24hi00221-p-734001166,Hırka
369,810987978,TRENDYOLMİLLA,Lacivert Polo Yaka Çizgili Triko Hırka TWOAW22HI0241,324.99,0,/trendyolmilla/lacivert-polo-yaka-cizgili-triko-hirka-twoaw22hi0241-p-810987978,Hırka
370,812698669,TRENDYOLMİLLA,Ekru Tüylü Triko Hırka TWOAW25HI00068,568.99,1,/trendyolmilla/ekru-tuylu-triko-hirka-twoaw25hi00068-p-812698669,Hırka
371,118857529,TRENDYOLMİLLA,Taş Geniş Kalıp V Yaka Triko Hırka TWOAW21HI0251,277.99,263,/trendyolmilla/tas-genis-kalip-v-yaka-triko-hirka-twoaw21hi0251-p-118857529,Hırka
372,817139363,TRENDYOL MODEST,Lila Düğmeli V Yaka Yumuşak Triko Hırka TCTAW22HI0397,467.99,0,/trendyol-modest/lila-dugmeli-v-yaka-yumusak-triko-hirka-tctaw22hi0397-p-817139363,Hırka
373,810290234,TRENDYOLMİLLA,Siyah Yumuşak Dokulu Triko Hırka TWOAW24HI00198,366.99,1,/trendyolmilla/siyah-yumusak-dokulu-triko-hirka-twoaw24hi00198-p-810290234,Hırka
374,35876912,TRENDYOLMİLLA,Mint Ajurlu/Delikli Triko Hırka TWOSS20HI0034,375.99,441,/trendyolmilla/mint-ajurlu-delikli-triko-hirka-twoss20hi0034-p-35876912,Hırka
375,811162331,TRENDYOLMİLLA,Antrasit Basic Triko Hırka TWOAW24HI00090,318.99,0,/trendyolmilla/antrasit-basic-triko-hirka-twoaw24hi00090-p-811162331,Hırka
376,672264098,TRENDYOLMİLLA,Yeşil Tüylü V Yaka Triko Hırka TWOAW24HI00224,441.99,76,/trendyolmilla/yesil-tuylu-v-yaka-triko-hirka-twoaw24hi00224-p-672264098,Hırka
377,811340814,TRENDYOLMİLLA,Antrasit Buklet İplikli Renk Bloklu Triko Hırka TWOAW24HI00317,418.99,1,/trendyolmilla/antrasit-buklet-iplikli-renk-bloklu-triko-hirka-twoaw24hi00317-p-811340814,Hırka
378,811400105,TRENDYOLMİLLA,Limited Edition Kahverengi Simli Yumuşak Dokulu Triko Hırka TWOAW24HI00403,349.99,1,/trendyolmilla/limited-edition-kahverengi-simli-yumusak-dokulu-triko-hirka-twoaw24hi00403-p-811400105,Hırka
379,660428797,TRENDYOLMİLLA,Lacivert Ekose / Kareli Triko Hırka TWOAW24HI00089,337.99,59,/trendyolmilla/lacivert-ekose-kareli-triko-hirka-twoaw24hi00089-p-660428797,Hırka
380,242127978,TRENDYOLMİLLA,Kahverengi Geniş Kalıp Tüvit Görünümlü Simli Triko Hırka TWOAW21HI0250,381.99,420,/trendyolmilla/kahverengi-genis-kalip-tuvit-gorunumlu-simli-triko-hirka-twoaw21hi0250-p-242127978,Hırka
381,658729717,TRENDYOLMİLLA,Zümrüt Yeşili Basic Triko Hırka TWOAW24HI00090,320.99,64,/trendyolmilla/zumrut-yesili-basic-triko-hirka-twoaw24hi00090-p-658729717,Hırka
382,822157110,TRENDYOLMİLLA,Vizon Devrik Yaka Triko Hırka TWOAW25HI00169,580.99,0,/trendyolmilla/vizon-devrik-yaka-triko-hirka-twoaw25hi00169-p-822157110,Hırka
383,814764350,TRENDYOLMİLLA,Mavi Çizgili Devrik Yaka Triko Hırka TWOAW25HI00038,468.99,0,/trendyolmilla/mavi-cizgili-devrik-yaka-triko-hirka-twoaw25hi00038-p-814764350,Hırka
384,815787146,TRENDYOLMİLLA,Ekru Pamuklu Basic Triko Hırka TWOAW25HI00129,446.99,0,/trendyolmilla/ekru-pamuklu-basic-triko-hirka-twoaw25hi00129-p-815787146,Hırka
385,679428864,TRENDYOL MODEST,Ekru Lacivert Çizgili Gold Düğme Detaylı Yumuşak Dokulu Triko Hırka TCTAW24TH00046,440.99,161,/trendyol-modest/ekru-lacivert-cizgili-gold-dugme-detayli-yumusak-dokulu-triko-hirka-tctaw24th00046-p-679428864,Hırka
386,814567908,TRENDYOLMİLLA,Antrasit Polo Yaka Triko Hırka TWOAW25HI00069,414.99,0,/trendyolmilla/antrasit-polo-yaka-triko-hirka-twoaw25hi00069-p-814567908,Hırka
387,274306154,TRENDYOLMİLLA,Taş Crop Renk Bloklu Triko Hırka TWOAW23HI00366,386.99,293,/trendyolmilla/tas-crop-renk-bloklu-triko-hirka-twoaw23hi00366-p-274306154,Hırka
388,812367867,TRENDYOLMİLLA,Gri Degradeli Triko Hırka TWOAW25HI00079,395.99,0,/trendyolmilla/gri-degradeli-triko-hirka-twoaw25hi00079-p-812367867,Hırka
389,45545620,TRENDYOLMİLLA,Taş Yumuşak Dokulu Mücevher Düğmeli Triko Hırka TWOAW21HI0034,439.99,1686,/trendyolmilla/tas-yumusak-dokulu-mucevher-dugmeli-triko-hirka-twoaw21hi0034-p-45545620,Hırka
390,123390575,TRENDYOLMİLLA,Mint Crop Düğme Detaylı Polo Yaka Triko Hırka TWOAW22HI0448,420.99,2190,/trendyolmilla/mint-crop-dugme-detayli-polo-yaka-triko-hirka-twoaw22hi0448-p-123390575,Hırka
391,811076266,TRENDYOLMİLLA,Pembe Yumuşak Dokulu Çizgili Triko Hırka TWOAW24HI00118,440.99,0,/trendyolmilla/pembe-yumusak-dokulu-cizgili-triko-hirka-twoaw24hi00118-p-811076266,Hırka
392,810290718,TRENDYOLMİLLA,Bej Yumuşak Dokulu Fermuarlı Renk Bloklu Triko Hırka TWOAW24HI00102,435.99,0,/trendyolmilla/bej-yumusak-dokulu-fermuarli-renk-bloklu-triko-hirka-twoaw24hi00102-p-810290718,Hırka
393,810290094,TRENDYOLMİLLA,Kırmızı Yumuşak Dokulu Aksesuarlı Triko Hırka TWOAW24HI00023,431.99,0,/trendyolmilla/kirmizi-yumusak-dokulu-aksesuarli-triko-hirka-twoaw24hi00023-p-810290094,Hırka
394,811077561,TRENDYOLMİLLA,Turuncu Yumuşak Dokulu Desenli Triko Hırka TWOAW22HI0026,396.99,0,/trendyolmilla/turuncu-yumusak-dokulu-desenli-triko-hirka-twoaw22hi0026-p-811077561,Hırka
395,652731148,TRENDYOLMİLLA,Gri Yumuşak Dokulu Aksesuarlı Triko Hırka TWOAW24HI00039,421.99,54,/trendyolmilla/gri-yumusak-dokulu-aksesuarli-triko-hirka-twoaw24hi00039-p-652731148,Hırka
396,655337003,TRENDYOLMİLLA,Ekru Premium İplik/Özel İplik Cep Detaylı Triko Hırka TWOAW24HI00051,494.99,144,/trendyolmilla/ekru-premium-iplik-ozel-iplik-cep-detayli-triko-hirka-twoaw24hi00051-p-655337003,Hırka
397,654551552,TRENDYOLMİLLA,Siyah Premium İplik/Özel İplik Kontrast Renkli Triko Hırka TWOAW24HI00063,480.99,117,/trendyolmilla/siyah-premium-iplik-ozel-iplik-kontrast-renkli-triko-hirka-twoaw24hi00063-p-654551552,Hırka
398,120232855,TRENDYOLMİLLA,Kahverengi Yumuşak Dokulu Polo Yaka Triko Hırka TWOAW20HI0070,328.99,1658,/trendyolmilla/kahverengi-yumusak-dokulu-polo-yaka-triko-hirka-twoaw20hi0070-p-120232855,Hırka
400,641776395,TRENDYOLMİLLA,Antrasit Geniş Kalıp Yumuşak Dokulu Triko Hırka TWOAW21HI0555,417.99,68,/trendyolmilla/antrasit-genis-kalip-yumusak-dokulu-triko-hirka-twoaw21hi0555-p-641776395,Hırka
401,246436561,TRENDYOLMİLLA,Siyah Crop Yumuşak Dokulu Triko Hırka TWOAW21HI0017,326.99,368,/trendyolmilla/siyah-crop-yumusak-dokulu-triko-hirka-twoaw21hi0017-p-246436561,Hırka
402,655336997,TRENDYOLMİLLA,Gri Premium İplik/Özel İplik Cep Detaylı Triko Hırka TWOAW24HI00051,495.99,131,/trendyolmilla/gri-premium-iplik-ozel-iplik-cep-detayli-triko-hirka-twoaw24hi00051-p-655336997,Hırka
403,810046674,TRENDYOLMİLLA,Gri Yumuşak Dokulu Parlak Sim İşlemeli Triko Hırka TWOAW25HI00005,451.99,0,/trendyolmilla/gri-yumusak-dokulu-parlak-sim-islemeli-triko-hirka-twoaw25hi00005-p-810046674,Hırka
404,661204696,TRENDYOLMİLLA,Taş Maxi Basic Triko Hırka TWOAW24HI00096,471.99,103,/trendyolmilla/tas-maxi-basic-triko-hirka-twoaw24hi00096-p-661204696,Hırka
405,812364958,TRENDYOLMİLLA,Vizon Buklet Polo Yaka Mont Görünümlü Triko Hırka TWOAW25HI00076,547.99,0,/trendyolmilla/vizon-buklet-polo-yaka-mont-gorunumlu-triko-hirka-twoaw25hi00076-p-812364958,Hırka
406,666074400,TRENDYOLMİLLA,Fuşya Yumuşak Dokulu Mücevher Düğmeli Triko Hırka TWOAW21HI0034,453.99,42,/trendyolmilla/fusya-yumusak-dokulu-mucevher-dugmeli-triko-hirka-twoaw21hi0034-p-666074400,Hırka
407,661717232,TRENDYOLMİLLA,Turuncu Yumuşak Dokulu Fermuarlı Triko Hırka TWOAW24HI00092,495.99,105,/trendyolmilla/turuncu-yumusak-dokulu-fermuarli-triko-hirka-twoaw24hi00092-p-661717232,Hırka
408,242540807,TRENDYOLMİLLA,Ekru Geniş Kalıp Yumuşak Dokulu Çizgili Triko Hırka TWOAW23HI00191,438.99,260,/trendyolmilla/ekru-genis-kalip-yumusak-dokulu-cizgili-triko-hirka-twoaw23hi00191-p-242540807,Hırka
409,808186395,TRENDYOLMİLLA,Siyah Bağlama Detaylı Ajurlu İnce Triko Hırka TWOSS24HI00016,292.99,10,/trendyolmilla/siyah-baglama-detayli-ajurlu-ince-triko-hirka-twoss24hi00016-p-808186395,Hırka
410,683099674,TRENDYOLMİLLA,Bej Crop V Yaka Kol Detaylı Triko Hırka TWOAW24HI00300,472.99,104,/trendyolmilla/bej-crop-v-yaka-kol-detayli-triko-hirka-twoaw24hi00300-p-683099674,Hırka
411,251822342,TRENDYOLMİLLA,Gri Tüylü Renk Bloklu Triko Hırka TWOAW22HI0048,435.99,0,/trendyolmilla/gri-tuylu-renk-bloklu-triko-hirka-twoaw22hi0048-p-251822342,Hırka
412,810584847,TRENDYOLMİLLA,Yeşil Crop Çizgili Triko Hırka TWOAW24HI00293,420.99,0,/trendyolmilla/yesil-crop-cizgili-triko-hirka-twoaw24hi00293-p-810584847,Hırka
413,661551182,TRENDYOLMİLLA,Ekru Geniş Kalıp Midi Tüylü Triko Hırka TWOAW24HI00107,196.99,82,/trendyolmilla/ekru-genis-kalip-midi-tuylu-triko-hirka-twoaw24hi00107-p-661551182,Hırka
414,708568344,TRENDYOLMİLLA,Mint Kapüşonlu Buklet Triko Hırka TWOAW24HI00370,423.99,150,/trendyolmilla/mint-kapusonlu-buklet-triko-hirka-twoaw24hi00370-p-708568344,Hırka
415,811341062,TRENDYOLMİLLA,Ekru Buklet İplikli Desenli Triko Hırka TWOAW24HI00277,401.99,0,/trendyolmilla/ekru-buklet-iplikli-desenli-triko-hirka-twoaw24hi00277-p-811341062,Hırka
416,811398155,TRENDYOLMİLLA,Lime Crop Yumuşak Dokulu Triko Hırka TWOAW23HI00272,377.99,0,/trendyolmilla/lime-crop-yumusak-dokulu-triko-hirka-twoaw23hi00272-p-811398155,Hırka
417,811074696,TRENDYOLMİLLA,Mint Devrik Yaka Fermuarlı Triko Hırka TWOAW24HI00072,469.99,1,/trendyolmilla/mint-devrik-yaka-fermuarli-triko-hirka-twoaw24hi00072-p-811074696,Hırka
418,696897959,TRENDYOLMİLLA,Taş Buklet İplikli Renk Bloklu Triko Hırka TWOAW24HI00317,421.99,72,/trendyolmilla/tas-buklet-iplikli-renk-bloklu-triko-hirka-twoaw24hi00317-p-696897959,Hırka
419,645555949,TRENDYOLMİLLA,Siyah Yumuşak Dokulu Mücevher Düğmeli Triko Hırka TWOAW22HI0044,421.99,77,/trendyolmilla/siyah-yumusak-dokulu-mucevher-dugmeli-triko-hirka-twoaw22hi0044-p-645555949,Hırka
420,683438911,TRENDYOLMİLLA,Petrol Yumuşak Dokulu V Yaka Triko Hırka TWOAW24HI00282,378.99,72,/trendyolmilla/petrol-yumusak-dokulu-v-yaka-triko-hirka-twoaw24hi00282-p-683438911,Hırka
421,245053324,TRENDYOLMİLLA,Kırmızı Yumuşak Dokulu Polo Yaka Triko Hırka TWOAW20HI0070,340.99,208,/trendyolmilla/kirmizi-yumusak-dokulu-polo-yaka-triko-hirka-twoaw20hi0070-p-245053324,Hırka
422,814879085,TRENDYOLMİLLA,Taş Yumuşak Dokulu Triko Hırka TWOAW25HI00140,513.99,0,/trendyolmilla/tas-yumusak-dokulu-triko-hirka-twoaw25hi00140-p-814879085,Hırka
423,754201687,TRENDYOLMİLLA,Pembe Devrik Yaka Fermuarlı Triko Hırka TWOAW24HI00072,458.99,88,/trendyolmilla/pembe-devrik-yaka-fermuarli-triko-hirka-twoaw24hi00072-p-754201687,Hırka
424,811401848,TRENDYOLMİLLA,Antrasit Tüylü/Sakal İp Triko Hırka TWOAW22HI0055,550.99,0,/trendyolmilla/antrasit-tuylu-sakal-ip-triko-hirka-twoaw22hi0055-p-811401848,Hırka
425,758109041,TRENDYOLMİLLA,Pembe Bisiklet Yaka Triko Hırka TWOAW24HI00337,450.99,87,/trendyolmilla/pembe-bisiklet-yaka-triko-hirka-twoaw24hi00337-p-758109041,Hırka
426,645529562,TRENDYOLMİLLA,Haki Crop Fermuarlı Triko Hırka TWOAW23HI00373,439.99,67,/trendyolmilla/haki-crop-fermuarli-triko-hirka-twoaw23hi00373-p-645529562,Hırka
427,470237941,TRENDYOLMİLLA,Lacivert Yumuşak Dokulu Aksesuarlı Triko Hırka TWOAW24HI00023,436.99,163,/trendyolmilla/lacivert-yumusak-dokulu-aksesuarli-triko-hirka-twoaw24hi00023-p-470237941,Hırka
428,470237936,TRENDYOLMİLLA,Ekru Yumuşak Dokulu Aksesuarlı Triko Hırka TWOAW24HI00023,430.99,133,/trendyolmilla/ekru-yumusak-dokulu-aksesuarli-triko-hirka-twoaw24hi00023-p-470237936,Hırka
429,400993016,TRENDYOLMİLLA,Siyah Geniş Kalıp Yumuşak Dokulu Çizgili Triko Hırka TWOAW23HI00191,429.99,81,/trendyolmilla/siyah-genis-kalip-yumusak-dokulu-cizgili-triko-hirka-twoaw23hi00191-p-400993016,Hırka
430,683992916,TRENDYOLMİLLA,Ekru Crop Çizgili Triko Hırka TWOAW24HI00293,385.99,132,/trendyolmilla/ekru-crop-cizgili-triko-hirka-twoaw24hi00293-p-683992916,Hırka
431,95264727,TRENDYOLMİLLA,Antrasit Yumuşak Dokulu Mücevher Düğmeli Triko Hırka TWOAW22HI0044,431.99,2295,/trendyolmilla/antrasit-yumusak-dokulu-mucevher-dugmeli-triko-hirka-twoaw22hi0044-p-95264727,Hırka
432,647272396,TRENDYOLMİLLA,Kahverengi Geniş Kalıp Çizgili Triko Hırka TWOAW23HI00261,397.99,36,/trendyolmilla/kahverengi-genis-kalip-cizgili-triko-hirka-twoaw23hi00261-p-647272396,Hırka
433,827765244,TRENDYOLMİLLA,Ekru Ajurlu Triko Hırka TWOSS24HI00026,399.99,1,/trendyolmilla/ekru-ajurlu-triko-hirka-twoss24hi00026-p-827765244,Hırka
434,814566764,TRENDYOLMİLLA,Siyah Bisiklet Yaka Triko Hırka TWOAW25HI00066,438.99,0,/trendyolmilla/siyah-bisiklet-yaka-triko-hirka-twoaw25hi00066-p-814566764,Hırka
435,736540344,TRENDYOLMİLLA,Gri Cep Detaylı Triko Hırka TWOAW24HI00381,332.99,71,/trendyolmilla/gri-cep-detayli-triko-hirka-twoaw24hi00381-p-736540344,Hırka
436,286152089,TRENDYOLMİLLA,Kırmızı Crop Fermuarlı %100 Pamuk Basic Triko Hırka TWOAW23HI00471,448.99,185,/trendyolmilla/kirmizi-crop-fermuarli-100-pamuk-basic-triko-hirka-twoaw23hi00471-p-286152089,Hırka
437,645600684,TRENDYOLMİLLA,Turuncu Crop Düğme Detaylı Polo Yaka Triko Hırka TWOAW22HI0448,433.99,49,/trendyolmilla/turuncu-crop-dugme-detayli-polo-yaka-triko-hirka-twoaw22hi0448-p-645600684,Hırka
438,696897958,TRENDYOLMİLLA,Ekru Buklet İplikli Renk Bloklu Triko Hırka TWOAW24HI00317,407.99,92,/trendyolmilla/ekru-buklet-iplikli-renk-bloklu-triko-hirka-twoaw24hi00317-p-696897958,Hırka
439,131080502,TRENDYOL MODEST,Antrasit Düğmeli V Yaka Yumuşak Triko Hırka TCTAW22HI0397,499.99,804,/trendyol-modest/antrasit-dugmeli-v-yaka-yumusak-triko-hirka-tctaw22hi0397-p-131080502,Hırka
440,128804691,TRENDYOLMİLLA,Pembe Crop Yumuşak Dokulu Dik Yaka Triko Hırka TWOAW22HI0174,396.99,690,/trendyolmilla/pembe-crop-yumusak-dokulu-dik-yaka-triko-hirka-twoaw22hi0174-p-128804691,Hırka
441,809015862,TRENDYOLMİLLA,Ekru Pamuk Karışımlı T-Shirt Görünümlü Triko Hırka TWOSS24HI00017,392.99,3,/trendyolmilla/ekru-pamuk-karisimli-t-shirt-gorunumlu-triko-hirka-twoss24hi00017-p-809015862,Hırka
442,673759601,TRENDYOLMİLLA,Taş Crop Dokuma Garni Detaylı Triko Hırka TWOAW24HI00221,495.99,33,/trendyolmilla/tas-crop-dokuma-garni-detayli-triko-hirka-twoaw24hi00221-p-673759601,Hırka
443,811397135,TRENDYOLMİLLA,Siyah Crop Renk Bloklu Triko Hırka TWOAW23HI00550,461.99,1,/trendyolmilla/siyah-crop-renk-bloklu-triko-hirka-twoaw23hi00550-p-811397135,Hırka
444,286152083,TRENDYOLMİLLA,Ekru Crop Fermuarlı %100 Pamuk Basic Triko Hırka TWOAW23HI00471,448.99,137,/trendyolmilla/ekru-crop-fermuarli-100-pamuk-basic-triko-hirka-twoaw23hi00471-p-286152083,Hırka
445,246476983,TRENDYOLMİLLA,Siyah Yumuşak Dokulu Mücevher Düğmeli Triko Hırka TWOAW21HI0034,446.99,375,/trendyolmilla/siyah-yumusak-dokulu-mucevher-dugmeli-triko-hirka-twoaw21hi0034-p-246476983,Hırka
446,661629814,TRENDYOLMİLLA,Lacivert Yumuşak Dokulu Fermuarlı Renk Bloklu Triko Hırka TWOAW24HI00102,425.99,199,/trendyolmilla/lacivert-yumusak-dokulu-fermuarli-renk-bloklu-triko-hirka-twoaw24hi00102-p-661629814,Hırka
447,754167329,TRENDYOLMİLLA,Vizon Geniş Kalıp Polo Yaka Buklet Triko Hırka TWOAW24HI00177,511.99,130,/trendyolmilla/vizon-genis-kalip-polo-yaka-buklet-triko-hirka-twoaw24hi00177-p-754167329,Hırka
448,832541098,TRENDYOLMİLLA,Ekru Nakış İşlemeli Triko Hırka TWOSS24HI00027,308.99,5,/trendyolmilla/ekru-nakis-islemeli-triko-hirka-twoss24hi00027-p-832541098,Hırka
449,680384821,TRENDYOLMİLLA,Siyah Buklet İplikli Desenli Triko Hırka TWOAW24HI00277,401.99,66,/trendyolmilla/siyah-buklet-iplikli-desenli-triko-hirka-twoaw24hi00277-p-680384821,Hırka
450,131080498,TRENDYOL MODEST,Mavi Düğmeli V Yaka Yumuşak Triko Hırka TCTAW22HI0397,499.99,1486,/trendyol-modest/mavi-dugmeli-v-yaka-yumusak-triko-hirka-tctaw22hi0397-p-131080498,Hırka
451,645555955,TRENDYOLMİLLA,Turuncu Yumuşak Dokulu Mücevher Düğmeli Triko Hırka TWOAW22HI0044,431.99,107,/trendyolmilla/turuncu-yumusak-dokulu-mucevher-dugmeli-triko-hirka-twoaw22hi0044-p-645555955,Hırka
452,279901130,TRENDYOLMİLLA,Ekru Crop Fermuar Detaylı Triko Hırka TWOAW23HI00373,442.99,352,/trendyolmilla/ekru-crop-fermuar-detayli-triko-hirka-twoaw23hi00373-p-279901130,Hırka
453,56817952,TRENDYOLMİLLA,Pudra Nakışlı Triko Hırka TWOAW21HI0628,447.99,2260,/trendyolmilla/pudra-nakisli-triko-hirka-twoaw21hi0628-p-56817952,Hırka
454,652520813,TRENDYOLMİLLA,Lacivert Yumuşak Dokulu Havuz Yaka Triko Hırka TWOAW24HI00060,456.99,65,/trendyolmilla/lacivert-yumusak-dokulu-havuz-yaka-triko-hirka-twoaw24hi00060-p-652520813,Hırka
455,661717220,TRENDYOLMİLLA,Siyah Yumuşak Dokulu Fermuarlı Triko Hırka TWOAW24HI00092,467.99,108,/trendyolmilla/siyah-yumusak-dokulu-fermuarli-triko-hirka-twoaw24hi00092-p-661717220,Hırka
456,822718371,TRENDYOLMİLLA,Taş Yumuşak Dokulu Degrade Triko Hırka TWOAW24HI00052,386.99,1,/trendyolmilla/tas-yumusak-dokulu-degrade-triko-hirka-twoaw24hi00052-p-822718371,Hırka
457,815786654,TRENDYOLMİLLA,Pembe Bağlama Detaylı Triko Hırka TWOAW25HI00128,478.99,0,/trendyolmilla/pembe-baglama-detayli-triko-hirka-twoaw25hi00128-p-815786654,Hırka
458,811401427,TRENDYOLMİLLA,Zümrüt Yeşili Düğmeli Triko Hırka TWOAW22HI0331,329.99,0,/trendyolmilla/zumrut-yesili-dugmeli-triko-hirka-twoaw22hi0331-p-811401427,Hırka
459,811388404,TRENDYOLMİLLA,Mavi Crop Düğme Detaylı Polo Yaka Triko Hırka TWOAW22HI0448,435.99,0,/trendyolmilla/mavi-crop-dugme-detayli-polo-yaka-triko-hirka-twoaw22hi0448-p-811388404,Hırka
460,811339671,TRENDYOLMİLLA,Mavi Crop Yaka Detaylı Triko Hırka TWOAW22HI0067,347.99,0,/trendyolmilla/mavi-crop-yaka-detayli-triko-hirka-twoaw22hi0067-p-811339671,Hırka
461,810992105,TRENDYOLMİLLA,Kırmızı Garni Detaylı Triko Hırka TWOAW23HI00291,541.99,0,/trendyolmilla/kirmizi-garni-detayli-triko-hirka-twoaw23hi00291-p-810992105,Hırka
462,810298819,TRENDYOLMİLLA,Siyah Crop Dokuma Garni Detaylı Triko Hırka TWOAW24HI00221,496.99,0,/trendyolmilla/siyah-crop-dokuma-garni-detayli-triko-hirka-twoaw24hi00221-p-810298819,Hırka
463,764554315,TRENDYOLMİLLA,Siyah Maxi Triko Hırka,455.99,64,/trendyolmilla/siyah-maxi-triko-hirka-p-764554315,Hırka
464,754202140,TRENDYOLMİLLA,Pudra Devrik Yaka Triko Hırka TWOAW24HI00284,377.99,23,/trendyolmilla/pudra-devrik-yaka-triko-hirka-twoaw24hi00284-p-754202140,Hırka
465,746518915,TRENDYOLMİLLA,Ekru Gold Düğmeli Peluş Crop Örme Hırka TWOAW24HI00412,452.99,418,/trendyolmilla/ekru-gold-dugmeli-pelus-crop-orme-hirka-twoaw24hi00412-p-746518915,Hırka
466,716168606,TRENDYOLMİLLA,Haki Bisiklet Yaka Triko Hırka TWOAW24HI00337,446.99,136,/trendyolmilla/haki-bisiklet-yaka-triko-hirka-twoaw24hi00337-p-716168606,Hırka
467,684017068,TRENDYOLMİLLA,Ekru Yumuşak Dokulu Kontrast Renklı Triko Hırka TWOAW24HI00297,396.99,81,/trendyolmilla/ekru-yumusak-dokulu-kontrast-renkli-triko-hirka-twoaw24hi00297-p-684017068,Hırka
468,683438908,TRENDYOLMİLLA,Ekru Yumuşak Dokulu V Yaka Triko Hırka TWOAW24HI00282,377.99,181,/trendyolmilla/ekru-yumusak-dokulu-v-yaka-triko-hirka-twoaw24hi00282-p-683438908,Hırka
469,666074371,TRENDYOLMİLLA,Açık Gri Yumuşak Dokulu Mücevher Düğmeli Triko Hırka TWOAW21HI0034,440.99,41,/trendyolmilla/acik-gri-yumusak-dokulu-mucevher-dugmeli-triko-hirka-twoaw21hi0034-p-666074371,Hırka
470,665685331,TRENDYOLMİLLA,Bej Yumuşak Dokulu Triko Hırka TWOAW24HI00198,368.99,74,/trendyolmilla/bej-yumusak-dokulu-triko-hirka-twoaw24hi00198-p-665685331,Hırka
471,660385462,TRENDYOLMİLLA,Taş Geniş Kalıp Yumuşak Dokulu Cep Detaylı Triko Hırka TWOAW24HI00133,397.99,89,/trendyolmilla/tas-genis-kalip-yumusak-dokulu-cep-detayli-triko-hirka-twoaw24hi00133-p-660385462,Hırka
472,652731154,TRENDYOLMİLLA,Ekru Yumuşak Dokulu Aksesuarlı Triko Hırka TWOAW24HI00039,421.99,57,/trendyolmilla/ekru-yumusak-dokulu-aksesuarli-triko-hirka-twoaw24hi00039-p-652731154,Hırka
473,652731151,TRENDYOLMİLLA,Siyah Yumuşak Dokulu Aksesuarlı Triko Hırka TWOAW24HI00039,421.99,59,/trendyolmilla/siyah-yumusak-dokulu-aksesuarli-triko-hirka-twoaw24hi00039-p-652731151,Hırka
474,641788086,TRENDYOLMİLLA,Siyah Basic Yumuşak Dokulu Triko Hırka TWOAW20HI0213,398.99,52,/trendyolmilla/siyah-basic-yumusak-dokulu-triko-hirka-twoaw20hi0213-p-641788086,Hırka
475,640544912,TRENDYOLMİLLA,Siyah Süper Crop Fitilli Triko Hırka TWOAW23HI00519,401.99,107,/trendyolmilla/siyah-super-crop-fitilli-triko-hirka-twoaw23hi00519-p-640544912,Hırka
476,400994867,TRENDYOLMİLLA,Siyah Crop Fermuarlı %100 Pamuk Basic Triko Hırka TWOAW23HI00471,446.99,54,/trendyolmilla/siyah-crop-fermuarli-100-pamuk-basic-triko-hirka-twoaw23hi00471-p-400994867,Hırka
477,279901128,TRENDYOLMİLLA,Siyah Crop Fermuar Detaylı Triko Hırka TWOAW23HI00373,438.99,334,/trendyolmilla/siyah-crop-fermuar-detayli-triko-hirka-twoaw23hi00373-p-279901128,Hırka
478,266450850,TRENDYOLMİLLA,Siyah Yumuşak Dokulu Çizgili Triko Hırka TWOAW23HI00266,356.99,3656,/trendyolmilla/siyah-yumusak-dokulu-cizgili-triko-hirka-twoaw23hi00266-p-266450850,Hırka
479,251827050,TRENDYOLMİLLA,Taş Crop Tüylü Triko Hırka TWOAW22HI0452,456.99,351,/trendyolmilla/tas-crop-tuylu-triko-hirka-twoaw22hi0452-p-251827050,Hırka
480,244820430,TRENDYOLMİLLA,Pembe Crop Triko Hırka TWOAW23HI00176,343.99,217,/trendyolmilla/pembe-crop-triko-hirka-twoaw23hi00176-p-244820430,Hırka
481,242774037,TRENDYOLMİLLA,Siyah Geniş Kalıp Triko Hırka TWOAW22HI0176,406.99,348,/trendyolmilla/siyah-genis-kalip-triko-hirka-twoaw22hi0176-p-242774037,Hırka
482,125434172,TRENDYOLMİLLA,Bej Polo Yaka Triko Hırka TWOAW22HI0241,313.99,3758,/trendyolmilla/bej-polo-yaka-triko-hirka-twoaw22hi0241-p-125434172,Hırka
483,110367096,TRENDYOLMİLLA,Pembe Crop Yaka Detaylı Triko Hırka TWOAW22HI0067,348.99,2822,/trendyolmilla/pembe-crop-yaka-detayli-triko-hirka-twoaw22hi0067-p-110367096,Hırka
484,43517744,TRENDYOLMİLLA,Camel Yumuşak Dokulu Crop Düğme Detaylı Triko Hırka,383.99,2417,/trendyolmilla/camel-yumusak-dokulu-crop-dugme-detayli-triko-hirka-p-43517744,Hırka
485,827810232,TRENDYOLMİLLA,Lacivert Fırfır Detaylı Bisiklet Yaka Triko Hırka TWOAW25HI00287,414.99,0,/trendyolmilla/lacivert-firfir-detayli-bisiklet-yaka-triko-hirka-twoaw25hi00287-p-827810232,Hırka
486,827795729,TRENDYOLMİLLA,Bej Astarlı Payet Detaylı Ceket Görünümlü Triko Hırka TWOAW25HI00292,718.99,0,/trendyolmilla/bej-astarli-payet-detayli-ceket-gorunumlu-triko-hirka-twoaw25hi00292-p-827795729,Hırka
487,827795727,TRENDYOLMİLLA,Siyah Astarlı Payet Detaylı Ceket Görünümlü Triko Hırka TWOAW25HI00292,718.99,0,/trendyolmilla/siyah-astarli-payet-detayli-ceket-gorunumlu-triko-hirka-twoaw25hi00292-p-827795727,Hırka
488,827554974,TRENDYOLMİLLA,Indigo Tüvit Görünümlü Triko Hırka TWOAW25HI00240,361.99,0,/trendyolmilla/indigo-tuvit-gorunumlu-triko-hirka-twoaw25hi00240-p-827554974,Hırka
489,827554973,TRENDYOLMİLLA,Kırmızı Tüvit Görünümlü Triko Hırka TWOAW25HI00240,361.99,0,/trendyolmilla/kirmizi-tuvit-gorunumlu-triko-hirka-twoaw25hi00240-p-827554973,Hırka
490,827554960,TRENDYOLMİLLA,Taş Yumuşak Dokulu Animal Desenli Triko Hırka TWOAW25HI00239,425.99,0,/trendyolmilla/tas-yumusak-dokulu-animal-desenli-triko-hirka-twoaw25hi00239-p-827554960,Hırka
491,822721210,TRENDYOLMİLLA,Siyah Crop Yumuşak Dokulu İnci Detaylı Triko Hırka TWOAW25HI00184,568.99,0,/trendyolmilla/siyah-crop-yumusak-dokulu-inci-detayli-triko-hirka-twoaw25hi00184-p-822721210,Hırka
492,822660880,TRENDYOLMİLLA,Bej Bisiklet Yaka Mont Triko Hırka TWOAW25HI00193,778.99,0,/trendyolmilla/bej-bisiklet-yaka-mont-triko-hirka-twoaw25hi00193-p-822660880,Hırka
493,822660872,TRENDYOLMİLLA,Lacivert Bisiklet Yaka Mont Triko Hırka TWOAW25HI00193,778.99,0,/trendyolmilla/lacivert-bisiklet-yaka-mont-triko-hirka-twoaw25hi00193-p-822660872,Hırka
494,822161982,TRENDYOLMİLLA,Koyu Gri Basic Düğmeli Triko Hırka TWOAW25HI00164,439.99,0,/trendyolmilla/koyu-gri-basic-dugmeli-triko-hirka-twoaw25hi00164-p-822161982,Hırka
495,822161980,TRENDYOLMİLLA,Ekru Basic Düğmeli Triko Hırka TWOAW25HI00164,439.99,0,/trendyolmilla/ekru-basic-dugmeli-triko-hirka-twoaw25hi00164-p-822161980,Hırka
496,822161345,TRENDYOLMİLLA,Gri Crop Kare Yaka Triko Hırka TWOAW25HI00178,392.99,0,/trendyolmilla/gri-crop-kare-yaka-triko-hirka-twoaw25hi00178-p-822161345,Hırka
497,822156668,TRENDYOLMİLLA,Taş Bisiklet Yaka Triko Hırka TWOAW25HI00173,494.99,0,/trendyolmilla/tas-bisiklet-yaka-triko-hirka-twoaw25hi00173-p-822156668,Hırka
498,822087823,TRENDYOLMİLLA,Antrasit Kürk Detaylı Triko Hırka TWOAW25HI00157,494.99,0,/trendyolmilla/antrasit-kurk-detayli-triko-hirka-twoaw25hi00157-p-822087823,Hırka
499,822087822,TRENDYOLMİLLA,Pudra Kürk Detaylı Triko Hırka TWOAW25HI00157,494.99,0,/trendyolmilla/pudra-kurk-detayli-triko-hirka-twoaw25hi00157-p-822087822,Hırka
500,816697321,TRENDYOLMİLLA,Taş Crop Renk Bloklu Dik Yaka Triko Hırka TWOAW24HI00238,359.99,0,/trendyolmilla/tas-crop-renk-bloklu-dik-yaka-triko-hirka-twoaw24hi00238-p-816697321,Hırka
501,812330144,TRENDYOLMİLLA,Ekru Polo Yaka Triko Hırka TWOAW25HI00055,574.99,0,/trendyolmilla/ekru-polo-yaka-triko-hirka-twoaw25hi00055-p-812330144,Hırka
502,810233898,TRENDYOLMİLLA,Sarı Nakışlı Triko Hırka TWOAW21HI0628,429.99,0,/trendyolmilla/sari-nakisli-triko-hirka-twoaw21hi0628-p-810233898,Hırka
503,825740773,Trendyol Curve,Siyah V Yaka Premium Yumuşak Kumaş Triko Hırka TBBAW25AV00014,503.99,0,/trendyol-curve/siyah-v-yaka-premium-yumusak-kumas-triko-hirka-tbbaw25av00014-p-825740773,Hırka
506,670212320,Trendyol Curve,Pembe Taş Detaylı Bluz-Hırka Triko Takım TBBAW24AV00010,785.99,30,/trendyol-curve/pembe-tas-detayli-bluz-hirka-triko-takim-tbbaw24av00010-p-670212320,Hırka
507,807914712,Trendyol Curve,Pudra Fitilli Örgülü İnce Triko Hırka TBBSS24AV00000,157.99,26,/trendyol-curve/pudra-fitilli-orgulu-ince-triko-hirka-tbbss24av00000-p-807914712,Hırka
508,289715866,Trendyol Curve,Pembe Çilek Desenli V Yaka Crop Triko Hırka,468.99,335,/trendyol-curve/pembe-cilek-desenli-v-yaka-crop-triko-hirka-p-289715866,Hırka
509,265973727,Trendyol Curve,Lacivert Renk Bloklu Triko Hırka TBBAW23AN00008,394.99,165,/trendyol-curve/lacivert-renk-bloklu-triko-hirka-tbbaw23an00008-p-265973727,Hırka
510,670214450,Trendyol Curve,Lacivert Çizgili Triko Hırka TBBAW24AV00004,454.99,146,/trendyol-curve/lacivert-cizgili-triko-hirka-tbbaw24av00004-p-670214450,Hırka
511,736308981,Trendyol Curve,Siyah Triko Büyük Beden Hırka TBBAW24AV00023,369.99,114,/trendyol-curve/siyah-triko-buyuk-beden-hirka-tbbaw24av00023-p-736308981,Hırka
512,819553745,Trendyol Curve,Siyah Triko Büyük Beden Hırka TBBAW25AV00011,590.99,0,/trendyol-curve/siyah-triko-buyuk-beden-hirka-tbbaw25av00011-p-819553745,Hırka
513,282536026,Trendyol Curve,Çok Renkli Desenli Triko Hırka TBBAW23AV00016,530.99,239,/trendyol-curve/cok-renkli-desenli-triko-hirka-tbbaw23av00016-p-282536026,Hırka
514,670214362,Trendyol Curve,Siyah Çizgili Triko Hırka TBBAW24AV00011,424.99,79,/trendyol-curve/siyah-cizgili-triko-hirka-tbbaw24av00011-p-670214362,Hırka
515,817920161,Trendyol Curve,Lime Denizci Yaka Düğmeli Triko Hırka TBBAW25AV00005,445.99,0,/trendyol-curve/lime-denizci-yaka-dugmeli-triko-hirka-tbbaw25av00005-p-817920161,Hırka
516,815542746,Trendyol Curve,Pembe Triko Büyük Beden Hırka TBBAW23AV00051,577.99,0,/trendyol-curve/pembe-triko-buyuk-beden-hirka-tbbaw23av00051-p-815542746,Hırka
517,669140782,Trendyol Curve,Ekru Kalp Desenli Triko Hırka TBBAW24AV00006,557.99,27,/trendyol-curve/ekru-kalp-desenli-triko-hirka-tbbaw24av00006-p-669140782,Hırka
518,307794047,Trendyol Curve,Siyah V Yaka Cepli Triko Hırka TBBAW23AV00038,454.99,181,/trendyol-curve/siyah-v-yaka-cepli-triko-hirka-tbbaw23av00038-p-307794047,Hırka
519,810133899,Trendyol Curve,Kırmızı V Yaka Bağlama Detaylı İnce Triko Hırka&Atlet Takım TBBAW23AV00047,413.99,0,/trendyol-curve/kirmizi-v-yaka-baglama-detayli-ince-triko-hirka-atlet-takim-tbbaw23av00047-p-810133899,Hırka
520,678514828,Trendyol Curve,Siyah Gold Düğme Detaylı Şeritli Triko Hırka TBBAW24AV00014,366.99,146,/trendyol-curve/siyah-gold-dugme-detayli-seritli-triko-hirka-tbbaw24av00014-p-678514828,Hırka
521,815524283,Trendyol Curve,Lacivert Triko Büyük Beden Hırka TBBAW23AV00084,439.99,0,/trendyol-curve/lacivert-triko-buyuk-beden-hirka-tbbaw23av00084-p-815524283,Hırka
522,669135495,Trendyol Curve,Ekru Saç Örgü Desenli Triko Hırka,461.99,73,/trendyol-curve/ekru-sac-orgu-desenli-triko-hirka-p-669135495,Hırka
523,819339605,Trendyol Curve,Yeşil Baklava Desenli V Yaka Triko Hırka TBBAW25AV00004,577.99,0,/trendyol-curve/yesil-baklava-desenli-v-yaka-triko-hirka-tbbaw25av00004-p-819339605,Hırka
524,655330251,Trendyol Curve,Gri Melanj Fitilli Yaka Detaylı Düğmeli Triko Hırka TBBAW23AV00084,435.99,45,/trendyol-curve/gri-melanj-fitilli-yaka-detayli-dugmeli-triko-hirka-tbbaw23av00084-p-655330251,Hırka
525,815567561,Trendyol Curve, Lacivert-Kırmızı Triko Büyük Beden Hırka TBBAW24AV00011,420.99,0,/trendyol-curve/lacivert-kirmizi-triko-buyuk-beden-hirka-tbbaw24av00011-p-815567561,Hırka
526,332479076,Trendyol Curve,Mavi V Yaka Bant Detaylı Düğmeli Triko Hırka TBBAW23AV00086,328.99,243,/trendyol-curve/mavi-v-yaka-bant-detayli-dugmeli-triko-hirka-tbbaw23av00086-p-332479076,Hırka
527,815548147,Trendyol Curve,Lacivert Kaplamalı Saç Örgülü Triko Hırka TBBAW24AV00033,648.99,1,/trendyol-curve/lacivert-kaplamali-sac-orgulu-triko-hirka-tbbaw24av00033-p-815548147,Hırka
528,768066956,Trendyol Curve,Gold Saç Örgülü Triko Hırka TBBAW24AV00033,647.99,32,/trendyol-curve/gold-sac-orgulu-triko-hirka-tbbaw24av00033-p-768066956,Hırka
529,817697274,Trendyol Curve,Krem Denizci Yaka Premium Yumuşak Kumaş Triko Hırka TBBAW25AV00007,577.99,1,/trendyol-curve/krem-denizci-yaka-premium-yumusak-kumas-triko-hirka-tbbaw25av00007-p-817697274,Hırka
530,313419477,Trendyol Curve,Indigo Kapüşonlu Fermuarlı Triko Hırka TBBAW23AV00051,571.99,220,/trendyol-curve/indigo-kapusonlu-fermuarli-triko-hirka-tbbaw23av00051-p-313419477,Hırka
531,279250173,Trendyol Curve,Antrasit Oversize Triko Hırka TBBAW23AV00017,494.99,360,/trendyol-curve/antrasit-oversize-triko-hirka-tbbaw23av00017-p-279250173,Hırka
532,678519566,Trendyol Curve,Ekru Peluş Düğme Kapamalı Triko Hırka TBBAW24AV00016,535.99,71,/trendyol-curve/ekru-pelus-dugme-kapamali-triko-hirka-tbbaw24av00016-p-678519566,Hırka
533,817919152,Trendyol Curve,Siyah Fermuarlı Geniş Yaka Triko Hırka TBBAW25AV00002,454.99,0,/trendyol-curve/siyah-fermuarli-genis-yaka-triko-hirka-tbbaw25av00002-p-817919152,Hırka
534,817919151,Trendyol Curve,Koyu Kırmızı Fermuarlı Geniş Yaka Triko Hırka TBBAW25AV00002,454.99,0,/trendyol-curve/koyu-kirmizi-fermuarli-genis-yaka-triko-hirka-tbbaw25av00002-p-817919151,Hırka
535,673761688,Trendyol Curve,Antrasit Taşlı Düğmeli Triko Hırka TBBAW24AV00019,449.99,60,/trendyol-curve/antrasit-tasli-dugmeli-triko-hirka-tbbaw24av00019-p-673761688,Hırka
536,655330253,Trendyol Curve,Mint Fitilli Yaka Detaylı Düğmeli Triko Hırka,441.99,37,/trendyol-curve/mint-fitilli-yaka-detayli-dugmeli-triko-hirka-p-655330253,Hırka
537,344172407,Trendyol Curve,Indigo Fitilli Yaka Detaylı Düğmeli Triko Hırka,435.99,197,/trendyol-curve/indigo-fitilli-yaka-detayli-dugmeli-triko-hirka-p-344172407,Hırka
538,328931061,Trendyol Curve,Taba Saç Örgü Detaylı V Yaka Düğmeli Triko Hırka TBBAW23AV00085,435.99,145,/trendyol-curve/taba-sac-orgu-detayli-v-yaka-dugmeli-triko-hirka-tbbaw23av00085-p-328931061,Hırka
539,737541088,Trendyol Curve,Ekru Çizgili Triko Hırka TBBAW24AV00028,382.99,56,/trendyol-curve/ekru-cizgili-triko-hirka-tbbaw24av00028-p-737541088,Hırka
540,670214553,Trendyol Curve, Lacivert-Kırmızı Çizgi Detaylı Triko Hırka TBBAW24AV00012,370.99,100,/trendyol-curve/lacivert-kirmizi-cizgi-detayli-triko-hirka-tbbaw24av00012-p-670214553,Hırka
541,815545601,Trendyol Curve,Siyah Taşlı Düğmeli Triko Hırka TBBAW24AV00019,454.99,0,/trendyol-curve/siyah-tasli-dugmeli-triko-hirka-tbbaw24av00019-p-815545601,Hırka
542,311984078,Trendyol Curve,Bej V Yaka Bağlama Detaylı İnce Triko Hırka&Atlet Takım TBBAW23AV00047,408.99,462,/trendyol-curve/bej-v-yaka-baglama-detayli-ince-triko-hirka-atlet-takim-tbbaw23av00047-p-311984078,Hırka
543,313419474,Trendyol Curve,Antrasit Kapüşonlu Fermuarlı Triko Hırka TBBAW23AV00051,577.99,210,/trendyol-curve/antrasit-kapusonlu-fermuarli-triko-hirka-tbbaw23av00051-p-313419474,Hırka
544,819551326,Trendyol Curve,Siyah Bisiklet Yaka Düğmeli Triko Hırka TBBAW25AV00013,459.99,1,/trendyol-curve/siyah-bisiklet-yaka-dugmeli-triko-hirka-tbbaw25av00013-p-819551326,Hırka
545,815544964,Trendyol Curve,Ekru Triko Büyük Beden Hırka TBBAW24AV00012,400.99,1,/trendyol-curve/ekru-triko-buyuk-beden-hirka-tbbaw24av00012-p-815544964,Hırka
546,262087707,Trendyol Curve,Siyah Tül Detaylı Triko Hırka TBBAW23AV00002,429.99,298,/trendyol-curve/siyah-tul-detayli-triko-hirka-tbbaw23av00002-p-262087707,Hırka
547,817920159,Trendyol Curve,Lacivert Denizci Yaka Düğmeli Triko Hırka TBBAW25AV00005,445.99,0,/trendyol-curve/lacivert-denizci-yaka-dugmeli-triko-hirka-tbbaw25av00005-p-817920159,Hırka
548,817702074,Trendyol Curve,Siyah V Yaka Kesik Detaylı Triko Hırka TBBAW25AV00006,580.99,0,/trendyol-curve/siyah-v-yaka-kesik-detayli-triko-hirka-tbbaw25av00006-p-817702074,Hırka
549,815532988,Trendyol Curve,Krem Triko Büyük Beden Hırka TBBAW24AV00014,363.99,0,/trendyol-curve/krem-triko-buyuk-beden-hirka-tbbaw24av00014-p-815532988,Hırka
