,ID,MARKA,URUN_NAME,FIYAT,RATE_COUNT,URUN_LINK,KATEGORI
0,800163899,TRENDYOLMİLLA,Siyah Vatkalı Dokuma Uzun Gece Abiye Elbise TPRSS24AE00087,612.99,228,/trendyolmilla/siyah-vatkali-dokuma-uzun-gece-abiye-elbise-tprss24ae00087-p-800163899,Mezuniyet Elbisesi
1,788675310,TRENDYOLMİLLA,Kırmızı Dokuma Şık Abiye Elbise TPRSS24AE00011,715.99,236,/trendyolmilla/kirmizi-dokuma-sik-abiye-elbise-tprss24ae00011-p-788675310,Mezuniyet Elbisesi
2,217397968,TRENDYOLMİLLA,Siyah Vücuda Oturan Astarlı Otrişli Dokuma Uzun Gece Abiye Elbise TPRSS22AE0095,682.99,5200,/trendyolmilla/siyah-vucuda-oturan-astarli-otrisli-dokuma-uzun-gece-abiye-elbise-tprss22ae0095-p-217397968,Mezuniyet Elbisesi
3,660272828,TRENDYOLMİLLA,X Zeynep Tosun Açık Yeşil Vücuda Oturan Dikiş Detaylı Abiye & Mezuniyet Elbisesi TCLSS23AE00010,384.99,584,/trendyolmilla/x-zeynep-tosun-acik-yesil-vucuda-oturan-dikis-detayli-abiye-mezuniyet-elbisesi-tclss23ae00010-p-660272828,Mezuniyet Elbisesi
4,660274893,TRENDYOLMİLLA,X Zeynep Tosun Açık Yeşil Volanlı Abiye & Mezuniyet Elbisesi TCLSS23AE00011,196.99,351,/trendyolmilla/x-zeynep-tosun-acik-yesil-volanli-abiye-mezuniyet-elbisesi-tclss23ae00011-p-660274893,Mezuniyet Elbisesi
5,822057923,TRENDYOLMİLLA,Saks Vücuda Oturan Drapeli Dokuma Uzun Şık Abiye Elbise TPRSS24AE00226,522.99,31,/trendyolmilla/saks-vucuda-oturan-drapeli-dokuma-uzun-sik-abiye-elbise-tprss24ae00226-p-822057923,Mezuniyet Elbisesi
6,805254457,TRENDYOLMİLLA,Siyah Yırtmaç Detaylı Dokuma Uzun Şık Abiye Elbise TPRSS24AE00121,686.99,95,/trendyolmilla/siyah-yirtmac-detayli-dokuma-uzun-sik-abiye-elbise-tprss24ae00121-p-805254457,Mezuniyet Elbisesi
7,828051208,TRENDYOLMİLLA,Bakır A-Kesim Parıltılı Dokuma Uzun Şık Abiye Elbise TPRSS24AE00240,3138.99,1,/trendyolmilla/bakir-a-kesim-pariltili-dokuma-uzun-sik-abiye-elbise-tprss24ae00240-p-828051208,Mezuniyet Elbisesi
8,35160248,TRENDYOLMİLLA,Mürdüm A-Kesim Dokuma Uzun Gece Abiye Elbise TPRSS19FZ0511,663.99,3066,/trendyolmilla/murdum-a-kesim-dokuma-uzun-gece-abiye-elbise-tprss19fz0511-p-35160248,Mezuniyet Elbisesi
9,40056578,TRENDYOLMİLLA,Saks Detaylı Dokuma Uzun Gece Abiye Elbise TPRSS20AE0274,587.99,1890,/trendyolmilla/saks-detayli-dokuma-uzun-gece-abiye-elbise-tprss20ae0274-p-40056578,Mezuniyet Elbisesi
10,660227548,TRENDYOLMİLLA,X Zeynep Tosun Gri Vücuda Oturan Astarlı Zincir Detaylı Abiye & Mezuniyet Elbisesi TCLSS23AE00000,1151.99,672,/trendyolmilla/x-zeynep-tosun-gri-vucuda-oturan-astarli-zincir-detayli-abiye-mezuniyet-elbisesi-tclss23ae00000-p-660227548,Mezuniyet Elbisesi
11,796292462,TRENDYOLMİLLA,Kırmızı Fiyonk Detaylı Dokuma Uzun Gece Abiye Elbise TPRSS24AE00073,639.99,104,/trendyolmilla/kirmizi-fiyonk-detayli-dokuma-uzun-gece-abiye-elbise-tprss24ae00073-p-796292462,Mezuniyet Elbisesi
12,770255914,TRENDYOLMİLLA,Lacivert Yaka Detaylı Dokuma Abiye Gece Elbise TPRSS21AE0121,716.99,50,/trendyolmilla/lacivert-yaka-detayli-dokuma-abiye-gece-elbise-tprss21ae0121-p-770255914,Mezuniyet Elbisesi
13,804300805,TRENDYOLMİLLA,Siyah Aksesuarlı Dokuma Uzun Gece Abiye Elbise TPRSS24AE00127,469.99,43,/trendyolmilla/siyah-aksesuarli-dokuma-uzun-gece-abiye-elbise-tprss24ae00127-p-804300805,Mezuniyet Elbisesi
14,672067212,TRENDYOLMİLLA,X Zeynep Tosun Fuşya Vücuda Oturan Korse Detaylı Abiye & Mezuniyet Elbisesi TCLSS23AE00013,359.99,350,/trendyolmilla/x-zeynep-tosun-fusya-vucuda-oturan-korse-detayli-abiye-mezuniyet-elbisesi-tclss23ae00013-p-672067212,Mezuniyet Elbisesi
15,801747715,TRENDYOLMİLLA,Pudra Dokuma Şık Abiye Elbise TPRSS24AE00110,1443.99,18,/trendyolmilla/pudra-dokuma-sik-abiye-elbise-tprss24ae00110-p-801747715,Mezuniyet Elbisesi
16,811535845,TRENDYOLMİLLA,X Zeynep Tosun Siyah Cut Out ve Aksesuar Detaylı Uzun Gece Abiye & Mezuniyet Elbisesi TCLSS24AE00001,794.99,29,/trendyolmilla/x-zeynep-tosun-siyah-cut-out-ve-aksesuar-detayli-uzun-gece-abiye-mezuniyet-elbisesi-tclss24ae00001-p-811535845,Mezuniyet Elbisesi
17,800163898,TRENDYOLMİLLA,Petrol Vatkalı Dokuma Uzun Gece Abiye Elbise TPRSS24AE00087,672.99,91,/trendyolmilla/petrol-vatkali-dokuma-uzun-gece-abiye-elbise-tprss24ae00087-p-800163898,Mezuniyet Elbisesi
18,517601585,TRENDYOLMİLLA,Siyah Tek Omuz Dokuma Uzun Gece Abiye Elbise TPRSS23AE00228,733.99,281,/trendyolmilla/siyah-tek-omuz-dokuma-uzun-gece-abiye-elbise-tprss23ae00228-p-517601585,Mezuniyet Elbisesi
19,816758950,TRENDYOLMİLLA,Zümrüt Yeşili Vücuda Oturan Dokuma Uzun Gece Abiye Elbise TPRSS24AE00007,321.99,3,/trendyolmilla/zumrut-yesili-vucuda-oturan-dokuma-uzun-gece-abiye-elbise-tprss24ae00007-p-816758950,Mezuniyet Elbisesi
20,808016177,TRENDYOLMİLLA,Kırmızı A-Kesim Dokuma Abiye & Mezuniyet Elbise TPRSS24AE00163,757.99,64,/trendyolmilla/kirmizi-a-kesim-dokuma-abiye-mezuniyet-elbise-tprss24ae00163-p-808016177,Mezuniyet Elbisesi
21,808016176,TRENDYOLMİLLA,Siyah A-Kesim Dokuma Abiye & Mezuniyet Elbise TPRSS24AE00163,796.99,75,/trendyolmilla/siyah-a-kesim-dokuma-abiye-mezuniyet-elbise-tprss24ae00163-p-808016176,Mezuniyet Elbisesi
22,793691401,TRENDYOLMİLLA,Limited Edition Siyah Vücuda Oturan Aksesuarlı Örme Uzun Gece Abiye Elbise TPRSS24AE00046,169.99,69,/trendyolmilla/limited-edition-siyah-vucuda-oturan-aksesuarli-orme-uzun-gece-abiye-elbise-tprss24ae00046-p-793691401,Mezuniyet Elbisesi
23,805256619,TRENDYOLMİLLA,Siyah Dokuma Uzun Abiye Elbise TPRSS24AE00131,512.99,36,/trendyolmilla/siyah-dokuma-uzun-abiye-elbise-tprss24ae00131-p-805256619,Mezuniyet Elbisesi
48,217398045,TRENDYOLMİLLA,Bridal Ekru Vücuda Oturan Astarlı Otrişli Dokuma Düğün/Nikah Uzun Gece Abiye Elbise TPRSS22AE0095,280.99,1712,/trendyolmilla/bridal-ekru-vucuda-oturan-astarli-otrisli-dokuma-dugun-nikah-uzun-gece-abiye-elbise-tprss22ae0095-p-217398045,Mezuniyet Elbisesi
49,671987830,TRENDYOLMİLLA,X Zeynep Tosun Turuncu-Fuşya Güneş Aksesuar Detaylı Taşlı Elbise TCLSS23AE00008,479.99,241,/trendyolmilla/x-zeynep-tosun-turuncu-fusya-gunes-aksesuar-detayli-tasli-elbise-tclss23ae00008-p-671987830,Mezuniyet Elbisesi
50,218373947,TRENDYOLMİLLA,Siyah Örme Uzun Gece Abiye Elbise TPRSS22AE0112,533.99,545,/trendyolmilla/siyah-orme-uzun-gece-abiye-elbise-tprss22ae0112-p-218373947,Mezuniyet Elbisesi
51,805254453,TRENDYOLMİLLA,Bordo Dokuma Uzun Şık Abiye Elbise TPRSS24AE00121,626.99,65,/trendyolmilla/bordo-dokuma-uzun-sik-abiye-elbise-tprss24ae00121-p-805254453,Mezuniyet Elbisesi
52,131451700,TRENDYOLMİLLA,Siyah A-Kesim Dokuma Uzun Gece Abiye Elbise TPRSS19FZ0511,667.99,2502,/trendyolmilla/siyah-a-kesim-dokuma-uzun-gece-abiye-elbise-tprss19fz0511-p-131451700,Mezuniyet Elbisesi
53,660274890,TRENDYOLMİLLA,X Zeynep Tosun Siyah Volanlı Abiye & Mezuniyet Elbisesi TCLSS23AE00011,441.99,303,/trendyolmilla/x-zeynep-tosun-siyah-volanli-abiye-mezuniyet-elbisesi-tclss23ae00011-p-660274890,Mezuniyet Elbisesi
54,40187442,TRENDYOLMİLLA,Siyah Aksesuar Detaylı Dokuma Uzun Gece Abiye Elbise TPRSS20AE0321,683.99,1749,/trendyolmilla/siyah-aksesuar-detayli-dokuma-uzun-gece-abiye-elbise-tprss20ae0321-p-40187442,Mezuniyet Elbisesi
55,788675311,TRENDYOLMİLLA,Bridal Beyaz Gül Detaylı Dokuma Şık Abiye Elbise TPRSS24AE00011,596.99,134,/trendyolmilla/bridal-beyaz-gul-detayli-dokuma-sik-abiye-elbise-tprss24ae00011-p-788675311,Mezuniyet Elbisesi
56,772553888,TRENDYOLMİLLA,Fuşya A-Kesim Astarlı Pencere/Cut Out Detaylı Degrade Dokuma Şifon Abiye Elbise TPRSS23AE00077,697.99,56,/trendyolmilla/fusya-a-kesim-astarli-pencere-cut-out-detayli-degrade-dokuma-sifon-abiye-elbise-tprss23ae00077-p-772553888,Mezuniyet Elbisesi
57,805592882,TRENDYOLMİLLA,Açık Pembe Vücuda Oturan Otrişli Dokuma Gece Abiye Elbise TPRSS22AE0095,528.99,54,/trendyolmilla/acik-pembe-vucuda-oturan-otrisli-dokuma-gece-abiye-elbise-tprss22ae0095-p-805592882,Mezuniyet Elbisesi
58,192321435,TRENDYOLMİLLA,Kırmızı Yaka Detaylı Dokuma Uzun Gece Abiye Elbise TPRSS21AE0121,689.99,734,/trendyolmilla/kirmizi-yaka-detayli-dokuma-uzun-gece-abiye-elbise-tprss21ae0121-p-192321435,Mezuniyet Elbisesi
59,370977161,TRENDYOLMİLLA,Siyah Dokuma Uzun Gece Abiye Elbise TPRSS23AE00005,490.99,266,/trendyolmilla/siyah-dokuma-uzun-gece-abiye-elbise-tprss23ae00005-p-370977161,Mezuniyet Elbisesi
60,800185328,TRENDYOLMİLLA,Çok Renkli A-Kesim Çiçekli Dokuma Şifon Uzun Abiye Elbise TPRSS24AE00094,827.99,52,/trendyolmilla/cok-renkli-a-kesim-cicekli-dokuma-sifon-uzun-abiye-elbise-tprss24ae00094-p-800185328,Mezuniyet Elbisesi
61,444515133,TRENDYOLMİLLA,Zümrüt Yeşili A-Kesim Dokuma Uzun Gece Abiye Elbise TPRSS23AE00095,355.99,270,/trendyolmilla/zumrut-yesili-a-kesim-dokuma-uzun-gece-abiye-elbise-tprss23ae00095-p-444515133,Mezuniyet Elbisesi
62,791866650,TRENDYOLMİLLA,Yağ Yeşili A-Kesim Kuşaklı Astalı Örme Uzun Gece Abiye Elbise TPRSS24AE00020,750.99,33,/trendyolmilla/yag-yesili-a-kesim-kusakli-astali-orme-uzun-gece-abiye-elbise-tprss24ae00020-p-791866650,Mezuniyet Elbisesi
63,822067481,TRENDYOLMİLLA,Zümrüt Yeşili Tek Omuz Dokuma Saten Abiye & Mezuniyet Elbise TPRSS24AE00231,445.99,3,/trendyolmilla/zumrut-yesili-tek-omuz-dokuma-saten-abiye-mezuniyet-elbise-tprss24ae00231-p-822067481,Mezuniyet Elbisesi
64,88286059,TRENDYOLMİLLA,Siyah Pencere/Cut Out Detaylı Dokuma Uzun Gece Abiye Elbise TPRSS21AE0066,487.99,2059,/trendyolmilla/siyah-pencere-cut-out-detayli-dokuma-uzun-gece-abiye-elbise-tprss21ae0066-p-88286059,Mezuniyet Elbisesi
65,796293934,TRENDYOLMİLLA,Siyah Vücuda Oturan Korse Detaylı Dokuma Düğün/Nikah Uzun Gece Abiye Elbise TPRSS24AE00069,660.99,35,/trendyolmilla/siyah-vucuda-oturan-korse-detayli-dokuma-dugun-nikah-uzun-gece-abiye-elbise-tprss24ae00069-p-796293934,Mezuniyet Elbisesi
66,799401806,TRENDYOLMİLLA,Mavi Vücuda Oturan Degaje Yaka Dokuma Uzun Gece Abiye Elbise TPRSS24AE00083,496.99,30,/trendyolmilla/mavi-vucuda-oturan-degaje-yaka-dokuma-uzun-gece-abiye-elbise-tprss24ae00083-p-799401806,Mezuniyet Elbisesi
67,799401807,TRENDYOLMİLLA,Siyah Vücuda Oturan Degaje Yaka Dokuma Uzun Gece Abiye Elbise TPRSS24AE00083,570.99,29,/trendyolmilla/siyah-vucuda-oturan-degaje-yaka-dokuma-uzun-gece-abiye-elbise-tprss24ae00083-p-799401807,Mezuniyet Elbisesi
68,128345444,TRENDYOLMİLLA,Zümrüt Yeşili Astarlı Örme Uzun Gece Abiye Elbise TPRSS19UT0099,490.99,2992,/trendyolmilla/zumrut-yesili-astarli-orme-uzun-gece-abiye-elbise-tprss19ut0099-p-128345444,Mezuniyet Elbisesi
69,806912930,TRENDYOLMİLLA,Siyah A-Kesim Dokuma Şifon Uzun Gece Abiye Elbise TPRSS24AE0016,550.99,27,/trendyolmilla/siyah-a-kesim-dokuma-sifon-uzun-gece-abiye-elbise-tprss24ae0016-p-806912930,Mezuniyet Elbisesi
70,792748111,TRENDYOLMİLLA,Lacivert Tek Kol Örme Payet Uzun Gece Abiye Elbise TPRSS24AE00028,862.99,34,/trendyolmilla/lacivert-tek-kol-orme-payet-uzun-gece-abiye-elbise-tprss24ae00028-p-792748111,Mezuniyet Elbisesi
71,226087378,TRENDYOLMİLLA,Tarçın Yaka Detaylı Örme Uzun Gece Abiye Elbise TPRSS22AE00003,562.99,776,/trendyolmilla/tarcin-yaka-detayli-orme-uzun-gece-abiye-elbise-tprss22ae00003-p-226087378,Mezuniyet Elbisesi
72,795313072,TRENDYOLMİLLA,Pembe Vücuda Oturan Çiçek Detaylı Dokuma Uzun Gece Abiye Elbise TPRSS24AE00051,364.99,21,/trendyolmilla/pembe-vucuda-oturan-cicek-detayli-dokuma-uzun-gece-abiye-elbise-tprss24ae00051-p-795313072,Mezuniyet Elbisesi
73,86795493,TRENDYOLMİLLA,Mürdüm Yaka Detaylı Dokuma Uzun Gece Abiye Elbise TPRSS21AE0045,646.99,1332,/trendyolmilla/murdum-yaka-detayli-dokuma-uzun-gece-abiye-elbise-tprss21ae0045-p-86795493,Mezuniyet Elbisesi
74,775722156,TRENDYOLMİLLA,Zümrüt Yeşlili A-Kesim Dokuma Abiye Gece Elbise TPRSS19FZ0511,713.99,28,/trendyolmilla/zumrut-yeslili-a-kesim-dokuma-abiye-gece-elbise-tprss19fz0511-p-775722156,Mezuniyet Elbisesi
75,822082413,TRENDYOLMİLLA,Siyah A-Kesim Carmen Yaka Dokuma Şifon Abiye & Mezuniyet Elbise TPRSS24AE00222,764.99,25,/trendyolmilla/siyah-a-kesim-carmen-yaka-dokuma-sifon-abiye-mezuniyet-elbise-tprss24ae00222-p-822082413,Mezuniyet Elbisesi
76,218373946,TRENDYOLMİLLA,Bordo Örme Uzun Gece Abiye Elbise TPRSS22AE0112,495.99,1056,/trendyolmilla/bordo-orme-uzun-gece-abiye-elbise-tprss22ae0112-p-218373946,Mezuniyet Elbisesi
77,822058825,TRENDYOLMİLLA,Mor A-Kesim Dokuma Saten Uzun Abiye & Mezuniyet Elbise TPRSS24AE00227,390.99,3,/trendyolmilla/mor-a-kesim-dokuma-saten-uzun-abiye-mezuniyet-elbise-tprss24ae00227-p-822058825,Mezuniyet Elbisesi
78,95800440,TRENDYOLMİLLA,Siyah Yaka Detaylı Dokuma Uzun Gece Abiye Elbise TPRSS21AE0121,624.99,900,/trendyolmilla/siyah-yaka-detayli-dokuma-uzun-gece-abiye-elbise-tprss21ae0121-p-95800440,Mezuniyet Elbisesi
79,673804453,TRENDYOLMİLLA,X Zeynep Tosun Lacivert Vücuda Oturan Korse Detaylı Abiye & Mezuniyet Elbisesi TCLSS23AE00013,715.99,547,/trendyolmilla/x-zeynep-tosun-lacivert-vucuda-oturan-korse-detayli-abiye-mezuniyet-elbisesi-tclss23ae00013-p-673804453,Mezuniyet Elbisesi
80,796055961,TRENDYOLMİLLA,Siyah Dokuma Şifon Şık Abiye Elbise TPRSS24AE00057,454.99,29,/trendyolmilla/siyah-dokuma-sifon-sik-abiye-elbise-tprss24ae00057-p-796055961,Mezuniyet Elbisesi
81,788164218,TRENDYOLMİLLA,Mürdüm A-Kesim Dokuma Abiye & Mezuniyet Elbise TPRSS23AE00095,531.99,38,/trendyolmilla/murdum-a-kesim-dokuma-abiye-mezuniyet-elbise-tprss23ae00095-p-788164218,Mezuniyet Elbisesi
82,795307445,TRENDYOLMİLLA,Bordo A-Kesim Volanlı Dokuma Uzun Gece Abiye Elbise TPRSS24AE00054,800.99,68,/trendyolmilla/bordo-a-kesim-volanli-dokuma-uzun-gece-abiye-elbise-tprss24ae00054-p-795307445,Mezuniyet Elbisesi
83,6257002,TRENDYOLMİLLA,Siyah Astarlı Parıltılı Aksesuarlı Örme Uzun Gece Abiye Elbise TPRSS19UT0102,893.99,4822,/trendyolmilla/siyah-astarli-pariltili-aksesuarli-orme-uzun-gece-abiye-elbise-tprss19ut0102-p-6257002,Mezuniyet Elbisesi
84,793672272,TRENDYOLMİLLA,Limited Edition Kırmızı Vücuda Oturan Örme Uzun Gece Abiye Elbise TPRSS24AE00047,286.99,60,/trendyolmilla/limited-edition-kirmizi-vucuda-oturan-orme-uzun-gece-abiye-elbise-tprss24ae00047-p-793672272,Mezuniyet Elbisesi
85,822065487,TRENDYOLMİLLA,Zümrüt Yeşili Vücuda Oturan Tek Kol Detaylı Örme Uzun Şık Abiye & Mezuniyet Elbise TPRSS24AE00228,589.99,12,/trendyolmilla/zumrut-yesili-vucuda-oturan-tek-kol-detayli-orme-uzun-sik-abiye-mezuniyet-elbise-tprss24ae00228-p-822065487,Mezuniyet Elbisesi
86,806714671,TRENDYOLMİLLA,Siyah Vücuda Oturan Parıltılı Simli Örme Uzun Gece Abiye Elbise TPRSS24AE00155,178.99,9,/trendyolmilla/siyah-vucuda-oturan-pariltili-simli-orme-uzun-gece-abiye-elbise-tprss24ae00155-p-806714671,Mezuniyet Elbisesi
87,98965580,TRENDYOLMİLLA,Siyah Dokuma Uzun Gece Abiye Elbise TPRSS21AE0185,687.99,1675,/trendyolmilla/siyah-dokuma-uzun-gece-abiye-elbise-tprss21ae0185-p-98965580,Mezuniyet Elbisesi
88,817556999,TRENDYOLMİLLA,Zümrüt Yeşili A-Kesim Dokuma Uzun Abiye & Mezuniyet Elbise TPRSS24AE00210,582.99,4,/trendyolmilla/zumrut-yesili-a-kesim-dokuma-uzun-abiye-mezuniyet-elbise-tprss24ae00210-p-817556999,Mezuniyet Elbisesi
89,486517706,TRENDYOLMİLLA,Siyah Astarlı Korse Detaylı Örme Uzun Gece Abiye Elbise TPRSS23AE00167,771.99,248,/trendyolmilla/siyah-astarli-korse-detayli-orme-uzun-gece-abiye-elbise-tprss23ae00167-p-486517706,Mezuniyet Elbisesi
90,807620218,TRENDYOLMİLLA,X Zeynep Tosun Siyah Örme Aksesuar ve Eldiven Detaylı Uzun Abiye & Mezuniyet Elbisesi TCLSS24AE00011,1079.99,26,/trendyolmilla/x-zeynep-tosun-siyah-orme-aksesuar-ve-eldiven-detayli-uzun-abiye-mezuniyet-elbisesi-tclss24ae00011-p-807620218,Mezuniyet Elbisesi
91,211968065,TRENDYOLMİLLA,Siyah Bel Detaylı Örme Uzun Gece Abiye Elbise TPRSS22AE0040,629.99,956,/trendyolmilla/siyah-bel-detayli-orme-uzun-gece-abiye-elbise-tprss22ae0040-p-211968065,Mezuniyet Elbisesi
92,824368175,TRENDYOLMİLLA,Lila-Çok Renkli A-Kesim Baskılı Dokuma Uzun Şık Abiye Elbise TPRSS24AE00243,2637.99,1,/trendyolmilla/lila-cok-renkli-a-kesim-baskili-dokuma-uzun-sik-abiye-elbise-tprss24ae00243-p-824368175,Mezuniyet Elbisesi
93,825542697,TRENDYOLMİLLA,Bordo-Çok Renkli A-Kesim Tek Omuz Dokuma Tül Uzun Şık Abiye Elbise TPRSS24AE00249,542.99,5,/trendyolmilla/bordo-cok-renkli-a-kesim-tek-omuz-dokuma-tul-uzun-sik-abiye-elbise-tprss24ae00249-p-825542697,Mezuniyet Elbisesi
94,811966248,TRENDYOLMİLLA,Fuşya Vücuda Oturan Örme Uzun Gece Abiye Elbise TPRSS24AE00172,706.99,31,/trendyolmilla/fusya-vucuda-oturan-orme-uzun-gece-abiye-elbise-tprss24ae00172-p-811966248,Mezuniyet Elbisesi
95,812110319,TRENDYOLMİLLA,Beyaz Taş Baskı Dokuma Uzun Şık Abiye Elbise TPRSS24AE00183,1877.99,9,/trendyolmilla/beyaz-tas-baski-dokuma-uzun-sik-abiye-elbise-tprss24ae00183-p-812110319,Mezuniyet Elbisesi
96,801813175,TRENDYOLMİLLA,Zümrüt Yeşili Dokuma Saten Uzun Şık Abiye Elbise TPRSS24AE00113,1456.99,23,/trendyolmilla/zumrut-yesili-dokuma-saten-uzun-sik-abiye-elbise-tprss24ae00113-p-801813175,Mezuniyet Elbisesi
97,805251006,TRENDYOLMİLLA,Saks Volanlı Tek Kol Dokuma Uzun Abiye Elbise TPRSS24AE00126,604.99,34,/trendyolmilla/saks-volanli-tek-kol-dokuma-uzun-abiye-elbise-tprss24ae00126-p-805251006,Mezuniyet Elbisesi
98,807674030,TRENDYOLMİLLA,Siyah Korse Detaylı Dokuma Uzun Abiye Elbise TPRSS24AE00151,540.99,62,/trendyolmilla/siyah-korse-detayli-dokuma-uzun-abiye-elbise-tprss24ae00151-p-807674030,Mezuniyet Elbisesi
99,793672273,TRENDYOLMİLLA,Limited Edition Siyah Vücuda Oturan Örme Gece Uzun Abiye Elbise TPRSS24AE00047,380.99,64,/trendyolmilla/limited-edition-siyah-vucuda-oturan-orme-gece-uzun-abiye-elbise-tprss24ae00047-p-793672273,Mezuniyet Elbisesi
100,819072749,TRENDYOLMİLLA,Siyah A-Kesim Volanlı Dokuma Uzun Gece Abiye Elbise TPRSS24AE00054,678.99,17,/trendyolmilla/siyah-a-kesim-volanli-dokuma-uzun-gece-abiye-elbise-tprss24ae00054-p-819072749,Mezuniyet Elbisesi
101,86795477,TRENDYOLMİLLA,Gri-Mint Kruvaze Astarlı Dokuma Uzun Gece Abiye Elbise TPRSS21AE0045,628.99,1346,/trendyolmilla/gri-mint-kruvaze-astarli-dokuma-uzun-gece-abiye-elbise-tprss21ae0045-p-86795477,Mezuniyet Elbisesi
102,797899499,TRENDYOLMİLLA,Siyah A-Kesim Dokuma Abiye & Mezuniyet Elbise TPRSS23AE00095,540.99,42,/trendyolmilla/siyah-a-kesim-dokuma-abiye-mezuniyet-elbise-tprss23ae00095-p-797899499,Mezuniyet Elbisesi
103,467174014,TRENDYOLMİLLA,Siyah Detaylı Uzun Gece Abiye Elbise TPRSS23AE00162,516.99,964,/trendyolmilla/siyah-detayli-uzun-gece-abiye-elbise-tprss23ae00162-p-467174014,Mezuniyet Elbisesi
104,365853390,TRENDYOLMİLLA,Saks Örme Uzun Gece Abiye Elbise TPRSS22AE0112,563.99,193,/trendyolmilla/saks-orme-uzun-gece-abiye-elbise-tprss22ae0112-p-365853390,Mezuniyet Elbisesi
105,817555799,TRENDYOLMİLLA,Gümüş A-Kesim Örme Abiye & Mezuniyet Elbise TPRSS24AE00211,511.99,3,/trendyolmilla/gumus-a-kesim-orme-abiye-mezuniyet-elbise-tprss24ae00211-p-817555799,Mezuniyet Elbisesi
106,789014590,TRENDYOLMİLLA,Mürdüm A-Kesim Dokuma Saten Uzun Gece Abiye Elbise TPRSS24AE00008,765.99,22,/trendyolmilla/murdum-a-kesim-dokuma-saten-uzun-gece-abiye-elbise-tprss24ae00008-p-789014590,Mezuniyet Elbisesi
107,792751896,TRENDYOLMİLLA,Gri A-Kesim Örme Payet Uzun Gece Abiye Elbise TPRSS24AE00036,942.99,30,/trendyolmilla/gri-a-kesim-orme-payet-uzun-gece-abiye-elbise-tprss24ae00036-p-792751896,Mezuniyet Elbisesi
108,805255265,TRENDYOLMİLLA,Saks Vücuda Oturan Dokuma Uzun Abiye Elbise TPRSS24AE00129,230.99,14,/trendyolmilla/saks-vucuda-oturan-dokuma-uzun-abiye-elbise-tprss24ae00129-p-805255265,Mezuniyet Elbisesi
109,792748110,TRENDYOLMİLLA,Siyah-Beyaz Üstü Mat Saten Detaylı Dokuma Uzun Gece Abiye Elbise TPRSS24AE00025,476.99,21,/trendyolmilla/siyah-beyaz-ustu-mat-saten-detayli-dokuma-uzun-gece-abiye-elbise-tprss24ae00025-p-792748110,Mezuniyet Elbisesi
110,815433713,TRENDYOLMİLLA,Siyah Vücuda Oturan Dokuma Uzun Abiye & Mezuniyet Elbise TPRSS24AE00043,831.99,10,/trendyolmilla/siyah-vucuda-oturan-dokuma-uzun-abiye-mezuniyet-elbise-tprss24ae00043-p-815433713,Mezuniyet Elbisesi
111,796045462,TRENDYOLMİLLA,Kırmızı Volan Detaylı Dokuma Şık Abiye Elbise TPRSS24AE00066,609.99,42,/trendyolmilla/kirmizi-volan-detayli-dokuma-sik-abiye-elbise-tprss24ae00066-p-796045462,Mezuniyet Elbisesi
112,800171329,TRENDYOLMİLLA,Kırmızı A-Kesim Düğmeli Dokuma Uzun Abiye Elbise TPRSS24AE00095,595.99,19,/trendyolmilla/kirmizi-a-kesim-dugmeli-dokuma-uzun-abiye-elbise-tprss24ae00095-p-800171329,Mezuniyet Elbisesi
113,796077124,TRENDYOLMİLLA,Siyah A-Kesim Dokuma Şifon Uzun Abiye Elbise TPRSS24AE00058,631.99,26,/trendyolmilla/siyah-a-kesim-dokuma-sifon-uzun-abiye-elbise-tprss24ae00058-p-796077124,Mezuniyet Elbisesi
114,811514393,TRENDYOLMİLLA,X Zeynep Tosun Siyah Cut Out Detaylı Örme Uzun Gece Abiye & Mezuniyet Elbisesi TCLSS24AE00005,799.99,17,/trendyolmilla/x-zeynep-tosun-siyah-cut-out-detayli-orme-uzun-gece-abiye-mezuniyet-elbisesi-tclss24ae00005-p-811514393,Mezuniyet Elbisesi
115,796041230,TRENDYOLMİLLA,Siyah Dokuma Abiye & Mezuniyet Elbise TPRSS24AE00060,780.99,39,/trendyolmilla/siyah-dokuma-abiye-mezuniyet-elbise-tprss24ae00060-p-796041230,Mezuniyet Elbisesi
116,792750791,TRENDYOLMİLLA,Bridal Beyaz İnci Detaylı Dokuma Düğün/Nikah Uzun Gece Abiye Elbise TPRSS24AE00043,520.99,49,/trendyolmilla/bridal-beyaz-inci-detayli-dokuma-dugun-nikah-uzun-gece-abiye-elbise-tprss24ae00043-p-792750791,Mezuniyet Elbisesi
117,816491733,TRENDYOLMİLLA,Siyah Dokuma Abiye & Mezuniyet Elbise TPRSS24AE00073,659.99,22,/trendyolmilla/siyah-dokuma-abiye-mezuniyet-elbise-tprss24ae00073-p-816491733,Mezuniyet Elbisesi
118,801748556,TRENDYOLMİLLA,Mavi Dokuma Saten Uzun Şık Abiye Elbise TPRSS24AE00112,1669.99,43,/trendyolmilla/mavi-dokuma-saten-uzun-sik-abiye-elbise-tprss24ae00112-p-801748556,Mezuniyet Elbisesi
119,816074814,TRENDYOLMİLLA,Fuşya Dokuma Abiye & Mezuniyet Elbise TPRSS23AE00095,486.99,3,/trendyolmilla/fusya-dokuma-abiye-mezuniyet-elbise-tprss23ae00095-p-816074814,Mezuniyet Elbisesi
120,792747830,TRENDYOLMİLLA,Fuşya Vücuda Oturan Fırfırlı Örme Uzun Gece Abiye Elbise TPRSS24AE00027,642.99,39,/trendyolmilla/fusya-vucuda-oturan-firfirli-orme-uzun-gece-abiye-elbise-tprss24ae00027-p-792747830,Mezuniyet Elbisesi
121,796041565,TRENDYOLMİLLA,Turuncu Vücuda Oturan Dokuma Uzun Şık Abiye Elbise TPRSS24AE00061,301.99,21,/trendyolmilla/turuncu-vucuda-oturan-dokuma-uzun-sik-abiye-elbise-tprss24ae00061-p-796041565,Mezuniyet Elbisesi
122,208572099,TRENDYOLMİLLA,Siyah Astarlı Biyeli Dokuma Şifon Uzun Gece Abiye Elbise TPRSS22AE0012,544.99,1234,/trendyolmilla/siyah-astarli-biyeli-dokuma-sifon-uzun-gece-abiye-elbise-tprss22ae0012-p-208572099,Mezuniyet Elbisesi
123,35014810,TRENDYOLMİLLA,Siyah Drape Detaylı Örme Uzun Gece Abiye Elbise TPRSS19UT0099,592.99,3942,/trendyolmilla/siyah-drape-detayli-orme-uzun-gece-abiye-elbise-tprss19ut0099-p-35014810,Mezuniyet Elbisesi
124,807674031,TRENDYOLMİLLA,Kırmızı Korse Detaylı Dokuma Uzun Abiye Elbise TPRSS24AE00151,596.99,57,/trendyolmilla/kirmizi-korse-detayli-dokuma-uzun-abiye-elbise-tprss24ae00151-p-807674031,Mezuniyet Elbisesi
125,819311437,TRENDYOLMİLLA,Kırmızı Dokuma Abiye & Mezuniyet Elbise TPRSS24AE00087,731.99,13,/trendyolmilla/kirmizi-dokuma-abiye-mezuniyet-elbise-tprss24ae00087-p-819311437,Mezuniyet Elbisesi
126,812325598,TRENDYOLMİLLA,Limited Edition Pembe Vücuda Oturan Gül Aksesuarlı Örme Uzun Abiye Elbise TPRSS24AE00047,220.99,7,/trendyolmilla/limited-edition-pembe-vucuda-oturan-gul-aksesuarli-orme-uzun-abiye-elbise-tprss24ae00047-p-812325598,Mezuniyet Elbisesi
127,824691581,TRENDYOLMİLLA,Siyah Fırfır Detaylı Dokuma Uzun Şık Abiye Elbise TPRSS24AE00251,577.99,13,/trendyolmilla/siyah-firfir-detayli-dokuma-uzun-sik-abiye-elbise-tprss24ae00251-p-824691581,Mezuniyet Elbisesi
128,796298444,TRENDYOLMİLLA,Gül Kurusu Dokuma Şifon Uzun Gece Abiye Elbise TPRSS24AE00072,374.99,19,/trendyolmilla/gul-kurusu-dokuma-sifon-uzun-gece-abiye-elbise-tprss24ae00072-p-796298444,Mezuniyet Elbisesi
129,800171330,TRENDYOLMİLLA,Siyah A-Kesim Düğmeli Dokuma Uzun Abiye Elbise TPRSS24AE00095,460.99,25,/trendyolmilla/siyah-a-kesim-dugmeli-dokuma-uzun-abiye-elbise-tprss24ae00095-p-800171330,Mezuniyet Elbisesi
130,796077128,TRENDYOLMİLLA,Gül Kurusu A-Kesim Dokuma Şifon Uzun Şık Abiye Elbise TPRSS24AE00058,558.99,17,/trendyolmilla/gul-kurusu-a-kesim-dokuma-sifon-uzun-sik-abiye-elbise-tprss24ae00058-p-796077128,Mezuniyet Elbisesi
131,806912929,TRENDYOLMİLLA,Bordo A-Kesim Dokuma Şifon Uzun Gece Abiye Elbise TPRSS24AE0016,570.99,31,/trendyolmilla/bordo-a-kesim-dokuma-sifon-uzun-gece-abiye-elbise-tprss24ae0016-p-806912929,Mezuniyet Elbisesi
132,444203022,TRENDYOLMİLLA,Siyah Astarlı Dokuma Uzun Gece Abiye Elbise TPRSS23AE00067,791.99,331,/trendyolmilla/siyah-astarli-dokuma-uzun-gece-abiye-elbise-tprss23ae00067-p-444203022,Mezuniyet Elbisesi
133,788986457,TRENDYOLMİLLA,Siyah Vücuda Oturan Korse Detaylı Dokuma Saten Uzun Gece Abiye Elbise TPRSS24AE00001,585.99,52,/trendyolmilla/siyah-vucuda-oturan-korse-detayli-dokuma-saten-uzun-gece-abiye-elbise-tprss24ae00001-p-788986457,Mezuniyet Elbisesi
134,805255266,TRENDYOLMİLLA,Siyah Vücuda Oturan Askılı Dokuma Uzun Abiye Elbise TPRSS24AE00129,208.99,17,/trendyolmilla/siyah-vucuda-oturan-askili-dokuma-uzun-abiye-elbise-tprss24ae00129-p-805255266,Mezuniyet Elbisesi
135,772226517,TRENDYOLMİLLA,Siyah Astarlı Volanlı Dokuma Uzun Gece Abiye Elbise TPRSS21AE0044,694.99,60,/trendyolmilla/siyah-astarli-volanli-dokuma-uzun-gece-abiye-elbise-tprss21ae0044-p-772226517,Mezuniyet Elbisesi
136,186451244,TRENDYOLMİLLA,Saks Astarlı Örme Uzun Gece Abiye Elbise TPRSS19UT0099,596.99,1586,/trendyolmilla/saks-astarli-orme-uzun-gece-abiye-elbise-tprss19ut0099-p-186451244,Mezuniyet Elbisesi
137,90831335,TRENDYOLMİLLA,Siyah Vücuda Oturan Astarlı Dokuma Uzun Gece Abiye Elbise TPRSS21AE0047,634.99,2015,/trendyolmilla/siyah-vucuda-oturan-astarli-dokuma-uzun-gece-abiye-elbise-tprss21ae0047-p-90831335,Mezuniyet Elbisesi
138,800006900,TRENDYOLMİLLA,Mavi Parıltılı Örme Uzun Gece Abiye Elbise TPRSS24AE00093,787.99,36,/trendyolmilla/mavi-pariltili-orme-uzun-gece-abiye-elbise-tprss24ae00093-p-800006900,Mezuniyet Elbisesi
139,805250953,TRENDYOLMİLLA,Bordo Volanlı Tek Kol Dokuma Uzun Abiye Elbise TPRSS24AE00125,342.99,18,/trendyolmilla/bordo-volanli-tek-kol-dokuma-uzun-abiye-elbise-tprss24ae00125-p-805250953,Mezuniyet Elbisesi
140,790832108,TRENDYOLMİLLA,Bridal Beyaz A-Kesim Dokuma Abiye & Mezuniyet Elbise TPRSS19FZ0511,977.99,42,/trendyolmilla/bridal-beyaz-a-kesim-dokuma-abiye-mezuniyet-elbise-tprss19fz0511-p-790832108,Mezuniyet Elbisesi
141,812083662,TRENDYOLMİLLA,Siyah Vücuda Oturan Taş Aksesuarlı Tek Kol Uzun Dokuma Şık Abiye Elbise TPRSS24AE00166,428.99,2,/trendyolmilla/siyah-vucuda-oturan-tas-aksesuarli-tek-kol-uzun-dokuma-sik-abiye-elbise-tprss24ae00166-p-812083662,Mezuniyet Elbisesi
142,796045463,TRENDYOLMİLLA,Siyah Volanlı Dokuma Şık Abiye Elbise TPRSS24AE00066,553.99,44,/trendyolmilla/siyah-volanli-dokuma-sik-abiye-elbise-tprss24ae00066-p-796045463,Mezuniyet Elbisesi
143,789004222,TRENDYOLMİLLA,Siyah Vücuda Oturan Dokuma Uzun Gece Abiye Elbise TPRSS24AE00009,482.99,32,/trendyolmilla/siyah-vucuda-oturan-dokuma-uzun-gece-abiye-elbise-tprss24ae00009-p-789004222,Mezuniyet Elbisesi
145,386585295,TRENDYOLMİLLA,Siyah Dokuma Pencere/Cut Out Detaylı Saten Uzun Gece Abiye Elbisesi TPRSS23AE00036,115.99,32,/trendyolmilla/siyah-dokuma-pencere-cut-out-detayli-saten-uzun-gece-abiye-elbisesi-tprss23ae00036-p-386585295,Mezuniyet Elbisesi
147,814796844,TRENDYOLMİLLA,Mürdüm Dokuma Abiye & Mezuniyet Elbise TPRSS24AE00011,857.99,15,/trendyolmilla/murdum-dokuma-abiye-mezuniyet-elbise-tprss24ae00011-p-814796844,Mezuniyet Elbisesi
148,194301811,TRENDYOLMİLLA,Zümrüt Yeşili Astarlı Volanlı Dokuma Uzun Gece Abiye Elbise TPRSS21AE0044,707.99,799,/trendyolmilla/zumrut-yesili-astarli-volanli-dokuma-uzun-gece-abiye-elbise-tprss21ae0044-p-194301811,Mezuniyet Elbisesi
149,799400942,TRENDYOLMİLLA,Siyah Vücuda Oturan Örme Uzun Gece Abiye Elbise TPRSS24AE00082,610.99,42,/trendyolmilla/siyah-vucuda-oturan-orme-uzun-gece-abiye-elbise-tprss24ae00082-p-799400942,Mezuniyet Elbisesi
150,819959695,TRENDYOLMİLLA,Mürdüm Vücuda Oturan A-Kesim Dokuma Uzun Gece Abiye Elbise TPRSS24AE00219,766.99,11,/trendyolmilla/murdum-vucuda-oturan-a-kesim-dokuma-uzun-gece-abiye-elbise-tprss24ae00219-p-819959695,Mezuniyet Elbisesi
151,799400923,TRENDYOLMİLLA,Mürdüm Vücuda Oturan Örme Uzun Gece Abiye Elbise TPRSS24AE00082,626.99,52,/trendyolmilla/murdum-vucuda-oturan-orme-uzun-gece-abiye-elbise-tprss24ae00082-p-799400923,Mezuniyet Elbisesi
152,808293334,TRENDYOLMİLLA,Bordo Vücuda Oturan Dokuma Uzun Abiye Elbise TPRSS24AE00143,346.99,12,/trendyolmilla/bordo-vucuda-oturan-dokuma-uzun-abiye-elbise-tprss24ae00143-p-808293334,Mezuniyet Elbisesi
153,820054661,TRENDYOLMİLLA,Zümrüt Yeşili Parlak Taş Toka Detaylı Örme Uzun Gece Abiye Elbise TPRSS24AE00230,575.99,1,/trendyolmilla/zumrut-yesili-parlak-tas-toka-detayli-orme-uzun-gece-abiye-elbise-tprss24ae00230-p-820054661,Mezuniyet Elbisesi
155,6673927,TRENDYOLMİLLA,Siyah Taş Aksesuar Detaylı Örme Uzun Gece Abiye Elbise TPRSS23EL00509,553.99,1266,/trendyolmilla/siyah-tas-aksesuar-detayli-orme-uzun-gece-abiye-elbise-tprss23el00509-p-6673927,Mezuniyet Elbisesi
156,444201665,TRENDYOLMİLLA,Siyah-Beyaz Astarlı Dokuma Uzun Gece Abiye Elbise TPRSS23AE00065,504.99,53,/trendyolmilla/siyah-beyaz-astarli-dokuma-uzun-gece-abiye-elbise-tprss23ae00065-p-444201665,Mezuniyet Elbisesi
157,4900356,TRENDYOLMİLLA,Bordo Vücuda Oturan Astarlı Volanlı Örme Uzun Gece Abiye Elbise TPRSS19UT0026,643.99,2142,/trendyolmilla/bordo-vucuda-oturan-astarli-volanli-orme-uzun-gece-abiye-elbise-tprss19ut0026-p-4900356,Mezuniyet Elbisesi
158,807438499,TRENDYOLMİLLA,Saks A-Kesim Örme Abiye & Mezuniyet Elbise TPRSS24AE00099,1141.99,13,/trendyolmilla/saks-a-kesim-orme-abiye-mezuniyet-elbise-tprss24ae00099-p-807438499,Mezuniyet Elbisesi
159,789042791,TRENDYOLMİLLA,Siyah Vücuda Oturan Dokuma Uzun Gece Abiye Elbise TPRSS24AE00007,309.99,38,/trendyolmilla/siyah-vucuda-oturan-dokuma-uzun-gece-abiye-elbise-tprss24ae00007-p-789042791,Mezuniyet Elbisesi
160,827737334,TRENDYOLMİLLA,Siyah A-Kesim Otriş Detaylı Dokuma Uzun Gece Abiye Elbise TPRSS24AE00237,733.99,4,/trendyolmilla/siyah-a-kesim-otris-detayli-dokuma-uzun-gece-abiye-elbise-tprss24ae00237-p-827737334,Mezuniyet Elbisesi
161,226087371,TRENDYOLMİLLA,Siyah Örme Uzun Gece Abiye Elbise TPRSS23AE00157,747.99,526,/trendyolmilla/siyah-orme-uzun-gece-abiye-elbise-tprss23ae00157-p-226087371,Mezuniyet Elbisesi
162,833992710,TRENDYOLMİLLA,Siyah Gül Detaylı Dokuma Uzun Abiye Elbise TPRSS24AE00260,719.99,1,/trendyolmilla/siyah-gul-detayli-dokuma-uzun-abiye-elbise-tprss24ae00260-p-833992710,Mezuniyet Elbisesi
163,455699171,TRENDYOLMİLLA,Fuşya Vücuda Oturan Dokuma Dokuma Uzun Gece Abiye Elbise TPRSS23AE00133,428.99,176,/trendyolmilla/fusya-vucuda-oturan-dokuma-dokuma-uzun-gece-abiye-elbise-tprss23ae00133-p-455699171,Mezuniyet Elbisesi
164,808293534,TRENDYOLMİLLA,Gül Kurusu Dokuma Uzun Abiye Elbise TPRSS24AE00144,528.99,19,/trendyolmilla/gul-kurusu-dokuma-uzun-abiye-elbise-tprss24ae00144-p-808293534,Mezuniyet Elbisesi
165,812087300,TRENDYOLMİLLA,Gül Kurusu A-Kesim Straplez Dokuma Uzun Abiye Elbise TPRSS24AE00180,618.99,9,/trendyolmilla/gul-kurusu-a-kesim-straplez-dokuma-uzun-abiye-elbise-tprss24ae00180-p-812087300,Mezuniyet Elbisesi
166,808293335,TRENDYOLMİLLA,Siyah Vücuda Oturan Dokuma Uzun Abiye Elbise TPRSS24AE00143,514.99,16,/trendyolmilla/siyah-vucuda-oturan-dokuma-uzun-abiye-elbise-tprss24ae00143-p-808293335,Mezuniyet Elbisesi
167,819959701,TRENDYOLMİLLA,Siyah A-Kesim Dokuma Uzun Gece Abiye Elbise TPRSS24AE00219,395.99,3,/trendyolmilla/siyah-a-kesim-dokuma-uzun-gece-abiye-elbise-tprss24ae00219-p-819959701,Mezuniyet Elbisesi
168,795263792,TRENDYOLMİLLA,Siyah Volanlı Dokuma Saten Uzun Gece Abiye Elbise TPRSS24AE00056,306.99,21,/trendyolmilla/siyah-volanli-dokuma-saten-uzun-gece-abiye-elbise-tprss24ae00056-p-795263792,Mezuniyet Elbisesi
169,813263627,TRENDYOLMİLLA,Pembe Vücuda Oturan Balık Kesim Dokuma Uzun Şık Abiye Elbise TPRSS24AE00170,793.99,13,/trendyolmilla/pembe-vucuda-oturan-balik-kesim-dokuma-uzun-sik-abiye-elbise-tprss24ae00170-p-813263627,Mezuniyet Elbisesi
170,788674517,TRENDYOLMİLLA,Siyah Parıltılı Taşlı Dokuma Uzun Gece Abiye Elbise TPRSS24AE00012,402.99,25,/trendyolmilla/siyah-pariltili-tasli-dokuma-uzun-gece-abiye-elbise-tprss24ae00012-p-788674517,Mezuniyet Elbisesi
171,807519323,TRENDYOLMİLLA,X Zeynep Tosun Kırmızı Balık Örme Bağlama Detaylı Uzun Abiye & Mezuniyet Elbisesi TCLSS24AE00009,787.99,15,/trendyolmilla/x-zeynep-tosun-kirmizi-balik-orme-baglama-detayli-uzun-abiye-mezuniyet-elbisesi-tclss24ae00009-p-807519323,Mezuniyet Elbisesi
174,812098393,TRENDYOLMİLLA,Siyah Taş Aksesuarlı Dokuma Uzun Şık Abiye Elbise TPRSS24AE00185,1750.99,17,/trendyolmilla/siyah-tas-aksesuarli-dokuma-uzun-sik-abiye-elbise-tprss24ae00185-p-812098393,Mezuniyet Elbisesi
175,812087311,TRENDYOLMİLLA,Siyah A-Kesim Straplez Dokuma Uzun Abiye Elbise TPRSS24AE00180,724.99,8,/trendyolmilla/siyah-a-kesim-straplez-dokuma-uzun-abiye-elbise-tprss24ae00180-p-812087311,Mezuniyet Elbisesi
176,819647606,TRENDYOLMİLLA,Pudra İnci İşlemeli Parlak Taşlı Dokuma Uzun Gece Abiye Elbise TPRSS24AE00223,823.99,23,/trendyolmilla/pudra-inci-islemeli-parlak-tasli-dokuma-uzun-gece-abiye-elbise-tprss24ae00223-p-819647606,Mezuniyet Elbisesi
177,819822830,TRENDYOLMİLLA,Zümrüt Yeşili Vücuda Oturan Örme Uzun Gece Abiye Elbise TPRSS24AE00019,390.99,1,/trendyolmilla/zumrut-yesili-vucuda-oturan-orme-uzun-gece-abiye-elbise-tprss24ae00019-p-819822830,Mezuniyet Elbisesi
178,812086466,TRENDYOLMİLLA,Açık Yeşil Gül Detaylı Dokuma Uzun Şık Abiye Elbise TPRSS24AE00179,475.99,4,/trendyolmilla/acik-yesil-gul-detayli-dokuma-uzun-sik-abiye-elbise-tprss24ae00179-p-812086466,Mezuniyet Elbisesi
179,796155632,TRENDYOLMİLLA,Siyah Vücuda Oturan Dokuma Şık Abiye Elbise TPRSS24AE00067,558.99,13,/trendyolmilla/siyah-vucuda-oturan-dokuma-sik-abiye-elbise-tprss24ae00067-p-796155632,Mezuniyet Elbisesi
180,807574164,TRENDYOLMİLLA,Bordo Askı Detaylı Örme Uzun Şık Abiye Elbise TPRSS24AE00165,446.99,14,/trendyolmilla/bordo-aski-detayli-orme-uzun-sik-abiye-elbise-tprss24ae00165-p-807574164,Mezuniyet Elbisesi
181,796298009,TRENDYOLMİLLA,Fuşya A-Kesim Dokuma Şifon Elbise TPRSS24AE00071,640.99,11,/trendyolmilla/fusya-a-kesim-dokuma-sifon-elbise-tprss24ae00071-p-796298009,Mezuniyet Elbisesi
182,805254228,TRENDYOLMİLLA,Siyah A-Kesim Dokuma Uzun Abiye Elbise TPRSS24AE00118,766.99,35,/trendyolmilla/siyah-a-kesim-dokuma-uzun-abiye-elbise-tprss24ae00118-p-805254228,Mezuniyet Elbisesi
183,824691579,TRENDYOLMİLLA,Bordo Fırfır Detaylı Dokuma Uzun Şık Abiye Elbise TPRSS24AE00251,548.99,6,/trendyolmilla/bordo-firfir-detayli-dokuma-uzun-sik-abiye-elbise-tprss24ae00251-p-824691579,Mezuniyet Elbisesi
184,817890726,TRENDYOLMİLLA,Siyah Vücuda Oturan Örme Uzun Gece Abiye Elbise TPRSS24AE00176,271.99,6,/trendyolmilla/siyah-vucuda-oturan-orme-uzun-gece-abiye-elbise-tprss24ae00176-p-817890726,Mezuniyet Elbisesi
185,791866364,TRENDYOLMİLLA,Bridal Beyaz Balık Örme Uzun Düğün/Nikah Gece Abiye Elbise TPRSS24AE00024,337.99,30,/trendyolmilla/bridal-beyaz-balik-orme-uzun-dugun-nikah-gece-abiye-elbise-tprss24ae00024-p-791866364,Mezuniyet Elbisesi
186,788666013,TRENDYOLMİLLA,Siyah Vücuda Oturan Fırfırlı Örme Uzun Gece Abiye Elbise TPRSS24AE00015,185.99,18,/trendyolmilla/siyah-vucuda-oturan-firfirli-orme-uzun-gece-abiye-elbise-tprss24ae00015-p-788666013,Mezuniyet Elbisesi
187,796041229,TRENDYOLMİLLA,Zümrüt Yeşili Düz Slim Dokuma Abiye & Mezuniyet Elbisesi,383.99,16,/trendyolmilla/zumrut-yesili-duz-slim-dokuma-abiye-mezuniyet-elbisesi-p-796041229,Mezuniyet Elbisesi
188,819311429,TRENDYOLMİLLA,Fuşya Dokuma Abiye & Mezuniyet Elbise TPRSS24AE00087,459.99,3,/trendyolmilla/fusya-dokuma-abiye-mezuniyet-elbise-tprss24ae00087-p-819311429,Mezuniyet Elbisesi
189,660272836,TRENDYOLMİLLA,X Zeynep Tosun Lacivert Vücuda Oturan Dikiş Detaylı Abiye & Mezuniyet Elbisesi TCLSS23AE00010,979.99,760,/trendyolmilla/x-zeynep-tosun-lacivert-vucuda-oturan-dikis-detayli-abiye-mezuniyet-elbisesi-tclss23ae00010-p-660272836,Mezuniyet Elbisesi
190,806913619,TRENDYOLMİLLA,Siyah Vücuda Oturan Otrişli Dokuma Uzun Gece Abiye Elbise TPRSS24AE00160,398.99,22,/trendyolmilla/siyah-vucuda-oturan-otrisli-dokuma-uzun-gece-abiye-elbise-tprss24ae00160-p-806913619,Mezuniyet Elbisesi
191,84924862,TRENDYOLMİLLA,Mürdüm Volanlı Dokuma Uzun Gece Abiye Elbise TPRSS21AE0010,630.99,539,/trendyolmilla/murdum-volanli-dokuma-uzun-gece-abiye-elbise-tprss21ae0010-p-84924862,Mezuniyet Elbisesi
192,213587327,TRENDYOLMİLLA,Siyah Biye Detaylı Örme Uzun Gece Abiye Elbise TPRSS22AE0047,472.99,1335,/trendyolmilla/siyah-biye-detayli-orme-uzun-gece-abiye-elbise-tprss22ae0047-p-213587327,Mezuniyet Elbisesi
193,799992301,TRENDYOLMİLLA,Kahverengi Vücuda Oturan Örme Uzun Gece Abiye Elbise TPRSS24AE00086,535.99,18,/trendyolmilla/kahverengi-vucuda-oturan-orme-uzun-gece-abiye-elbise-tprss24ae00086-p-799992301,Mezuniyet Elbisesi
194,816731742,TRENDYOLMİLLA,Çok Renkli Astarlı Örme Tül Uzun Gece Abiye Elbise TPRSS24AE00203,389.99,4,/trendyolmilla/cok-renkli-astarli-orme-tul-uzun-gece-abiye-elbise-tprss24ae00203-p-816731742,Mezuniyet Elbisesi
195,88576428,TRENDYOLMİLLA,Siyah Taş Aksesuar Detaylı Dokuma Uzun Gece Abiye Elbise TPRSS23EL00509,680.99,1750,/trendyolmilla/siyah-tas-aksesuar-detayli-dokuma-uzun-gece-abiye-elbise-tprss23el00509-p-88576428,Mezuniyet Elbisesi
196,812087802,TRENDYOLMİLLA,Siyah A-Kesim Taş Aksesuarlı Dokuma Uzun Abiye Elbise TPRSS24AE00175,441.99,10,/trendyolmilla/siyah-a-kesim-tas-aksesuarli-dokuma-uzun-abiye-elbise-tprss24ae00175-p-812087802,Mezuniyet Elbisesi
198,796294729,TRENDYOLMİLLA,Siyah Vücuda Oturan Dokuma Şifon Elbise TPRSS24AE00070,270.99,11,/trendyolmilla/siyah-vucuda-oturan-dokuma-sifon-elbise-tprss24ae00070-p-796294729,Mezuniyet Elbisesi
199,819073318,TRENDYOLMİLLA,Kırmızı Vücuda Oturan Örme Uzun Gece Abiye Elbise TPRSS24AE00082,560.99,4,/trendyolmilla/kirmizi-vucuda-oturan-orme-uzun-gece-abiye-elbise-tprss24ae00082-p-819073318,Mezuniyet Elbisesi
200,805255437,TRENDYOLMİLLA,Turuncu Volanlı Tek Kol Dokuma Uzun Abiye Elbise TPRSS24AE00130,593.99,25,/trendyolmilla/turuncu-volanli-tek-kol-dokuma-uzun-abiye-elbise-tprss24ae00130-p-805255437,Mezuniyet Elbisesi
201,789004221,TRENDYOLMİLLA,Kırmızı Vücuda Oturan Dokuma Uzun Gece Abiye Elbise TPRSS24AE00009,614.99,37,/trendyolmilla/kirmizi-vucuda-oturan-dokuma-uzun-gece-abiye-elbise-tprss24ae00009-p-789004221,Mezuniyet Elbisesi
202,455982365,TRENDYOLMİLLA,Siyah Örme Uzun Gece Abiye Elbise TPRSS23AE00157,672.99,253,/trendyolmilla/siyah-orme-uzun-gece-abiye-elbise-tprss23ae00157-p-455982365,Mezuniyet Elbisesi
203,805592883,TRENDYOLMİLLA,Saks Vücuda Oturan Otrişli Dokuma Gece Abiye Elbise TPRSS22AE0095,687.99,12,/trendyolmilla/saks-vucuda-oturan-otrisli-dokuma-gece-abiye-elbise-tprss22ae0095-p-805592883,Mezuniyet Elbisesi
204,816731748,TRENDYOLMİLLA,Mavi-Çok Renkli Astarlı Örme Tül Uzun Gece Abiye Elbise TPRSS24AE00203,275.99,5,/trendyolmilla/mavi-cok-renkli-astarli-orme-tul-uzun-gece-abiye-elbise-tprss24ae00203-p-816731748,Mezuniyet Elbisesi
205,781979628,TRENDYOLMİLLA,Bordo A-Kesim Astarsız Dokuma Abiye & Mezuniyet Elbise TPRSS19UT0054,408.99,17,/trendyolmilla/bordo-a-kesim-astarsiz-dokuma-abiye-mezuniyet-elbise-tprss19ut0054-p-781979628,Mezuniyet Elbisesi
206,808293608,TRENDYOLMİLLA,Lila Volanlı Dokuma Uzun Abiye Elbise TPRSS24AE00145,365.99,14,/trendyolmilla/lila-volanli-dokuma-uzun-abiye-elbise-tprss24ae00145-p-808293608,Mezuniyet Elbisesi
207,792756271,TRENDYOLMİLLA,Siyah Kol Detaylı Dokuma Abiye Elbise TPRSS24AE00032,343.99,23,/trendyolmilla/siyah-kol-detayli-dokuma-abiye-elbise-tprss24ae00032-p-792756271,Mezuniyet Elbisesi
208,808293535,TRENDYOLMİLLA,Turuncu Dokuma Uzun Şık Abiye Elbise TPRSS24AE00144,632.99,28,/trendyolmilla/turuncu-dokuma-uzun-sik-abiye-elbise-tprss24ae00144-p-808293535,Mezuniyet Elbisesi
209,793835356,TRENDYOLMİLLA,Limited Edition Haki A-Kesim Volanlı Dokuma Abiye Elbise TPRSS24AE00050,873.99,49,/trendyolmilla/limited-edition-haki-a-kesim-volanli-dokuma-abiye-elbise-tprss24ae00050-p-793835356,Mezuniyet Elbisesi
210,804300488,TRENDYOLMİLLA,Mor A-Kesim Dokuma Şifon Uzun Gece Abiye Elbise TPRSS24AE00117,399.99,10,/trendyolmilla/mor-a-kesim-dokuma-sifon-uzun-gece-abiye-elbise-tprss24ae00117-p-804300488,Mezuniyet Elbisesi
211,795307449,TRENDYOLMİLLA,Zümrüt Yeşili A-Kesim Volanlı Dokuma Uzun Gece Abiye Elbise TPRSS24AE00054,800.99,32,/trendyolmilla/zumrut-yesili-a-kesim-volanli-dokuma-uzun-gece-abiye-elbise-tprss24ae00054-p-795307449,Mezuniyet Elbisesi
212,791867096,TRENDYOLMİLLA,Siyah Vücuda Oturan Parlak Taşlı Dokuma Uzun Gece Abiye Elbise TPRSS24AE00023,972.99,37,/trendyolmilla/siyah-vucuda-oturan-parlak-tasli-dokuma-uzun-gece-abiye-elbise-tprss24ae00023-p-791867096,Mezuniyet Elbisesi
213,789049681,TRENDYOLMİLLA,Siyah Vücuda Oturan Dokuma Otrişli Uzun Gece Abiye Elbise TPRSS24AE00004,278.99,16,/trendyolmilla/siyah-vucuda-oturan-dokuma-otrisli-uzun-gece-abiye-elbise-tprss24ae00004-p-789049681,Mezuniyet Elbisesi
214,312884180,TRENDYOLMİLLA,Mor Drape Detaylı Örme Uzun Gece Abiye Elbise TPRSS19UT0099,692.99,434,/trendyolmilla/mor-drape-detayli-orme-uzun-gece-abiye-elbise-tprss19ut0099-p-312884180,Mezuniyet Elbisesi
215,250708806,TRENDYOLMİLLA,Siyah A-Kesim Dokuma Saten Uzun Gece Abiye Elbise TPRSS22AE0076,536.99,774,/trendyolmilla/siyah-a-kesim-dokuma-saten-uzun-gece-abiye-elbise-tprss22ae0076-p-250708806,Mezuniyet Elbisesi
217,824691293,TRENDYOLMİLLA,Kırmızı Kemer Detaylı Dokuma Uzun Abiye Elbise TPRSS24AE00250,412.99,9,/trendyolmilla/kirmizi-kemer-detayli-dokuma-uzun-abiye-elbise-tprss24ae00250-p-824691293,Mezuniyet Elbisesi
218,467897739,TRENDYOLMİLLA,Ekru Vücuda Oturan Astarlı Dokuma Saten Düğün/Nikah Uzun Gece Abiye Elbisesi TPRSS23AE00079,99.99,22,/trendyolmilla/ekru-vucuda-oturan-astarli-dokuma-saten-dugun-nikah-uzun-gece-abiye-elbisesi-tprss23ae00079-p-467897739,Mezuniyet Elbisesi
219,811508654,TRENDYOLMİLLA,X Yapay Zekâ Lila A-Kesim Astarlı Fiyonk Detaylı Dokuma Şifon Uzun Gece Abiye Elbise TPRSS24AE00173,245.99,13,/trendyolmilla/x-yapay-zeka-lila-a-kesim-astarli-fiyonk-detayli-dokuma-sifon-uzun-gece-abiye-elbise-tprss24ae00173-p-811508654,Mezuniyet Elbisesi
220,193107632,TRENDYOLMİLLA,Zümrüt Yeşili Pili Detaylı Dokuma Uzun Gece Abiye Elbise TPRSS20AE0049,584.99,438,/trendyolmilla/zumrut-yesili-pili-detayli-dokuma-uzun-gece-abiye-elbise-tprss20ae0049-p-193107632,Mezuniyet Elbisesi
221,455979453,TRENDYOLMİLLA,Fuşya A-Kesim Astarlı Pencere/Cut Out Detaylı Uzun Gece Abiye Elbise TPRSS23AE00158,135.99,23,/trendyolmilla/fusya-a-kesim-astarli-pencere-cut-out-detayli-uzun-gece-abiye-elbise-tprss23ae00158-p-455979453,Mezuniyet Elbisesi
222,805250764,TRENDYOLMİLLA,Siyah Vücuda Oturan Dokuma Uzun Abiye Elbise TPRSS24AE00123,400.99,20,/trendyolmilla/siyah-vucuda-oturan-dokuma-uzun-abiye-elbise-tprss24ae00123-p-805250764,Mezuniyet Elbisesi
223,800006898,TRENDYOLMİLLA,Siyah Parıltılı Örme Uzun Gece Abiye Elbise TPRSS24AE00093,920.99,30,/trendyolmilla/siyah-pariltili-orme-uzun-gece-abiye-elbise-tprss24ae00093-p-800006898,Mezuniyet Elbisesi
224,805255436,TRENDYOLMİLLA,Zümrüt Yeşili Volanlı Tek Kol Dokuma Uzun Abiye Elbise TPRSS24AE00130,463.99,11,/trendyolmilla/zumrut-yesili-volanli-tek-kol-dokuma-uzun-abiye-elbise-tprss24ae00130-p-805255436,Mezuniyet Elbisesi
225,380730677,TRENDYOLMİLLA,Yağ Yeşil Örme Pencere/Cut Out Detaylı Uzun Gece Abiye Elbisesi TPRSS23AE00021,87.99,40,/trendyolmilla/yag-yesil-orme-pencere-cut-out-detayli-uzun-gece-abiye-elbisesi-tprss23ae00021-p-380730677,Mezuniyet Elbisesi
226,808293733,TRENDYOLMİLLA,Zümrüt Yeşili Volan Detaylı Kemerli Dokuma Uzun Şık Abiye Elbise TPRSS24AE00146,607.99,16,/trendyolmilla/zumrut-yesili-volan-detayli-kemerli-dokuma-uzun-sik-abiye-elbise-tprss24ae00146-p-808293733,Mezuniyet Elbisesi
228,805250877,TRENDYOLMİLLA,Pudra Parıltılı Vücuda Oturan Drapeli Örme Uzun Abiye Elbise TPRSS24AE00128,387.99,0,/trendyolmilla/pudra-pariltili-vucuda-oturan-drapeli-orme-uzun-abiye-elbise-tprss24ae00128-p-805250877,Mezuniyet Elbisesi
229,266766859,TRENDYOLMİLLA,Lacivert Parıltılı Örme Payet Uzun Gece Abiye Elbise TPRSS22AE00052,616.99,423,/trendyolmilla/lacivert-pariltili-orme-payet-uzun-gece-abiye-elbise-tprss22ae00052-p-266766859,Mezuniyet Elbisesi
230,505521448,TRENDYOLMİLLA,Ekru A-Kesim Şifon Düğün/Nikah Uzun Gece Abiye Elbisesi TPRSS23AE00215,299.99,43,/trendyolmilla/ekru-a-kesim-sifon-dugun-nikah-uzun-gece-abiye-elbisesi-tprss23ae00215-p-505521448,Mezuniyet Elbisesi
231,811938100,TRENDYOLMİLLA,Siyah Vücuda Oturan Dokuma Uzun Gece Abiye Elbise TPRSS24AE00171,623.99,16,/trendyolmilla/siyah-vucuda-oturan-dokuma-uzun-gece-abiye-elbise-tprss24ae00171-p-811938100,Mezuniyet Elbisesi
232,812086473,TRENDYOLMİLLA,Kırmızı Vücuda Oturan Gül Detaylı Dokuma Uzun Abiye Elbise TPRSS24AE00179,695.99,16,/trendyolmilla/kirmizi-vucuda-oturan-gul-detayli-dokuma-uzun-abiye-elbise-tprss24ae00179-p-812086473,Mezuniyet Elbisesi
233,805254763,TRENDYOLMİLLA,Lacivert A-Kesim Asimetrik Yaka Örme Uzun Abiye Elbise TPRSS24AE00122,466.99,12,/trendyolmilla/lacivert-a-kesim-asimetrik-yaka-orme-uzun-abiye-elbise-tprss24ae00122-p-805254763,Mezuniyet Elbisesi
234,817555051,TRENDYOLMİLLA,Siyah A-Kesim Dokuma Uzun Abiye & Mezuniyet Elbise TPRSS24AE00209,760.99,0,/trendyolmilla/siyah-a-kesim-dokuma-uzun-abiye-mezuniyet-elbise-tprss24ae00209-p-817555051,Mezuniyet Elbisesi
235,792584014,TRENDYOLMİLLA,Mor A-Kesim Fırfırlı Dokuma Uzun Gece Abiye Elbise TPRSS24AE00040,325.99,32,/trendyolmilla/mor-a-kesim-firfirli-dokuma-uzun-gece-abiye-elbise-tprss24ae00040-p-792584014,Mezuniyet Elbisesi
236,6257000,TRENDYOLMİLLA,Bordo Astarlı Örme Uzun Gece Abiye Elbise TPRSS19UT0099,661.99,2611,/trendyolmilla/bordo-astarli-orme-uzun-gece-abiye-elbise-tprss19ut0099-p-6257000,Mezuniyet Elbisesi
237,721745897,TRENDYOLMİLLA,X Zeynep Tosun Açık Yeşil Vücuda Oturan Korse Detaylı Abiye & Mezuniyet Elbisesi TCLSS23AE00013,368.99,70,/trendyolmilla/x-zeynep-tosun-acik-yesil-vucuda-oturan-korse-detayli-abiye-mezuniyet-elbisesi-tclss23ae00013-p-721745897,Mezuniyet Elbisesi
238,791867088,TRENDYOLMİLLA,Bridal Beyaz Parlak Taşlı Dokuma Uzun Düğün/Nikah Gece Abiye Elbise TPRSS24AE00023,586.99,7,/trendyolmilla/bridal-beyaz-parlak-tasli-dokuma-uzun-dugun-nikah-gece-abiye-elbise-tprss24ae00023-p-791867088,Mezuniyet Elbisesi
239,805255267,TRENDYOLMİLLA,Bordo Vücuda Oturan Dokuma Uzun Abiye Elbise TPRSS24AE00129,386.99,19,/trendyolmilla/bordo-vucuda-oturan-dokuma-uzun-abiye-elbise-tprss24ae00129-p-805255267,Mezuniyet Elbisesi
240,819333852,TRENDYOLMİLLA,Beyaz A-Kesim Carmen Yaka Örme Tül Uzun Gece Abiye Elbise TPRSS24AE00068,439.99,0,/trendyolmilla/beyaz-a-kesim-carmen-yaka-orme-tul-uzun-gece-abiye-elbise-tprss24ae00068-p-819333852,Mezuniyet Elbisesi
241,805256507,TRENDYOLMİLLA,Pembe Carmen Yaka Dokuma Şifon Uzun Şık Abiye Elbise TPRSS24AE00137,1363.99,93,/trendyolmilla/pembe-carmen-yaka-dokuma-sifon-uzun-sik-abiye-elbise-tprss24ae00137-p-805256507,Mezuniyet Elbisesi
242,808016015,TRENDYOLMİLLA,Pembe Vücuda Oturan Volan Detaylı Tek Kol Dokuma Uzun Abiye Elbise TPRSS24AE00152,536.99,8,/trendyolmilla/pembe-vucuda-oturan-volan-detayli-tek-kol-dokuma-uzun-abiye-elbise-tprss24ae00152-p-808016015,Mezuniyet Elbisesi
243,775316879,TRENDYOLMİLLA,Kırmızı Dokuma Abiye & Mezuniyet Elbise TPRSS19UT0124,507.99,35,/trendyolmilla/kirmizi-dokuma-abiye-mezuniyet-elbise-tprss19ut0124-p-775316879,Mezuniyet Elbisesi
244,806714669,TRENDYOLMİLLA,Siyah-Pembe Vücuda Oturan Parıltılı Simli Örme Uzun Gece Abiye Elbise TPRSS24AE00155,208.99,0,/trendyolmilla/siyah-pembe-vucuda-oturan-pariltili-simli-orme-uzun-gece-abiye-elbise-tprss24ae00155-p-806714669,Mezuniyet Elbisesi
245,819822724,TRENDYOLMİLLA,Limited Edition Fuşya Vücuda Oturan Aksesuarlı Gece Uzun Abiye Elbise TPRSS24AE00046,281.99,2,/trendyolmilla/limited-edition-fusya-vucuda-oturan-aksesuarli-gece-uzun-abiye-elbise-tprss24ae00046-p-819822724,Mezuniyet Elbisesi
246,807674015,TRENDYOLMİLLA,Siyah Korse Detaylı Dokuma Uzun Abiye Elbise TPRSS24AE00148,636.99,33,/trendyolmilla/siyah-korse-detayli-dokuma-uzun-abiye-elbise-tprss24ae00148-p-807674015,Mezuniyet Elbisesi
247,793673896,TRENDYOLMİLLA,Limited Edition Siyah A-Kesim Pencere/Cut Out Detaylı Örme Gece Uzun Abiye Elbise TPRSS24AE00049,499.99,32,/trendyolmilla/limited-edition-siyah-a-kesim-pencere-cut-out-detayli-orme-gece-uzun-abiye-elbise-tprss24ae00049-p-793673896,Mezuniyet Elbisesi
248,796155628,TRENDYOLMİLLA,Fuşya Vücuda Oturan Dokuma Şık Abiye Elbise TPRSS24AE00067,509.99,7,/trendyolmilla/fusya-vucuda-oturan-dokuma-sik-abiye-elbise-tprss24ae00067-p-796155628,Mezuniyet Elbisesi
249,795312264,TRENDYOLMİLLA,Siyah Vücuda Oturan Dokuma Uzun Gece Abiye Elbise TPRSS24AE00053,392.99,12,/trendyolmilla/siyah-vucuda-oturan-dokuma-uzun-gece-abiye-elbise-tprss24ae00053-p-795312264,Mezuniyet Elbisesi
250,808301410,TRENDYOLMİLLA,Turuncu Göğüs Detaylı Vücuda Oturan Dokuma Uzun Gece Abiye Elbise TPRSS24AE00115,239.99,15,/trendyolmilla/turuncu-gogus-detayli-vucuda-oturan-dokuma-uzun-gece-abiye-elbise-tprss24ae00115-p-808301410,Mezuniyet Elbisesi
251,6580636,TRENDYOLMİLLA,Saks A-Kesim Yırtmaç Dekolteli Dokuma Uzun Gece Abiye Elbise TPRSS19FZ0511,801.99,1368,/trendyolmilla/saks-a-kesim-yirtmac-dekolteli-dokuma-uzun-gece-abiye-elbise-tprss19fz0511-p-6580636,Mezuniyet Elbisesi
252,789051857,TRENDYOLMİLLA,Çok Renkli Çiçek Desenli Degaje Yaka Dokuma Saten Uzun Gece Abiye Elbise TPRSS24AE00002,266.99,8,/trendyolmilla/cok-renkli-cicek-desenli-degaje-yaka-dokuma-saten-uzun-gece-abiye-elbise-tprss24ae00002-p-789051857,Mezuniyet Elbisesi
253,825443252,TRENDYOLMİLLA,Bordo Vücuda Oturan Dokuma Abiye Elbise TPRSS24AE00252,382.99,3,/trendyolmilla/bordo-vucuda-oturan-dokuma-abiye-elbise-tprss24ae00252-p-825443252,Mezuniyet Elbisesi
254,788627844,TRENDYOLMİLLA,Siyah Transparan Detaylı Örme Tül Uzun Şık Abiye Elbise TPRSS24AE00010,207.99,17,/trendyolmilla/siyah-transparan-detayli-orme-tul-uzun-sik-abiye-elbise-tprss24ae00010-p-788627844,Mezuniyet Elbisesi
255,792749238,TRENDYOLMİLLA,Bridal Beyaz A-Kesim Gül Detaylı Dokuma Saten Düğün/Nikah Uzun Gece Abiye Elbise TPRSS24AE00029,283.99,22,/trendyolmilla/bridal-beyaz-a-kesim-gul-detayli-dokuma-saten-dugun-nikah-uzun-gece-abiye-elbise-tprss24ae00029-p-792749238,Mezuniyet Elbisesi
256,784173294,TRENDYOLMİLLA,Siyah A-Kesim Örme Uzun Gece Abiye Elbise TPRSS24AE00000,377.99,11,/trendyolmilla/siyah-a-kesim-orme-uzun-gece-abiye-elbise-tprss24ae00000-p-784173294,Mezuniyet Elbisesi
257,384196865,TRENDYOLMİLLA,Siyah Otrişli Dokuma Uzun Gece Abiye Elbise TPRSS23AE00032,871.99,443,/trendyolmilla/siyah-otrisli-dokuma-uzun-gece-abiye-elbise-tprss23ae00032-p-384196865,Mezuniyet Elbisesi
258,815841621,TRENDYOLMİLLA,Siyah Drapeli Örme Uzun Şık Abiye Elbise TPRSS24AE00104,844.99,8,/trendyolmilla/siyah-drapeli-orme-uzun-sik-abiye-elbise-tprss24ae00104-p-815841621,Mezuniyet Elbisesi
259,4463855,TRENDYOLMİLLA,Zümrüt Yeşili Vücuda Oturan Astarlı Volanlı Örme Uzun Gece Abiye Elbise TPRSS19UT0026,516.99,2120,/trendyolmilla/zumrut-yesili-vucuda-oturan-astarli-volanli-orme-uzun-gece-abiye-elbise-tprss19ut0026-p-4463855,Mezuniyet Elbisesi
260,816761537,TRENDYOLMİLLA,Bordo Vücuda Oturan Dokuma Parlak Taşlı Dokuma Uzun Gece Abiye Elbise TPRSS24AE00023,571.99,0,/trendyolmilla/bordo-vucuda-oturan-dokuma-parlak-tasli-dokuma-uzun-gece-abiye-elbise-tprss24ae00023-p-816761537,Mezuniyet Elbisesi
261,805254717,TRENDYOLMİLLA,Siyah Vücuda Oturan Örme Şık Abiye Elbise TPRSS24AE00120,523.99,11,/trendyolmilla/siyah-vucuda-oturan-orme-sik-abiye-elbise-tprss24ae00120-p-805254717,Mezuniyet Elbisesi
262,797204995,TRENDYOLMİLLA,Saks A-Kesim Örme Abiye & Mezuniyet Elbise TPRSS24AE00044,429.99,11,/trendyolmilla/saks-a-kesim-orme-abiye-mezuniyet-elbise-tprss24ae00044-p-797204995,Mezuniyet Elbisesi
263,801208536,TRENDYOLMİLLA,Saks A-Kesim Örme Abiye & Mezuniyet Elbise TPRSS24AE00065,1000.99,27,/trendyolmilla/saks-a-kesim-orme-abiye-mezuniyet-elbise-tprss24ae00065-p-801208536,Mezuniyet Elbisesi
264,788878737,TRENDYOLMİLLA,Siyah A-Kesim Kemer Detaylı Dokuma Uzun Şık Abiye Elbise TPRSS24AE00013,980.99,22,/trendyolmilla/siyah-a-kesim-kemer-detayli-dokuma-uzun-sik-abiye-elbise-tprss24ae00013-p-788878737,Mezuniyet Elbisesi
265,455846862,TRENDYOLMİLLA,Mor Astarlı Parıltılı Örme Uzun Gece Abiye Elbise TPRSS23AE00145,784.99,88,/trendyolmilla/mor-astarli-pariltili-orme-uzun-gece-abiye-elbise-tprss23ae00145-p-455846862,Mezuniyet Elbisesi
266,805255464,TRENDYOLMİLLA,Gri Metalik Dokuma Uzun Abiye Elbise TPRSS24AE00133,897.99,43,/trendyolmilla/gri-metalik-dokuma-uzun-abiye-elbise-tprss24ae00133-p-805255464,Mezuniyet Elbisesi
267,805041488,TRENDYOLMİLLA,Siyah Göğüs Detaylı Vücuda Oturan Dokuma Uzun Gece Abiye Elbise TPRSS24AE00115,208.99,15,/trendyolmilla/siyah-gogus-detayli-vucuda-oturan-dokuma-uzun-gece-abiye-elbise-tprss24ae00115-p-805041488,Mezuniyet Elbisesi
268,783931903,TRENDYOLMİLLA,Fuşya Dokuma Abiye & Mezuniyet Elbise TPRSS20AE0274,655.99,30,/trendyolmilla/fusya-dokuma-abiye-mezuniyet-elbise-tprss20ae0274-p-783931903,Mezuniyet Elbisesi
269,721730622,TRENDYOLMİLLA,X Zeynep Tosun Nar Çiçeği Volanlı Abiye & Mezuniyet Elbisesi TCLSS23AE00011,476.99,50,/trendyolmilla/x-zeynep-tosun-nar-cicegi-volanli-abiye-mezuniyet-elbisesi-tclss23ae00011-p-721730622,Mezuniyet Elbisesi
270,824361937,TRENDYOLMİLLA,Çok Renkli Çiçek Desenli Tek Omuz Dokuma Uzun Şık Abiye Elbise TPRSS24AE00245,3230.99,5,/trendyolmilla/cok-renkli-cicek-desenli-tek-omuz-dokuma-uzun-sik-abiye-elbise-tprss24ae00245-p-824361937,Mezuniyet Elbisesi
271,805256785,TRENDYOLMİLLA,Mint Taş Baskılı Dokuma Uzun Abiye Elbise TPRSS24AE00135,587.99,10,/trendyolmilla/mint-tas-baskili-dokuma-uzun-abiye-elbise-tprss24ae00135-p-805256785,Mezuniyet Elbisesi
272,605769887,TRENDYOLMİLLA,Ekru Örme Saten Astarlı Volanlı Düğün/Nikah Uzun Gece Abiye Elbisesi TPRSS23AE00237,140.99,36,/trendyolmilla/ekru-orme-saten-astarli-volanli-dugun-nikah-uzun-gece-abiye-elbisesi-tprss23ae00237-p-605769887,Mezuniyet Elbisesi
273,815425938,TRENDYOLMİLLA,Zümrüt Yeşili Düşük Kol Taş Aksesuar Detaylı Uzun Dokuma Şık Abiye Elbise TPRSS24AE00186,2999.0,3,/trendyolmilla/zumrut-yesili-dusuk-kol-tas-aksesuar-detayli-uzun-dokuma-sik-abiye-elbise-tprss24ae00186-p-815425938,Mezuniyet Elbisesi
274,805037709,TRENDYOLMİLLA,Siyah Vücuda Oturan Astarlı Parıltılı Örme Uzun Gece Abiye Elbise TPRSS24AE00114,389.99,18,/trendyolmilla/siyah-vucuda-oturan-astarli-pariltili-orme-uzun-gece-abiye-elbise-tprss24ae00114-p-805037709,Mezuniyet Elbisesi
275,833225365,TRENDYOLMİLLA,Bordo Saten Dokuma Balık Kesim Uzun Abiye & Mezuniyet Elbise TPRSS24AE00001,671.99,1,/trendyolmilla/bordo-saten-dokuma-balik-kesim-uzun-abiye-mezuniyet-elbise-tprss24ae00001-p-833225365,Mezuniyet Elbisesi
276,808016016,TRENDYOLMİLLA,Saks Vücuda Oturan Volan Detaylı Tek Kol Dokuma Uzun Abiye Elbise TPRSS24AE00152,531.99,11,/trendyolmilla/saks-vucuda-oturan-volan-detayli-tek-kol-dokuma-uzun-abiye-elbise-tprss24ae00152-p-808016016,Mezuniyet Elbisesi
277,788984762,TRENDYOLMİLLA,Siyah Vücuda Oturan Örme Dantel Detaylı Uzun Gece Abiye Elbise TPRSS24AE00003,234.99,19,/trendyolmilla/siyah-vucuda-oturan-orme-dantel-detayli-uzun-gece-abiye-elbise-tprss24ae00003-p-788984762,Mezuniyet Elbisesi
278,825443344,TRENDYOLMİLLA,Siyah Vücuda Oturan Dokuma Abiye Elbise TPRSS24AE00252,304.99,2,/trendyolmilla/siyah-vucuda-oturan-dokuma-abiye-elbise-tprss24ae00252-p-825443344,Mezuniyet Elbisesi
279,212003764,TRENDYOLMİLLA,Siyah Detaylı Örme Uzun Gece Abiye Elbise TPRSS22AE0034,527.99,240,/trendyolmilla/siyah-detayli-orme-uzun-gece-abiye-elbise-tprss22ae0034-p-212003764,Mezuniyet Elbisesi
280,815531847,TRENDYOLMİLLA,Limited Edition Kırmızı A-Kesim Pencere/Cut Out Detaylı Örme Gece Uzun Abiye Elbise TPRSS24AE00049,780.99,26,/trendyolmilla/limited-edition-kirmizi-a-kesim-pencere-cut-out-detayli-orme-gece-uzun-abiye-elbise-tprss24ae00049-p-815531847,Mezuniyet Elbisesi
281,90414305,TRENDYOLMİLLA,Siyah Astarlı Örme Uzun Gece Abiye Elbise TPRSS21AE0049,661.99,448,/trendyolmilla/siyah-astarli-orme-uzun-gece-abiye-elbise-tprss21ae0049-p-90414305,Mezuniyet Elbisesi
282,805256620,TRENDYOLMİLLA,Gül Kurusu Dokuma Uzun Abiye Elbise TPRSS24AE00131,602.99,10,/trendyolmilla/gul-kurusu-dokuma-uzun-abiye-elbise-tprss24ae00131-p-805256620,Mezuniyet Elbisesi
283,380730583,TRENDYOLMİLLA,Tarçın Örme Pencere/Cut Out Detaylı Uzun Gece Abiye Elbise TPRSS23AE00021,110.99,22,/trendyolmilla/tarcin-orme-pencere-cut-out-detayli-uzun-gece-abiye-elbise-tprss23ae00021-p-380730583,Mezuniyet Elbisesi
284,792749237,TRENDYOLMİLLA,Siyah A-Kesim Gül Detaylı Dokuma Saten Uzun Gece Abiye Elbise TPRSS24AE00029,840.99,14,/trendyolmilla/siyah-a-kesim-gul-detayli-dokuma-saten-uzun-gece-abiye-elbise-tprss24ae00029-p-792749237,Mezuniyet Elbisesi
285,796414393,TRENDYOLMİLLA,Mor Dokuma Payet Uzun Şık Abiye Elbise TPRSS24AE00081,781.99,10,/trendyolmilla/mor-dokuma-payet-uzun-sik-abiye-elbise-tprss24ae00081-p-796414393,Mezuniyet Elbisesi
286,824363864,TRENDYOLMİLLA,Fuşya-Çok Renkli Çiçekli Dokuma Uzun Abiye Elbise TPRSS24AE00241,2685.99,5,/trendyolmilla/fusya-cok-renkli-cicekli-dokuma-uzun-abiye-elbise-tprss24ae00241-p-824363864,Mezuniyet Elbisesi
287,815425895,TRENDYOLMİLLA,Kırmızı Düşük Kol Taş Aksesuar Detaylı Uzun Dokuma Şık Abiye Elbise TPRSS24AE00186,2999.0,4,/trendyolmilla/kirmizi-dusuk-kol-tas-aksesuar-detayli-uzun-dokuma-sik-abiye-elbise-tprss24ae00186-p-815425895,Mezuniyet Elbisesi
288,802060999,TRENDYOLMİLLA,Siyah Dantel Detaylı Dokuma Saten Uzun Gece Abiye Elbise TPRSS24AE00037,294.99,15,/trendyolmilla/siyah-dantel-detayli-dokuma-saten-uzun-gece-abiye-elbise-tprss24ae00037-p-802060999,Mezuniyet Elbisesi
289,444046942,TRENDYOLMİLLA,Siyah Vücuda Oturan Örme Uzun Gece Abiye Elbise TPRSS23AE00074,297.99,26,/trendyolmilla/siyah-vucuda-oturan-orme-uzun-gece-abiye-elbise-tprss23ae00074-p-444046942,Mezuniyet Elbisesi
290,792587484,TRENDYOLMİLLA,Çok Renkli Fırfırlı Dokuma Uzun Gece Abiye Elbise TPRSS24AE00045,858.99,42,/trendyolmilla/cok-renkli-firfirli-dokuma-uzun-gece-abiye-elbise-tprss24ae00045-p-792587484,Mezuniyet Elbisesi
291,806913618,TRENDYOLMİLLA,Bridal Beyaz Vücuda Oturan Otrişli Dokuma Düğün/Nikah Uzun Gece Abiye Elbise TPRSS24AE00160,149.99,4,/trendyolmilla/bridal-beyaz-vucuda-oturan-otrisli-dokuma-dugun-nikah-uzun-gece-abiye-elbise-tprss24ae00160-p-806913618,Mezuniyet Elbisesi
292,772218838,TRENDYOLMİLLA,Saks Pencere/Cut Out Detaylı Örme Uzun Gece Abiye Elbise TPRSS23AE00157,608.99,19,/trendyolmilla/saks-pencere-cut-out-detayli-orme-uzun-gece-abiye-elbise-tprss23ae00157-p-772218838,Mezuniyet Elbisesi
293,822953986,TRENDYOLMİLLA,Lila Pullu Örme Tül Uzun Şık Abiye Elbise TPRSS24AE00103,690.99,2,/trendyolmilla/lila-pullu-orme-tul-uzun-sik-abiye-elbise-tprss24ae00103-p-822953986,Mezuniyet Elbisesi
294,799401809,TRENDYOLMİLLA,Fuşya Vücuda Oturan Degaje Yaka Dokuma Uzun Gece Abiye Elbise TPRSS24AE00083,437.99,14,/trendyolmilla/fusya-vucuda-oturan-degaje-yaka-dokuma-uzun-gece-abiye-elbise-tprss24ae00083-p-799401809,Mezuniyet Elbisesi
295,796041563,TRENDYOLMİLLA,Saks Vücuda Oturan Dokuma Uzun Şık Abiye Elbise TPRSS24AE00061,327.99,16,/trendyolmilla/saks-vucuda-oturan-dokuma-uzun-sik-abiye-elbise-tprss24ae00061-p-796041563,Mezuniyet Elbisesi
296,805254643,TRENDYOLMİLLA,Siyah Asimetrik Yaka Dokuma Uzun Abiye Elbise TPRSS24AE00119,362.99,8,/trendyolmilla/siyah-asimetrik-yaka-dokuma-uzun-abiye-elbise-tprss24ae00119-p-805254643,Mezuniyet Elbisesi
299,380868900,TRENDYOLMİLLA,Mürdüm A-Kesim Astarlı Şifon Uzun Gece Abiye Elbisesi TPRSS23AE00026,176.99,35,/trendyolmilla/murdum-a-kesim-astarli-sifon-uzun-gece-abiye-elbisesi-tprss23ae00026-p-380868900,Mezuniyet Elbisesi
300,815856585,TRENDYOLMİLLA,Siyah Pullu Payet Detaylı Tül Uzun Abiye Elbise TPRSS24AE00214,721.99,2,/trendyolmilla/siyah-pullu-payet-detayli-tul-uzun-abiye-elbise-tprss24ae00214-p-815856585,Mezuniyet Elbisesi
302,479683963,TRENDYOLMİLLA,Pudra Astarlı Parıltılı Simli Örme Uzun Gece Abiye Elbise TPRSS23AE00251,152.99,25,/trendyolmilla/pudra-astarli-pariltili-simli-orme-uzun-gece-abiye-elbise-tprss23ae00251-p-479683963,Mezuniyet Elbisesi
303,805254642,TRENDYOLMİLLA,Fuşya Asimetrik Yaka Dokuma Uzun Abiye Elbise TPRSS24AE00119,336.99,11,/trendyolmilla/fusya-asimetrik-yaka-dokuma-uzun-abiye-elbise-tprss24ae00119-p-805254642,Mezuniyet Elbisesi
304,605585921,TRENDYOLMİLLA,Ekru Vücuda Oturan Örme Astarlı Volanlı Tül Düğün/Nikah Uzun Gece Abiye Elbisesi TPRSS23AE00239,246.99,16,/trendyolmilla/ekru-vucuda-oturan-orme-astarli-volanli-tul-dugun-nikah-uzun-gece-abiye-elbisesi-tprss23ae00239-p-605585921,Mezuniyet Elbisesi
305,799993445,TRENDYOLMİLLA,Saks A-Kesim Tek Kol Aksesuarlı Dokuma Şifon Uzun Gece Abiye Elbise TPRSS24AE00085,407.99,23,/trendyolmilla/saks-a-kesim-tek-kol-aksesuarli-dokuma-sifon-uzun-gece-abiye-elbise-tprss24ae00085-p-799993445,Mezuniyet Elbisesi
306,833225322,TRENDYOLMİLLA,Zümrüt Yeşili Dokuma Saten Balık Kesim Uzun Abiye & Mezuniyet Elbise TPRSS24AE00001,671.99,0,/trendyolmilla/zumrut-yesili-dokuma-saten-balik-kesim-uzun-abiye-mezuniyet-elbise-tprss24ae00001-p-833225322,Mezuniyet Elbisesi
307,805255327,TRENDYOLMİLLA,Siyah Vücuda Oturan Taş Aksesuarlı Tek Kol Dokuma Uzun Abiye Elbise TPRSS24AE00132,303.99,15,/trendyolmilla/siyah-vucuda-oturan-tas-aksesuarli-tek-kol-dokuma-uzun-abiye-elbise-tprss24ae00132-p-805255327,Mezuniyet Elbisesi
308,812101711,TRENDYOLMİLLA,Beyaz Taş Baskılı Dokuma Uzun Abiye Elbise TPRSS24AE00184,2103.99,3,/trendyolmilla/beyaz-tas-baskili-dokuma-uzun-abiye-elbise-tprss24ae00184-p-812101711,Mezuniyet Elbisesi
309,815841552,TRENDYOLMİLLA,Zümrüt Yeşili Drapeli Örme Uzun Şık Abiye Elbise TPRSS24AE00104,1143.99,5,/trendyolmilla/zumrut-yesili-drapeli-orme-uzun-sik-abiye-elbise-tprss24ae00104-p-815841552,Mezuniyet Elbisesi
313,623316261,TRENDYOLMİLLA,Mor Astarlı Dokuma Saten Uzun Gece Abiye Elbise TPRSS23AE00221,238.99,36,/trendyolmilla/mor-astarli-dokuma-saten-uzun-gece-abiye-elbise-tprss23ae00221-p-623316261,Mezuniyet Elbisesi
314,444112793,TRENDYOLMİLLA,Siyah Vücuda Oturan Dokuma Saten Uzun Gece Abiye Elbisesi TPRSS23AE00079,185.99,34,/trendyolmilla/siyah-vucuda-oturan-dokuma-saten-uzun-gece-abiye-elbisesi-tprss23ae00079-p-444112793,Mezuniyet Elbisesi
315,822954031,TRENDYOLMİLLA,Lacivert Örme Tül Şık Abiye Elbise TPRSS24AE00103,740.99,5,/trendyolmilla/lacivert-orme-tul-sik-abiye-elbise-tprss24ae00103-p-822954031,Mezuniyet Elbisesi
316,468238911,TRENDYOLMİLLA,Siyah Vücuda Oturan Örme Out Detaylı Parıltılı Uzun Gece Abiye Elbise TPRSS23AE00029,140.99,40,/trendyolmilla/siyah-vucuda-oturan-orme-out-detayli-pariltili-uzun-gece-abiye-elbise-tprss23ae00029-p-468238911,Mezuniyet Elbisesi
317,790832609,TRENDYOLMİLLA,Beyaz Dokuma Abiye & Mezuniyet Elbise TPRSS23AE00228,621.99,33,/trendyolmilla/beyaz-dokuma-abiye-mezuniyet-elbise-tprss23ae00228-p-790832609,Mezuniyet Elbisesi
318,365929066,TRENDYOLMİLLA,Saks Vücuda Oturan Astarlı Volanlı Örme Uzun Gece Abiye Elbise TPRSS19UT0026,668.99,190,/trendyolmilla/saks-vucuda-oturan-astarli-volanli-orme-uzun-gece-abiye-elbise-tprss19ut0026-p-365929066,Mezuniyet Elbisesi
321,824368056,TRENDYOLMİLLA,Ekru Dokuma Tül Uzun Şık Abiye Elbise TPRSS24AE00246,2172.99,1,/trendyolmilla/ekru-dokuma-tul-uzun-sik-abiye-elbise-tprss24ae00246-p-824368056,Mezuniyet Elbisesi
322,796289492,TRENDYOLMİLLA,Lila A-Kesim Carmen Yaka Örme Tül Uzun Gece Abiye Elbise TPRSS24AE00068,658.99,14,/trendyolmilla/lila-a-kesim-carmen-yaka-orme-tul-uzun-gece-abiye-elbise-tprss24ae00068-p-796289492,Mezuniyet Elbisesi
323,807674037,TRENDYOLMİLLA,Mürdüm Dokuma Uzun Şık Abiye Elbise TPRSS24AE00150,659.99,35,/trendyolmilla/murdum-dokuma-uzun-sik-abiye-elbise-tprss24ae00150-p-807674037,Mezuniyet Elbisesi
324,792400839,TRENDYOLMİLLA,Gümüş Astarlı Metalik Dokuma Balık Uzun Gece Abiye Elbise TPRSS24AE00017,719.99,8,/trendyolmilla/gumus-astarli-metalik-dokuma-balik-uzun-gece-abiye-elbise-tprss24ae00017-p-792400839,Mezuniyet Elbisesi
325,788969170,TRENDYOLMİLLA,Siyah Parlak Taş Aksesuarlı Dokuma Saten Uzun Gece Abiye Elbise TPRSS24AE00006,696.99,32,/trendyolmilla/siyah-parlak-tas-aksesuarli-dokuma-saten-uzun-gece-abiye-elbise-tprss24ae00006-p-788969170,Mezuniyet Elbisesi
327,516697803,TRENDYOLMİLLA,Çok Renkli Vücuda Oturan Örme Çiçek Desenli Uzun Gece Abiye Elbisesi TPRSS23AE00223,222.99,59,/trendyolmilla/cok-renkli-vucuda-oturan-orme-cicek-desenli-uzun-gece-abiye-elbisesi-tprss23ae00223-p-516697803,Mezuniyet Elbisesi
328,801743770,TRENDYOLMİLLA,Lacivert Dokuma Tül Uzun Şık Abiye Elbise TPRSS24AE00106,1459.99,4,/trendyolmilla/lacivert-dokuma-tul-uzun-sik-abiye-elbise-tprss24ae00106-p-801743770,Mezuniyet Elbisesi
329,812601153,TRENDYOLMİLLA,Fuşya Vücuda Oturan Dokuma Uzun Şık Abiye & Mezuniyet Elbise TPRSS24AE00188,631.99,11,/trendyolmilla/fusya-vucuda-oturan-dokuma-uzun-sik-abiye-mezuniyet-elbise-tprss24ae00188-p-812601153,Mezuniyet Elbisesi
330,789047498,TRENDYOLMİLLA,Nar Çiçeği Anvelop Volanlı Dokuma Uzun Gece Abiye Elbise TPRSS24AE00005,618.99,10,/trendyolmilla/nar-cicegi-anvelop-volanli-dokuma-uzun-gece-abiye-elbise-tprss24ae00005-p-789047498,Mezuniyet Elbisesi
331,772221469,TRENDYOLMİLLA,Kırmızı Biye Detaylı Örme Uzun Gece Abiye Elbise TPRSS22AE0047,381.99,7,/trendyolmilla/kirmizi-biye-detayli-orme-uzun-gece-abiye-elbise-tprss22ae0047-p-772221469,Mezuniyet Elbisesi
332,792751267,TRENDYOLMİLLA,Bridal Beyaz A-Kesim Örme Payet Düğün/Nikah Uzun Gece Abiye Elbise TPRSS24AE00039,442.99,15,/trendyolmilla/bridal-beyaz-a-kesim-orme-payet-dugun-nikah-uzun-gece-abiye-elbise-tprss24ae00039-p-792751267,Mezuniyet Elbisesi
333,518813405,TRENDYOLMİLLA,Çok Renkli A-Kesim Dokuma Astarlı Şifon Volanlı Uzun Gece Abiye Elbise TPRSS23AE00202,196.99,42,/trendyolmilla/cok-renkli-a-kesim-dokuma-astarli-sifon-volanli-uzun-gece-abiye-elbise-tprss23ae00202-p-518813405,Mezuniyet Elbisesi
334,796289490,TRENDYOLMİLLA,Siyah A-Kesim Carmen Yaka Örme Tül Uzun Gece Abiye Elbise TPRSS24AE00068,662.99,21,/trendyolmilla/siyah-a-kesim-carmen-yaka-orme-tul-uzun-gece-abiye-elbise-tprss24ae00068-p-796289490,Mezuniyet Elbisesi
335,386585287,TRENDYOLMİLLA,Açık Sarı Dokuma Pencere/Cut Out Detaylı Saten Uzun Gece Abiye Elbise TPRSS23AE00036,157.99,36,/trendyolmilla/acik-sari-dokuma-pencere-cut-out-detayli-saten-uzun-gece-abiye-elbise-tprss23ae00036-p-386585287,Mezuniyet Elbisesi
337,786385353,TRENDYOLMİLLA,Bordo Vücuda Oturan Otrişli Dokuma Gece Abiye Elbise TPRSS22AE0095,577.99,63,/trendyolmilla/bordo-vucuda-oturan-otrisli-dokuma-gece-abiye-elbise-tprss22ae0095-p-786385353,Mezuniyet Elbisesi
338,799191285,TRENDYOLMİLLA,Pembe Vücuda Oturan Asimetrik Yaka Dokuma Poplin Uzun Gece Abiye Elbise TPRSS24AE00084,600.99,8,/trendyolmilla/pembe-vucuda-oturan-asimetrik-yaka-dokuma-poplin-uzun-gece-abiye-elbise-tprss24ae00084-p-799191285,Mezuniyet Elbisesi
339,791864546,TRENDYOLMİLLA,Siyah Kol Detaylı Örme Uzun Gece Abiye Elbise TPRSS24AE00018,316.99,11,/trendyolmilla/siyah-kol-detayli-orme-uzun-gece-abiye-elbise-tprss24ae00018-p-791864546,Mezuniyet Elbisesi
340,380383111,TRENDYOLMİLLA,Siyah A-Kesim Astarlı Örme Pencere/Cut Out Detaylı Uzun Gece Abiye Elbisesi TPRSS23AE00010,245.99,47,/trendyolmilla/siyah-a-kesim-astarli-orme-pencere-cut-out-detayli-uzun-gece-abiye-elbisesi-tprss23ae00010-p-380383111,Mezuniyet Elbisesi
341,388249212,TRENDYOLMİLLA,Bordo Dokuma Pencere/Cut Out Detaylı Uzun Gece Abiye Elbisesi TPRSS23AE00046,137.99,44,/trendyolmilla/bordo-dokuma-pencere-cut-out-detayli-uzun-gece-abiye-elbisesi-tprss23ae00046-p-388249212,Mezuniyet Elbisesi
342,455982353,TRENDYOLMİLLA,Saks Düğme Detaylı Örme Saten Uzun Gece Abiye Elbise TPRSS23AE00157,459.99,287,/trendyolmilla/saks-dugme-detayli-orme-saten-uzun-gece-abiye-elbise-tprss23ae00157-p-455982353,Mezuniyet Elbisesi
343,792751587,TRENDYOLMİLLA,Bordo Dokuma Saten Uzun Gece Abiye Elbise TPRSS24AE00038,415.99,19,/trendyolmilla/bordo-dokuma-saten-uzun-gece-abiye-elbise-tprss24ae00038-p-792751587,Mezuniyet Elbisesi
344,822058193,TRENDYOLMİLLA,Siyah Vücuda Oturan Asimetrik Yaka Bel Detaylı Dokuma Uzun Şık Abiye Elbise TPRSS24AE00225,575.99,20,/trendyolmilla/siyah-vucuda-oturan-asimetrik-yaka-bel-detayli-dokuma-uzun-sik-abiye-elbise-tprss24ae00225-p-822058193,Mezuniyet Elbisesi
345,801411521,TRENDYOLMİLLA,Zümrüt Yeşili Kemer Detaylı Örme Uzun Abiye Elbise TPRSS24AE00102,1128.99,15,/trendyolmilla/zumrut-yesili-kemer-detayli-orme-uzun-abiye-elbise-tprss24ae00102-p-801411521,Mezuniyet Elbisesi
346,801409328,TRENDYOLMİLLA,Lacivert Parlak Metalik Baskılı Örme Şık Abiye Elbise TPRSS24AE00101,1150.99,5,/trendyolmilla/lacivert-parlak-metalik-baskili-orme-sik-abiye-elbise-tprss24ae00101-p-801409328,Mezuniyet Elbisesi
347,801745925,TRENDYOLMİLLA,Siyah Dokuma Tül Şık Abiye Elbise TPRSS24AE00108,1087.99,5,/trendyolmilla/siyah-dokuma-tul-sik-abiye-elbise-tprss24ae00108-p-801745925,Mezuniyet Elbisesi
348,799191291,TRENDYOLMİLLA,Siyah Vücuda Oturan Asimetrik Yaka Dokuma Poplin Uzun Gece Abiye Elbise TPRSS24AE00084,703.99,12,/trendyolmilla/siyah-vucuda-oturan-asimetrik-yaka-dokuma-poplin-uzun-gece-abiye-elbise-tprss24ae00084-p-799191291,Mezuniyet Elbisesi
349,380995234,TRENDYOLMİLLA,Siyah Vücuda Oturan Örme Pencere/Cut Out Detaylı Parıltılı Uzun Gece Abiye Elbisesi TPRSS23AE00015,243.99,43,/trendyolmilla/siyah-vucuda-oturan-orme-pencere-cut-out-detayli-pariltili-uzun-gece-abiye-elbisesi-tprss23ae00015-p-380995234,Mezuniyet Elbisesi
350,639795376,TRENDYOLMİLLA,Ekru Dokuma Astarlı Parıltılı Payet Düğün/Nikah Uzun Gece Abiye Elbisesi TPRSS23AE00261,137.99,17,/trendyolmilla/ekru-dokuma-astarli-pariltili-payet-dugun-nikah-uzun-gece-abiye-elbisesi-tprss23ae00261-p-639795376,Mezuniyet Elbisesi
351,801745244,TRENDYOLMİLLA,Zümrüt Yeşili Dokuma Tül Uzun Şık Abiye Elbise TPRSS24AE00107,1614.99,8,/trendyolmilla/zumrut-yesili-dokuma-tul-uzun-sik-abiye-elbise-tprss24ae00107-p-801745244,Mezuniyet Elbisesi
352,812101424,TRENDYOLMİLLA,Siyah Dokuma Abiye & Mezuniyet Elbise TPRSS24AE00184,2331.99,3,/trendyolmilla/siyah-dokuma-abiye-mezuniyet-elbise-tprss24ae00184-p-812101424,Mezuniyet Elbisesi
353,824368617,TRENDYOLMİLLA,Fuşya Dokuma Tül Uzun Şık Abiye Elbise TPRSS24AE00246,1922.99,4,/trendyolmilla/fusya-dokuma-tul-uzun-sik-abiye-elbise-tprss24ae00246-p-824368617,Mezuniyet Elbisesi
354,819333564,TRENDYOLMİLLA,Mor Kol Detaylı Dokuma Abiye Elbise TPRSS24AE00032,547.99,3,/trendyolmilla/mor-kol-detayli-dokuma-abiye-elbise-tprss24ae00032-p-819333564,Mezuniyet Elbisesi
355,453434460,TRENDYOLMİLLA,Çok Renkli A-Kesim Astarlı Çiçek Desenli Uzun Gece Abiye Elbise TPRSS23AE00121,200.99,55,/trendyolmilla/cok-renkli-a-kesim-astarli-cicek-desenli-uzun-gece-abiye-elbise-tprss23ae00121-p-453434460,Mezuniyet Elbisesi
356,815857494,TRENDYOLMİLLA,Mürdüm Dokuma Abiye & Mezuniyet Elbise TPRSS24AE00066,688.99,11,/trendyolmilla/murdum-dokuma-abiye-mezuniyet-elbise-tprss24ae00066-p-815857494,Mezuniyet Elbisesi
357,833052910,TRENDYOLMİLLA,Kırmızı Vücuda Oturan Carmen Yaka Dokuma Uzun Abiye Elbise TPRSS24AE00253,706.99,1,/trendyolmilla/kirmizi-vucuda-oturan-carmen-yaka-dokuma-uzun-abiye-elbise-tprss24ae00253-p-833052910,Mezuniyet Elbisesi
358,828051763,TRENDYOLMİLLA,Mint A-Kesim Dokuma Uzun Şık Abiye Elbise TPRSS24AE00244,2982.99,0,/trendyolmilla/mint-a-kesim-dokuma-uzun-sik-abiye-elbise-tprss24ae00244-p-828051763,Mezuniyet Elbisesi
359,824368210,TRENDYOLMİLLA,Yeşil-Çok Renkli Çiçekli Tek Kol Dokuma Uzun Abiye Elbise TPRSS24AE00245,3926.99,8,/trendyolmilla/yesil-cok-renkli-cicekli-tek-kol-dokuma-uzun-abiye-elbise-tprss24ae00245-p-824368210,Mezuniyet Elbisesi
361,824364340,TRENDYOLMİLLA,Sarı-Çok Renkli Çiçekli Dokuma Uzun Abiye Elbise TPRSS24AE00242,3243.99,7,/trendyolmilla/sari-cok-renkli-cicekli-dokuma-uzun-abiye-elbise-tprss24ae00242-p-824364340,Mezuniyet Elbisesi
362,819822765,TRENDYOLMİLLA,Gül Kurusu Vücuda Oturan Astarlı Dokuma Uzun Gece Abiye Elbise TPRSS24AE00016,513.99,2,/trendyolmilla/gul-kurusu-vucuda-oturan-astarli-dokuma-uzun-gece-abiye-elbise-tprss24ae00016-p-819822765,Mezuniyet Elbisesi
363,819008904,TRENDYOLMİLLA,X Yapay Zekâ Beyaz-Çok Renkli A-Kesim Çiçekli Dokuma Uzun Gece Abiye Elbise TPRSS24AE00233,676.99,6,/trendyolmilla/x-yapay-zeka-beyaz-cok-renkli-a-kesim-cicekli-dokuma-uzun-gece-abiye-elbise-tprss24ae00233-p-819008904,Mezuniyet Elbisesi
364,812097378,TRENDYOLMİLLA,Lacivert Düşük Kol Taş Aksesuar Detaylı Dokuma Uzun Şık Abiye Elbise TPRSS24AE00186,2116.99,22,/trendyolmilla/lacivert-dusuk-kol-tas-aksesuar-detayli-dokuma-uzun-sik-abiye-elbise-tprss24ae00186-p-812097378,Mezuniyet Elbisesi
365,811938094,TRENDYOLMİLLA,Bordo Vücuda Oturan Tek Kol Dokuma Uzun Gece Abiye Elbise TPRSS24AE00171,617.99,9,/trendyolmilla/bordo-vucuda-oturan-tek-kol-dokuma-uzun-gece-abiye-elbise-tprss24ae00171-p-811938094,Mezuniyet Elbisesi
366,808293606,TRENDYOLMİLLA,Mint Volanlı Dokuma Uzun Abiye Elbise TPRSS24AE00145,429.99,13,/trendyolmilla/mint-volanli-dokuma-uzun-abiye-elbise-tprss24ae00145-p-808293606,Mezuniyet Elbisesi
367,807673985,TRENDYOLMİLLA,Beyaz Derin V Yaka Dokuma Uzun Şık Abiye Elbise TPRSS24AE00147,270.99,9,/trendyolmilla/beyaz-derin-v-yaka-dokuma-uzun-sik-abiye-elbise-tprss24ae00147-p-807673985,Mezuniyet Elbisesi
368,807614416,TRENDYOLMİLLA,X Zeynep Tosun Siyah Örme Aksesuar Detaylı Gece Abiye & Mezuniyet Elbisesi TCLSS24AE00003,924.99,12,/trendyolmilla/x-zeynep-tosun-siyah-orme-aksesuar-detayli-gece-abiye-mezuniyet-elbisesi-tclss24ae00003-p-807614416,Mezuniyet Elbisesi
369,807574155,TRENDYOLMİLLA,Siyah Askı Detaylı Örme Uzun Şık Abiye Elbise TPRSS24AE00165,345.99,24,/trendyolmilla/siyah-aski-detayli-orme-uzun-sik-abiye-elbise-tprss24ae00165-p-807574155,Mezuniyet Elbisesi
370,807519526,TRENDYOLMİLLA,X Zeynep Tosun Koyu Kahverengi Örme Yılan Aksesuarlı Abiye & Mezuniyet Elbisesi TCLSS24AE00014,1313.99,14,/trendyolmilla/x-zeynep-tosun-koyu-kahverengi-orme-yilan-aksesuarli-abiye-mezuniyet-elbisesi-tclss24ae00014-p-807519526,Mezuniyet Elbisesi
371,807519322,TRENDYOLMİLLA,X Zeynep Tosun Siyah Balık Örme Bağlama Detaylı Uzun Gece Abiye & Mezuniyet Elbisesi TCLSS24AE00009,1003.99,11,/trendyolmilla/x-zeynep-tosun-siyah-balik-orme-baglama-detayli-uzun-gece-abiye-mezuniyet-elbisesi-tclss24ae00009-p-807519322,Mezuniyet Elbisesi
372,807512225,TRENDYOLMİLLA,X Zeynep Tosun Saks Anvelop Örme Aksesuar Detaylı Uzun Abiye & Mezuniyet Elbisesi TCLSS24AE00007,839.99,13,/trendyolmilla/x-zeynep-tosun-saks-anvelop-orme-aksesuar-detayli-uzun-abiye-mezuniyet-elbisesi-tclss24ae00007-p-807512225,Mezuniyet Elbisesi
373,807512221,TRENDYOLMİLLA,X Zeynep Tosun Kırmızı Anvelop Örme Aksesuar Detaylı Uzun Abiye & Mezuniyet Elbisesi TCLSS24AE00007,871.99,9,/trendyolmilla/x-zeynep-tosun-kirmizi-anvelop-orme-aksesuar-detayli-uzun-abiye-mezuniyet-elbisesi-tclss24ae00007-p-807512221,Mezuniyet Elbisesi
374,807511428,TRENDYOLMİLLA,X Zeynep Tosun Siyah Örme Carmen Yaka Dantelli Uzun Gece Abiye & Mezuniyet Elbisesi TCLSS24AE00006,1731.99,21,/trendyolmilla/x-zeynep-tosun-siyah-orme-carmen-yaka-dantelli-uzun-gece-abiye-mezuniyet-elbisesi-tclss24ae00006-p-807511428,Mezuniyet Elbisesi
375,807508139,TRENDYOLMİLLA,X Zeynep Tosun Fuşya Örme Korse Detaylı Uzun Gece Abiye & Mezuniyet Elbisesi TCLSS24AE00004,1133.99,15,/trendyolmilla/x-zeynep-tosun-fusya-orme-korse-detayli-uzun-gece-abiye-mezuniyet-elbisesi-tclss24ae00004-p-807508139,Mezuniyet Elbisesi
376,804726490,TRENDYOLMİLLA,Siyah Vücuda Oturan Dokuma Uzun Şık Abiye Elbise TPRSS24AE00141,1214.99,10,/trendyolmilla/siyah-vucuda-oturan-dokuma-uzun-sik-abiye-elbise-tprss24ae00141-p-804726490,Mezuniyet Elbisesi
377,804725657,TRENDYOLMİLLA,Bordo Saten Kemer Detaylı Uzun Abiye Elbise TPRSS24AE00140,848.99,8,/trendyolmilla/bordo-saten-kemer-detayli-uzun-abiye-elbise-tprss24ae00140-p-804725657,Mezuniyet Elbisesi
378,801742144,TRENDYOLMİLLA,Zümrüt Yeşili Dokuma Uzun Gece Abiye Elbise TPRSS24AE00105,1403.99,6,/trendyolmilla/zumrut-yesili-dokuma-uzun-gece-abiye-elbise-tprss24ae00105-p-801742144,Mezuniyet Elbisesi
379,800167467,TRENDYOLMİLLA,Siyah A-Kesim Örme Tül Uzun Şık Abiye Elbise TPRSS24AE00090,558.99,17,/trendyolmilla/siyah-a-kesim-orme-tul-uzun-sik-abiye-elbise-tprss24ae00090-p-800167467,Mezuniyet Elbisesi
380,800166834,TRENDYOLMİLLA,Siyah Taş Aksesuarlı Dokuma Uzun Gece Abiye Elbise TPRSS24AE00089,578.99,11,/trendyolmilla/siyah-tas-aksesuarli-dokuma-uzun-gece-abiye-elbise-tprss24ae00089-p-800166834,Mezuniyet Elbisesi
381,800007298,TRENDYOLMİLLA,Gül Kurusu Fırfırlı Dokuma Şifon Uzun Gece Abiye Elbise TPRSS24AE00092,962.99,14,/trendyolmilla/gul-kurusu-firfirli-dokuma-sifon-uzun-gece-abiye-elbise-tprss24ae00092-p-800007298,Mezuniyet Elbisesi
382,799992753,TRENDYOLMİLLA,Petrol A-Kesim Parıltılı Örme Uzun Gece Abiye Elbise TPRSS24AE00100,1011.99,46,/trendyolmilla/petrol-a-kesim-pariltili-orme-uzun-gece-abiye-elbise-tprss24ae00100-p-799992753,Mezuniyet Elbisesi
383,796293935,TRENDYOLMİLLA,Bridal Beyaz Vücuda Oturan Korse Detaylı Dokuma Düğün/Nikah Uzun Gece Abiye Elbise TPRSS24AE00069,594.99,27,/trendyolmilla/bridal-beyaz-vucuda-oturan-korse-detayli-dokuma-dugun-nikah-uzun-gece-abiye-elbise-tprss24ae00069-p-796293935,Mezuniyet Elbisesi
386,796086741,TRENDYOLMİLLA,Gümüş A-Kesim Örme Şık Uzun Abiye Elbise TPRSS24AE00059,905.99,10,/trendyolmilla/gumus-a-kesim-orme-sik-uzun-abiye-elbise-tprss24ae00059-p-796086741,Mezuniyet Elbisesi
387,795551747,TRENDYOLMİLLA,Yeşil A-Kesim Örme Abiye & Mezuniyet Elbise TPRSS24AE00014,958.99,31,/trendyolmilla/yesil-a-kesim-orme-abiye-mezuniyet-elbise-tprss24ae00014-p-795551747,Mezuniyet Elbisesi
388,792756773,TRENDYOLMİLLA,Nar Çiçeği A-Kesim Volanlı Dokuma Elbise TPRSS24AE00033,740.99,16,/trendyolmilla/nar-cicegi-a-kesim-volanli-dokuma-elbise-tprss24ae00033-p-792756773,Mezuniyet Elbisesi
389,792750386,TRENDYOLMİLLA,Bridal Beyaz Dokuma Saten Düğün/Nikah Uzun Gece Abiye Elbise TPRSS24AE00042,1207.99,14,/trendyolmilla/bridal-beyaz-dokuma-saten-dugun-nikah-uzun-gece-abiye-elbise-tprss24ae00042-p-792750386,Mezuniyet Elbisesi
390,792748774,TRENDYOLMİLLA,Bridal Beyaz Vücuda Oturan Dokuma Dantel Düğün/Nikah Uzun Gece Abiye Elbise TPRSS24AE00030,590.99,13,/trendyolmilla/bridal-beyaz-vucuda-oturan-dokuma-dantel-dugun-nikah-uzun-gece-abiye-elbise-tprss24ae00030-p-792748774,Mezuniyet Elbisesi
391,791967200,TRENDYOLMİLLA,Gümüş Vücuda Oturan Parıltılı Örme Uzun Gece Abiye Elbise TPRSS24AE00041,439.99,19,/trendyolmilla/gumus-vucuda-oturan-pariltili-orme-uzun-gece-abiye-elbise-tprss24ae00041-p-791967200,Mezuniyet Elbisesi
392,791900283,TRENDYOLMİLLA,Lacivert A-Kesim Astarlı Örme Uzun Gece Abiye Elbise TPRSS24AE00021,418.99,12,/trendyolmilla/lacivert-a-kesim-astarli-orme-uzun-gece-abiye-elbise-tprss24ae00021-p-791900283,Mezuniyet Elbisesi
393,791900282,TRENDYOLMİLLA,Mürdüm A-Kesim Astarlı Örme Uzun Gece Abiye Elbise TPRSS24AE00021,585.99,6,/trendyolmilla/murdum-a-kesim-astarli-orme-uzun-gece-abiye-elbise-tprss24ae00021-p-791900282,Mezuniyet Elbisesi
394,791898231,TRENDYOLMİLLA,Pudra A-Kesim Asimetrik Astarlı Dokuma Uzun Gece Abiye Elbise TPRSS24AE00022,556.99,11,/trendyolmilla/pudra-a-kesim-asimetrik-astarli-dokuma-uzun-gece-abiye-elbise-tprss24ae00022-p-791898231,Mezuniyet Elbisesi
395,791865534,TRENDYOLMİLLA,Siyah Vücuda Oturan Örme Uzun Gece Abiye Elbise TPRSS24AE00019,353.99,23,/trendyolmilla/siyah-vucuda-oturan-orme-uzun-gece-abiye-elbise-tprss24ae00019-p-791865534,Mezuniyet Elbisesi
396,789042789,TRENDYOLMİLLA,Mor Vücuda Oturan Dokuma Uzun Gece Abiye Elbise TPRSS24AE00007,359.99,8,/trendyolmilla/mor-vucuda-oturan-dokuma-uzun-gece-abiye-elbise-tprss24ae00007-p-789042789,Mezuniyet Elbisesi
397,784815437,TRENDYOLMİLLA,Mavi-Çok Renkli Degrade Desenli Tek Omuz Örme Uzun Gece Abiye Elbise TPRSS23AE00279,221.99,17,/trendyolmilla/mavi-cok-renkli-degrade-desenli-tek-omuz-orme-uzun-gece-abiye-elbise-tprss23ae00279-p-784815437,Mezuniyet Elbisesi
398,770257088,TRENDYOLMİLLA,Zümrüt Yeşili Vücuda Oturan Dokuma Otrişli Gece Abiye Elbisesi TPRSS22AE0095,449.99,13,/trendyolmilla/zumrut-yesili-vucuda-oturan-dokuma-otrisli-gece-abiye-elbisesi-tprss22ae0095-p-770257088,Mezuniyet Elbisesi
399,704957354,TRENDYOLMİLLA,Çok Renkli Degrade Desenli Tek Omuz Örme Uzun Gece Abiye Elbise TPRSS23AE00279,634.99,116,/trendyolmilla/cok-renkli-degrade-desenli-tek-omuz-orme-uzun-gece-abiye-elbise-tprss23ae00279-p-704957354,Mezuniyet Elbisesi
400,674895839,TRENDYOLMİLLA,X Zeynep Tosun Lacivert Güneş Aksesuar Detaylı Abiye & Mezuniyet Elbisesi TCLSS23AE00002,1082.99,455,/trendyolmilla/x-zeynep-tosun-lacivert-gunes-aksesuar-detayli-abiye-mezuniyet-elbisesi-tclss23ae00002-p-674895839,Mezuniyet Elbisesi
401,645505724,TRENDYOLMİLLA,Bordo A-Kesim Parıltılı Uzun Gece Abiye Elbise TPRSS23AE00242,362.99,44,/trendyolmilla/bordo-a-kesim-pariltili-uzun-gece-abiye-elbise-tprss23ae00242-p-645505724,Mezuniyet Elbisesi
402,641060704,TRENDYOLMİLLA,Siyah Vücuda Oturan Parlak Taşlı Örme Uzun Gece Abiye Elbise TPRSS23AE00249,833.99,221,/trendyolmilla/siyah-vucuda-oturan-parlak-tasli-orme-uzun-gece-abiye-elbise-tprss23ae00249-p-641060704,Mezuniyet Elbisesi
403,641060240,TRENDYOLMİLLA,Bordo Tek Omuz Büzgü Detaylı Uzun Gece Abiye Elbisesi TPRSS23AE00257,200.99,31,/trendyolmilla/bordo-tek-omuz-buzgu-detayli-uzun-gece-abiye-elbisesi-tprss23ae00257-p-641060240,Mezuniyet Elbisesi
404,623362686,TRENDYOLMİLLA,Siyah Taş Askı Detaylı V Yaka Uzun Gece Abiye Elbise TPRSS23AE00220,166.99,20,/trendyolmilla/siyah-tas-aski-detayli-v-yaka-uzun-gece-abiye-elbise-tprss23ae00220-p-623362686,Mezuniyet Elbisesi
405,517014227,TRENDYOLMİLLA,Siyah Vücuda Oturan Dokuma Yırtmaçlı Uzun Gece Abiye Elbise TPRSS23AE00232,224.99,60,/trendyolmilla/siyah-vucuda-oturan-dokuma-yirtmacli-uzun-gece-abiye-elbise-tprss23ae00232-p-517014227,Mezuniyet Elbisesi
406,516953248,TRENDYOLMİLLA,Siyah A-Kesim Astarlı Pencere/Cut Out Uzun Gece Abiye Elbise TPRSS23AE00180,201.99,58,/trendyolmilla/siyah-a-kesim-astarli-pencere-cut-out-uzun-gece-abiye-elbise-tprss23ae00180-p-516953248,Mezuniyet Elbisesi
407,444446356,TRENDYOLMİLLA,Pudra Dokuma Biyeli Dokulu Kendinden Desenli Uzun Gece Abiye Elbisesi TPRSS23AE00114,161.99,50,/trendyolmilla/pudra-dokuma-biyeli-dokulu-kendinden-desenli-uzun-gece-abiye-elbisesi-tprss23ae00114-p-444446356,Mezuniyet Elbisesi
408,386590809,TRENDYOLMİLLA,Siyah Dokuma Uzun Gece Abiye Elbise TPRSS23AE00035,519.99,248,/trendyolmilla/siyah-dokuma-uzun-gece-abiye-elbise-tprss23ae00035-p-386590809,Mezuniyet Elbisesi
409,386588010,TRENDYOLMİLLA,Zümrüt Yeşili Dokuma Biyeli Uzun Gece Abiye Elbisesi TPRSS23AE00041,114.99,62,/trendyolmilla/zumrut-yesili-dokuma-biyeli-uzun-gece-abiye-elbisesi-tprss23ae00041-p-386588010,Mezuniyet Elbisesi
411,131451701,TRENDYOLMİLLA,Açık Mor A-Kesim Kol Detaylı Volanlı Uzun Gece Abiye Elbisesi TPRSS19FZ0278,193.99,395,/trendyolmilla/acik-mor-a-kesim-kol-detayli-volanli-uzun-gece-abiye-elbisesi-tprss19fz0278-p-131451701,Mezuniyet Elbisesi
