,ID,MARKA,URUN_NAME,FIYAT,RATE_COUNT,URUN_LINK,KATEGORI
0,250036867,TRENDYOLMİLLA,Tarçın Asimetrik Yakalı Alttan Çıtçıtlı Esnek Örme Body TWOSS22BD00014,224.99,4455,/trendyolmilla/tarcin-asimetrik-yakali-alttan-citcitli-esnek-orme-body-twoss22bd00014-p-250036867,Body
1,37757905,TRENDYOLMİLLA,Siyah Halter Yaka Vücuda Oturan Esnek Çıtçıtlı Örme Body TWOSS20BD0044,168.99,18627,/trendyolmilla/siyah-halter-yaka-vucuda-oturan-esnek-citcitli-orme-body-twoss20bd0044-p-37757905,Body
2,797010698,TRENDYOLMİLLA,Siyah Fitted/Vücuda Oturan Sırtı Detaylı Kare Yaka Çıtçıtlı Esnek Örme Body TWOSS24BD00026,179.99,282,/trendyolmilla/siyah-fitted-vucuda-oturan-sirti-detayli-kare-yaka-citcitli-esnek-orme-body-twoss24bd00026-p-797010698,Body
3,283125432,TRENDYOLMİLLA,Kahverengi Asimetrik Yakalı Alttan Çıtçıtlı Esnek Örme Body TWOSS22BD00014,223.99,1175,/trendyolmilla/kahverengi-asimetrik-yakali-alttan-citcitli-esnek-orme-body-twoss22bd00014-p-283125432,Body
4,37757903,TRENDYOLMİLLA,Taş Halter Yaka Vücuda Oturan Esnek Çıtçıtlı Örme Body TWOSS20BD0044,217.99,9169,/trendyolmilla/tas-halter-yaka-vucuda-oturan-esnek-citcitli-orme-body-twoss20bd0044-p-37757903,Body
5,250036870,TRENDYOLMİLLA,Siyah Asimetrik Yakalı Alttan Çıtçıtlı Esnek Örme Body TWOSS22BD00014,223.99,3217,/trendyolmilla/siyah-asimetrik-yakali-alttan-citcitli-esnek-orme-body-twoss22bd00014-p-250036870,Body
6,73296590,TRENDYOLMİLLA,Koyu Kahverengi Halter Yaka Vücuda Oturan Esnek Çıtçıtlı Örme Body TWOSS20BD0044,193.99,4274,/trendyolmilla/koyu-kahverengi-halter-yaka-vucuda-oturan-esnek-citcitli-orme-body-twoss20bd0044-p-73296590,Body
7,73296606,TRENDYOLMİLLA,Beyaz Halter Yaka Vücuda Oturan Esnek Çıtçıtlı Örme Body TWOSS20BD0044,205.99,11393,/trendyolmilla/beyaz-halter-yaka-vucuda-oturan-esnek-citcitli-orme-body-twoss20bd0044-p-73296606,Body
8,45309276,TRENDYOLMİLLA,Siyah Fermuarlı Dik Yaka Fermuarlı Kısa Kollu Esnek Çıtçıtlı Örme Body TWOAW21BD0009,157.99,8304,/trendyolmilla/siyah-fermuarli-dik-yaka-fermuarli-kisa-kollu-esnek-citcitli-orme-body-twoaw21bd0009-p-45309276,Body
9,370327521,TRENDYOLMİLLA,Taş Büzgü Detaylı Esnek Çıtçıtlı Örme Body TWOSS23BD00006,139.99,617,/trendyolmilla/tas-buzgu-detayli-esnek-citcitli-orme-body-twoss23bd00006-p-370327521,Body
10,283125425,TRENDYOLMİLLA,Açık Taş Fitted Asimetrik Yaka Esnek Çıtçıtlı Örme Body TWOSS22BD00014,230.99,689,/trendyolmilla/acik-tas-fitted-asimetrik-yaka-esnek-citcitli-orme-body-twoss22bd00014-p-283125425,Body
11,640262757,TRENDYOLMİLLA,Siyah Degaje Yaka Örme Body TPRSS23BD00050,148.99,225,/trendyolmilla/siyah-degaje-yaka-orme-body-tprss23bd00050-p-640262757,Body
12,465428325,TRENDYOLMİLLA,Siyah Dik Yaka Sırt Dekolteli Esnek Çıtçıtlı Örme Body TWOSS23BD00037,180.99,581,/trendyolmilla/siyah-dik-yaka-sirt-dekolteli-esnek-citcitli-orme-body-twoss23bd00037-p-465428325,Body
13,454796398,TRENDYOLMİLLA,Siyah Asimetrik Yakalı Fitted/Vücuda Oturan Çıtçıtlı Örme Body TWOSS23BD00060,245.99,1031,/trendyolmilla/siyah-asimetrik-yakali-fitted-vucuda-oturan-citcitli-orme-body-twoss23bd00060-p-454796398,Body
14,370328121,TRENDYOLMİLLA,Mürdüm Vatkalı Kruvaze Yaka Esnek Çıtçıtlı Örme Body TWOSS23BD00007,208.99,1884,/trendyolmilla/murdum-vatkali-kruvaze-yaka-esnek-citcitli-orme-body-twoss23bd00007-p-370328121,Body
15,368360651,TRENDYOLMİLLA,Fuşya Asimetrik Yakalı Alttan Çıtçıtlı Esnek Örme Body TWOSS22BD00014,217.99,742,/trendyolmilla/fusya-asimetrik-yakali-alttan-citcitli-esnek-orme-body-twoss22bd00014-p-368360651,Body
16,370788953,TRENDYOLMİLLA,Yeşil Asimetrik Yaka Cut Out Detaylı Esnek Çıtçıtlı Örme Body TWOSS23BD00014,194.99,603,/trendyolmilla/yesil-asimetrik-yaka-cut-out-detayli-esnek-citcitli-orme-body-twoss23bd00014-p-370788953,Body
17,797009559,TRENDYOLMİLLA,Siyah Fitted/Vücuda Oturan Fermuarlı Yaka Çıtçıtlı Esnek Örme Body TWOSS24BD00025,146.99,143,/trendyolmilla/siyah-fitted-vucuda-oturan-fermuarli-yaka-citcitli-esnek-orme-body-twoss24bd00025-p-797009559,Body
18,781821802,TRENDYOLMİLLA,Mürdüm Büzgü Detaylı Esnek Çıtçıtlı Örme Body TWOSS23BD00006,102.99,65,/trendyolmilla/murdum-buzgu-detayli-esnek-citcitli-orme-body-twoss23bd00006-p-781821802,Body
19,634142691,TRENDYOLMİLLA,Yeşil Bağlama Detaylı V Yaka Fitted/Vücuda Oturan Esnek Çıtçıtlı Örme Body TWOSS23BD00055,187.99,1103,/trendyolmilla/yesil-baglama-detayli-v-yaka-fitted-vucuda-oturan-esnek-citcitli-orme-body-twoss23bd00055-p-634142691,Body
20,370788961,TRENDYOLMİLLA,Siyah Asimetrik Yaka Cut Out Detaylı Esnek Çıtçıtlı Örme Body TWOSS23BD00014,214.99,866,/trendyolmilla/siyah-asimetrik-yaka-cut-out-detayli-esnek-citcitli-orme-body-twoss23bd00014-p-370788961,Body
21,78167194,TRENDYOLMİLLA,Taş Fermuarlı Dik Yaka Fermuarlı Kısa Kollu Esnek Çıtçıtlı Örme Body TWOAW21BD0009,106.99,1126,/trendyolmilla/tas-fermuarli-dik-yaka-fermuarli-kisa-kollu-esnek-citcitli-orme-body-twoaw21bd0009-p-78167194,Body
22,807518972,TRENDYOLMİLLA,X Zeynep Tosun Siyah Pencere Detaylı Örme Yılan Aksesuarlı Body TCLSS24BD00003,341.99,18,/trendyolmilla/x-zeynep-tosun-siyah-pencere-detayli-orme-yilan-aksesuarli-body-tclss24bd00003-p-807518972,Body
23,799973847,TRENDYOLMİLLA,Lacivert Kısa Kol Esnek Çıtçıtlı Örme Body TWOSS24BD00034,160.99,109,/trendyolmilla/lacivert-kisa-kol-esnek-citcitli-orme-body-twoss24bd00034-p-799973847,Body
48,73296616,TRENDYOLMİLLA,Vizon Halter Yaka Vücuda Oturan Esnek Çıtçıtlı Örme Body TWOSS20BD0044,206.99,4269,/trendyolmilla/vizon-halter-yaka-vucuda-oturan-esnek-citcitli-orme-body-twoss20bd0044-p-73296616,Body
49,794583498,TRENDYOLMİLLA,Kırmızı Fitted/Vücuda Oturan Kayık Yaka Esnek Çıtçıtlı Örme Body TWOSS24BD00029,83.99,56,/trendyolmilla/kirmizi-fitted-vucuda-oturan-kayik-yaka-esnek-citcitli-orme-body-twoss24bd00029-p-794583498,Body
50,78167169,TRENDYOLMİLLA,Mavi Fermuarlı Dik Yaka Fermuarlı Kısa Kollu Esnek Çıtçıtlı Örme Body TWOAW21BD0009,128.99,913,/trendyolmilla/mavi-fermuarli-dik-yaka-fermuarli-kisa-kollu-esnek-citcitli-orme-body-twoaw21bd0009-p-78167169,Body
51,817265798,TRENDYOLMİLLA,Taş Fitted/Vücuda Oturan Kemer Detaylı Esnek Çıtçıtlı Örme Body TWOSS24BD00080,227.99,44,/trendyolmilla/tas-fitted-vucuda-oturan-kemer-detayli-esnek-citcitli-orme-body-twoss24bd00080-p-817265798,Body
52,810301714,TRENDYOLMİLLA,Kahverengi Fitted/Vücuda Oturan Kayık Yaka Esnek Çıtçıtlı Örme Body TWOSS24BD00029,147.99,40,/trendyolmilla/kahverengi-fitted-vucuda-oturan-kayik-yaka-esnek-citcitli-orme-body-twoss24bd00029-p-810301714,Body
53,454796380,TRENDYOLMİLLA,Zümrüt Yeşili Asimetrik Yakalı Fitted/Vücuda Oturan Çıtçıtlı Örme Body TWOSS23BD00060,190.99,1319,/trendyolmilla/zumrut-yesili-asimetrik-yakali-fitted-vucuda-oturan-citcitli-orme-body-twoss23bd00060-p-454796380,Body
54,368360730,TRENDYOLMİLLA,Petrol Asimetrik Yaka Esnek Çıtçıtlı Esnek Örme Body TWOSS22BD00014,208.99,412,/trendyolmilla/petrol-asimetrik-yaka-esnek-citcitli-esnek-orme-body-twoss22bd00014-p-368360730,Body
55,797015894,TRENDYOLMİLLA,Siyah Fitted/Vücuda Oturan Asimetrik Yaka Tek Kol Çıtçıtlı Esnek Örme Body TWOSS24BD00028,129.99,73,/trendyolmilla/siyah-fitted-vucuda-oturan-asimetrik-yaka-tek-kol-citcitli-esnek-orme-body-twoss24bd00028-p-797015894,Body
56,368344082,TRENDYOLMİLLA,Mor Halter Yaka Vücuda Oturan Esnek Çıtçıtlı Örme Body TWOSS20BD0044,162.99,383,/trendyolmilla/mor-halter-yaka-vucuda-oturan-esnek-citcitli-orme-body-twoss20bd0044-p-368344082,Body
57,780957077,TRENDYOLMİLLA,Mavi Bağlama Detaylı V Yaka Fitted/Vücuda Oturan Esnek Çıtçıtlı Örme Body TWOSS23BD00055,173.99,66,/trendyolmilla/mavi-baglama-detayli-v-yaka-fitted-vucuda-oturan-esnek-citcitli-orme-body-twoss23bd00055-p-780957077,Body
58,370788965,TRENDYOLMİLLA,Pembe Asimetrik Yaka Cut Out Detaylı Esnek Çıtçıtlı Örme Body TWOSS23BD00014,163.99,573,/trendyolmilla/pembe-asimetrik-yaka-cut-out-detayli-esnek-citcitli-orme-body-twoss23bd00014-p-370788965,Body
59,250036869,TRENDYOLMİLLA,Indigo Asimetrik Yakalı Alttan Çıtçıtlı Esnek Örme Body TWOSS22BD00014,219.99,2036,/trendyolmilla/indigo-asimetrik-yakali-alttan-citcitli-esnek-orme-body-twoss22bd00014-p-250036869,Body
60,807305228,TRENDYOLMİLLA,Açık Kahverengi Leopar Desenli Halter Yaka Esnek Çıtçıtlı Örme Body TWOSS20BD0044,229.99,73,/trendyolmilla/acik-kahverengi-leopar-desenli-halter-yaka-esnek-citcitli-orme-body-twoss20bd0044-p-807305228,Body
61,827939352,TRENDYOLMİLLA,Siyah Fitted/Vücuda Oturan Kısa Kollu Esnek Çıtçıtlı Örme Body TWOSS24BD00034,153.99,11,/trendyolmilla/siyah-fitted-vucuda-oturan-kisa-kollu-esnek-citcitli-orme-body-twoss24bd00034-p-827939352,Body
62,454735430,TRENDYOLMİLLA,Premium Yeşil Parlak Yüzeyli ve Yumuşak Dokulu Polo Yaka Çıtçıtlı Örme Body TWOSS23BD00059,227.99,445,/trendyolmilla/premium-yesil-parlak-yuzeyli-ve-yumusak-dokulu-polo-yaka-citcitli-orme-body-twoss23bd00059-p-454735430,Body
63,788898419,TRENDYOLMİLLA,Elma Yeşili Asimetrik Yaka Esnek Çıtçıtlı Örme Body TWOSS22BD00014,226.99,87,/trendyolmilla/elma-yesili-asimetrik-yaka-esnek-citcitli-orme-body-twoss22bd00014-p-788898419,Body
64,794583507,TRENDYOLMİLLA,Siyah Fitted/Vücuda Oturan Kayık Yaka Esnek Çıtçıtlı Örme Body TWOSS24BD00029,174.99,108,/trendyolmilla/siyah-fitted-vucuda-oturan-kayik-yaka-esnek-citcitli-orme-body-twoss24bd00029-p-794583507,Body
65,370328122,TRENDYOLMİLLA,Zümrüt Vatkalı Kruvaze Yaka Esnek Çıtçıtlı Örme Body TWOSS23BD00007,196.99,818,/trendyolmilla/zumrut-vatkali-kruvaze-yaka-esnek-citcitli-orme-body-twoss23bd00007-p-370328122,Body
66,124834030,TRENDYOLMİLLA,Kahverengi Balıkçı Yaka Kolsuz Esnek Çıtçıtlı Örme Body TWOAW22BD0006,156.99,2829,/trendyolmilla/kahverengi-balikci-yaka-kolsuz-esnek-citcitli-orme-body-twoaw22bd0006-p-124834030,Body
67,791905610,TRENDYOLMİLLA,Siyah Volan Detaylı Fırfırlı Çıtçıtlı Örme Body TPRSS24BD00014,212.99,54,/trendyolmilla/siyah-volan-detayli-firfirli-citcitli-orme-body-tprss24bd00014-p-791905610,Body
68,822149153,TRENDYOLMİLLA,Beyaz Cut Out Detaylı Çıtçılı Örme Body TWOSS23BD00014,238.99,33,/trendyolmilla/beyaz-cut-out-detayli-citcili-orme-body-twoss23bd00014-p-822149153,Body
69,810300208,TRENDYOLMİLLA,Beyaz Fitted/Vücuda Oturan Sırtı Detaylı Kare Yaka Çıtçıtlı Esnek Örme Body TWOSS24BD00026,231.99,96,/trendyolmilla/beyaz-fitted-vucuda-oturan-sirti-detayli-kare-yaka-citcitli-esnek-orme-body-twoss24bd00026-p-810300208,Body
70,795503063,TRENDYOLMİLLA,Siyah Fitted/Vücuda Oturan V Yaka Fitilli Esnek Çıtçıtlı Örme Body TWOSS24BD00032,172.99,64,/trendyolmilla/siyah-fitted-vucuda-oturan-v-yaka-fitilli-esnek-citcitli-orme-body-twoss24bd00032-p-795503063,Body
71,467661937,TRENDYOLMİLLA,Siyah Bağlama Detaylı V Yaka Fitted/Vücuda Oturan Esnek Çıtçıtlı Örme Body TWOSS23BD00055,179.99,727,/trendyolmilla/siyah-baglama-detayli-v-yaka-fitted-vucuda-oturan-esnek-citcitli-orme-body-twoss23bd00055-p-467661937,Body
72,283125421,TRENDYOLMİLLA,Gül Kurusu Asimetrik Yakalı Alttan Çıtçıtlı Esnek Örme Body TWOSS22BD00014,219.99,560,/trendyolmilla/gul-kurusu-asimetrik-yakali-alttan-citcitli-esnek-orme-body-twoss22bd00014-p-283125421,Body
73,704220383,TRENDYOLMİLLA,Taş Vatkalı Kruvaze Yaka Esnek Çıtçıtlı Örme Body TWOSS23BD00007,262.99,313,/trendyolmilla/tas-vatkali-kruvaze-yaka-esnek-citcitli-orme-body-twoss23bd00007-p-704220383,Body
74,283081347,TRENDYOLMİLLA,Mürdüm Halter Yaka Vücuda Oturan Esnek Çıtçıtlı Örme Body TWOSS20BD0044,144.99,337,/trendyolmilla/murdum-halter-yaka-vucuda-oturan-esnek-citcitli-orme-body-twoss20bd0044-p-283081347,Body
75,781821830,TRENDYOLMİLLA,Lacivert Vatkalı Kruvaze Yaka Esnek Çıtçıtlı Örme Body TWOSS23BD00007,165.99,31,/trendyolmilla/lacivert-vatkali-kruvaze-yaka-esnek-citcitli-orme-body-twoss23bd00007-p-781821830,Body
76,805665105,TRENDYOLMİLLA,Siyah Renk Bloklu Fitted/Vücuda Oturan Çıtçıtlı Esnek Örme Madonna Yaka Body TWOSS24BD00040,98.99,35,/trendyolmilla/siyah-renk-bloklu-fitted-vucuda-oturan-citcitli-esnek-orme-madonna-yaka-body-twoss24bd00040-p-805665105,Body
77,782075136,TRENDYOLMİLLA,Vizon V Yaka Çıtçıtlı Örme Body TWOSS24BD00007,109.99,10,/trendyolmilla/vizon-v-yaka-citcitli-orme-body-twoss24bd00007-p-782075136,Body
78,780957379,TRENDYOLMİLLA,Premium Mavi Parlak Yüzeyli ve Yumuşak Dokulu Polo Yaka Çıtçıtlı Örme Body TWOSS23BD00059,162.99,40,/trendyolmilla/premium-mavi-parlak-yuzeyli-ve-yumusak-dokulu-polo-yaka-citcitli-orme-body-twoss23bd00059-p-780957379,Body
79,370328116,TRENDYOLMİLLA,Siyah Vatkalı Kruvaze Yaka Esnek Çıtçıtlı Örme Body TWOSS23BD00007,258.99,1574,/trendyolmilla/siyah-vatkali-kruvaze-yaka-esnek-citcitli-orme-body-twoss23bd00007-p-370328116,Body
80,779780920,TRENDYOLMİLLA,Siyah Eskitme/Soluk Efektli Pamuklu Esnek Havuz Yaka Esnek Çıtçıtlı Örme Body TWOSS24BD00002,181.99,45,/trendyolmilla/siyah-eskitme-soluk-efektli-pamuklu-esnek-havuz-yaka-esnek-citcitli-orme-body-twoss24bd00002-p-779780920,Body
81,37757900,TRENDYOLMİLLA,Bordo Halter Yaka Vücuda Oturan Esnek Çıtçıtlı Örme Body TWOSS20BD0044,209.99,2893,/trendyolmilla/bordo-halter-yaka-vucuda-oturan-esnek-citcitli-orme-body-twoss20bd0044-p-37757900,Body
82,784760446,TRENDYOLMİLLA,Siyah Dokuma Garnili Agraflı Esnek Çıtçıtlı Örme Body TWOSS24BD00014,166.99,30,/trendyolmilla/siyah-dokuma-garnili-agrafli-esnek-citcitli-orme-body-twoss24bd00014-p-784760446,Body
83,639220276,TRENDYOLMİLLA,Vizon Straplez Düğüm ve Cut Out Detaylı Esnek Çıtçıtlı Örme Body TWOSS23BD00075,209.99,252,/trendyolmilla/vizon-straplez-dugum-ve-cut-out-detayli-esnek-citcitli-orme-body-twoss23bd00075-p-639220276,Body
84,370327528,TRENDYOLMİLLA,Siyah Büzgü Detaylı Esnek Çıtçıtlı Örme Body TWOSS23BD00006,170.99,393,/trendyolmilla/siyah-buzgu-detayli-esnek-citcitli-orme-body-twoss23bd00006-p-370327528,Body
85,825273787,TRENDYOLMİLLA,Taş Fitted/Vücuda Oturan Kayık Yaka Esnek Çıtçıtlı Örme Body TWOSS24BD00029,113.99,2,/trendyolmilla/tas-fitted-vucuda-oturan-kayik-yaka-esnek-citcitli-orme-body-twoss24bd00029-p-825273787,Body
86,779780918,TRENDYOLMİLLA,Lacivert Eskitme/Soluk Efektli Pamuklu Esnek Havuz Yaka Esnek Çıtçıtlı Örme Body TWOSS24BD00002,146.99,24,/trendyolmilla/lacivert-eskitme-soluk-efektli-pamuklu-esnek-havuz-yaka-esnek-citcitli-orme-body-twoss24bd00002-p-779780918,Body
87,283125427,TRENDYOLMİLLA,Hardal Asimetrik Yaka Esnek Çıtçıtlı Esnek Örme Body TWOSS22BD00014,224.99,939,/trendyolmilla/hardal-asimetrik-yaka-esnek-citcitli-esnek-orme-body-twoss22bd00014-p-283125427,Body
88,695719278,TRENDYOLMİLLA,Vizon Asimetrik Yaka Cut Out Detaylı Esnek Çıtçıtlı Örme Body TWOSS23BD00014,223.99,90,/trendyolmilla/vizon-asimetrik-yaka-cut-out-detayli-esnek-citcitli-orme-body-twoss23bd00014-p-695719278,Body
89,782298824,TRENDYOLMİLLA,Açık Indigo Halter Yaka Vücuda Oturan Esnek Çıtçıtlı Örme Body TWOSS20BD0044,209.99,54,/trendyolmilla/acik-indigo-halter-yaka-vucuda-oturan-esnek-citcitli-orme-body-twoss20bd0044-p-782298824,Body
90,73296609,TRENDYOLMİLLA,Pembe Halter Yaka Vücuda Oturan Esnek Çıtçıtlı Örme Body TWOSS20BD0044,141.99,1214,/trendyolmilla/pembe-halter-yaka-vucuda-oturan-esnek-citcitli-orme-body-twoss20bd0044-p-73296609,Body
91,782764247,TRENDYOLMİLLA,Siyah Halter Yaka Örme Body TPRSS24BD00004,289.99,38,/trendyolmilla/siyah-halter-yaka-orme-body-tprss24bd00004-p-782764247,Body
92,290047364,TRENDYOLMİLLA,Siyah Dantelli Pencere/Cut Out Detaylı İp Askılı Çıtçıtlı Örme Body THMAW23BD00011,307.99,812,/trendyolmilla/siyah-dantelli-pencere-cut-out-detayli-ip-askili-citcitli-orme-body-thmaw23bd00011-p-290047364,Body
93,652784195,TRENDYOLMİLLA,Lacivert Bağlama Detaylı Havuz Yaka Sırt Dekolteli Örme Body TWOSS23BD00088,79.99,22,/trendyolmilla/lacivert-baglama-detayli-havuz-yaka-sirt-dekolteli-orme-body-twoss23bd00088-p-652784195,Body
94,639788735,TRENDYOLMİLLA,Siyah Tül Detaylı Kalp Yaka Krep Çıtçıtlı Örme Body TWOSS23BD00072,265.99,408,/trendyolmilla/siyah-tul-detayli-kalp-yaka-krep-citcitli-orme-body-twoss23bd00072-p-639788735,Body
95,778505395,TRENDYOLMİLLA,Ekru Soft Touch/Yumuşak Fitted V Yaka Çıtçıtlı Örme Body TWOSS24BD00006,198.99,29,/trendyolmilla/ekru-soft-touch-yumusak-fitted-v-yaka-citcitli-orme-body-twoss24bd00006-p-778505395,Body
96,788905773,TRENDYOLMİLLA,Açık Antrasit Fermuarlı Dik Yaka Fermuarlı Kısa Kollu Esnek Çıtçıtlı Örme Body TWOAW21BD0009,109.99,41,/trendyolmilla/acik-antrasit-fermuarli-dik-yaka-fermuarli-kisa-kollu-esnek-citcitli-orme-body-twoaw21bd0009-p-788905773,Body
97,819817570,TRENDYOLMİLLA,Açık Antrasit Büzgü Detaylı Esnek Çıtçıtlı Örme Body TWOSS23BD00006,92.99,1,/trendyolmilla/acik-antrasit-buzgu-detayli-esnek-citcitli-orme-body-twoss23bd00006-p-819817570,Body
98,807719847,TRENDYOLMİLLA,X Zeynep Tosun Siyah Örme Yılan Aksesuar Detaylı Body TCLSS24BD00001,266.99,4,/trendyolmilla/x-zeynep-tosun-siyah-orme-yilan-aksesuar-detayli-body-tclss24bd00001-p-807719847,Body
99,474775830,TRENDYOLMİLLA,Siyah Fermuarlı Havuz Yaka Biye Detaylı Pamuklu Fitilli Esnek Çıtçıtlı Örme Body TWOSS23BD00035,167.99,121,/trendyolmilla/siyah-fermuarli-havuz-yaka-biye-detayli-pamuklu-fitilli-esnek-citcitli-orme-body-twoss23bd00035-p-474775830,Body
100,94614057,TRENDYOLMİLLA,Siyah Spagetti Askılı Esnek Çıtçıtlı Örme Body TWOSS21BD0067,145.99,857,/trendyolmilla/siyah-spagetti-askili-esnek-citcitli-orme-body-twoss21bd0067-p-94614057,Body
101,778505397,TRENDYOLMİLLA,Siyah Soft Touch/Yumuşak Fitted V Yaka Çıtçıtlı Örme Body TWOSS24BD00006,148.99,21,/trendyolmilla/siyah-soft-touch-yumusak-fitted-v-yaka-citcitli-orme-body-twoss24bd00006-p-778505397,Body
102,4160214,TRENDYOLMİLLA,Mint Saten Kumaş Kruvaze Yaka Etek Ucundan Çıtçıt Detaylı Dokuma Body TOFAW19BB0678,238.99,4601,/trendyolmilla/mint-saten-kumas-kruvaze-yaka-etek-ucundan-citcit-detayli-dokuma-body-tofaw19bb0678-p-4160214,Body
103,701369306,TRENDYOLMİLLA,Siyah Büzgü Detaylı Dik Yaka Çıtçıtlı Esnek Örme Body TWOAW24BD00014,310.99,820,/trendyolmilla/siyah-buzgu-detayli-dik-yaka-citcitli-esnek-orme-body-twoaw24bd00014-p-701369306,Body
104,291995145,TRENDYOLMİLLA,Siyah Örme Dantel Body TPRSS22BD00009,266.99,958,/trendyolmilla/siyah-orme-dantel-body-tprss22bd00009-p-291995145,Body
105,368396773,TRENDYOLMİLLA,Fuşya Balıkçı Yaka Kolsuz Esnek Çıtçıtlı Örme Body TWOAW22BD0006,118.99,196,/trendyolmilla/fusya-balikci-yaka-kolsuz-esnek-citcitli-orme-body-twoaw22bd0006-p-368396773,Body
106,788879729,TRENDYOLMİLLA,Kahverengi Püsküllü Tek Kol Örme Body TPRSS24BD00010,173.99,11,/trendyolmilla/kahverengi-puskullu-tek-kol-orme-body-tprss24bd00010-p-788879729,Body
107,799190178,TRENDYOLMİLLA,Siyah Kruvaze Parıltılı Çıtçıtlı Simli Örme Body TPRSS24BD00017,120.99,13,/trendyolmilla/siyah-kruvaze-pariltili-citcitli-simli-orme-body-tprss24bd00017-p-799190178,Body
108,782301762,TRENDYOLMİLLA,Nar Çiçeği Asimetrik Yaka Esnek Çıtçıtlı Esnek Örme Body TWOSS22BD00014,219.99,53,/trendyolmilla/nar-cicegi-asimetrik-yaka-esnek-citcitli-esnek-orme-body-twoss22bd00014-p-782301762,Body
109,134403021,TRENDYOLMİLLA,Siyah Örme Derin V Yakalı Çıtçıtlı Body TPRAW22BD0084,286.99,2438,/trendyolmilla/siyah-orme-derin-v-yakali-citcitli-body-tpraw22bd0084-p-134403021,Body
110,814737678,TRENDYOLMİLLA,Siyah Ayarlanabilir Askılı Astarlı Esnek Tül Örme Body TWOSS24BD00079,100.99,4,/trendyolmilla/siyah-ayarlanabilir-askili-astarli-esnek-tul-orme-body-twoss24bd00079-p-814737678,Body
111,744098436,TRENDYOLMİLLA,Siyah Nakışlı Dantel Detaylı Çıkarılabilir Jartiyerli İp Askılı Örme Body THMAW24BD00002,406.99,124,/trendyolmilla/siyah-nakisli-dantel-detayli-cikarilabilir-jartiyerli-ip-askili-orme-body-thmaw24bd00002-p-744098436,Body
112,788988725,TRENDYOLMİLLA,Siyah Parlak Taşlı Gül Aksesuarlı Örme Body TPRSS24BD00009,162.99,35,/trendyolmilla/siyah-parlak-tasli-gul-aksesuarli-orme-body-tprss24bd00009-p-788988725,Body
113,738017466,TRENDYOLMİLLA,Fuşya Dantel İp Askılı Örme Body THMAW24BD00005,473.99,134,/trendyolmilla/fusya-dantel-ip-askili-orme-body-thmaw24bd00005-p-738017466,Body
114,639410832,TRENDYOLMİLLA,Siyah Bisiklet Yaka Kısa Kollu Sırt Dekolteli Esnek Çıtçıtlı Örme Body TWOSS23BD00079,115.99,210,/trendyolmilla/siyah-bisiklet-yaka-kisa-kollu-sirt-dekolteli-esnek-citcitli-orme-body-twoss23bd00079-p-639410832,Body
115,701369318,TRENDYOLMİLLA,Haki Büzgü Detaylı Dik Yaka Çıtçıtlı Esnek Örme Body TWOAW24BD00014,297.99,1798,/trendyolmilla/haki-buzgu-detayli-dik-yaka-citcitli-esnek-orme-body-twoaw24bd00014-p-701369318,Body
116,816743144,TRENDYOLMİLLA,Kırmızı Gül Detaylı Derin V Yaka Örme Body TPRSS24BD00024,196.99,3,/trendyolmilla/kirmizi-gul-detayli-derin-v-yaka-orme-body-tprss24bd00024-p-816743144,Body
117,825272890,TRENDYOLMİLLA,Antrasit Soft Touch/Yumuşak Fitted V Yaka Çıtçıtlı Örme Body TWOSS24BD00006,151.99,0,/trendyolmilla/antrasit-soft-touch-yumusak-fitted-v-yaka-citcitli-orme-body-twoss24bd00006-p-825272890,Body
118,239681596,TRENDYOLMİLLA,Siyah Balıkçı Yaka Kolsuz Esnek Çıtçıtlı Örme Body TWOAW22BD0006,139.99,903,/trendyolmilla/siyah-balikci-yaka-kolsuz-esnek-citcitli-orme-body-twoaw22bd0006-p-239681596,Body
119,826145969,TRENDYOLMİLLA,Beyaz İnci Aksesuarlı Örme Body TPRSS24BD00025,276.99,6,/trendyolmilla/beyaz-inci-aksesuarli-orme-body-tprss24bd00025-p-826145969,Body
120,811533097,TRENDYOLMİLLA,Siyah Dantel Detaylı Fitted/Vücuda Oturan Esnek Örme Body TWOSS24BD00042,257.99,9,/trendyolmilla/siyah-dantel-detayli-fitted-vucuda-oturan-esnek-orme-body-twoss24bd00042-p-811533097,Body
121,825282560,TRENDYOLMİLLA,Siyah Dantel Detaylı Tül Örme Body THMSS24BD00004,142.99,2,/trendyolmilla/siyah-dantel-detayli-tul-orme-body-thmss24bd00004-p-825282560,Body
122,803420249,TRENDYOLMİLLA,Siyah Büzgü Detaylı Kayık Yaka Esnek Çıtçıtlı Örme Body TWOSS24BD00020,228.99,27,/trendyolmilla/siyah-buzgu-detayli-kayik-yaka-esnek-citcitli-orme-body-twoss24bd00020-p-803420249,Body
123,41511035,TRENDYOLMİLLA,Mint Halter Yaka Vücuda Oturan Esnek Çıtçıtlı Örme Body TWOSS20BD0044,161.99,2145,/trendyolmilla/mint-halter-yaka-vucuda-oturan-esnek-citcitli-orme-body-twoss20bd0044-p-41511035,Body
124,825273790,TRENDYOLMİLLA,Pembe Fitted/Vücuda Oturan Kayık Yaka Esnek Çıtçıtlı Örme Body TWOSS24BD00029,165.99,3,/trendyolmilla/pembe-fitted-vucuda-oturan-kayik-yaka-esnek-citcitli-orme-body-twoss24bd00029-p-825273790,Body
125,696674081,TRENDYOLMİLLA,Tarçın Vatkalı Kruvaze Yaka Esnek Çıtçıtlı Örme Body TWOSS23BD00007,267.99,493,/trendyolmilla/tarcin-vatkali-kruvaze-yaka-esnek-citcitli-orme-body-twoss23bd00007-p-696674081,Body
126,799035952,TRENDYOLMİLLA,Mint Fitted/Vücuda Oturan Degaje Yaka Sıfır Kol Çıtçıtlı Esnek Örme Body TWOSS24BD00038,212.99,55,/trendyolmilla/mint-fitted-vucuda-oturan-degaje-yaka-sifir-kol-citcitli-esnek-orme-body-twoss24bd00038-p-799035952,Body
127,778460421,TRENDYOLMİLLA,Siyah Kare Yaka Fitted/Vücuda Oturan Soft Touch/Yumuşak Çıtçıtlı Esnek Örme Body TWOSS24BD00001,219.99,32,/trendyolmilla/siyah-kare-yaka-fitted-vucuda-oturan-soft-touch-yumusak-citcitli-esnek-orme-body-twoss24bd00001-p-778460421,Body
128,706111542,TRENDYOLMİLLA,Haki Saten Kumaş Kruvaze Yaka Etek Ucundan Çıtçıt Detaylı Dokuma Body TOFAW19BB0678,406.99,252,/trendyolmilla/haki-saten-kumas-kruvaze-yaka-etek-ucundan-citcit-detayli-dokuma-body-tofaw19bb0678-p-706111542,Body
129,816030070,TRENDYOLMİLLA,Indigo Asimetrik Yakalı Fitted/Vücuda Oturan Çıtçıtlı Örme Body TWOSS23BD00060,177.99,17,/trendyolmilla/indigo-asimetrik-yakali-fitted-vucuda-oturan-citcitli-orme-body-twoss23bd00060-p-816030070,Body
130,794595407,TRENDYOLMİLLA,Siyah Fitted/Vücuda Oturan Sıfır Kol V Yaka Esnek Çıtçıtlı Örme Body TWOSS24BD00031,117.99,13,/trendyolmilla/siyah-fitted-vucuda-oturan-sifir-kol-v-yaka-esnek-citcitli-orme-body-twoss24bd00031-p-794595407,Body
131,795268619,TRENDYOLMİLLA,Siyah Kruvaze Parlak Taşlı Örme Body TPRSS24BD00015,209.99,16,/trendyolmilla/siyah-kruvaze-parlak-tasli-orme-body-tprss24bd00015-p-795268619,Body
132,818408264,Edit by Trendyol,Beyaz Regular Örme Body TEDSS24BD00000,222.99,9,/edit-by-trendyol/beyaz-regular-orme-body-tedss24bd00000-p-818408264,Body
133,364361061,TRENDYOLMİLLA,Saks Büzgülü Örme Body TPRSS21BD0126,183.99,146,/trendyolmilla/saks-buzgulu-orme-body-tprss21bd0126-p-364361061,Body
134,788901084,TRENDYOLMİLLA,Açık Haki Dik Yaka Sırt Dekolteli Esnek Çıtçıtlı Örme Body TWOSS23BD00037,216.99,30,/trendyolmilla/acik-haki-dik-yaka-sirt-dekolteli-esnek-citcitli-orme-body-twoss23bd00037-p-788901084,Body
135,822149810,TRENDYOLMİLLA,Mint Fitted/Vücuda Oturan Sırtı Detaylı Kare Yaka Çıtçıtlı Esnek Örme Body TWOSS24BD00026,205.99,13,/trendyolmilla/mint-fitted-vucuda-oturan-sirti-detayli-kare-yaka-citcitli-esnek-orme-body-twoss24bd00026-p-822149810,Body
136,777585563,TRENDYOLMİLLA,Siyah Yaka Detaylı Örme Body TPRSS24BD00000,83.99,17,/trendyolmilla/siyah-yaka-detayli-orme-body-tprss24bd00000-p-777585563,Body
137,275223068,TRENDYOLMİLLA,Siyah Dantelli İp Askılı Çıtçıtlı Örme Body THMAW23BD00008,258.99,335,/trendyolmilla/siyah-dantelli-ip-askili-citcitli-orme-body-thmaw23bd00008-p-275223068,Body
138,183300663,TRENDYOLMİLLA,Lila Halter Yaka Vücuda Oturan Esnek Çıtçıtlı Örme Body TWOSS20BD0044,209.99,646,/trendyolmilla/lila-halter-yaka-vucuda-oturan-esnek-citcitli-orme-body-twoss20bd0044-p-183300663,Body
139,788628959,TRENDYOLMİLLA,Siyah Pencere/Cut Out Detaylı Gül Aksesuarlı Örme Body TPRSS24BD00011,116.99,17,/trendyolmilla/siyah-pencere-cut-out-detayli-gul-aksesuarli-orme-body-tprss24bd00011-p-788628959,Body
140,773148725,TRENDYOLMİLLA,Ekru Dantelli Pencere/Cut Out Detaylı İp Askılı Çıtçıtlı Örme Body THMAW23BD00019,177.99,19,/trendyolmilla/ekru-dantelli-pencere-cut-out-detayli-ip-askili-citcitli-orme-body-thmaw23bd00019-p-773148725,Body
141,788176598,TRENDYOLMİLLA,Siyah Dantel Bacak Bantlı İp Askılı Çıtçıtlı Örme Body THMSS24BD00001,328.99,13,/trendyolmilla/siyah-dantel-bacak-bantli-ip-askili-citcitli-orme-body-thmss24bd00001-p-788176598,Body
142,708184034,TRENDYOLMİLLA,Koyu Kırmızı Dantelli Pencere/Cut Out Detaylı İp Askılı Çıtçıtlı Örme Body THMAW23BD00026,348.99,58,/trendyolmilla/koyu-kirmizi-dantelli-pencere-cut-out-detayli-ip-askili-citcitli-orme-body-thmaw23bd00026-p-708184034,Body
143,355096585,TRENDYOLMİLLA,Koyu Bordo Anvelop Çıtçıtlı Örme Body TPRSS21BD0029,376.99,2568,/trendyolmilla/koyu-bordo-anvelop-citcitli-orme-body-tprss21bd0029-p-355096585,Body
144,184662079,TRENDYOLMİLLA,Pembe Fermuarlı Dik Yaka Fermuarlı Kısa Kollu Esnek Çıtçıtlı Örme Body TWOAW21BD0009,106.99,557,/trendyolmilla/pembe-fermuarli-dik-yaka-fermuarli-kisa-kollu-esnek-citcitli-orme-body-twoaw21bd0009-p-184662079,Body
145,659840804,TRENDYOLMİLLA,Vişne Çürüğü Asimetrik Yaka Cut Out Detaylı Esnek Çıtçıtlı Örme Body TWOSS23BD00014,227.99,200,/trendyolmilla/visne-curugu-asimetrik-yaka-cut-out-detayli-esnek-citcitli-orme-body-twoss23bd00014-p-659840804,Body
146,701339723,TRENDYOLMİLLA,Siyah Fermuar Yaka Detaylı Çıtçıtlı Esnek Örme Body TWOAW24BD00005,301.99,1368,/trendyolmilla/siyah-fermuar-yaka-detayli-citcitli-esnek-orme-body-twoaw24bd00005-p-701339723,Body
147,825269381,TRENDYOLMİLLA,Zümrüt Yeşili Halter Yaka Vücuda Oturan Esnek Çıtçıtlı Örme Body TWOSS20BD0044,194.99,5,/trendyolmilla/zumrut-yesili-halter-yaka-vucuda-oturan-esnek-citcitli-orme-body-twoss20bd0044-p-825269381,Body
148,827939191,TRENDYOLMİLLA,Antrasit Vatkalı Kruvaze Yaka Esnek Çıtçıtlı Örme Body TWOSS23BD00007,154.99,3,/trendyolmilla/antrasit-vatkali-kruvaze-yaka-esnek-citcitli-orme-body-twoss23bd00007-p-827939191,Body
149,652784189,TRENDYOLMİLLA,Fuşya Bağlama Detaylı Havuz Yaka Sırt Dekolteli Örme Body TWOSS23BD00088,79.99,13,/trendyolmilla/fusya-baglama-detayli-havuz-yaka-sirt-dekolteli-orme-body-twoss23bd00088-p-652784189,Body
150,368344030,TRENDYOLMİLLA,Sarı Halter Yaka Vücuda Oturan Esnek Çıtçıtlı Örme Body TWOSS20BD0044,208.99,454,/trendyolmilla/sari-halter-yaka-vucuda-oturan-esnek-citcitli-orme-body-twoss20bd0044-p-368344030,Body
151,772194803,TRENDYOLMİLLA,Kırmızı Dantelli İp Askılı Çıtçıtlı Örme Body THMAW23BD00008,306.99,15,/trendyolmilla/kirmizi-dantelli-ip-askili-citcitli-orme-body-thmaw23bd00008-p-772194803,Body
152,807891157,TRENDYOLMİLLA,Kırmızı Tek Kol Esnek Çıtçıtlı Örme Body TWOSS24BD00041,62.99,13,/trendyolmilla/kirmizi-tek-kol-esnek-citcitli-orme-body-twoss24bd00041-p-807891157,Body
153,832448004,TRENDYOLMİLLA,Siyah Micro Dantelli Biye Detaylı İp Askılı Örme Body THMAW25BD00004,359.99,0,/trendyolmilla/siyah-micro-dantelli-biye-detayli-ip-askili-orme-body-thmaw25bd00004-p-832448004,Body
154,781300370,TRENDYOLMİLLA,Kırmızı Asimetrik Yakalı Fitted/Vücuda Oturan Çıtçıtlı Örme Body TWOSS23BD00060,209.99,41,/trendyolmilla/kirmizi-asimetrik-yakali-fitted-vucuda-oturan-citcitli-orme-body-twoss23bd00060-p-781300370,Body
155,788905777,TRENDYOLMİLLA,Koyu İndigo Fermuarlı Dik Yaka Fermuarlı Kısa Kollu Esnek Çıtçıtlı Örme Body TWOAW21BD0009,168.99,29,/trendyolmilla/koyu-indigo-fermuarli-dik-yaka-fermuarli-kisa-kollu-esnek-citcitli-orme-body-twoaw21bd0009-p-788905777,Body
156,641058585,TRENDYOLMİLLA,Siyah Aksesuarlı Pencere/Cut Out Detaylı Çıtçıtlı Örme Body TPRSS23BD00044,289.99,274,/trendyolmilla/siyah-aksesuarli-pencere-cut-out-detayli-citcitli-orme-body-tprss23bd00044-p-641058585,Body
157,822067978,TRENDYOLMİLLA,Beyaz Vatkalı Kruvaze Yaka Esnek Çıtçıtlı Örme Örme Body TWOSS23BD00007,256.99,0,/trendyolmilla/beyaz-vatkali-kruvaze-yaka-esnek-citcitli-orme-orme-body-twoss23bd00007-p-822067978,Body
158,832448078,TRENDYOLMİLLA,Siyah Dantel Çıkarılabilir Jartiyer Detaylı Ajurlu/Delikli İp Askılı Örme Body THMAW25BD00002,351.99,0,/trendyolmilla/siyah-dantel-cikarilabilir-jartiyer-detayli-ajurlu-delikli-ip-askili-orme-body-thmaw25bd00002-p-832448078,Body
159,816743145,TRENDYOLMİLLA,Siyah Gül Aksesuarlı Detaylı Derin V Yaka Örme Body TPRSS24BD00024,176.99,2,/trendyolmilla/siyah-gul-aksesuarli-detayli-derin-v-yaka-orme-body-tprss24bd00024-p-816743145,Body
160,660277351,TRENDYOLMİLLA,X Zeynep Tosun Siyah Zincir Detaylı Yüksek Paça Body TCLSS23BD00004,353.99,277,/trendyolmilla/x-zeynep-tosun-siyah-zincir-detayli-yuksek-paca-body-tclss23bd00004-p-660277351,Body
161,818226005,TRENDYOLMİLLA,Kahverengi Kurdele Bağlama Detaylı Fitted/Vücuda Oturan Esnek Çıtçıtlı Örme Body TWOSS24BD00081,84.99,7,/trendyolmilla/kahverengi-kurdele-baglama-detayli-fitted-vucuda-oturan-esnek-citcitli-orme-body-twoss24bd00081-p-818226005,Body
162,800158253,TRENDYOLMİLLA,Siyah Transparan Örme Tül Body TPRSS24BD00018,171.99,13,/trendyolmilla/siyah-transparan-orme-tul-body-tprss24bd00018-p-800158253,Body
163,388180769,TRENDYOLMİLLA,Siyah Astarlı Drapeli Çıtçıtlı Örme Body TPRSS23BD00027,220.99,271,/trendyolmilla/siyah-astarli-drapeli-citcitli-orme-body-tprss23bd00027-p-388180769,Body
164,815846520,TRENDYOLMİLLA,Açık Pembe Volanlı Örme Body TPRSS24BD00022,176.99,7,/trendyolmilla/acik-pembe-volanli-orme-body-tprss24bd00022-p-815846520,Body
165,794595400,TRENDYOLMİLLA,Kiremit Fitted/Vücuda Oturan Sıfır Kol V Yaka Esnek Çıtçıtlı Örme Body TWOSS24BD00031,113.99,14,/trendyolmilla/kiremit-fitted-vucuda-oturan-sifir-kol-v-yaka-esnek-citcitli-orme-body-twoss24bd00031-p-794595400,Body
166,745792931,TRENDYOLMİLLA,Lacivert Kare Yaka Alttan Çıtçıtlı Premium Örme Body TWOAW24BD00062,276.99,482,/trendyolmilla/lacivert-kare-yaka-alttan-citcitli-premium-orme-body-twoaw24bd00062-p-745792931,Body
167,814672381,TRENDYOLMİLLA,Mavi Etek Ucu Çıt Çıt Detaylı Regular Normal Kalıp Dokuma Gömlek Body TWOSS24BD00076,241.99,9,/trendyolmilla/mavi-etek-ucu-cit-cit-detayli-regular-normal-kalip-dokuma-gomlek-body-twoss24bd00076-p-814672381,Body
168,803243432,TRENDYOLMİLLA,Siyah Dantel Pencere/Cut Out Detaylı İp Askılı Örme Body THMSS24BD00003,262.99,9,/trendyolmilla/siyah-dantel-pencere-cut-out-detayli-ip-askili-orme-body-thmss24bd00003-p-803243432,Body
169,767161116,TRENDYOLMİLLA,Gri Parıltılı Taşlı Body TPRAW24BD00044,130.99,16,/trendyolmilla/gri-pariltili-tasli-body-tpraw24bd00044-p-767161116,Body
170,823586763,TRENDYOLMİLLA,Beyaz Carmen Yaka Fırfır Detaylı Çıtçıtlı Örme Body TPRSS24BD00014,234.99,7,/trendyolmilla/beyaz-carmen-yaka-firfir-detayli-citcitli-orme-body-tprss24bd00014-p-823586763,Body
171,799035959,TRENDYOLMİLLA,Siyah Fitted/Vücuda Oturan Degaje Yaka Sıfır Kol Çıtçıtlı Esnek Örme Body TWOSS24BD00038,217.99,11,/trendyolmilla/siyah-fitted-vucuda-oturan-degaje-yaka-sifir-kol-citcitli-esnek-orme-body-twoss24bd00038-p-799035959,Body
172,782072372,TRENDYOLMİLLA,Siyah Micro Dantel Detaylı İp Askılı Çıtçıtlı Örme Body THMSS24BD00000,197.99,17,/trendyolmilla/siyah-micro-dantel-detayli-ip-askili-citcitli-orme-body-thmss24bd00000-p-782072372,Body
173,164606863,TRENDYOLMİLLA,Antrasit Dik Yaka Çıtçıtlı Örme Body TWOAW21BD0008,318.99,117,/trendyolmilla/antrasit-dik-yaka-citcitli-orme-body-twoaw21bd0008-p-164606863,Body
174,730873647,TRENDYOLMİLLA,Fuşya Balıkçı Yaka Çıtçıtlı Örme Body TWOAW21BD0008,309.99,32,/trendyolmilla/fusya-balikci-yaka-citcitli-orme-body-twoaw21bd0008-p-730873647,Body
175,446408595,TRENDYOLMİLLA,Siyah Dantelli İp Askılı Çıtçıtlı Örme Body THMSS23BD00012,195.99,69,/trendyolmilla/siyah-dantelli-ip-askili-citcitli-orme-body-thmss23bd00012-p-446408595,Body
176,810300207,TRENDYOLMİLLA,Tarçın Fitted/Vücuda Oturan Sırtı Detaylı Kare Yaka Çıtçıtlı Esnek Örme Body TWOSS24BD00026,180.99,11,/trendyolmilla/tarcin-fitted-vucuda-oturan-sirti-detayli-kare-yaka-citcitli-esnek-orme-body-twoss24bd00026-p-810300207,Body
177,811509137,TRENDYOLMİLLA,X Yapay Zekâ Siyah Transparan Detaylı Örme Tül Body TPRSS24BD00020,72.99,7,/trendyolmilla/x-yapay-zeka-siyah-transparan-detayli-orme-tul-body-tprss24bd00020-p-811509137,Body
178,797010699,TRENDYOLMİLLA,Lime Fitted/Vücuda Oturan Sırt Detaylı Kare Yaka Çıtçıtlı Esnek Örme Body TWOSS24BD00026,209.99,22,/trendyolmilla/lime-fitted-vucuda-oturan-sirt-detayli-kare-yaka-citcitli-esnek-orme-body-twoss24bd00026-p-797010699,Body
179,54690341,TRENDYOLMİLLA,Siyah Fermuarlı Dik Yaka Uzun Kollu Esnek Çıtçıtlı Örme Body TWOAW21BD0070,299.99,5677,/trendyolmilla/siyah-fermuarli-dik-yaka-uzun-kollu-esnek-citcitli-orme-body-twoaw21bd0070-p-54690341,Body
180,822149811,TRENDYOLMİLLA,Kırmızı Fitted/Vücuda Oturan Sırtı Detaylı Kare Yaka Çıtçıtlı Esnek Örme Body TWOSS24BD00026,209.99,13,/trendyolmilla/kirmizi-fitted-vucuda-oturan-sirti-detayli-kare-yaka-citcitli-esnek-orme-body-twoss24bd00026-p-822149811,Body
181,131152975,TRENDYOLMİLLA,Siyah Asimetrik Yaka Uzun Kollu Esnek Çıtçıtlı Örme Body TWOAW22BD0080,289.99,10535,/trendyolmilla/siyah-asimetrik-yaka-uzun-kollu-esnek-citcitli-orme-body-twoaw22bd0080-p-131152975,Body
182,309322400,TRENDYOLMİLLA,Siyah Örme Drapeli Çıtçıtlı Body TPRAW23BD00048,306.99,2725,/trendyolmilla/siyah-orme-drapeli-citcitli-body-tpraw23bd00048-p-309322400,Body
183,788907462,TRENDYOLMİLLA,Koyu İndigo Balıkçı Yaka Kolsuz Esnek Çıtçıtlı Örme Body TWOAW22BD0006,133.99,20,/trendyolmilla/koyu-indigo-balikci-yaka-kolsuz-esnek-citcitli-orme-body-twoaw22bd0006-p-788907462,Body
184,805666868,TRENDYOLMİLLA,Kırmızı Fitted/Vücuda Oturan Fırfır Detaylı V Yaka Çıtçıtlı Esnek Örme Body TWOSS24BD00039,104.99,11,/trendyolmilla/kirmizi-fitted-vucuda-oturan-firfir-detayli-v-yaka-citcitli-esnek-orme-body-twoss24bd00039-p-805666868,Body
185,807305192,TRENDYOLMİLLA,Koyu Kahverengi Leopar Fermuarlı Yaka Fermuarlı Kısa Kollu Esnek Çıtçıtlı Örme Body TWOAW21BD0009,97.99,10,/trendyolmilla/koyu-kahverengi-leopar-fermuarli-yaka-fermuarli-kisa-kollu-esnek-citcitli-orme-body-twoaw21bd0009-p-807305192,Body
186,639466212,TRENDYOLMİLLA,Siyah Örme Çıtçıtlı Biyeli Body TPRSS23BD00055,73.99,23,/trendyolmilla/siyah-orme-citcitli-biyeli-body-tprss23bd00055-p-639466212,Body
187,700351736,TRENDYOLMİLLA,Kahverengi Asimetrik Yaka Cut Out Detaylı Esnek Çıtçıtlı Örme Body TWOSS23BD00014,222.99,100,/trendyolmilla/kahverengi-asimetrik-yaka-cut-out-detayli-esnek-citcitli-orme-body-twoss23bd00014-p-700351736,Body
188,786509663,TRENDYOLMİLLA,Pembe Çiçek Desenli V Yaka Esnek Çıtçıtlı Örme Body TWOSS24BD00021,97.99,10,/trendyolmilla/pembe-cicek-desenli-v-yaka-esnek-citcitli-orme-body-twoss24bd00021-p-786509663,Body
189,778505396,TRENDYOLMİLLA,Kırmızı Soft Touch/Yumuşak Fitted V Yaka Çıtçıtlı Örme Body TWOSS24BD00006,165.99,14,/trendyolmilla/kirmizi-soft-touch-yumusak-fitted-v-yaka-citcitli-orme-body-twoss24bd00006-p-778505396,Body
190,245051534,TRENDYOLMİLLA,Siyah Drape Detaylı Fitted/Vücuda Oturan Askılı Esnek Çıtçıtlı Örme Body TWOSS22BD00013,208.99,915,/trendyolmilla/siyah-drape-detayli-fitted-vucuda-oturan-askili-esnek-citcitli-orme-body-twoss22bd00013-p-245051534,Body
191,818408265,Edit by Trendyol,Siyah Regular Örme Body TEDSS24BD00000,264.99,9,/edit-by-trendyol/siyah-regular-orme-body-tedss24bd00000-p-818408265,Body
192,674896060,TRENDYOLMİLLA,X Zeynep Tosun Pembe Zincir Detaylı Cut Out Body TCLSS23BD00003,212.99,108,/trendyolmilla/x-zeynep-tosun-pembe-zincir-detayli-cut-out-body-tclss23bd00003-p-674896060,Body
193,795505574,TRENDYOLMİLLA,Pembe Çıtçıtlı Esnek Fitted/Vücuda Oturan Örme Body TWOSS24BD00033,160.99,6,/trendyolmilla/pembe-citcitli-esnek-fitted-vucuda-oturan-orme-body-twoss24bd00033-p-795505574,Body
194,242026365,TRENDYOLMİLLA,X Sagaza Studio Siyah Örme Body TPRSS22BD00001,406.99,1446,/trendyolmilla/x-sagaza-studio-siyah-orme-body-tprss22bd00001-p-242026365,Body
195,780957076,TRENDYOLMİLLA,Kiremit Bağlama Detaylı V Yaka Fitted/Vücuda Oturan Esnek Çıtçıtlı Örme Body TWOSS23BD00055,205.99,22,/trendyolmilla/kiremit-baglama-detayli-v-yaka-fitted-vucuda-oturan-esnek-citcitli-orme-body-twoss23bd00055-p-780957076,Body
196,782621492,TRENDYOLMİLLA,Siyah Parlak Taşlı Aksesuarlı Örme Body TPRSS24BD00003,384.99,20,/trendyolmilla/siyah-parlak-tasli-aksesuarli-orme-body-tprss24bd00003-p-782621492,Body
197,701369331,TRENDYOLMİLLA,Kahverengi Büzgü Detaylı Dik Yaka Çıtçıtlı Esnek Örme Body TWOAW24BD00014,304.99,903,/trendyolmilla/kahverengi-buzgu-detayli-dik-yaka-citcitli-esnek-orme-body-twoaw24bd00014-p-701369331,Body
198,134403023,TRENDYOLMİLLA,Bordo Örme Derin V Yakalı Çıtçıtlı Body TPRAW22BD0084,284.99,2202,/trendyolmilla/bordo-orme-derin-v-yakali-citcitli-body-tpraw22bd0084-p-134403023,Body
199,164606865,TRENDYOLMİLLA,Ekru Dik Yaka Çıtçıtlı Örme Body TWOAW21BD0008,283.99,685,/trendyolmilla/ekru-dik-yaka-citcitli-orme-body-twoaw21bd0008-p-164606865,Body
200,807891158,TRENDYOLMİLLA,Lacivert Tek Kol Esnek Çıtçıtlı Örme Body TWOSS24BD00041,99.99,20,/trendyolmilla/lacivert-tek-kol-esnek-citcitli-orme-body-twoss24bd00041-p-807891158,Body
201,794591261,TRENDYOLMİLLA,Saks Fitted/Vücuda Oturan Polo Yaka Esnek Çıtçıtlı Örme Body TWOSS24BD00030,121.99,21,/trendyolmilla/saks-fitted-vucuda-oturan-polo-yaka-esnek-citcitli-orme-body-twoss24bd00030-p-794591261,Body
202,756382179,TRENDYOLMİLLA,Saks Cut Out/Pencere Detaylı Örme Body TPRAW24BD00000,256.99,32,/trendyolmilla/saks-cut-out-pencere-detayli-orme-body-tpraw24bd00000-p-756382179,Body
203,290097196,TRENDYOLMİLLA,Siyah Dantelli Pencere/Cut Out Detaylı İp Askılı Çıtçıtlı Örme Body THMAW23BD00026,293.99,441,/trendyolmilla/siyah-dantelli-pencere-cut-out-detayli-ip-askili-citcitli-orme-body-thmaw23bd00026-p-290097196,Body
204,372185609,TRENDYOLMİLLA,Bordo Çıtçıtlı Örme Body TPRSS23BD00018,302.99,179,/trendyolmilla/bordo-citcitli-orme-body-tprss23bd00018-p-372185609,Body
205,772190581,TRENDYOLMİLLA,Ekru Dantelli Pencere/Cut Out Detaylı İp Askılı Çıtçıtlı Örme Body THMAW23BD00011,227.99,17,/trendyolmilla/ekru-dantelli-pencere-cut-out-detayli-ip-askili-citcitli-orme-body-thmaw23bd00011-p-772190581,Body
206,795171855,TRENDYOLMİLLA,Siyah Kruvaze Parlak Taşlı Örme Body TPRSS24BD00016,300.99,14,/trendyolmilla/siyah-kruvaze-parlak-tasli-orme-body-tprss24bd00016-p-795171855,Body
207,784793926,TRENDYOLMİLLA,Siyah Örme Body TWOSS24BD00015,160.99,18,/trendyolmilla/siyah-orme-body-twoss24bd00015-p-784793926,Body
208,778650530,TRENDYOLMİLLA,Gri Parlak Kumaşlı Askılı Çıtçıtlı Örme Body TWOSS24BD00011,159.99,14,/trendyolmilla/gri-parlak-kumasli-askili-citcitli-orme-body-twoss24bd00011-p-778650530,Body
209,811964139,TRENDYOLMİLLA,Siyah Yaka Detaylı Örme Poplin Body TPRSS24BD00019,183.99,11,/trendyolmilla/siyah-yaka-detayli-orme-poplin-body-tprss24bd00019-p-811964139,Body
210,799509864,TRENDYOLMİLLA,Mavi Baskılı V Yaka Esnek Çıtçıtlı Örme Body TWOSS24BD00037,180.99,19,/trendyolmilla/mavi-baskili-v-yaka-esnek-citcitli-orme-body-twoss24bd00037-p-799509864,Body
211,827555195,TRENDYOLMİLLA,Ekru Halter Yaka Vücuda Oturan Esnek Çıtçıtlı Örme Body TWOSS20BD0044,201.99,13,/trendyolmilla/ekru-halter-yaka-vucuda-oturan-esnek-citcitli-orme-body-twoss20bd0044-p-827555195,Body
212,768951508,TRENDYOLMİLLA,Kahverengi Vücuda Oturan Büzgülü Örme Body TPRSS21BD0126,116.99,11,/trendyolmilla/kahverengi-vucuda-oturan-buzgulu-orme-body-tprss21bd0126-p-768951508,Body
213,788963844,TRENDYOLMİLLA,Siyah Vatkalı Kruvaze Örme Parlak Taşlı Çıtçıtlı Body TPRSS24BD00008,171.99,7,/trendyolmilla/siyah-vatkali-kruvaze-orme-parlak-tasli-citcitli-body-tprss24bd00008-p-788963844,Body
214,721217903,TRENDYOLMİLLA,Siyah Slim Çıtçıtlı Havuz Yaka Uzun Kollu Yumuşak Kumaşlı Esnek Örme Body TWOAW24BD00031,316.99,453,/trendyolmilla/siyah-slim-citcitli-havuz-yaka-uzun-kollu-yumusak-kumasli-esnek-orme-body-twoaw24bd00031-p-721217903,Body
215,640264106,TRENDYOLMİLLA,Siyah Vücuda Oturan Parıltılı Aksesuarlı Çıtçıtlı Örme Body TPRSS23BD00052,348.99,84,/trendyolmilla/siyah-vucuda-oturan-pariltili-aksesuarli-citcitli-orme-body-tprss23bd00052-p-640264106,Body
216,790452383,TRENDYOLMİLLA,Siyah Özel Dokulu Tül Slim Kısa Kollu Dik Yaka Örme Body TWOSS24BD00023,97.99,40,/trendyolmilla/siyah-ozel-dokulu-tul-slim-kisa-kollu-dik-yaka-orme-body-twoss24bd00023-p-790452383,Body
217,738767539,TRENDYOLMİLLA,Siyah Slim Tül Detaylı Çıtçıtlı Uzun Kollu Dik Yaka Esnek Örme Body TWOAW24BD00049,351.99,1147,/trendyolmilla/siyah-slim-tul-detayli-citcitli-uzun-kollu-dik-yaka-esnek-orme-body-twoaw24bd00049-p-738767539,Body
218,831920259,TRENDYOLMİLLA,Siyah Fitted/Vücuda Oturan Uzun Kollu Dik Yaka Esnek Çıtçıtlı Örme Body TWOAW25BD00003,281.99,0,/trendyolmilla/siyah-fitted-vucuda-oturan-uzun-kollu-dik-yaka-esnek-citcitli-orme-body-twoaw25bd00003-p-831920259,Body
219,832448001,TRENDYOLMİLLA,Koyu Vişne Micro Dantelli Biye Detaylı İp Askılı Örme Body THMAW25BD00004,359.99,0,/trendyolmilla/koyu-visne-micro-dantelli-biye-detayli-ip-askili-orme-body-thmaw25bd00004-p-832448001,Body
220,453378068,TRENDYOLMİLLA,Siyah Astarlı Çıtçıtlı Örme Tül Body TPRSS23BD00038,351.99,259,/trendyolmilla/siyah-astarli-citcitli-orme-tul-body-tprss23bd00038-p-453378068,Body
221,318896760,TRENDYOLMİLLA,Siyah Örme Pencere/Cut Out Detaylı Çıtçıtlı Body TPRAW23BD00059,346.99,439,/trendyolmilla/siyah-orme-pencere-cut-out-detayli-citcitli-body-tpraw23bd00059-p-318896760,Body
222,782024703,TRENDYOLMİLLA,Siyah Gül Detaylı Esnek Çıtçıtlı Örme Body TWOSS24BD00016,170.99,10,/trendyolmilla/siyah-gul-detayli-esnek-citcitli-orme-body-twoss24bd00016-p-782024703,Body
223,381376434,TRENDYOLMİLLA,Mavi Desenli Tül Sırtı Transparan Fitted/Vücuda Oturan Esnek Çıtçıtlı Örme Body TWOSS23BD00024,290.99,1020,/trendyolmilla/mavi-desenli-tul-sirti-transparan-fitted-vucuda-oturan-esnek-citcitli-orme-body-twoss23bd00024-p-381376434,Body
224,740932943,TRENDYOLMİLLA,Siyah Agraflı Örme Body TPRAW24BD00019,464.99,227,/trendyolmilla/siyah-agrafli-orme-body-tpraw24bd00019-p-740932943,Body
225,372185618,TRENDYOLMİLLA,Siyah Çıtçıtlı Örme Body TPRSS23BD00018,191.99,282,/trendyolmilla/siyah-citcitli-orme-body-tprss23bd00018-p-372185618,Body
226,794591265,TRENDYOLMİLLA,Siyah Fitted/Vücuda Oturan Polo Yaka Esnek Çıtçıtlı Örme Body TWOSS24BD00030,158.99,12,/trendyolmilla/siyah-fitted-vucuda-oturan-polo-yaka-esnek-citcitli-orme-body-twoss24bd00030-p-794591265,Body
227,701339770,TRENDYOLMİLLA,Lacivert Fermuar Yaka Detaylı Çıtçıtlı Esnek Örme Body TWOAW24BD00005,325.99,1065,/trendyolmilla/lacivert-fermuar-yaka-detayli-citcitli-esnek-orme-body-twoaw24bd00005-p-701339770,Body
228,795505584,TRENDYOLMİLLA,Sarı Çıtçıtlı Esnek Fitted/Vücuda Oturan Örme Body TWOSS24BD00033,174.99,22,/trendyolmilla/sari-citcitli-esnek-fitted-vucuda-oturan-orme-body-twoss24bd00033-p-795505584,Body
229,792399963,TRENDYOLMİLLA,Siyah Vücuda Oturan Çıtçıtlı Örme Body TPRSS24BD00012,256.99,24,/trendyolmilla/siyah-vucuda-oturan-citcitli-orme-body-tprss24bd00012-p-792399963,Body
230,809690847,TRENDYOLMİLLA,Siyah-Gri Parıltılı Aksesuarlı Örme Body TPRSS23BD00052,256.99,24,/trendyolmilla/siyah-gri-pariltili-aksesuarli-orme-body-tprss23bd00052-p-809690847,Body
231,831921078,TRENDYOLMİLLA,Koyu Vişne Fitted/Vücuda Oturan Uzun Kollu Kayık Yaka Esnek Çıtçıtlı Örme Body TWOAW25BD00000,281.99,0,/trendyolmilla/koyu-visne-fitted-vucuda-oturan-uzun-kollu-kayik-yaka-esnek-citcitli-orme-body-twoaw25bd00000-p-831921078,Body
232,766755112,TRENDYOLMİLLA,Taş Büzgü Detaylı Dik Yaka Çıtçıtlı Esnek Örme Body TWOAW24BD00014,270.99,178,/trendyolmilla/tas-buzgu-detayli-dik-yaka-citcitli-esnek-orme-body-twoaw24bd00014-p-766755112,Body
233,816730607,TRENDYOLMİLLA,Siyah Carmen Yaka Örme Tül Body TPRSS24BD00021,127.99,3,/trendyolmilla/siyah-carmen-yaka-orme-tul-body-tprss24bd00021-p-816730607,Body
234,792826706,TRENDYOLMİLLA,Bride Beyaz Brode Tül ve Dantel Detaylı İp Askılı Çıtçıtlı Örme Body THMSS24BD00002,159.99,32,/trendyolmilla/bride-beyaz-brode-tul-ve-dantel-detayli-ip-askili-citcitli-orme-body-thmss24bd00002-p-792826706,Body
235,731620189,TRENDYOLMİLLA,Haki Asimetrik Yaka Uzun Kollu Esnek Çıtçıtlı Örme Body TWOAW22BD0080,293.99,263,/trendyolmilla/haki-asimetrik-yaka-uzun-kollu-esnek-citcitli-orme-body-twoaw22bd0080-p-731620189,Body
236,797017132,TRENDYOLMİLLA,Pembe Fitted/Vücuda Oturan Kare Yaka Çıtçıtlı Esnek Örme Body TWOSS24BD00027,146.99,19,/trendyolmilla/pembe-fitted-vucuda-oturan-kare-yaka-citcitli-esnek-orme-body-twoss24bd00027-p-797017132,Body
237,816730601,TRENDYOLMİLLA,Mürdüm Carmen Yaka Örme Tül Body TPRSS24BD00021,127.99,3,/trendyolmilla/murdum-carmen-yaka-orme-tul-body-tprss24bd00021-p-816730601,Body
238,713008196,TRENDYOLMİLLA,Siyah Dik Yaka Fermuarlı Çıtçıtlı Triko Body TWOAW24BD00025,422.99,33,/trendyolmilla/siyah-dik-yaka-fermuarli-citcitli-triko-body-twoaw24bd00025-p-713008196,Body
239,745930661,TRENDYOLMİLLA,Siyah Vücuda Oturan Örme Body TPRAW24BD00031,346.99,24,/trendyolmilla/siyah-vucuda-oturan-orme-body-tpraw24bd00031-p-745930661,Body
240,797009305,TRENDYOLMİLLA,Indigo Fitted/Vücuda Oturan Fermuarlı Yaka Çıtçıtlı Esnek Örme Body TWOSS24BD00025,135.99,16,/trendyolmilla/indigo-fitted-vucuda-oturan-fermuarli-yaka-citcitli-esnek-orme-body-twoss24bd00025-p-797009305,Body
241,52288058,TRENDYOLMİLLA,Siyah Fermuarlı Polo Yaka Fitted/Vücuda Oturan Esnek Çıtçıtlı Örme Body TWOAW21BD0066,308.99,5026,/trendyolmilla/siyah-fermuarli-polo-yaka-fitted-vucuda-oturan-esnek-citcitli-orme-body-twoaw21bd0066-p-52288058,Body
242,704178699,TRENDYOLMİLLA,Lacivert Derin V Yakalı Çıtçıtlı Örme Body TPRAW22BD0084,286.99,120,/trendyolmilla/lacivert-derin-v-yakali-citcitli-orme-body-tpraw22bd0084-p-704178699,Body
243,309322404,TRENDYOLMİLLA,Saks Örme Drapeli Çıtçıtlı Body TPRAW23BD00048,310.99,1795,/trendyolmilla/saks-orme-drapeli-citcitli-body-tpraw23bd00048-p-309322404,Body
244,778460413,TRENDYOLMİLLA,Saks Kare Yaka Fitted/Vücuda Oturan Soft Touch/Yumuşak Çıtçıtlı Esnek Örme Body TWOSS24BD00001,122.99,13,/trendyolmilla/saks-kare-yaka-fitted-vucuda-oturan-soft-touch-yumusak-citcitli-esnek-orme-body-twoss24bd00001-p-778460413,Body
245,782384267,TRENDYOLMİLLA,Siyah Aksesuarlı Örme Body TPRSS24BD00002,227.99,15,/trendyolmilla/siyah-aksesuarli-orme-body-tprss24bd00002-p-782384267,Body
246,784760445,TRENDYOLMİLLA,Ekru Dokuma Garnili Agraflı Esnek Çıtçıtlı Örme Body TWOSS24BD00014,267.99,17,/trendyolmilla/ekru-dokuma-garnili-agrafli-esnek-citcitli-orme-body-twoss24bd00014-p-784760445,Body
247,702000543,TRENDYOLMİLLA,Siyah V Yaka Dantel Detaylı Esnek Çıtçıtlı Örme Body TWOAW24BD00020,257.99,42,/trendyolmilla/siyah-v-yaka-dantel-detayli-esnek-citcitli-orme-body-twoaw24bd00020-p-702000543,Body
248,782350204,TRENDYOLMİLLA,Siyah Vatkalı Sıfır Kol Esnek Örme Body TWOSS24BD00012,198.99,8,/trendyolmilla/siyah-vatkali-sifir-kol-esnek-orme-body-twoss24bd00012-p-782350204,Body
249,734376602,TRENDYOLMİLLA,Zümrüt Yeşili Slim Büzgü Detaylı Çıtçıtlı Esnek Örme Body TWOAW20BD0052,322.99,70,/trendyolmilla/zumrut-yesili-slim-buzgu-detayli-citcitli-esnek-orme-body-twoaw20bd0052-p-734376602,Body
250,797017131,TRENDYOLMİLLA,Açık Taş Fitted/Vücuda Oturan Kare Yaka Çıtçıtlı Esnek Örme Body TWOSS24BD00027,188.99,13,/trendyolmilla/acik-tas-fitted-vucuda-oturan-kare-yaka-citcitli-esnek-orme-body-twoss24bd00027-p-797017131,Body
251,368344136,TRENDYOLMİLLA,Yeşil Halter Yaka Vücuda Oturan Esnek Çıtçıtlı Örme Body TWOSS20BD0044,166.99,210,/trendyolmilla/yesil-halter-yaka-vucuda-oturan-esnek-citcitli-orme-body-twoss20bd0044-p-368344136,Body
252,792399958,TRENDYOLMİLLA,Bridal Beyaz Vücuda Oturan Çıtçıtlı Örme Body TPRSS24BD00012,151.99,6,/trendyolmilla/bridal-beyaz-vucuda-oturan-citcitli-orme-body-tprss24bd00012-p-792399958,Body
253,832726436,TRENDYOLMİLLA,Çok Renkli Örme Kruvaze V Yakalı Leopar Body TPRAW22BD0161,391.99,1,/trendyolmilla/cok-renkli-orme-kruvaze-v-yakali-leopar-body-tpraw22bd0161-p-832726436,Body
254,290045277,TRENDYOLMİLLA,Siyah Dantelli İp Askılı Çıtçıtlı Örme Body THMAW23BD00009,286.99,187,/trendyolmilla/siyah-dantelli-ip-askili-citcitli-orme-body-thmaw23bd00009-p-290045277,Body
255,260094129,TRENDYOLMİLLA,Saks Örme Kruvaze V Yakalı Body TPRAW22BD0161,263.99,2025,/trendyolmilla/saks-orme-kruvaze-v-yakali-body-tpraw22bd0161-p-260094129,Body
256,797015893,TRENDYOLMİLLA,Fuşya Fitted/Vücuda Oturan Asimetrik Yaka Tek Kol Çıtçıtlı Esnek Örme Body TWOSS24BD00028,112.99,20,/trendyolmilla/fusya-fitted-vucuda-oturan-asimetrik-yaka-tek-kol-citcitli-esnek-orme-body-twoss24bd00028-p-797015893,Body
257,814737677,TRENDYOLMİLLA,Bordo Ayarlanabilir Askılı Astarlı Esnek Tül Örme Body TWOSS24BD00079,123.99,10,/trendyolmilla/bordo-ayarlanabilir-askili-astarli-esnek-tul-orme-body-twoss24bd00079-p-814737677,Body
258,778460419,TRENDYOLMİLLA,Yeşil Kare Yaka Fitted/Vücuda Oturan Soft Touch/Yumuşak Çıtçıtlı Esnek Örme Body TWOSS24BD00001,155.99,12,/trendyolmilla/yesil-kare-yaka-fitted-vucuda-oturan-soft-touch-yumusak-citcitli-esnek-orme-body-twoss24bd00001-p-778460419,Body
259,704220151,TRENDYOLMİLLA,Bordo Örme Drapeli Çıtçıtlı Body TPRAW23BD00048,314.99,316,/trendyolmilla/bordo-orme-drapeli-citcitli-body-tpraw23bd00048-p-704220151,Body
260,811533078,TRENDYOLMİLLA,Taş Dantel Detaylı Fitted/Vücuda Oturan Esnek Örme Body TWOSS24BD00042,217.99,9,/trendyolmilla/tas-dantel-detayli-fitted-vucuda-oturan-esnek-orme-body-twoss24bd00042-p-811533078,Body
261,731509576,TRENDYOLMİLLA,Kırmızı Vücuda Oturan Yaka Detaylı Body TPRAW24BD00008,307.99,209,/trendyolmilla/kirmizi-vucuda-oturan-yaka-detayli-body-tpraw24bd00008-p-731509576,Body
262,773697373,TRENDYOLMİLLA,Vizon Saten Kumaş Kruvaze Yaka Etek Ucundan Çıtçıt Detaylı Dokuma Body TOFAW19BB0678,393.99,43,/trendyolmilla/vizon-saten-kumas-kruvaze-yaka-etek-ucundan-citcit-detayli-dokuma-body-tofaw19bb0678-p-773697373,Body
263,756433680,TRENDYOLMİLLA,Kahverengi Fermuar Yaka Detaylı Alttan Çıtçıtlı Esnek Örme Body TWOAW24BD00005,270.99,376,/trendyolmilla/kahverengi-fermuar-yaka-detayli-alttan-citcitli-esnek-orme-body-twoaw24bd00005-p-756433680,Body
264,799973844,TRENDYOLMİLLA,Kırmızı Kısa Kol Esnek Çıtçıtlı Örme Body TWOSS24BD00034,92.99,20,/trendyolmilla/kirmizi-kisa-kol-esnek-citcitli-orme-body-twoss24bd00034-p-799973844,Body
265,739206858,TRENDYOLMİLLA,Siyah Parıltılı Taşlı Body TPRAW24BD00024,506.99,106,/trendyolmilla/siyah-pariltili-tasli-body-tpraw24bd00024-p-739206858,Body
266,291997274,TRENDYOLMİLLA,Pudra Taş Aksesuar Detaylı Örme Body TPRSS22BD00006,94.99,54,/trendyolmilla/pudra-tas-aksesuar-detayli-orme-body-tprss22bd00006-p-291997274,Body
267,781929223,TRENDYOLMİLLA,Yeşil Baskılı Tül Çıtçıtlı Transparan Örme Body TWOAW24BD00051,192.99,11,/trendyolmilla/yesil-baskili-tul-citcitli-transparan-orme-body-twoaw24bd00051-p-781929223,Body
268,713008191,TRENDYOLMİLLA,Taş Dik Yaka Fermuarlı Çıtçıtlı Triko Body TWOAW24BD00025,437.99,51,/trendyolmilla/tas-dik-yaka-fermuarli-citcitli-triko-body-twoaw24bd00025-p-713008191,Body
269,799509863,TRENDYOLMİLLA,Siyah V Yaka Esnek Çıtçıtlı Örme Body TWOSS24BD00037,176.99,14,/trendyolmilla/siyah-v-yaka-esnek-citcitli-orme-body-twoss24bd00037-p-799509863,Body
270,790452382,TRENDYOLMİLLA,Ekru Özel Dokulu Tül Slim Kısa Kollu Dik Yaka Örme Body TWOSS24BD00023,95.99,17,/trendyolmilla/ekru-ozel-dokulu-tul-slim-kisa-kollu-dik-yaka-orme-body-twoss24bd00023-p-790452382,Body
271,811554523,TRENDYOLMİLLA,X Zeynep Tosun Vizon Aksesuar Detaylı Body TCLSS24BD00002,305.99,4,/trendyolmilla/x-zeynep-tosun-vizon-aksesuar-detayli-body-tclss24bd00002-p-811554523,Body
272,831920251,TRENDYOLMİLLA,Ekru Fitted/Vücuda Oturan Uzun Kollu Dik Yaka Esnek Çıtçıtlı Örme Body TWOAW25BD00003,281.99,0,/trendyolmilla/ekru-fitted-vucuda-oturan-uzun-kollu-dik-yaka-esnek-citcitli-orme-body-twoaw25bd00003-p-831920251,Body
273,782021447,TRENDYOLMİLLA,Lacivert Kruvaze Yaka Tül Esnek Çıtçıtlı Örme Body TWOSS24BD00018,178.99,10,/trendyolmilla/lacivert-kruvaze-yaka-tul-esnek-citcitli-orme-body-twoss24bd00018-p-782021447,Body
274,805665100,TRENDYOLMİLLA,Kırmızı Fitted/Vücuda Oturan Çıtçıtlı Esnek Örme Madonna Yaka Body TWOSS24BD00040,96.99,13,/trendyolmilla/kirmizi-fitted-vucuda-oturan-citcitli-esnek-orme-madonna-yaka-body-twoss24bd00040-p-805665100,Body
275,721217927,TRENDYOLMİLLA,Mor Fitted/Vücuda Oturan Havuz Yaka Yumuşak Kumaşlı Esnek Çıtçıtlı Örme Body TWOAW24BD00031,82.99,93,/trendyolmilla/mor-fitted-vucuda-oturan-havuz-yaka-yumusak-kumasli-esnek-citcitli-orme-body-twoaw24bd00031-p-721217927,Body
276,831920256,TRENDYOLMİLLA,Bordo Fitted/Vücuda Oturan Uzun Kollu Dik Yaka Esnek Çıtçıtlı Örme Body TWOAW25BD00003,281.99,0,/trendyolmilla/bordo-fitted-vucuda-oturan-uzun-kollu-dik-yaka-esnek-citcitli-orme-body-twoaw25bd00003-p-831920256,Body
277,731619571,TRENDYOLMİLLA,Kırmızı Kalp Yaka Uzun Kollu Fitilli Esnek Çıtçıtlı Örme Body TWOAW22BD0018,311.99,38,/trendyolmilla/kirmizi-kalp-yaka-uzun-kollu-fitilli-esnek-citcitli-orme-body-twoaw22bd0018-p-731619571,Body
278,692200144,TRENDYOLMİLLA,Kırmızı Pamuklu Balıkçı Yaka Uzun Kollu Çıtçıtlı Örme Body THMAW23BD00033,362.99,60,/trendyolmilla/kirmizi-pamuklu-balikci-yaka-uzun-kollu-citcitli-orme-body-thmaw23bd00033-p-692200144,Body
279,708175299,TRENDYOLMİLLA,Mor Dantelli Pencere/Cut Out Detaylı İp Askılı Çıtçıtlı Örme Body THMAW23BD00010,249.99,22,/trendyolmilla/mor-dantelli-pencere-cut-out-detayli-ip-askili-citcitli-orme-body-thmaw23bd00010-p-708175299,Body
280,831637719,TRENDYOLMİLLA,Siyah Aksesuar Detaylı Fitted/Vucuda Oturan Esnek Çıtçıtlı Örme Body TWOAW25BD00001,289.99,0,/trendyolmilla/siyah-aksesuar-detayli-fitted-vucuda-oturan-esnek-citcitli-orme-body-twoaw25bd00001-p-831637719,Body
281,831637680,TRENDYOLMİLLA,Taş Fitted/Vucuda Oturan Kayık Yaka Biye Detaylı Esnek Çıtçıtlı Örme Body TWOAW25BD00002,289.99,0,/trendyolmilla/tas-fitted-vucuda-oturan-kayik-yaka-biye-detayli-esnek-citcitli-orme-body-twoaw25bd00002-p-831637680,Body
282,819593443,TRENDYOLMİLLA,X Zeynep Tosun Siyah Örme Cut Out/Pencere Detaylı Body TCLSS24BD00004,419.99,10,/trendyolmilla/x-zeynep-tosun-siyah-orme-cut-out-pencere-detayli-body-tclss24bd00004-p-819593443,Body
283,807518979,TRENDYOLMİLLA,X Zeynep Tosun Haki Pencere Detaylı Örme Yılan Aksesuarlı Body TCLSS24BD00003,627.99,19,/trendyolmilla/x-zeynep-tosun-haki-pencere-detayli-orme-yilan-aksesuarli-body-tclss24bd00003-p-807518979,Body
284,807305259,TRENDYOLMİLLA,Koyu Kahverengi Baskılı Asimetrik Yaka Esnek Çıtçıtlı Örme BodyTWOSS22BD00014,172.99,10,/trendyolmilla/koyu-kahverengi-baskili-asimetrik-yaka-esnek-citcitli-orme-bodytwoss22bd00014-p-807305259,Body
285,786509188,TRENDYOLMİLLA,Mavi Çiçek Desenli Büzgü Detaylı Kayık Yaka Esnek Çıtçıtlı Örme Body TWOSS24BD00020,103.99,9,/trendyolmilla/mavi-cicek-desenli-buzgu-detayli-kayik-yaka-esnek-citcitli-orme-body-twoss24bd00020-p-786509188,Body
286,784793944,TRENDYOLMİLLA,Fuşya Büzgülü ve Kalın Askılı Esnek Çıtçıtlı Örme Body TWOSS24BD00015,137.99,18,/trendyolmilla/fusya-buzgulu-ve-kalin-askili-esnek-citcitli-orme-body-twoss24bd00015-p-784793944,Body
287,784173089,TRENDYOLMİLLA,Siyah Vücuda Oturan Korse Detaylı Örme Tül Body TPRSS24BD00006,236.99,11,/trendyolmilla/siyah-vucuda-oturan-korse-detayli-orme-tul-body-tprss24bd00006-p-784173089,Body
288,783841634,TRENDYOLMİLLA,Saks Örme Çıtçıtlı Body TPRSS23BD00018,203.99,16,/trendyolmilla/saks-orme-citcitli-body-tprss23bd00018-p-783841634,Body
289,782075137,TRENDYOLMİLLA,Siyah V Yaka Çıtçıtlı Örme Body TWOSS24BD00007,218.99,16,/trendyolmilla/siyah-v-yaka-citcitli-orme-body-twoss24bd00007-p-782075137,Body
290,778214465,TRENDYOLMİLLA,Lacivert Desenli Tek Omuzlu Fitted/Vücuda Oturan Çıtçıtlı Örme Body TWOSS24BD00010,196.99,25,/trendyolmilla/lacivert-desenli-tek-omuzlu-fitted-vucuda-oturan-citcitli-orme-body-twoss24bd00010-p-778214465,Body
291,741638594,TRENDYOLMİLLA,Çok Renkli Melek Baskılı Tül Çıtçıtlı Örme Örme Body TWOAW24BD00051,260.99,54,/trendyolmilla/cok-renkli-melek-baskili-tul-citcitli-orme-orme-body-twoaw24bd00051-p-741638594,Body
292,741175525,TRENDYOLMİLLA,Çok Renkli Baskılı Kalp Yaka Çıtçıtlı Örme Body TWOAW24BD00052,286.99,123,/trendyolmilla/cok-renkli-baskili-kalp-yaka-citcitli-orme-body-twoaw24bd00052-p-741175525,Body
293,738496914,TRENDYOLMİLLA,Antrasit Eskitme/Soluk Efektli Pamuklu Uzun Kol Esnek Çıtçıtlı Örme Body TWOAW24BD00044,394.99,143,/trendyolmilla/antrasit-eskitme-soluk-efektli-pamuklu-uzun-kol-esnek-citcitli-orme-body-twoaw24bd00044-p-738496914,Body
294,738496904,TRENDYOLMİLLA,Kahverengi Eskitme/Soluk Efektli Pamuklu Uzun Kol Esnek Çıtçıtlı Örme Body TWOAW24BD00044,395.99,90,/trendyolmilla/kahverengi-eskitme-soluk-efektli-pamuklu-uzun-kol-esnek-citcitli-orme-body-twoaw24bd00044-p-738496904,Body
295,734030421,TRENDYOLMİLLA,Siyah Kemer Detaylı Tek Omuzlu Fitted/Vücuda Oturan Çıtçıtlı Esnek Örme Body TWOAW24BD00040,301.99,155,/trendyolmilla/siyah-kemer-detayli-tek-omuzlu-fitted-vucuda-oturan-citcitli-esnek-orme-body-twoaw24bd00040-p-734030421,Body
296,732902612,TRENDYOLMİLLA,Bordo Kruvaze Yaka Aksesuarlı Body TPRAW24BD00012,353.99,233,/trendyolmilla/bordo-kruvaze-yaka-aksesuarli-body-tpraw24bd00012-p-732902612,Body
297,732886329,TRENDYOLMİLLA,Kahverengi Cut Out/Pencere Detaylı Örme Body TPRAW24BD00001,302.99,220,/trendyolmilla/kahverengi-cut-out-pencere-detayli-orme-body-tpraw24bd00001-p-732886329,Body
298,732886325,TRENDYOLMİLLA,Siyah Cut Out/Pencere Detaylı Örme Body TPRAW24BD00000,315.99,159,/trendyolmilla/siyah-cut-out-pencere-detayli-orme-body-tpraw24bd00000-p-732886325,Body
299,731620185,TRENDYOLMİLLA,Fuşya Asimetrik Yaka Uzun Kollu Esnek Çıtçıtlı Örme Body TWOAW22BD0080,315.99,265,/trendyolmilla/fusya-asimetrik-yaka-uzun-kollu-esnek-citcitli-orme-body-twoaw22bd0080-p-731620185,Body
300,730873648,TRENDYOLMİLLA,Kahverengi Balıkçı Yaka Çıtçıtlı Örme Body TWOAW21BD0008,284.99,101,/trendyolmilla/kahverengi-balikci-yaka-citcitli-orme-body-twoaw21bd0008-p-730873648,Body
301,727853772,TRENDYOLMİLLA,Kahverengi Vatkalı Drape Detaylı Fitted/Vücuda Oturan Esnek Çıtçıtlı Örme Body TWOAW22BD0156,338.99,233,/trendyolmilla/kahverengi-vatkali-drape-detayli-fitted-vucuda-oturan-esnek-citcitli-orme-body-twoaw22bd0156-p-727853772,Body
302,712363006,TRENDYOLMİLLA,Siyah Tül Detaylı Çıtçıtlı Esnek Örme Body TWOAW24BD00021,280.99,113,/trendyolmilla/siyah-tul-detayli-citcitli-esnek-orme-body-twoaw24bd00021-p-712363006,Body
303,712363000,TRENDYOLMİLLA,Kahverengi Tül Detaylı Çıtçıtlı Esnek Örme Body TWOAW24BD00021,279.99,160,/trendyolmilla/kahverengi-tul-detayli-citcitli-esnek-orme-body-twoaw24bd00021-p-712363000,Body
304,706111551,TRENDYOLMİLLA,Lila Kruvaze Yaka Saten Dokuma Body TOFAW19BB0678,415.99,78,/trendyolmilla/lila-kruvaze-yaka-saten-dokuma-body-tofaw19bb0678-p-706111551,Body
305,701855806,TRENDYOLMİLLA,Siyah Premium Parlak Yüzeyli Yumuşak Dokulu Fitted/Vücuda Oturan Çıtçıtlı Örme Body TWOAW24BD00023,363.99,105,/trendyolmilla/siyah-premium-parlak-yuzeyli-yumusak-dokulu-fitted-vucuda-oturan-citcitli-orme-body-twoaw24bd00023-p-701855806,Body
306,701361539,TRENDYOLMİLLA,Siyah Bisiklet Yaka Tül Dekolteli Çıtçıtlı Esnek Örme Body TWOAW24BD00012,292.99,186,/trendyolmilla/siyah-bisiklet-yaka-tul-dekolteli-citcitli-esnek-orme-body-twoaw24bd00012-p-701361539,Body
307,701339694,TRENDYOLMİLLA,Bej Fermuar Yaka Detaylı Çıtçıtlı Esnek Örme Body TWOAW24BD00005,337.99,140,/trendyolmilla/bej-fermuar-yaka-detayli-citcitli-esnek-orme-body-twoaw24bd00005-p-701339694,Body
308,666033521,TRENDYOLMİLLA,Pembe Desenli Tül Sırtı Transparan Fitted/Vücuda Oturan Esnek Çıtçıtlı Örme Body TWOSS23BD00024,349.99,509,/trendyolmilla/pembe-desenli-tul-sirti-transparan-fitted-vucuda-oturan-esnek-citcitli-orme-body-twoss23bd00024-p-666033521,Body
309,388180766,TRENDYOLMİLLA,Ekru Astarlı Drapeli Çıtçıtlı Örme Body TPRSS23BD00027,351.99,94,/trendyolmilla/ekru-astarli-drapeli-citcitli-orme-body-tprss23bd00027-p-388180766,Body
310,369808425,TRENDYOLMİLLA,Siyah Tek Kol Pamuklu Esnek Çıtçıtlı Örme Body TWOSS23BD00013,329.99,262,/trendyolmilla/siyah-tek-kol-pamuklu-esnek-citcitli-orme-body-twoss23bd00013-p-369808425,Body
311,292759122,TRENDYOLMİLLA,Kahverengi Renk Bloklu Animal Desenli Kruvaze Yaka Esnek Çıtçıtlı Örme Body TWOAW21BD0012,371.99,647,/trendyolmilla/kahverengi-renk-bloklu-animal-desenli-kruvaze-yaka-esnek-citcitli-orme-body-twoaw21bd0012-p-292759122,Body
312,290045272,TRENDYOLMİLLA,Pudra Dantelli İp Askılı Çıtçıtlı Örme Body THMAW23BD00009,286.99,207,/trendyolmilla/pudra-dantelli-ip-askili-citcitli-orme-body-thmaw23bd00009-p-290045272,Body
313,285554298,TRENDYOLMİLLA,Siyah-Beyaz 2'li Paket Slim Çıtçıtlı Dik Yaka Fitilli Esnek Örme Body TWOAW23BD00030,426.99,1471,/trendyolmilla/siyah-beyaz-2-li-paket-slim-citcitli-dik-yaka-fitilli-esnek-orme-body-twoaw23bd00030-p-285554298,Body
314,270858942,TRENDYOLMİLLA,Bordo Asimetrik Yaka Uzun Kollu Esnek Çıtçıtlı Örme Body TWOAW22BD0080,306.99,693,/trendyolmilla/bordo-asimetrik-yaka-uzun-kollu-esnek-citcitli-orme-body-twoaw22bd0080-p-270858942,Body
315,270858927,TRENDYOLMİLLA,Kahverengi Asimetrik Yaka Uzun Kollu Esnek Çıtçıtlı Örme Body TWOAW22BD0080,286.99,7970,/trendyolmilla/kahverengi-asimetrik-yaka-uzun-kollu-esnek-citcitli-orme-body-twoaw22bd0080-p-270858927,Body
316,270851076,TRENDYOLMİLLA,Kırmızı are Yaka Uzun Kollu Fitilli Esnek Çıtçıtlı Örme Body TWOAW21BD0022,306.99,211,/trendyolmilla/kirmizi-are-yaka-uzun-kollu-fitilli-esnek-citcitli-orme-body-twoaw21bd0022-p-270851076,Body
317,164726695,TRENDYOLMİLLA,Indigo Asimetrik Yaka Uzun Kollu Esnek Çıtçıtlı Örme Body TWOAW22BD0080,325.99,1073,/trendyolmilla/indigo-asimetrik-yaka-uzun-kollu-esnek-citcitli-orme-body-twoaw22bd0080-p-164726695,Body
318,164726690,TRENDYOLMİLLA,Ekru Asimetrik Yaka Uzun Kollu Esnek Çıtçıtlı Örme Body TWOAW22BD0080,299.99,2368,/trendyolmilla/ekru-asimetrik-yaka-uzun-kollu-esnek-citcitli-orme-body-twoaw22bd0080-p-164726690,Body
319,164688620,TRENDYOLMİLLA,Kahverengi Kare Yaka Uzun Kollu Fitilli Esnek Çıtçıtlı Örme Body TWOAW21BD0022,299.99,189,/trendyolmilla/kahverengi-kare-yaka-uzun-kollu-fitilli-esnek-citcitli-orme-body-twoaw21bd0022-p-164688620,Body
320,144904566,TRENDYOLMİLLA,Siyah Slim Çıtçıtlı Asimetrik Yaka Esnek Örme Body TWOAW22BD0178,291.99,1116,/trendyolmilla/siyah-slim-citcitli-asimetrik-yaka-esnek-orme-body-twoaw22bd0178-p-144904566,Body
321,140087045,TRENDYOLMİLLA,Siyah Örme Kruvaze V Yakalı Body TPRAW22BD0161,286.99,7649,/trendyolmilla/siyah-orme-kruvaze-v-yakali-body-tpraw22bd0161-p-140087045,Body
322,136131774,TRENDYOLMİLLA,Siyah Vatkalı Drape Detaylı Fitted/Vücuda Oturan Esnek Çıtçıtlı Örme Body TWOAW22BD0156,302.99,13189,/trendyolmilla/siyah-vatkali-drape-detayli-fitted-vucuda-oturan-esnek-citcitli-orme-body-twoaw22bd0156-p-136131774,Body
323,135206889,TRENDYOLMİLLA,Siyah Örme Pencere/Cut Out Detaylı Asimetrik Yakalı Body TPRAW22BD0118,89.99,2860,/trendyolmilla/siyah-orme-pencere-cut-out-detayli-asimetrik-yakali-body-tpraw22bd0118-p-135206889,Body
324,131153399,TRENDYOLMİLLA,Tarçın Asimetrik Yaka Uzun Kollu Esnek Çıtçıtlı Örme Body TWOAW22BD0080,292.99,4728,/trendyolmilla/tarcin-asimetrik-yaka-uzun-kollu-esnek-citcitli-orme-body-twoaw22bd0080-p-131153399,Body
325,129410602,TRENDYOLMİLLA,Bordo Dik Yaka Çıtçıtlı Örme Body TWOAW21BD0008,289.99,472,/trendyolmilla/bordo-dik-yaka-citcitli-orme-body-twoaw21bd0008-p-129410602,Body
326,127442108,TRENDYOLMİLLA,Siyah Kalp Yaka Uzun Kollu Fitilli Esnek Çıtçıtlı Örme Body TWOAW22BD0018,303.99,639,/trendyolmilla/siyah-kalp-yaka-uzun-kollu-fitilli-esnek-citcitli-orme-body-twoaw22bd0018-p-127442108,Body
327,125482946,TRENDYOLMİLLA,Kahverengi Slim Büzgü Detaylı Çıtçıtlı Esnek Örme Body TWOAW20BD0052,320.99,939,/trendyolmilla/kahverengi-slim-buzgu-detayli-citcitli-esnek-orme-body-twoaw20bd0052-p-125482946,Body
328,125482939,TRENDYOLMİLLA,Indigo Slim Büzgülü Çıtçıtlı Esnek Örme Body TWOAW20BD0052,303.99,1084,/trendyolmilla/indigo-slim-buzgulu-citcitli-esnek-orme-body-twoaw20bd0052-p-125482939,Body
329,73226809,TRENDYOLMİLLA,Siyah Anvelop Örme Çıtçıtlı Body TPRSS21BD0029,376.99,4749,/trendyolmilla/siyah-anvelop-orme-citcitli-body-tprss21bd0029-p-73226809,Body
330,51821502,TRENDYOLMİLLA,Siyah Slim Çıtçıtlı Carmen Yaka Fitilli Esnek Örme Body TWOAW21BD0053,287.99,1677,/trendyolmilla/siyah-slim-citcitli-carmen-yaka-fitilli-esnek-orme-body-twoaw21bd0053-p-51821502,Body
331,46272333,TRENDYOLMİLLA,Bej Dik Yaka Çıtçıtlı Örme Body TWOAW21BD0008,318.99,447,/trendyolmilla/bej-dik-yaka-citcitli-orme-body-twoaw21bd0008-p-46272333,Body
332,46272295,TRENDYOLMİLLA,Siyah Kare Yaka Uzun Kollu Fitilli Esnek Çıtçıtlı Örme Body TWOAW21BD0022,297.99,6476,/trendyolmilla/siyah-kare-yaka-uzun-kollu-fitilli-esnek-citcitli-orme-body-twoaw21bd0022-p-46272295,Body
333,44715904,TRENDYOLMİLLA,Siyah Renk Bloklu Animal Desenli Kruvaze Yaka Esnek Çıtçıtlı Örme Body TWOAW21BD0012,360.99,5712,/trendyolmilla/siyah-renk-bloklu-animal-desenli-kruvaze-yaka-esnek-citcitli-orme-body-twoaw21bd0012-p-44715904,Body
334,32386239,TRENDYOLMİLLA,Siyah Slim Büzgü Detaylı Çıtçıtlı Esnek Örme Body TWOAW20BD0052,354.99,1921,/trendyolmilla/siyah-slim-buzgu-detayli-citcitli-esnek-orme-body-twoaw20bd0052-p-32386239,Body
335,30583409,TRENDYOLMİLLA,Beyaz Slim Çıtçıtlı Dik Yaka Fitilli Esnek Örme Body TWOAW20BD0011,270.99,2383,/trendyolmilla/beyaz-slim-citcitli-dik-yaka-fitilli-esnek-orme-body-twoaw20bd0011-p-30583409,Body
336,30583359,TRENDYOLMİLLA,Siyah Slim Çıtçıtlı Dik Yaka Fitilli Esnek Örme Body TWOAW20BD0011,263.99,1478,/trendyolmilla/siyah-slim-citcitli-dik-yaka-fitilli-esnek-orme-body-twoaw20bd0011-p-30583359,Body
337,18362859,TRENDYOLMİLLA,Siyah Slim Çıtçıtlı Kruvaze Yaka Esnek Örme Body TWOAW20BD0035,325.99,2925,/trendyolmilla/siyah-slim-citcitli-kruvaze-yaka-esnek-orme-body-twoaw20bd0035-p-18362859,Body
338,4160213,TRENDYOLMİLLA,Bordo Saten Kruvaze Yaka Dokuma Body TOFAW19BB0678,419.99,877,/trendyolmilla/bordo-saten-kruvaze-yaka-dokuma-body-tofaw19bb0678-p-4160213,Body
339,831637681,TRENDYOLMİLLA,Antrasit Fitted/Vucuda Oturan Kayık Yaka Biye Detaylı Esnek Örme Body TWOAW25BD00002,293.99,0,/trendyolmilla/antrasit-fitted-vucuda-oturan-kayik-yaka-biye-detayli-esnek-orme-body-twoaw25bd00002-p-831637681,Body
