,ID,MARKA,URUN_NAME,FIYAT,RATE_COUNT,URUN_LINK,KATEGORI
0,782370858,TRENDYOLMİLLA,Siyah Crop Premium / Özel İplik Yelek Görünümlü Triko TWOSS24SV00005,363.99,41,/trendyolmilla/siyah-crop-premium-ozel-iplik-yelek-gorunumlu-triko-twoss24sv00005-p-782370858,Süveter
1,775935365,TRENDYOLMİLLA,Vizon Crop Triko Süveter,44.99,11,/trendyolmilla/vizon-crop-triko-suveter-p-775935365,Süveter
2,126873918,TRENDYOLMİLLA,Taş Crop Triko Süveter TWOAW22SV0058,289.99,3475,/trendyolmilla/tas-crop-triko-suveter-twoaw22sv0058-p-126873918,Süveter
3,782563470,TRENDYOLMİLLA,Ekru Agraf Detaylı Triko Süveter TWOSS24SV00003,48.99,12,/trendyolmilla/ekru-agraf-detayli-triko-suveter-twoss24sv00003-p-782563470,Süveter
4,235904938,TRENDYOLMİLLA,Bej Fermuarlı Çizgili Triko Süveter TWOAW23SV0007,298.99,3187,/trendyolmilla/bej-fermuarli-cizgili-triko-suveter-twoaw23sv0007-p-235904938,Süveter
5,782208755,TRENDYOLMİLLA,Siyah Crop Premium İplik/Özel İplik Yelek Görünümlü Triko Süveter TWOSS24SV00004,148.99,10,/trendyolmilla/siyah-crop-premium-iplik-ozel-iplik-yelek-gorunumlu-triko-suveter-twoss24sv00004-p-782208755,Süveter
6,122570196,TRENDYOLMİLLA,Lila Crop V Yaka Triko Süveter TWOAW22BZ0047,295.99,478,/trendyolmilla/lila-crop-v-yaka-triko-suveter-twoaw22bz0047-p-122570196,Süveter
7,122573206,TRENDYOLMİLLA,Taş V Yaka Çiçek Desenli Triko Süveter TWOAW22BZ0024,264.99,1104,/trendyolmilla/tas-v-yaka-cicek-desenli-triko-suveter-twoaw22bz0024-p-122573206,Süveter
8,235904935,TRENDYOLMİLLA,Antrasit Fermuarlı Çizgili Triko Süveter TWOAW23SV0007,317.99,1684,/trendyolmilla/antrasit-fermuarli-cizgili-triko-suveter-twoaw23sv0007-p-235904935,Süveter
9,654147147,TRENDYOLMİLLA,Taş Crop Bisiklet Yaka Triko Süveter TWOAW24SV00005,238.99,722,/trendyolmilla/tas-crop-bisiklet-yaka-triko-suveter-twoaw24sv00005-p-654147147,Süveter
10,641209221,TRENDYOLMİLLA,Pembe Crop V Yaka Triko Süveter TWOAW22BZ0060,247.99,399,/trendyolmilla/pembe-crop-v-yaka-triko-suveter-twoaw22bz0060-p-641209221,Süveter
11,782379610,TRENDYOLMİLLA,Taş Crop Ajurlu/Delikli Triko Süveter TWOSS24SV00008,112.99,14,/trendyolmilla/tas-crop-ajurlu-delikli-triko-suveter-twoss24sv00008-p-782379610,Süveter
12,134247835,TRENDYOLMİLLA,Lacivert Crop V Yaka Triko Süveter TWOAW22BZ0047,265.99,1307,/trendyolmilla/lacivert-crop-v-yaka-triko-suveter-twoaw22bz0047-p-134247835,Süveter
13,235413616,TRENDYOLMİLLA,Taş Nakış Detaylı Triko Süveter TWOAW23SV00025,327.99,724,/trendyolmilla/tas-nakis-detayli-triko-suveter-twoaw23sv00025-p-235413616,Süveter
14,775935366,TRENDYOLMİLLA,Siyah Crop Triko Süveter,59.99,18,/trendyolmilla/siyah-crop-triko-suveter-p-775935366,Süveter
15,126873916,TRENDYOLMİLLA,Antrasit Crop Triko Süveter TWOAW22SV0058,294.99,600,/trendyolmilla/antrasit-crop-triko-suveter-twoaw22sv0058-p-126873916,Süveter
16,129480831,TRENDYOL MODEST,Kırmızı Çizgili V Yaka Triko Süveter TCTAW22UV0021,350.99,684,/trendyol-modest/kirmizi-cizgili-v-yaka-triko-suveter-tctaw22uv0021-p-129480831,Süveter
17,98139570,TRENDYOLMİLLA,Taba Yumuşak Dokulu Triko Süveter TWOAW22BZ0033,296.99,1650,/trendyolmilla/taba-yumusak-dokulu-triko-suveter-twoaw22bz0033-p-98139570,Süveter
18,251824938,TRENDYOLMİLLA,Siyah Crop Triko Süveter TWOAW22SV0058,294.99,1438,/trendyolmilla/siyah-crop-triko-suveter-twoaw22sv0058-p-251824938,Süveter
19,50114571,TRENDYOLMİLLA,Siyah Crop V Yaka Triko Süveter TWOAW21BZ0135,230.99,1617,/trendyolmilla/siyah-crop-v-yaka-triko-suveter-twoaw21bz0135-p-50114571,Süveter
20,123028925,TRENDYOLMİLLA,Lila V Yaka Geometrik Desenli Triko Süveter TWOAW22BZ0051,277.99,1581,/trendyolmilla/lila-v-yaka-geometrik-desenli-triko-suveter-twoaw22bz0051-p-123028925,Süveter
21,259304297,TRENDYOL MODEST,Kahverengi Fermuarlı Yaka Yanları Bağlama Detaylı Triko Süveter TCTAW22UV0009,398.99,756,/trendyol-modest/kahverengi-fermuarli-yaka-yanlari-baglama-detayli-triko-suveter-tctaw22uv0009-p-259304297,Süveter
22,132349407,TRENDYOL MODEST,Gri Yakası Şerit Detaylı Triko Süveter TCTAW22UV0002,360.99,834,/trendyol-modest/gri-yakasi-serit-detayli-triko-suveter-tctaw22uv0002-p-132349407,Süveter
23,53777626,TRENDYOLMİLLA,Camel Kendinden Desenli Bisiklet Yaka Triko Süveter TWOAW21BZ0447,313.99,610,/trendyolmilla/camel-kendinden-desenli-bisiklet-yaka-triko-suveter-twoaw21bz0447-p-53777626,Süveter
48,40983071,TRENDYOLMİLLA,Camel Oversize Yaka Detaylı Triko Süveter,288.99,834,/trendyolmilla/camel-oversize-yaka-detayli-triko-suveter-p-40983071,Süveter
49,823702640,TRENDYOL MODEST,Haki Yandan Bağlama Aksesuar Detaylı Selanik Örgü Triko Süveter TCTAW25UV00008,449.99,0,/trendyol-modest/haki-yandan-baglama-aksesuar-detayli-selanik-orgu-triko-suveter-tctaw25uv00008-p-823702640,Süveter
50,816999613,TRENDYOL MODEST,Taş Aplike Çiçek Detaylı Ajurlu/Delikli Triko Süveter TCTAW25UV00001,449.99,0,/trendyol-modest/tas-aplike-cicek-detayli-ajurlu-delikli-triko-suveter-tctaw25uv00001-p-816999613,Süveter
51,814797681,TRENDYOL MODEST,Bej Fırfır Detaylı Triko Süveter TCTAW25UV00000,584.99,0,/trendyol-modest/bej-firfir-detayli-triko-suveter-tctaw25uv00000-p-814797681,Süveter
52,121938612,TRENDYOLMİLLA,Taş Geniş Kalıp Yünlü Kemerli Triko Süveter TWOAW22BZ0031,387.99,724,/trendyolmilla/tas-genis-kalip-yunlu-kemerli-triko-suveter-twoaw22bz0031-p-121938612,Süveter
53,115463137,TRENDYOLMİLLA,Gri Geniş Kalıp Yumuşak Dokulu Renk Bloklu Triko Süveter TWOAW21BZ0014,303.99,699,/trendyolmilla/gri-genis-kalip-yumusak-dokulu-renk-bloklu-triko-suveter-twoaw21bz0014-p-115463137,Süveter
54,115463138,TRENDYOLMİLLA,Mint Geniş Kalıp Yumuşak Dokulu Renk Bloklu Triko Süveter TWOAW21BZ0014,299.99,728,/trendyolmilla/mint-genis-kalip-yumusak-dokulu-renk-bloklu-triko-suveter-twoaw21bz0014-p-115463138,Süveter
55,259954818,TRENDYOL MODEST,Bej Çizgili V Yaka Triko Süveter TCTAW22UV0021,341.99,508,/trendyol-modest/bej-cizgili-v-yaka-triko-suveter-tctaw22uv0021-p-259954818,Süveter
56,668989945,TRENDYOL MODEST,Taş Renk Bloklu V Yaka Selanik Triko Süveter TCTAW24UV00000,409.99,47,/trendyol-modest/tas-renk-bloklu-v-yaka-selanik-triko-suveter-tctaw24uv00000-p-668989945,Süveter
57,669031710,TRENDYOL MODEST,Siyah Yanı Bağlama Detaylı Polo Yaka Triko Süveter TCTAW24UV00028,399.99,38,/trendyol-modest/siyah-yani-baglama-detayli-polo-yaka-triko-suveter-tctaw24uv00028-p-669031710,Süveter
58,649136078,TRENDYOL MODEST,Vizon Fermuarlı Yaka Yanları Bağlama Detaylı Triko Süveter TCTAW22UV0009,399.99,52,/trendyol-modest/vizon-fermuarli-yaka-yanlari-baglama-detayli-triko-suveter-tctaw22uv0009-p-649136078,Süveter
59,650301061,TRENDYOL MODEST,Camel Çizgili V Yaka Triko Süveter TCTAW22UV0021,379.99,41,/trendyol-modest/camel-cizgili-v-yaka-triko-suveter-tctaw22uv0021-p-650301061,Süveter
60,650077105,TRENDYOL MODEST,Taş Beli Bağlamalı Saç Örgülü Triko Süveter TCTAW22UV0018,331.99,61,/trendyol-modest/tas-beli-baglamali-sac-orgulu-triko-suveter-tctaw22uv0018-p-650077105,Süveter
61,354475593,TRENDYOL MODEST,Vizon Beli Bağlamalı Saç Örgülü Triko Süveter TCTAW22UV0018,331.99,171,/trendyol-modest/vizon-beli-baglamali-sac-orgulu-triko-suveter-tctaw22uv0018-p-354475593,Süveter
62,649118598,TRENDYOL MODEST,Gül Kurusu Beli Bağlamalı Saç Örgülü Triko Süveter TCTAW22UV0018,329.99,81,/trendyol-modest/gul-kurusu-beli-baglamali-sac-orgulu-triko-suveter-tctaw22uv0018-p-649118598,Süveter
63,247591644,TRENDYOL MODEST,Kahverengi Yanları Yırtmaç Detaylı Triko Süveter TCTAW23SV00010,359.99,340,/trendyol-modest/kahverengi-yanlari-yirtmac-detayli-triko-suveter-tctaw23sv00010-p-247591644,Süveter
64,8384148,TRENDYOLMİLLA,Gri Aksesuarlı Triko Süveter TWOAW20FV0117,362.99,317,/trendyolmilla/gri-aksesuarli-triko-suveter-twoaw20fv0117-p-8384148,Süveter
65,817474560,TRENDYOLMİLLA,Turuncu Crop Premium / Özel İplik Yelek Görünümlü Triko TWOSS24SV00005,523.99,11,/trendyolmilla/turuncu-crop-premium-ozel-iplik-yelek-gorunumlu-triko-twoss24sv00005-p-817474560,Süveter
66,53777627,TRENDYOLMİLLA,Siyah Kendinden Desenli Bisiklet Yaka Triko Süveter TWOAW21BZ0447,268.99,475,/trendyolmilla/siyah-kendinden-desenli-bisiklet-yaka-triko-suveter-twoaw21bz0447-p-53777627,Süveter
67,764552517,TRENDYOL MODEST,Siyah Denizci Yaka Çizgili Triko Süveter TCTAW24UV00034,179.99,18,/trendyol-modest/siyah-denizci-yaka-cizgili-triko-suveter-tctaw24uv00034-p-764552517,Süveter
68,763786502,TRENDYOL MODEST,Koyu Kahverengi Düğme Detaylı Triko Süveter Elbise TCTAW24UV00038,458.99,32,/trendyol-modest/koyu-kahverengi-dugme-detayli-triko-suveter-elbise-tctaw24uv00038-p-763786502,Süveter
69,827756401,TRENDYOLMİLLA,Pembe Nakışlı Meyve Desenli Triko Süveter TWOAW25SV00021,371.99,0,/trendyolmilla/pembe-nakisli-meyve-desenli-triko-suveter-twoaw25sv00021-p-827756401,Süveter
70,123028931,TRENDYOLMİLLA,Lacivert V Yaka Geometrik Desenli Triko Süveter TWOAW22BZ0051,288.99,558,/trendyolmilla/lacivert-v-yaka-geometrik-desenli-triko-suveter-twoaw22bz0051-p-123028931,Süveter
71,108738545,TRENDYOLMİLLA,V Yaka Mint Rayon Süveter,261.99,1601,/trendyolmilla/v-yaka-mint-rayon-suveter-p-108738545,Süveter
72,134352256,TRENDYOLMİLLA,Siyah Crop V Yaka Triko Süveter TWOAW22BZ0049,234.99,583,/trendyolmilla/siyah-crop-v-yaka-triko-suveter-twoaw22bz0049-p-134352256,Süveter
73,122570179,TRENDYOLMİLLA,Taş Crop V Yaka Triko Süveter TWOAW22BZ0060,254.99,761,/trendyolmilla/tas-crop-v-yaka-triko-suveter-twoaw22bz0060-p-122570179,Süveter
74,812391220,TRENDYOLMİLLA,Kiremit Crop Triko Süveter TWOAW25SV00003,247.99,0,/trendyolmilla/kiremit-crop-triko-suveter-twoaw25sv00003-p-812391220,Süveter
75,354475592,TRENDYOL MODEST,Siyah Beli Bağlamalı Saç Örgülü Triko Süveter TCTAW22UV0018,359.99,378,/trendyol-modest/siyah-beli-baglamali-sac-orgulu-triko-suveter-tctaw22uv0018-p-354475592,Süveter
76,366386704,TRENDYOL MODEST,Koyu Kahverengi Beli Bağlamalı Saç Örgülü Triko Süveter TCTAW22UV0018,339.99,375,/trendyol-modest/koyu-kahverengi-beli-baglamali-sac-orgulu-triko-suveter-tctaw22uv0018-p-366386704,Süveter
77,258478956,TRENDYOL MODEST,Kahverengi Beli Bağlamalı Saç Örgülü Triko Süveter TCTAW22UV0018,329.99,777,/trendyol-modest/kahverengi-beli-baglamali-sac-orgulu-triko-suveter-tctaw22uv0018-p-258478956,Süveter
78,815335404,TRENDYOL MODEST,Bej Yumuşak Dokulu Zebra Desenli Triko Süveter TCTAW25UV00004,494.99,0,/trendyol-modest/bej-yumusak-dokulu-zebra-desenli-triko-suveter-tctaw25uv00004-p-815335404,Süveter
79,712853221,TRENDYOL MODEST,Siyah V Yaka Çizgili Triko Süveter Elbise TCTAW24UV00039,379.99,41,/trendyol-modest/siyah-v-yaka-cizgili-triko-suveter-elbise-tctaw24uv00039-p-712853221,Süveter
80,814880112,TRENDYOLMİLLA,Gri V Yaka Yandan Yırtmaçlı Triko Süveter TWOAW25SV00010,307.99,0,/trendyolmilla/gri-v-yaka-yandan-yirtmacli-triko-suveter-twoaw25sv00010-p-814880112,Süveter
81,814880109,TRENDYOLMİLLA,Vizon V Yaka Yandan Yırtmaçlı Triko Süveter TWOAW25SV00010,307.99,0,/trendyolmilla/vizon-v-yaka-yandan-yirtmacli-triko-suveter-twoaw25sv00010-p-814880109,Süveter
82,247591645,TRENDYOL MODEST,Vizon Yanları Yırtmaç Detaylı Triko Süveter TCTAW23SV00010,339.99,239,/trendyol-modest/vizon-yanlari-yirtmac-detayli-triko-suveter-tctaw23sv00010-p-247591645,Süveter
83,364426043,TRENDYOL MODEST,Antrasit Beli Bağlamalı Saç Örgülü Triko Süveter TCTAW22UV0018,329.99,155,/trendyol-modest/antrasit-beli-baglamali-sac-orgulu-triko-suveter-tctaw22uv0018-p-364426043,Süveter
84,108711529,TRENDYOLMİLLA,Lacivert V Yaka Triko Süveter TWOAW22BZ0048,273.99,2009,/trendyolmilla/lacivert-v-yaka-triko-suveter-twoaw22bz0048-p-108711529,Süveter
85,765383662,TRENDYOL MODEST,Siyah Düğme Detaylı Triko Süveter Elbise TCTAW24UV00038,458.99,46,/trendyol-modest/siyah-dugme-detayli-triko-suveter-elbise-tctaw24uv00038-p-765383662,Süveter
86,259954815,TRENDYOL MODEST,Kahverengi Çizgili V Yaka Triko Süveter TCTAW22UV0021,329.99,506,/trendyol-modest/kahverengi-cizgili-v-yaka-triko-suveter-tctaw22uv0021-p-259954815,Süveter
87,652789823,TRENDYOL MODEST,Siyah Yakası Şerit Detaylı Triko Süveter TCTAW22UV0002,379.99,137,/trendyol-modest/siyah-yakasi-serit-detayli-triko-suveter-tctaw22uv0002-p-652789823,Süveter
88,40983072,TRENDYOLMİLLA,Antrasit Geniş Kalıp Yumuşak Dokulu Renk Bloklu Triko Süveter TWOAW21BZ0014,285.99,1230,/trendyolmilla/antrasit-genis-kalip-yumusak-dokulu-renk-bloklu-triko-suveter-twoaw21bz0014-p-40983072,Süveter
89,108711537,TRENDYOLMİLLA,Pembe V Yaka Triko Süveter TWOAW22BZ0048,279.99,1258,/trendyolmilla/pembe-v-yaka-triko-suveter-twoaw22bz0048-p-108711537,Süveter
90,817695721,TRENDYOL MODEST,Gri Ajurlu/Delikli Triko Süveter TCTAW25UV00003,359.99,0,/trendyol-modest/gri-ajurlu-delikli-triko-suveter-tctaw25uv00003-p-817695721,Süveter
91,816983283,TRENDYOL MODEST,Bej Aksesuar Düğmeli Triko Süveter/Yelek TCTAW25UV00005,584.99,0,/trendyol-modest/bej-aksesuar-dugmeli-triko-suveter-yelek-tctaw25uv00005-p-816983283,Süveter
92,672362996,TRENDYOL MODEST,Koyu Kahverengi Kuşaklı Uzun Triko Süveter Elbise TCTAW24UV00020,369.99,72,/trendyol-modest/koyu-kahverengi-kusakli-uzun-triko-suveter-elbise-tctaw24uv00020-p-672362996,Süveter
93,815335173,TRENDYOL MODEST,Siyah Buklet İplik Yumuşak Triko Süveter Yelek TCTAW25UV00006,584.99,0,/trendyol-modest/siyah-buklet-iplik-yumusak-triko-suveter-yelek-tctaw25uv00006-p-815335173,Süveter
94,810294588,TRENDYOLMİLLA,Indigo Süper Crop Yanı Bant Detaylı Triko Süveter TWOAW20BZ0929,279.99,0,/trendyolmilla/indigo-super-crop-yani-bant-detayli-triko-suveter-twoaw20bz0929-p-810294588,Süveter
95,676390323,TRENDYOL MODEST,Bej Bağlama Detaylı V Yaka Triko Süveter TCTAW24UV00014,303.99,88,/trendyol-modest/bej-baglama-detayli-v-yaka-triko-suveter-tctaw24uv00014-p-676390323,Süveter
96,810299562,TRENDYOLMİLLA,Lila Crop Bisiklet Yaka Triko Süveter TWOAW24SV00005,240.99,0,/trendyolmilla/lila-crop-bisiklet-yaka-triko-suveter-twoaw24sv00005-p-810299562,Süveter
97,122570197,TRENDYOLMİLLA,Petrol Crop V Yaka Triko Süveter TWOAW22BZ0047,269.99,641,/trendyolmilla/petrol-crop-v-yaka-triko-suveter-twoaw22bz0047-p-122570197,Süveter
98,811868019,TRENDYOLMİLLA,Turuncu Örgü Detaylı Triko Süveter TWOAW25SV00009,218.99,0,/trendyolmilla/turuncu-orgu-detayli-triko-suveter-twoaw25sv00009-p-811868019,Süveter
99,812332433,TRENDYOLMİLLA,Taş Care Collection Crop Bisiklet Yaka Triko Süveter TWOAW25SV00004,343.99,0,/trendyolmilla/tas-care-collection-crop-bisiklet-yaka-triko-suveter-twoaw25sv00004-p-812332433,Süveter
100,45999491,TRENDYOLMİLLA,Taş Kendinden Desenli Bisiklet Yaka Triko Süveter TWOAW21BZ0447,324.99,4735,/trendyolmilla/tas-kendinden-desenli-bisiklet-yaka-triko-suveter-twoaw21bz0447-p-45999491,Süveter
101,131439800,TRENDYOL MODEST,Siyah Fermuarlı Yaka Yanları Bağlama Detaylı Triko Süveter TCTAW22UV0009,419.99,586,/trendyol-modest/siyah-fermuarli-yaka-yanlari-baglama-detayli-triko-suveter-tctaw22uv0009-p-131439800,Süveter
102,235907788,TRENDYOLMİLLA,Taş Crop Fermuarlı Basic Triko Süveter TWOAW23HI0015,304.99,469,/trendyolmilla/tas-crop-fermuarli-basic-triko-suveter-twoaw23hi0015-p-235907788,Süveter
103,311804834,TRENDYOL MODEST,Açık Yeşil Çiçekli Triko Süveter TCTAW23SV00020,409.99,238,/trendyol-modest/acik-yesil-cicekli-triko-suveter-tctaw23sv00020-p-311804834,Süveter
104,676450381,TRENDYOL MODEST,Ekru Denizci Yaka Çizgili Triko Süveter TCTAW24UV00034,369.99,114,/trendyol-modest/ekru-denizci-yaka-cizgili-triko-suveter-tctaw24uv00034-p-676450381,Süveter
105,738531819,TRENDYOLMİLLA,Gri Premium İplik / Özel İplik V Yaka Triko Süveter TWOAW24SV00049,411.99,92,/trendyolmilla/gri-premium-iplik-ozel-iplik-v-yaka-triko-suveter-twoaw24sv00049-p-738531819,Süveter
106,679421639,TRENDYOL MODEST,Vizon Örgü Desenli V Yaka Süveter TCTAW24UV00037,129.99,41,/trendyol-modest/vizon-orgu-desenli-v-yaka-suveter-tctaw24uv00037-p-679421639,Süveter
107,811168065,TRENDYOLMİLLA,Petrol Crop V Yaka Triko Süveter TWOAW22BZ0060,250.99,0,/trendyolmilla/petrol-crop-v-yaka-triko-suveter-twoaw22bz0060-p-811168065,Süveter
108,663893296,TRENDYOL MODEST,Siyah V Yaka Yırtmaçlı Triko Selanik Süveter TCTAW24UV00003,189.99,56,/trendyol-modest/siyah-v-yaka-yirtmacli-triko-selanik-suveter-tctaw24uv00003-p-663893296,Süveter
109,645557312,TRENDYOLMİLLA,Vizon Geniş Kalıp Yünlü Kemerli Triko Süveter TWOAW22BZ0031,382.99,25,/trendyolmilla/vizon-genis-kalip-yunlu-kemerli-triko-suveter-twoaw22bz0031-p-645557312,Süveter
110,401196361,TRENDYOLMİLLA,Bej Crop Yumuşak Dokulu Renk Bloklu Triko Süveter TWOAW23SV00149,318.99,55,/trendyolmilla/bej-crop-yumusak-dokulu-renk-bloklu-triko-suveter-twoaw23sv00149-p-401196361,Süveter
111,811454299,TRENDYOLMİLLA,Taş Devrik Yaka Çizgili Triko Süveter TWOAW24SV00041,340.99,1,/trendyolmilla/tas-devrik-yaka-cizgili-triko-suveter-twoaw24sv00041-p-811454299,Süveter
112,811150407,TRENDYOLMİLLA,Gri Balıkçı Yaka Yumuşak Dokulu Düğme Detaylı,321.99,0,/trendyolmilla/gri-balikci-yaka-yumusak-dokulu-dugme-detayli-p-811150407,Süveter
113,811150406,TRENDYOLMİLLA,Taş Balıkçı Yaka Yumuşak Dokulu Düğme Detaylı,321.99,0,/trendyolmilla/tas-balikci-yaka-yumusak-dokulu-dugme-detayli-p-811150406,Süveter
114,641806070,TRENDYOLMİLLA,Antrasit Kendinden Desenli Bisiklet Yaka Triko Süveter TWOAW21BZ0447,320.99,21,/trendyolmilla/antrasit-kendinden-desenli-bisiklet-yaka-triko-suveter-twoaw21bz0447-p-641806070,Süveter
115,810299702,TRENDYOLMİLLA,Lacivert Kendinden Desenli Bisiklet Yaka Triko Süveter TWOAW21BZ0447,320.99,0,/trendyolmilla/lacivert-kendinden-desenli-bisiklet-yaka-triko-suveter-twoaw21bz0447-p-810299702,Süveter
116,811082189,TRENDYOLMİLLA,Lacivert Crop Yumuşak Dokulu Renk Bloklu Triko Süveter TWOAW23SV00149,309.99,0,/trendyolmilla/lacivert-crop-yumusak-dokulu-renk-bloklu-triko-suveter-twoaw23sv00149-p-811082189,Süveter
117,640550191,TRENDYOLMİLLA,Vizon Kemerli Triko Süveter TWOAW22BZ0008,292.99,34,/trendyolmilla/vizon-kemerli-triko-suveter-twoaw22bz0008-p-640550191,Süveter
118,814542129,TRENDYOLMİLLA,Kiremit V Yaka Çiçek Desenli Triko Süveter TWOAW22BZ0024,258.99,0,/trendyolmilla/kiremit-v-yaka-cicek-desenli-triko-suveter-twoaw22bz0024-p-814542129,Süveter
119,641213841,TRENDYOLMİLLA,Kahverengi Crop V Yaka Triko Süveter TWOAW22BZ0049,240.99,41,/trendyolmilla/kahverengi-crop-v-yaka-triko-suveter-twoaw22bz0049-p-641213841,Süveter
120,812699137,TRENDYOLMİLLA,Antrasit Bisiklet Yaka Triko Süveter TWOAW25SV00005,480.99,0,/trendyolmilla/antrasit-bisiklet-yaka-triko-suveter-twoaw25sv00005-p-812699137,Süveter
121,828565691,TRENDYOLMİLLA,Ekru Çizgili Bisiklet Yaka Triko Süveter TWOAW25SV00027,359.99,0,/trendyolmilla/ekru-cizgili-bisiklet-yaka-triko-suveter-twoaw25sv00027-p-828565691,Süveter
122,828565687,TRENDYOLMİLLA,Lacivert Çizgili Bisiklet Yaka Triko Süveter TWOAW25SV00027,359.99,0,/trendyolmilla/lacivert-cizgili-bisiklet-yaka-triko-suveter-twoaw25sv00027-p-828565687,Süveter
123,249174025,TRENDYOLMİLLA,Kırmızı Yandan Bağlama Detaylı Yaka Düğmeli Triko Süveter TWOAW23SV00086,402.99,160,/trendyolmilla/kirmizi-yandan-baglama-detayli-yaka-dugmeli-triko-suveter-twoaw23sv00086-p-249174025,Süveter
124,812332435,TRENDYOLMİLLA,Lacivert Care Collection Crop Bisiklet Yaka Triko Süveter TWOAW25SV00004,343.99,0,/trendyolmilla/lacivert-care-collection-crop-bisiklet-yaka-triko-suveter-twoaw25sv00004-p-812332435,Süveter
125,816696764,TRENDYOLMİLLA,Taş Yandan İşlevsel Düğmeli Triko Süveter TWOAW25SV00015,331.99,0,/trendyolmilla/tas-yandan-islevsel-dugmeli-triko-suveter-twoaw25sv00015-p-816696764,Süveter
126,818234493,TRENDYOLMİLLA,Petrol V Yaka Geometrik Desenli Triko Süveter TWOAW22BZ0051,282.99,0,/trendyolmilla/petrol-v-yaka-geometrik-desenli-triko-suveter-twoaw22bz0051-p-818234493,Süveter
127,817695730,TRENDYOL MODEST,Bej Ajurlu/Delikli Triko Süveter TCTAW25UV00003,359.99,0,/trendyol-modest/bej-ajurlu-delikli-triko-suveter-tctaw25uv00003-p-817695730,Süveter
128,814859692,TRENDYOLMİLLA,Antrasit Dik Yaka Triko Süveter TWOAW25SV00011,334.99,1,/trendyolmilla/antrasit-dik-yaka-triko-suveter-twoaw25sv00011-p-814859692,Süveter
129,816974549,TRENDYOL MODEST,Taş Saç Örgülü Triko Yelek/Süveter TCTAW25UV00002,584.99,0,/trendyol-modest/tas-sac-orgulu-triko-yelek-suveter-tctaw25uv00002-p-816974549,Süveter
130,654145129,TRENDYOLMİLLA,Siyah Crop Dik Yaka Triko Triko Süveter TWOAW24SV00003,61.99,53,/trendyolmilla/siyah-crop-dik-yaka-triko-triko-suveter-twoaw24sv00003-p-654145129,Süveter
131,138662816,TRENDYOLMİLLA,Camel V Yaka Geometrik Desenli Triko Süveter TWOAW22BZ0051,288.99,301,/trendyolmilla/camel-v-yaka-geometrik-desenli-triko-suveter-twoaw22bz0051-p-138662816,Süveter
132,251824933,TRENDYOLMİLLA,Camel Crop Triko Süveter TWOAW22SV0058,297.99,414,/trendyolmilla/camel-crop-triko-suveter-twoaw22sv0058-p-251824933,Süveter
133,814859694,TRENDYOLMİLLA,Indigo Dik Yaka Triko Süveter TWOAW25SV00011,334.99,0,/trendyolmilla/indigo-dik-yaka-triko-suveter-twoaw25sv00011-p-814859694,Süveter
134,816696768,TRENDYOLMİLLA,Gri Yandan İşlevsel Düğmeli Triko Süveter TWOAW25SV00015,331.99,0,/trendyolmilla/gri-yandan-islevsel-dugmeli-triko-suveter-twoaw25sv00015-p-816696768,Süveter
135,811867942,TRENDYOLMİLLA,Taş Örgü Detaylı Triko Süveter TWOAW25SV00009,218.99,0,/trendyolmilla/tas-orgu-detayli-triko-suveter-twoaw25sv00009-p-811867942,Süveter
136,811867831,TRENDYOLMİLLA,Lacivert Örgü Detaylı Triko Süveter TWOAW25SV00009,218.99,0,/trendyolmilla/lacivert-orgu-detayli-triko-suveter-twoaw25sv00009-p-811867831,Süveter
137,810299560,TRENDYOLMİLLA,Antrasit Crop Bisiklet Yaka Triko Süveter TWOAW24SV00005,243.99,0,/trendyolmilla/antrasit-crop-bisiklet-yaka-triko-suveter-twoaw24sv00005-p-810299560,Süveter
138,648390396,TRENDYOLMİLLA,Antrasit Nakış Detaylı Triko Süveter TWOAW23SV00025,321.99,25,/trendyolmilla/antrasit-nakis-detayli-triko-suveter-twoaw23sv00025-p-648390396,Süveter
139,811449308,TRENDYOLMİLLA,Pembe Crop Triko Süveter TWOAW22SV0058,296.99,0,/trendyolmilla/pembe-crop-triko-suveter-twoaw22sv0058-p-811449308,Süveter
140,647372240,TRENDYOLMİLLA,Saks Crop Triko Süveter TWOAW22SV0058,294.99,56,/trendyolmilla/saks-crop-triko-suveter-twoaw22sv0058-p-647372240,Süveter
141,646575887,TRENDYOLMİLLA,Siyah V Yaka Çiçek Desenli Triko Süveter TWOAW22BZ0024,266.99,35,/trendyolmilla/siyah-v-yaka-cicek-desenli-triko-suveter-twoaw22bz0024-p-646575887,Süveter
142,641195799,TRENDYOLMİLLA,Indigo Crop V Yaka Triko Süveter TWOAW21BZ0135,254.99,60,/trendyolmilla/indigo-crop-v-yaka-triko-suveter-twoaw21bz0135-p-641195799,Süveter
143,810241150,TRENDYOLMİLLA,Siyah Fermuarlı Çizgili Triko Süveter TWOAW23SV0007,318.99,0,/trendyolmilla/siyah-fermuarli-cizgili-triko-suveter-twoaw23sv0007-p-810241150,Süveter
144,810593620,TRENDYOLMİLLA,Siyah Geniş Kalıp Yumuşak Dokulu Renk Bloklu Triko Süveter TWOAW21BZ0014,300.99,0,/trendyolmilla/siyah-genis-kalip-yumusak-dokulu-renk-bloklu-triko-suveter-twoaw21bz0014-p-810593620,Süveter
145,811168513,TRENDYOLMİLLA,Antrasit Crop V Yaka Triko Süveter TWOAW22BZ0047,277.99,0,/trendyolmilla/antrasit-crop-v-yaka-triko-suveter-twoaw22bz0047-p-811168513,Süveter
146,811167918,TRENDYOLMİLLA,Antrasit Crop V Yaka Triko Süveter TWOAW21BZ0135,249.99,0,/trendyolmilla/antrasit-crop-v-yaka-triko-suveter-twoaw21bz0135-p-811167918,Süveter
147,716519609,TRENDYOLMİLLA,Lacivert Devrik Yaka Çizgili Triko Süveter TWOAW24SV00041,332.99,40,/trendyolmilla/lacivert-devrik-yaka-cizgili-triko-suveter-twoaw24sv00041-p-716519609,Süveter
148,811168671,TRENDYOLMİLLA,Lacivert Crop V Yaka Triko Süveter TWOAW22BZ0049,233.99,0,/trendyolmilla/lacivert-crop-v-yaka-triko-suveter-twoaw22bz0049-p-811168671,Süveter
149,647372242,TRENDYOLMİLLA,Kiremit Crop Triko Süveter TWOAW22SV0058,306.99,57,/trendyolmilla/kiremit-crop-triko-suveter-twoaw22sv0058-p-647372242,Süveter
150,42837227,TRENDYOLMİLLA,Taş Crop V Yaka Triko SüveterTWOAW21BZ0135,254.99,1599,/trendyolmilla/tas-crop-v-yaka-triko-suvetertwoaw21bz0135-p-42837227,Süveter
151,815571969,TRENDYOLMİLLA,Taş Düğmeli Triko Süveter TWOAW25SV00013,354.99,0,/trendyolmilla/tas-dugmeli-triko-suveter-twoaw25sv00013-p-815571969,Süveter
152,815571373,TRENDYOLMİLLA,Vizon Balıkçı Yaka Triko Süveter TWOAW25SV00014,386.99,2,/trendyolmilla/vizon-balikci-yaka-triko-suveter-twoaw25sv00014-p-815571373,Süveter
153,646274480,TRENDYOLMİLLA,Taş V Yaka Geometrik Desenli Triko Süveter TWOAW22BZ0051,280.99,27,/trendyolmilla/tas-v-yaka-geometrik-desenli-triko-suveter-twoaw22bz0051-p-646274480,Süveter
154,266822216,TRENDYOLMİLLA,Haki Crop Yumuşak Dokulu Renk Bloklu Triko Süveter TWOAW23SV00149,318.99,127,/trendyolmilla/haki-crop-yumusak-dokulu-renk-bloklu-triko-suveter-twoaw23sv00149-p-266822216,Süveter
155,32225681,TRENDYOLMİLLA,Siyah Süper Crop Yanı Bant Detaylı Triko Süveter TWOAW20BZ0929,271.99,1954,/trendyolmilla/siyah-super-crop-yani-bant-detayli-triko-suveter-twoaw20bz0929-p-32225681,Süveter
156,249174015,TRENDYOLMİLLA,Siyah Yandan Bağlama Detaylı Yaka Düğmeli Triko Süveter TWOAW23SV00086,408.99,334,/trendyolmilla/siyah-yandan-baglama-detayli-yaka-dugmeli-triko-suveter-twoaw23sv00086-p-249174015,Süveter
157,242432241,TRENDYOLMİLLA,Pembe Yumuşak Dokulu Triko Süveter TWOAW22BZ0033,295.99,132,/trendyolmilla/pembe-yumusak-dokulu-triko-suveter-twoaw22bz0033-p-242432241,Süveter
158,810594057,TRENDYOLMİLLA,Camel Premium İplik / Özel İplik V Yaka Triko Süveter TWOAW24SV00049,411.99,0,/trendyolmilla/camel-premium-iplik-ozel-iplik-v-yaka-triko-suveter-twoaw24sv00049-p-810594057,Süveter
159,646274479,TRENDYOLMİLLA,Koyu Lacivert V Yaka Geometrik Desenli Triko Süveter TWOAW22BZ0051,281.99,56,/trendyolmilla/koyu-lacivert-v-yaka-geometrik-desenli-triko-suveter-twoaw22bz0051-p-646274479,Süveter
160,641213837,TRENDYOLMİLLA,Gri Crop V Yaka Triko Süveter TWOAW22BZ0049,240.99,84,/trendyolmilla/gri-crop-v-yaka-triko-suveter-twoaw22bz0049-p-641213837,Süveter
161,654147146,TRENDYOLMİLLA,Lacivert Crop Bisiklet Yaka Triko Süveter TWOAW24SV00005,238.99,129,/trendyolmilla/lacivert-crop-bisiklet-yaka-triko-suveter-twoaw24sv00005-p-654147146,Süveter
162,738531820,TRENDYOLMİLLA,Siyah Premium İplik / Özel İplik V Yaka Triko Süveter TWOAW24SV00049,411.99,26,/trendyolmilla/siyah-premium-iplik-ozel-iplik-v-yaka-triko-suveter-twoaw24sv00049-p-738531820,Süveter
163,641209224,TRENDYOLMİLLA,Siyah Crop V Yaka Triko Süveter TWOAW22BZ0060,244.99,108,/trendyolmilla/siyah-crop-v-yaka-triko-suveter-twoaw22bz0060-p-641209224,Süveter
164,812336972,TRENDYOLMİLLA,Pembe Yünlü Triko Süveter TWOAW25SV00007,289.99,1,/trendyolmilla/pembe-yunlu-triko-suveter-twoaw25sv00007-p-812336972,Süveter
165,646703824,TRENDYOLMİLLA,Antrasit Yumuşak Dokulu Triko Süveter TWOAW22BZ0033,288.99,50,/trendyolmilla/antrasit-yumusak-dokulu-triko-suveter-twoaw22bz0033-p-646703824,Süveter
166,646703819,TRENDYOLMİLLA,Saks Yumuşak Dokulu Triko Süveter TWOAW22BZ0033,288.99,58,/trendyolmilla/saks-yumusak-dokulu-triko-suveter-twoaw22bz0033-p-646703819,Süveter
167,342670269,TRENDYOLMİLLA,Lacivert Fermuarlı Çizgili Triko Süveter TWOAW23SV0007,320.99,278,/trendyolmilla/lacivert-fermuarli-cizgili-triko-suveter-twoaw23sv0007-p-342670269,Süveter
168,134352252,TRENDYOLMİLLA,Taş Crop V Yaka Triko Süveter TWOAW22BZ0049,234.99,317,/trendyolmilla/tas-crop-v-yaka-triko-suveter-twoaw22bz0049-p-134352252,Süveter
169,235907785,TRENDYOLMİLLA,Siyah Crop Fermuarlı Basic Triko Süveter TWOAW23HI0015,297.99,295,/trendyolmilla/siyah-crop-fermuarli-basic-triko-suveter-twoaw23hi0015-p-235907785,Süveter
170,98139573,TRENDYOLMİLLA,Taş Yumuşak Dokulu Triko Süveter TWOAW22BZ0033,294.99,309,/trendyolmilla/tas-yumusak-dokulu-triko-suveter-twoaw22bz0033-p-98139573,Süveter
171,811868115,TRENDYOLMİLLA,Antrasit Örgü Detaylı Triko Süveter TWOAW25SV00009,209.99,0,/trendyolmilla/antrasit-orgu-detayli-triko-suveter-twoaw25sv00009-p-811868115,Süveter
172,235907789,TRENDYOLMİLLA,Gri Crop Fermuarlı Basic Triko Süveter TWOAW23HI0015,304.99,182,/trendyolmilla/gri-crop-fermuarli-basic-triko-suveter-twoaw23hi0015-p-235907789,Süveter
173,812336974,TRENDYOLMİLLA,Gri Yünlü Triko Süveter TWOAW25SV00007,298.99,0,/trendyolmilla/gri-yunlu-triko-suveter-twoaw25sv00007-p-812336974,Süveter
174,645121712,TRENDYOLMİLLA,Kahverengi Crop Fermuarlı Basic Triko Süveter TWOAW23HI0015,297.99,44,/trendyolmilla/kahverengi-crop-fermuarli-basic-triko-suveter-twoaw23hi0015-p-645121712,Süveter
175,242432238,TRENDYOLMİLLA,Mint Yumuşak Dokulu Triko Süveter TWOAW22BZ0033,289.99,238,/trendyolmilla/mint-yumusak-dokulu-triko-suveter-twoaw22bz0033-p-242432238,Süveter
176,811109647,TRENDYOLMİLLA,Lacivert Yandan Bağlama Detaylı Yaka Düğmeli Triko Süveter TWOAW23SV00086,406.99,0,/trendyolmilla/lacivert-yandan-baglama-detayli-yaka-dugmeli-triko-suveter-twoaw23sv00086-p-811109647,Süveter
177,811109404,TRENDYOLMİLLA,Kiremit Geniş Kalıp Yünlü Kemerli Triko Süveter TWOAW22BZ0031,379.99,0,/trendyolmilla/kiremit-genis-kalip-yunlu-kemerli-triko-suveter-twoaw22bz0031-p-811109404,Süveter
178,811109403,TRENDYOLMİLLA,Yeşil Geniş Kalıp Yünlü Kemerli Triko Süveter TWOAW22BZ0031,379.99,0,/trendyolmilla/yesil-genis-kalip-yunlu-kemerli-triko-suveter-twoaw22bz0031-p-811109403,Süveter
