,ID,MARKA,URUN_NAME,FIYAT,RATE_COUNT,URUN_LINK,KATEGORI
0,732812219,TRENDYOLMİLLA,Indigo Kalın İçi Polarlı Regular/Normal Kalıp Bisiklet Yaka Basic Örme Sweatshirt TWOAW24SW00101,340.99,1030,/trendyolmilla/indigo-kalin-ici-polarli-regular-normal-kalip-bisiklet-yaka-basic-orme-sweatshirt-twoaw24sw00101-p-732812219,Sweatshirt
1,736997219,TRENDYOLMİLLA,Siyah Oversize/Rahat Kesim Basic Kapuşonlu Kalın İçi Polarlı Örme Sweatshirt TWOAW24SW00188,375.99,484,/trendyolmilla/siyah-oversize-rahat-kesim-basic-kapusonlu-kalin-ici-polarli-orme-sweatshirt-twoaw24sw00188-p-736997219,Sweatshirt
2,266334536,TRENDYOLMİLLA,Beyaz Çizgili Oversize/Geniş Kesim Bisiklet Yaka İnce Örme Sweatshirt TWOAW23SW00326,280.99,4435,/trendyolmilla/beyaz-cizgili-oversize-genis-kesim-bisiklet-yaka-ince-orme-sweatshirt-twoaw23sw00326-p-266334536,Sweatshirt
3,745766688,TRENDYOLMİLLA,Indigo Nakışlı Regular Fit Bisiklet Yaka Kalın İçi Polarlı Örme Sweatshirt TWOAW24SW00278,199.99,65,/trendyolmilla/indigo-nakisli-regular-fit-bisiklet-yaka-kalin-ici-polarli-orme-sweatshirt-twoaw24sw00278-p-745766688,Sweatshirt
4,733606340,TRENDYOLMİLLA,Siyah Oversize/Bol Kesim Bisiklet Yaka Kalın/İçi polarlı Örme Sweatshirt TWOAW24SW00102,363.99,2893,/trendyolmilla/siyah-oversize-bol-kesim-bisiklet-yaka-kalin-ici-polarli-orme-sweatshirt-twoaw24sw00102-p-733606340,Sweatshirt
5,132062231,TRENDYOLMİLLA,Gri Selanik/Triko Görünümlü Fermuarlı Yaka Regular/Normal Kalıp Örme Sweatshirt TWOAW22SW0732,257.99,12670,/trendyolmilla/gri-selanik-triko-gorunumlu-fermuarli-yaka-regular-normal-kalip-orme-sweatshirt-twoaw22sw0732-p-132062231,Sweatshirt
6,266334532,TRENDYOLMİLLA,Lacivert Çizgili Oversize/Geniş Kesim Bisiklet Yaka İnce Örme Sweatshirt TWOAW23SW00326,276.99,2493,/trendyolmilla/lacivert-cizgili-oversize-genis-kesim-bisiklet-yaka-ince-orme-sweatshirt-twoaw23sw00326-p-266334532,Sweatshirt
7,259281318,TRENDYOLMİLLA,Ekru Basic Baskılı Kalın İçi Polarlı Örme Sweatshirt TWOAW23SW00117,465.99,756,/trendyolmilla/ekru-basic-baskili-kalin-ici-polarli-orme-sweatshirt-twoaw23sw00117-p-259281318,Sweatshirt
8,732812225,TRENDYOLMİLLA,Ekru Kalın İçi Polarlı Regular/Normal Kalıp Bisiklet Yaka Basic Örme Sweatshirt TWOAW24SW00101,340.99,763,/trendyolmilla/ekru-kalin-ici-polarli-regular-normal-kalip-bisiklet-yaka-basic-orme-sweatshirt-twoaw24sw00101-p-732812225,Sweatshirt
9,733606332,TRENDYOLMİLLA,Antrasit Oversize/Rahat Kesim Basic Bisiklet Yaka Kalın/İçi polarlı Örme Sweatshirt TWOAW24SW00102,363.99,2738,/trendyolmilla/antrasit-oversize-rahat-kesim-basic-bisiklet-yaka-kalin-ici-polarli-orme-sweatshirt-twoaw24sw00102-p-733606332,Sweatshirt
10,46416133,TRENDYOLMİLLA,Antrasit Kalın İçi Polarlı Dik Yaka Relaxed/Rahat Kalıp Örme Sweatshirt TWOAW20SW0584,308.99,2861,/trendyolmilla/antrasit-kalin-ici-polarli-dik-yaka-relaxed-rahat-kalip-orme-sweatshirt-twoaw20sw0584-p-46416133,Sweatshirt
11,741161989,TRENDYOLMİLLA,Siyah Fermuarlı Baskılı Oversize/Geniş Kalıp Kalın İçi Polarlı Örme Sweatshirt TWOAW24SW00184,438.99,1279,/trendyolmilla/siyah-fermuarli-baskili-oversize-genis-kalip-kalin-ici-polarli-orme-sweatshirt-twoaw24sw00184-p-741161989,Sweatshirt
12,738822122,TRENDYOLMİLLA,Lacivert Gömlek Yaka Nakışlı Regular Fit Kalın İçi Polarlı Örme Sweatshirt TWOAW24SW00182,357.99,601,/trendyolmilla/lacivert-gomlek-yaka-nakisli-regular-fit-kalin-ici-polarli-orme-sweatshirt-twoaw24sw00182-p-738822122,Sweatshirt
13,738786134,TRENDYOLMİLLA,Gri Animal Nakışlı Regular/Normal Kalıp Kalın İçi Polarlı Örme Sweatshirt TWOAW24SW00196,364.99,469,/trendyolmilla/gri-animal-nakisli-regular-normal-kalip-kalin-ici-polarli-orme-sweatshirt-twoaw24sw00196-p-738786134,Sweatshirt
14,132061135,TRENDYOLMİLLA,Lacivert Selanik/Triko Görünümlü Fermuarlı Yaka Regular/Normal Kalıp Örme Sweatshirt TWOAW22SW0732,258.99,6957,/trendyolmilla/lacivert-selanik-triko-gorunumlu-fermuarli-yaka-regular-normal-kalip-orme-sweatshirt-twoaw22sw0732-p-132061135,Sweatshirt
15,138391443,TRENDYOLMİLLA,Gri Kapüşonlu Oversize/Geniş Kalıp Fermuarlı Kalın İçi Polarlı Örme Sweatshirt TWOAW21SW0840,507.99,871,/trendyolmilla/gri-kapusonlu-oversize-genis-kalip-fermuarli-kalin-ici-polarli-orme-sweatshirt-twoaw21sw0840-p-138391443,Sweatshirt
16,163661076,TRENDYOLMİLLA,Siyah Selanik/Triko Görünümlü Fermuarlı Yaka Regular/Normal Kalıp Örme Sweatshirt TWOAW22SW0732,258.99,3722,/trendyolmilla/siyah-selanik-triko-gorunumlu-fermuarli-yaka-regular-normal-kalip-orme-sweatshirt-twoaw22sw0732-p-163661076,Sweatshirt
17,732812227,TRENDYOLMİLLA,Gri Kalın İçi Polarlı Regular/Normal Kalıp Bisiklet Yaka Basic Örme Sweatshirt TWOAW24SW00101,384.99,352,/trendyolmilla/gri-kalin-ici-polarli-regular-normal-kalip-bisiklet-yaka-basic-orme-sweatshirt-twoaw24sw00101-p-732812227,Sweatshirt
18,144279809,TRENDYOLMİLLA,Antrasit Selanik/Triko Görünümlü Fermuarlı Yaka Regular/Normal Kalıp Örme Sweatshirt TWOAW22SW0732,240.99,3669,/trendyolmilla/antrasit-selanik-triko-gorunumlu-fermuarli-yaka-regular-normal-kalip-orme-sweatshirt-twoaw22sw0732-p-144279809,Sweatshirt
19,741647159,TRENDYOLMİLLA,Taş Bisiklet Yaka Regular Fit Nakışlı Kalın İçi Polarlı Örme Sweatshirt TWOAW24SW00199,364.99,167,/trendyolmilla/tas-bisiklet-yaka-regular-fit-nakisli-kalin-ici-polarli-orme-sweatshirt-twoaw24sw00199-p-741647159,Sweatshirt
20,733606320,TRENDYOLMİLLA,Kırmızı Oversize/Rahat Kesim Basic Bisiklet Yaka Kalın/İçi polarlı Örme Sweatshirt TWOAW24SW00102,415.99,2317,/trendyolmilla/kirmizi-oversize-rahat-kesim-basic-bisiklet-yaka-kalin-ici-polarli-orme-sweatshirt-twoaw24sw00102-p-733606320,Sweatshirt
21,732815325,TRENDYOLMİLLA,Ekru Kalın İçi Polarlı Kapüşonlu Rahat Kesim Crop Basic Örme Sweatshirt TWOAW24SW00105,364.99,444,/trendyolmilla/ekru-kalin-ici-polarli-kapusonlu-rahat-kesim-crop-basic-orme-sweatshirt-twoaw24sw00105-p-732815325,Sweatshirt
22,733822519,TRENDYOLMİLLA,Siyah Rahat Kesim Crop Basic Bisiklet Yaka Kalın İçi polarlı Örme Sweatshirt TWOAW24SW00147,336.99,644,/trendyolmilla/siyah-rahat-kesim-crop-basic-bisiklet-yaka-kalin-ici-polarli-orme-sweatshirt-twoaw24sw00147-p-733822519,Sweatshirt
23,741647157,TRENDYOLMİLLA,Indigo Bisiklet Yaka Regular Fit Nakışlı Kalın İçi Polarlı Örme Sweatshirt TWOAW24SW00199,324.99,128,/trendyolmilla/indigo-bisiklet-yaka-regular-fit-nakisli-kalin-ici-polarli-orme-sweatshirt-twoaw24sw00199-p-741647157,Sweatshirt
48,732812229,TRENDYOLMİLLA,Siyah Kalın İçi Polarlı Regular/Normal Kalıp Bisiklet Yaka Basic Örme Sweatshirt TWOAW24SW00101,346.99,1509,/trendyolmilla/siyah-kalin-ici-polarli-regular-normal-kalip-bisiklet-yaka-basic-orme-sweatshirt-twoaw24sw00101-p-732812229,Sweatshirt
49,733822421,TRENDYOLMİLLA,Indigo Rahat Kesim Crop Basic Bisiklet Yaka Kalın İçi polarlı Örme Sweatshirt TWOAW24SW00147,304.99,697,/trendyolmilla/indigo-rahat-kesim-crop-basic-bisiklet-yaka-kalin-ici-polarli-orme-sweatshirt-twoaw24sw00147-p-733822421,Sweatshirt
50,734006094,TRENDYOLMİLLA,Bej Kalın İçi Polarlı Taş Detaylı Regular/Normal Kalıp Örme Sweatshirt TWOAW24SW00118,199.99,94,/trendyolmilla/bej-kalin-ici-polarli-tas-detayli-regular-normal-kalip-orme-sweatshirt-twoaw24sw00118-p-734006094,Sweatshirt
51,129301154,TRENDYOLMİLLA,Mint Sırt Baskı Detaylı Kapüşonlu Kalın İçi Polarlı Örme Sweatshirt TWOAW22SW0711,391.99,2024,/trendyolmilla/mint-sirt-baski-detayli-kapusonlu-kalin-ici-polarli-orme-sweatshirt-twoaw22sw0711-p-129301154,Sweatshirt
52,759331801,TRENDYOLMİLLA,Kırmızı Çizgili Oversize/Geniş Kesim Bisiklet Yaka İnce Örme Sweatshirt TWOAW23SW00326,270.99,162,/trendyolmilla/kirmizi-cizgili-oversize-genis-kesim-bisiklet-yaka-ince-orme-sweatshirt-twoaw23sw00326-p-759331801,Sweatshirt
53,44706538,TRENDYOLMİLLA,Siyah Regular/Normal Kalıp Basic Kapüşonlu İnce Örme Sweatshirt TWOAW20SW0059,179.99,1227,/trendyolmilla/siyah-regular-normal-kalip-basic-kapusonlu-ince-orme-sweatshirt-twoaw20sw0059-p-44706538,Sweatshirt
54,731742968,TRENDYOL MAN,Zümrüt Yeşili Unisex Oversize/Geniş Kesim Fermuarlı Dik Yaka Nakışlı Polar Sweatshirt TMNAW24SW00034,495.99,806,/trendyol-man/zumrut-yesili-unisex-oversize-genis-kesim-fermuarli-dik-yaka-nakisli-polar-sweatshirt-tmnaw24sw00034-p-731742968,Sweatshirt
55,738562354,TRENDYOLMİLLA,Beyaz Kalın İçi Polarlı Triko Bant Detaylı V Yaka Oversize Örme Sweatshirt TWOAW24SW00135,438.99,157,/trendyolmilla/beyaz-kalin-ici-polarli-triko-bant-detayli-v-yaka-oversize-orme-sweatshirt-twoaw24sw00135-p-738562354,Sweatshirt
56,805521195,TRENDYOLMİLLA,Lacivert Kalın İçi Polarlı Renk Bloklu Polo Yaka Regular Kalıp Örme Sweatshirt TWOAW24SW00224,316.99,29,/trendyolmilla/lacivert-kalin-ici-polarli-renk-bloklu-polo-yaka-regular-kalip-orme-sweatshirt-twoaw24sw00224-p-805521195,Sweatshirt
57,745174306,TRENDYOLMİLLA,X Sagaza Studio Siyah Parlak Taş Baskılı Sweatshirt TCLAW24SW00000,720.99,132,/trendyolmilla/x-sagaza-studio-siyah-parlak-tas-baskili-sweatshirt-tclaw24sw00000-p-745174306,Sweatshirt
58,49911302,TRENDYOLMİLLA,Siyah Kapüşonlu Oversize/Geniş Kalıp Fermuarlı Kapuşonlu Kalın İçi Polarlı Sweatshirt TWOAW21SW0840,481.99,6050,/trendyolmilla/siyah-kapusonlu-oversize-genis-kalip-fermuarli-kapusonlu-kalin-ici-polarli-sweatshirt-twoaw21sw0840-p-49911302,Sweatshirt
59,346030447,TRENDYOLMİLLA,Bordo Selanik/Triko Görünümlü Fermuarlı Yaka Regular/Normal Kalıp Örme Sweatshirt TWOAW22SW0732,272.99,777,/trendyolmilla/bordo-selanik-triko-gorunumlu-fermuarli-yaka-regular-normal-kalip-orme-sweatshirt-twoaw22sw0732-p-346030447,Sweatshirt
60,750273288,TRENDYOLMİLLA,Kaymak Beyazı Fermuar Detaylı Dik Yaka Örme Spor Sweatshirt TWOAW22SW0187,311.99,32,/trendyolmilla/kaymak-beyazi-fermuar-detayli-dik-yaka-orme-spor-sweatshirt-twoaw22sw0187-p-750273288,Sweatshirt
61,733606278,TRENDYOLMİLLA,Taş Oversize/Rahat Kesim Basic Bisiklet Yaka Kalın/İçi polarlı Örme Sweatshirt TWOAW24SW00102,367.99,1048,/trendyolmilla/tas-oversize-rahat-kesim-basic-bisiklet-yaka-kalin-ici-polarli-orme-sweatshirt-twoaw24sw00102-p-733606278,Sweatshirt
62,733703011,TRENDYOLMİLLA,Koyu Kahverengi Relaxed/Rahat Kalıp Basic Reglan Kol Bisiklet Yaka Örme Sweatshirt TWOAW24SW00104,401.99,438,/trendyolmilla/koyu-kahverengi-relaxed-rahat-kalip-basic-reglan-kol-bisiklet-yaka-orme-sweatshirt-twoaw24sw00104-p-733703011,Sweatshirt
63,831637599,TRENDYOLMİLLA,Siyah Oversize/Geniş Kalıp Kapüşonlu İnce Örme Sweatshirt TWOAW25SW00006,321.99,0,/trendyolmilla/siyah-oversize-genis-kalip-kapusonlu-ince-orme-sweatshirt-twoaw25sw00006-p-831637599,Sweatshirt
64,731742966,TRENDYOL MAN,Kahverengi Unisex Oversize/Geniş Kesim Dik Yaka Şehir Nakış Polar Sweatshirt TMNAW24SW00034,497.99,536,/trendyol-man/kahverengi-unisex-oversize-genis-kesim-dik-yaka-sehir-nakis-polar-sweatshirt-tmnaw24sw00034-p-731742966,Sweatshirt
65,150723066,TRENDYOLMİLLA,Ekru Kapüşonlu Oversize/Geniş Kalıp Fermuarlı Kapuşonlu Kalın İçi Polarlı Sweatshirt TWOAW21SW0840,507.99,1212,/trendyolmilla/ekru-kapusonlu-oversize-genis-kalip-fermuarli-kapusonlu-kalin-ici-polarli-sweatshirt-twoaw21sw0840-p-150723066,Sweatshirt
66,123354244,TRENDYOLMİLLA,Ekru Dik Yaka Loose Örme Sweatshirt,328.99,3840,/trendyolmilla/ekru-dik-yaka-loose-orme-sweatshirt-p-123354244,Sweatshirt
67,134127269,TRENDYOLMİLLA,Kahverengi Kalın İçi Polarlı Triko Bant Detaylı Kapüşonlu Örme Sweatshirt TWOAW22SW1806,466.99,2826,/trendyolmilla/kahverengi-kalin-ici-polarli-triko-bant-detayli-kapusonlu-orme-sweatshirt-twoaw22sw1806-p-134127269,Sweatshirt
68,771492323,TRENDYOLMİLLA,Siyah Oversize/Geniş Kalıp Yarım Fermuarlı Kalın İçi Polarlı Örme Sweatshirt TWOAW24SW00416,458.99,100,/trendyolmilla/siyah-oversize-genis-kalip-yarim-fermuarli-kalin-ici-polarli-orme-sweatshirt-twoaw24sw00416-p-771492323,Sweatshirt
69,831637600,TRENDYOLMİLLA,Gri Melanj Oversize/Geniş Kalıp Kapüşonlu İnce Örme Sweatshirt TWOAW25SW00006,324.99,0,/trendyolmilla/gri-melanj-oversize-genis-kalip-kapusonlu-ince-orme-sweatshirt-twoaw25sw00006-p-831637600,Sweatshirt
70,132968148,TRENDYOLMİLLA,Siyah Regular/Normal Kalıp Karyoka Dikişli Kalın İçi Polarlı Örme Sweatshirt TWOAW22SW0267,436.99,2380,/trendyolmilla/siyah-regular-normal-kalip-karyoka-dikisli-kalin-ici-polarli-orme-sweatshirt-twoaw22sw0267-p-132968148,Sweatshirt
71,738087661,TRENDYOLMİLLA,Taş Fermuar Yaka Nakış Detaylı Regular Fit Kalın İçi Polarlı Örme Sweatshirt TWOAW24SW00162,336.99,243,/trendyolmilla/tas-fermuar-yaka-nakis-detayli-regular-fit-kalin-ici-polarli-orme-sweatshirt-twoaw24sw00162-p-738087661,Sweatshirt
72,738563231,TRENDYOLMİLLA,Pembe Kalın İçi Polarlı Göğüs ve Sırt Kabartma Baskılı Oversize Örme Sweatshirt TWOAW24SW00226,391.99,152,/trendyolmilla/pembe-kalin-ici-polarli-gogus-ve-sirt-kabartma-baskili-oversize-orme-sweatshirt-twoaw24sw00226-p-738563231,Sweatshirt
73,129849378,TRENDYOLMİLLA,Siyah Sırt Baskı Detaylı Kapüşonlu Kalın İçi Polarlı Örme Sweatshirt TWOAW22SW0711,383.99,1275,/trendyolmilla/siyah-sirt-baski-detayli-kapusonlu-kalin-ici-polarli-orme-sweatshirt-twoaw22sw0711-p-129849378,Sweatshirt
74,732812224,TRENDYOLMİLLA,Mor Kalın İçi Polarlı Regular/Normal Kalıp Bisiklet Yaka Basic Örme Sweatshirt TWOAW24SW00101,394.99,198,/trendyolmilla/mor-kalin-ici-polarli-regular-normal-kalip-bisiklet-yaka-basic-orme-sweatshirt-twoaw24sw00101-p-732812224,Sweatshirt
75,261584575,TRENDYOLMİLLA,Kırmızı Kalın İçi Polarlı Dik Yaka Relaxed/Rahat Kalıp Örme Sweatshirt TWOAW20SW0584,295.99,929,/trendyolmilla/kirmizi-kalin-ici-polarli-dik-yaka-relaxed-rahat-kalip-orme-sweatshirt-twoaw20sw0584-p-261584575,Sweatshirt
76,738563233,TRENDYOLMİLLA,Ekru Kalın İçi Polarlı Göğüs ve Sırt Kabartma Baskılı Oversize Örme Sweatshirt TWOAW24SW00226,447.99,155,/trendyolmilla/ekru-kalin-ici-polarli-gogus-ve-sirt-kabartma-baskili-oversize-orme-sweatshirt-twoaw24sw00226-p-738563233,Sweatshirt
77,46295721,TRENDYOLMİLLA,Siyah Kalın İçi Polarlı Baskılı Relaxed/Rahat Kalıp Bisiklet Yaka Örme Sweatshirt TWOAW21SW0150,410.99,1266,/trendyolmilla/siyah-kalin-ici-polarli-baskili-relaxed-rahat-kalip-bisiklet-yaka-orme-sweatshirt-twoaw21sw0150-p-46295721,Sweatshirt
78,738175774,TRENDYOLMİLLA,Bordo Kalın İçi Polarlı Fermuarlı Dik Yaka Oversize/Geniş Kalıp Örme Sweatshirt TWOAW24SW00127,472.99,106,/trendyolmilla/bordo-kalin-ici-polarli-fermuarli-dik-yaka-oversize-genis-kalip-orme-sweatshirt-twoaw24sw00127-p-738175774,Sweatshirt
79,276963645,TRENDYOLMİLLA,Antrasit Asimetrik Super Crop Bisiklet Yaka İnce Örme Sweatshirt TWOAW23SW00531,274.99,1173,/trendyolmilla/antrasit-asimetrik-super-crop-bisiklet-yaka-ince-orme-sweatshirt-twoaw23sw00531-p-276963645,Sweatshirt
80,728488799,TRENDYOLMİLLA,Ekru Kalın Polar Kapüşonlu ve Fermuarlı Oversize/Geniş Kalıp Örme Sweatshirt TWOAW22SW2063,322.99,320,/trendyolmilla/ekru-kalin-polar-kapusonlu-ve-fermuarli-oversize-genis-kalip-orme-sweatshirt-twoaw22sw2063-p-728488799,Sweatshirt
81,355234611,TRENDYOL MAN,Kahverengi Oversize/Geniş Kesim Kapüşonlu Pamuklu Unisex Sweatshirt TMNAW22SW1462,453.99,591,/trendyol-man/kahverengi-oversize-genis-kesim-kapusonlu-pamuklu-unisex-sweatshirt-tmnaw22sw1462-p-355234611,Sweatshirt
82,48980705,TRENDYOLMİLLA,Zümrüt Yeşili Fermuar Detaylı Polar Örme Sweatshirt TWOAW21SW0758,417.99,1370,/trendyolmilla/zumrut-yesili-fermuar-detayli-polar-orme-sweatshirt-twoaw21sw0758-p-48980705,Sweatshirt
83,754782725,The Olympic Collection,Yeşil Unisex Örme Sweatshirt TWOAW24SW00404,899.99,2,/the-olympic-collection/yesil-unisex-orme-sweatshirt-twoaw24sw00404-p-754782725,Sweatshirt
84,729601327,TRENDYOLMİLLA,Gri Kalın İçi Polarlı Fermuarlı Oversize/Geniş Kalıp Örme Sweatshirt TWOAW23SW00091,301.99,110,/trendyolmilla/gri-kalin-ici-polarli-fermuarli-oversize-genis-kalip-orme-sweatshirt-twoaw23sw00091-p-729601327,Sweatshirt
85,708916324,TRENDYOLMİLLA,Gri Melanj Renk Bloklu Geniş Kalıp İçi Polarlı Örme Spor Sweatshirt TWOSS22SW0074,431.99,224,/trendyolmilla/gri-melanj-renk-bloklu-genis-kalip-ici-polarli-orme-spor-sweatshirt-twoss22sw0074-p-708916324,Sweatshirt
86,754785139,The Olympic Collection,Mavi Örme Sweatshirt TWOAW24SW00406,899.99,2,/the-olympic-collection/mavi-orme-sweatshirt-twoaw24sw00406-p-754785139,Sweatshirt
87,754783811,The Olympic Collection, Kırmızı Unısex Örme Sweatshirt TWOAW24SW00405,799.99,5,/the-olympic-collection/kirmizi-unisex-orme-sweatshirt-twoaw24sw00405-p-754783811,Sweatshirt
88,754780870,The Olympic Collection,Siyah Unisex Örme Sweatshirt TWOAW24SW00403,899.99,5,/the-olympic-collection/siyah-unisex-orme-sweatshirt-twoaw24sw00403-p-754780870,Sweatshirt
89,732815328,TRENDYOLMİLLA,Siyah Kalın İçi Polarlı Kapüşonlu Rahat Kesim Crop Basic Örme Sweatshirt TWOAW24SW00105,378.99,178,/trendyolmilla/siyah-kalin-ici-polarli-kapusonlu-rahat-kesim-crop-basic-orme-sweatshirt-twoaw24sw00105-p-732815328,Sweatshirt
90,741161988,TRENDYOLMİLLA,Ekru Fermuarlı Baskılı Oversize/Geniş Kalıp Kalın İçi Polarlı Örme Sweatshirt TWOAW24SW00184,520.99,384,/trendyolmilla/ekru-fermuarli-baskili-oversize-genis-kalip-kalin-ici-polarli-orme-sweatshirt-twoaw24sw00184-p-741161988,Sweatshirt
91,47638720,TRENDYOLMİLLA,Siyah Crop Kapüşonlu İçi Polarlı Örme Spor Sweatshirt TWOAW21SW0662,322.99,954,/trendyolmilla/siyah-crop-kapusonlu-ici-polarli-orme-spor-sweatshirt-twoaw21sw0662-p-47638720,Sweatshirt
92,731637983,TRENDYOLMİLLA,Lacivert Basic Baskılı Kalın İçi Polarlı Örme Sweatshirt TWOAW23SW00117,413.99,143,/trendyolmilla/lacivert-basic-baskili-kalin-ici-polarli-orme-sweatshirt-twoaw23sw00117-p-731637983,Sweatshirt
93,307612623,TRENDYOLMİLLA,Füme Kalın İçi Polarlı Rahat Kesim Crop Kolu Baskılı Örme Sweatshirt TWOAW23SW00568,299.99,550,/trendyolmilla/fume-kalin-ici-polarli-rahat-kesim-crop-kolu-baskili-orme-sweatshirt-twoaw23sw00568-p-307612623,Sweatshirt
94,265671678,TRENDYOLMİLLA,Ekru Super Crop İçi Polarlı Örme Spor Sweatshirt TWOAW23SW00189,288.99,580,/trendyolmilla/ekru-super-crop-ici-polarli-orme-spor-sweatshirt-twoaw23sw00189-p-265671678,Sweatshirt
95,734054226,TRENDYOLMİLLA,Siyah Kalın İçi Polarlı Cep Detaylı Kapüşonlu Regular/Normal Kalıp Örme Sweatshirt TWOAW24SW00075,357.99,100,/trendyolmilla/siyah-kalin-ici-polarli-cep-detayli-kapusonlu-regular-normal-kalip-orme-sweatshirt-twoaw24sw00075-p-734054226,Sweatshirt
96,141104051,TRENDYOLMİLLA,Saks Sırt Baskı Detaylı Kapüşonlu Kalın İçi Polarlı Örme Sweatshirt TWOAW22SW0711,431.99,733,/trendyolmilla/saks-sirt-baski-detayli-kapusonlu-kalin-ici-polarli-orme-sweatshirt-twoaw22sw0711-p-141104051,Sweatshirt
97,733606293,TRENDYOLMİLLA,Mor Oversize/Rahat Kesim Basic Bisiklet Yaka Kalın/İçi polarlı Örme Sweatshirt TWOAW24SW00102,395.99,510,/trendyolmilla/mor-oversize-rahat-kesim-basic-bisiklet-yaka-kalin-ici-polarli-orme-sweatshirt-twoaw24sw00102-p-733606293,Sweatshirt
98,729812882,TRENDYOLMİLLA,Siyah Kalın İçi Polarlı Sırt Baskılı Oversize/Geniş Kalıp Örme Sweatshirt TWOAW23SW00904,443.99,80,/trendyolmilla/siyah-kalin-ici-polarli-sirt-baskili-oversize-genis-kalip-orme-sweatshirt-twoaw23sw00904-p-729812882,Sweatshirt
99,269167810,TRENDYOLMİLLA,Mavi Selanik/Triko Görünümlü Fermuarlı Yaka Regular/Normal Kalıp Örme Sweatshirt TWOAW22SW0732,272.99,946,/trendyolmilla/mavi-selanik-triko-gorunumlu-fermuarli-yaka-regular-normal-kalip-orme-sweatshirt-twoaw22sw0732-p-269167810,Sweatshirt
100,736997217,TRENDYOLMİLLA,Taş Oversize/Rahat Kesim Basic Kapuşonlu Fermuarlı Kalın İçi Polarlı Örme Sweatshirt TWOAW24SW00188,507.99,195,/trendyolmilla/tas-oversize-rahat-kesim-basic-kapusonlu-fermuarli-kalin-ici-polarli-orme-sweatshirt-twoaw24sw00188-p-736997217,Sweatshirt
101,737515429,TRENDYOLMİLLA,Taş Aksesuar Detaylı Selanik/Triko Görünümlü Regular/Normal Kalıp Örme Sweatshirt TWOAW24SW00176,567.99,29,/trendyolmilla/tas-aksesuar-detayli-selanik-triko-gorunumlu-regular-normal-kalip-orme-sweatshirt-twoaw24sw00176-p-737515429,Sweatshirt
102,259310507,TRENDYOLMİLLA,Kahverengi Regular/Normal Kalıp Basic Polo Yaka Regular İnce Örme Sweatshirt TWOAW23SW00003,305.99,859,/trendyolmilla/kahverengi-regular-normal-kalip-basic-polo-yaka-regular-ince-orme-sweatshirt-twoaw23sw00003-p-259310507,Sweatshirt
103,738563324,TRENDYOLMİLLA,Taş Kalın İçi Polarlı Kapitoneli Kapüşonlu Regular/Normal Kalıp Örme Sweatshirt TWOAW24SW00205,475.99,62,/trendyolmilla/tas-kalin-ici-polarli-kapitoneli-kapusonlu-regular-normal-kalip-orme-sweatshirt-twoaw24sw00205-p-738563324,Sweatshirt
104,736997218,TRENDYOLMİLLA,Kahverengi Oversize/Rahat Kesim Basic Kapuşonlu Kalın İçi Polarlı Örme Sweatshirt TWOAW24SW00188,510.99,275,/trendyolmilla/kahverengi-oversize-rahat-kesim-basic-kapusonlu-kalin-ici-polarli-orme-sweatshirt-twoaw24sw00188-p-736997218,Sweatshirt
105,738563219,TRENDYOLMİLLA,Taş Varak Baskılı Kalın İçi Polarlı Bisiklet Yaka Oversize Örme Sweatshirt TWOAW24SW00132,425.99,132,/trendyolmilla/tas-varak-baskili-kalin-ici-polarli-bisiklet-yaka-oversize-orme-sweatshirt-twoaw24sw00132-p-738563219,Sweatshirt
106,733338548,TRENDYOLMİLLA,Petrol Kalın İçi Polarlı Slogan Nakışlı Relaxed/Rahat Kalıp Örme Sweatshirt TWOAW22SW1464,413.99,73,/trendyolmilla/petrol-kalin-ici-polarli-slogan-nakisli-relaxed-rahat-kalip-orme-sweatshirt-twoaw22sw1464-p-733338548,Sweatshirt
107,733338549,TRENDYOLMİLLA,Siyah Kalın İçi Polarlı Slogan Nakışlı Relaxed/Rahat Kalıp Örme Sweatshirt TWOAW22SW1464,408.99,72,/trendyolmilla/siyah-kalin-ici-polarli-slogan-nakisli-relaxed-rahat-kalip-orme-sweatshirt-twoaw22sw1464-p-733338549,Sweatshirt
108,741171612,TRENDYOLMİLLA,Bej Kapüşonlu Düğme Detaylı Regular Fit Kalın İçi Polarlı Örme Sweatshirt TWOAW24SW00215,401.99,56,/trendyolmilla/bej-kapusonlu-dugme-detayli-regular-fit-kalin-ici-polarli-orme-sweatshirt-twoaw24sw00215-p-741171612,Sweatshirt
109,378077782,TRENDYOLMİLLA,Camel Peluş Örme Spor Sweatshirt THMAW23SW00021,388.99,349,/trendyolmilla/camel-pelus-orme-spor-sweatshirt-thmaw23sw00021-p-378077782,Sweatshirt
110,746631642,TRENDYOLMİLLA,Lacivert Baskılı Oversize Bisiklet Yaka Örme Sweatshirt TWOAW24SW00360,400.99,86,/trendyolmilla/lacivert-baskili-oversize-bisiklet-yaka-orme-sweatshirt-twoaw24sw00360-p-746631642,Sweatshirt
111,378077793,TRENDYOLMİLLA,Siyah Peluş Örme Spor Sweatshirt THMAW23SW00021,385.99,143,/trendyolmilla/siyah-pelus-orme-spor-sweatshirt-thmaw23sw00021-p-378077793,Sweatshirt
112,696847549,TRENDYOLMİLLA,Siyah Bisiklet Yaka Basic İnce Aplike Detaylı Örme Sweatshirt TWOAW24SW00030,332.99,133,/trendyolmilla/siyah-bisiklet-yaka-basic-ince-aplike-detayli-orme-sweatshirt-twoaw24sw00030-p-696847549,Sweatshirt
113,738562914,TRENDYOLMİLLA,Siyah Kalın İçi Polarlı Baskılı Bisiklet Yaka Regular/Normal Kalıp Örme Sweatshirt TWOAW24SW00175,306.99,68,/trendyolmilla/siyah-kalin-ici-polarli-baskili-bisiklet-yaka-regular-normal-kalip-orme-sweatshirt-twoaw24sw00175-p-738562914,Sweatshirt
114,134127268,TRENDYOLMİLLA,Siyah Kalın İçi Polarlı Triko Bant Detaylı Kapüşonlu Örme Sweatshirt TWOAW22SW1806,465.99,2671,/trendyolmilla/siyah-kalin-ici-polarli-triko-bant-detayli-kapusonlu-orme-sweatshirt-twoaw22sw1806-p-134127268,Sweatshirt
115,140854743,TRENDYOLMİLLA,Taş Fermuar Detaylı Örme Sweatshirt,326.99,2142,/trendyolmilla/tas-fermuar-detayli-orme-sweatshirt-p-140854743,Sweatshirt
116,354468705,TRENDYOLMİLLA,Gül Kurusu Selanik/Triko Görünümlü Fermuarlı Yaka Regular/Normal Kalıp Örme Sweatshirt TWOAW22SW0732,239.99,620,/trendyolmilla/gul-kurusu-selanik-triko-gorunumlu-fermuarli-yaka-regular-normal-kalip-orme-sweatshirt-twoaw22sw0732-p-354468705,Sweatshirt
117,138806741,TRENDYOLMİLLA,Mürdüm Kalın Polar Kapüşonlu ve Fermuarlı Oversize/Geniş Kalıp Örme Sweatshirt TWOAW22SW2063,319.99,1537,/trendyolmilla/murdum-kalin-polar-kapusonlu-ve-fermuarli-oversize-genis-kalip-orme-sweatshirt-twoaw22sw2063-p-138806741,Sweatshirt
118,745214598,TRENDYOLMİLLA,Indigo Kalın İçi Polarlı Asimetrik Detaylı Bisiklet Yaka Örme Sweatshirt TWOAW24SW00272,333.99,24,/trendyolmilla/indigo-kalin-ici-polarli-asimetrik-detayli-bisiklet-yaka-orme-sweatshirt-twoaw24sw00272-p-745214598,Sweatshirt
119,746310666,TRENDYOLMİLLA,Siyah Kapüşonu Slogan Baskılı Oversize/Geniş Kesim Örme Sweatshirt TWOAW24SW00389,471.99,23,/trendyolmilla/siyah-kapusonu-slogan-baskili-oversize-genis-kesim-orme-sweatshirt-twoaw24sw00389-p-746310666,Sweatshirt
120,741171610,TRENDYOLMİLLA,Siyah Kapüşonlu Düğme Detaylı Regular Fit Kalın İçi Polarlı Örme Sweatshirt TWOAW24SW00215,367.99,36,/trendyolmilla/siyah-kapusonlu-dugme-detayli-regular-fit-kalin-ici-polarli-orme-sweatshirt-twoaw24sw00215-p-741171610,Sweatshirt
122,736487515,TRENDYOLMİLLA,Mor Kalın İçi Polarlı Oversize/Geniş Kalıp Kapüşonlu Basic Örme Sweatshirt TWOAW24SW00103,451.99,63,/trendyolmilla/mor-kalin-ici-polarli-oversize-genis-kalip-kapusonlu-basic-orme-sweatshirt-twoaw24sw00103-p-736487515,Sweatshirt
123,738562456,TRENDYOLMİLLA,Siyah Kalın İçi Polarlı Kapüşonlu Baskılı Oversize/Geniş Kalıp Örme Sweatshirt TWOAW24SW00136,450.99,83,/trendyolmilla/siyah-kalin-ici-polarli-kapusonlu-baskili-oversize-genis-kalip-orme-sweatshirt-twoaw24sw00136-p-738562456,Sweatshirt
124,736487518,TRENDYOLMİLLA,Ekru Kalın İçi Polarlı Oversize/Geniş Kalıp Kapüşonlu Basic Örme Sweatshirt TWOAW24SW00103,460.99,238,/trendyolmilla/ekru-kalin-ici-polarli-oversize-genis-kalip-kapusonlu-basic-orme-sweatshirt-twoaw24sw00103-p-736487518,Sweatshirt
125,276963652,TRENDYOLMİLLA,Indigo Asimetrik Super Crop Bisiklet Yaka İnce Örme Sweatshirt TWOAW23SW00531,221.99,347,/trendyolmilla/indigo-asimetrik-super-crop-bisiklet-yaka-ince-orme-sweatshirt-twoaw23sw00531-p-276963652,Sweatshirt
126,736485970,TRENDYOLMİLLA,Antrasit Eskitme/Soluk Efektli Kalın İçi Polarlı İnci Detaylı Regular Örme Sweatshirt TWOAW24SW00152,585.99,236,/trendyolmilla/antrasit-eskitme-soluk-efektli-kalin-ici-polarli-inci-detayli-regular-orme-sweatshirt-twoaw24sw00152-p-736485970,Sweatshirt
127,722500912,TRENDYOLMİLLA,Antrasit Fermuar Detaylı Polar Örme Sweatshirt TWOAW21SW0758,431.99,64,/trendyolmilla/antrasit-fermuar-detayli-polar-orme-sweatshirt-twoaw21sw0758-p-722500912,Sweatshirt
128,364652076,TRENDYOLMİLLA,Kahverengi Kalın İçi Polarlı Sırt Baskılı Oversize/Geniş Kalıp Örme Sweatshirt TWOAW23SW00904,430.99,139,/trendyolmilla/kahverengi-kalin-ici-polarli-sirt-baskili-oversize-genis-kalip-orme-sweatshirt-twoaw23sw00904-p-364652076,Sweatshirt
129,748218124,TRENDYOLMİLLA,Açık Taş Etiket Detaylı Regular Bisiklet Yaka Örme Sweatshirt TWOAW24SW00289,392.99,236,/trendyolmilla/acik-tas-etiket-detayli-regular-bisiklet-yaka-orme-sweatshirt-twoaw24sw00289-p-748218124,Sweatshirt
130,738562913,TRENDYOLMİLLA,Gri Melanj Kalın İçi Polarlı Baskılı Regular/Normal Kalıp Örme Sweatshirt TWOAW24SW00175,378.99,89,/trendyolmilla/gri-melanj-kalin-ici-polarli-baskili-regular-normal-kalip-orme-sweatshirt-twoaw24sw00175-p-738562913,Sweatshirt
131,138391394,TRENDYOLMİLLA,Lacivert Kanguru Cepli Kapüşonlu Boyfriend Şardonlu Örme Kalın Sweatshirt,449.99,995,/trendyolmilla/lacivert-kanguru-cepli-kapusonlu-boyfriend-sardonlu-orme-kalin-sweatshirt-p-138391394,Sweatshirt
132,129953025,TRENDYOL MAN,Gri Oversize/Geniş Kesim Kapüşonlu Pamuklu Unisex Sweatshirt TMNAW22SW1462,457.99,602,/trendyol-man/gri-oversize-genis-kesim-kapusonlu-pamuklu-unisex-sweatshirt-tmnaw22sw1462-p-129953025,Sweatshirt
133,739016790,TRENDYOLMİLLA,Siyah Kalın İçi Polarlı Yaka Detaylı Düğmeli Regular/Normal Kalıp Örme Sweatshirt TWOAW24SW00186,375.99,111,/trendyolmilla/siyah-kalin-ici-polarli-yaka-detayli-dugmeli-regular-normal-kalip-orme-sweatshirt-twoaw24sw00186-p-739016790,Sweatshirt
134,738562455,TRENDYOLMİLLA,Mor Kalın İçi Polarlı Kapüşonlu Baskılı Oversize/Geniş Kalıp Örme Sweatshirt TWOAW24SW00136,457.99,108,/trendyolmilla/mor-kalin-ici-polarli-kapusonlu-baskili-oversize-genis-kalip-orme-sweatshirt-twoaw24sw00136-p-738562455,Sweatshirt
135,737583142,TRENDYOLMİLLA,Siyah Kalın İçi Polarlı Ön ve Arka Baskılı Oversize/Geniş Kalıp Örme Sweatshirt TWOAW24SW00167,514.99,40,/trendyolmilla/siyah-kalin-ici-polarli-on-ve-arka-baskili-oversize-genis-kalip-orme-sweatshirt-twoaw24sw00167-p-737583142,Sweatshirt
136,752334407,TRENDYOLMİLLA,Siyah Kalın İçi Polarlı Kapitoneli Oversize/Geniş Kesim Kapüşonlu Örme Sweatshirt TWOAW24SW00205,544.99,85,/trendyolmilla/siyah-kalin-ici-polarli-kapitoneli-oversize-genis-kesim-kapusonlu-orme-sweatshirt-twoaw24sw00205-p-752334407,Sweatshirt
137,746334831,TRENDYOLMİLLA,Gri Kalın İçi Polarlı Regular/Normal Kalıp Nakışlı Polo Yaka Örme Sweatshirt TWOAW24SW00397,478.99,100,/trendyolmilla/gri-kalin-ici-polarli-regular-normal-kalip-nakisli-polo-yaka-orme-sweatshirt-twoaw24sw00397-p-746334831,Sweatshirt
138,746643916,TRENDYOLMİLLA,Ekru Çiçek Nakışlı Regular Kalın İçi Polarlı Bisiklet Yaka Örme Sweatshirt TWOAW24SW00310,425.99,44,/trendyolmilla/ekru-cicek-nakisli-regular-kalin-ici-polarli-bisiklet-yaka-orme-sweatshirt-twoaw24sw00310-p-746643916,Sweatshirt
139,136671712,TRENDYOLMİLLA,Siyah Kayık Yaka Detaylı Renk Bloklu Regular/Normal Kalıp İnce Örme Sweatshirt TWOAW22SW1119,415.99,1090,/trendyolmilla/siyah-kayik-yaka-detayli-renk-bloklu-regular-normal-kalip-ince-orme-sweatshirt-twoaw22sw1119-p-136671712,Sweatshirt
140,746370769,TRENDYOLMİLLA,Siyah Kalın İçi Polarlı Rahat Kesim Crop İspanyol Kol Kapüşonlu Örme Sweatshirt TWOAW24SW00284,375.99,83,/trendyolmilla/siyah-kalin-ici-polarli-rahat-kesim-crop-ispanyol-kol-kapusonlu-orme-sweatshirt-twoaw24sw00284-p-746370769,Sweatshirt
141,734077158,TRENDYOLMİLLA,Turuncu Kalın İçi Polarlı Slogan Nakışlı Regular/Normal Kalıp Örme Sweatshirt TWOAW24SW00094,371.99,103,/trendyolmilla/turuncu-kalin-ici-polarli-slogan-nakisli-regular-normal-kalip-orme-sweatshirt-twoaw24sw00094-p-734077158,Sweatshirt
142,736487517,TRENDYOLMİLLA,Vizon Kalın İçi Polarlı Oversize/Geniş Kalıp Kapüşonlu Basic Örme Sweatshirt TWOAW24SW00103,438.99,213,/trendyolmilla/vizon-kalin-ici-polarli-oversize-genis-kalip-kapusonlu-basic-orme-sweatshirt-twoaw24sw00103-p-736487517,Sweatshirt
143,129301153,TRENDYOLMİLLA,Ekru Sırt Baskı Detaylı Kapüşonlu Şardonlu Örme Sweatshirt,430.99,1568,/trendyolmilla/ekru-sirt-baski-detayli-kapusonlu-sardonlu-orme-sweatshirt-p-129301153,Sweatshirt
146,190925634,TRENDYOLMİLLA,Lacivert Renk Bloklu Geniş Kalıp İçi Polarlı Örme Spor Sweatshirt TWOSS22SW0074,431.99,468,/trendyolmilla/lacivert-renk-bloklu-genis-kalip-ici-polarli-orme-spor-sweatshirt-twoss22sw0074-p-190925634,Sweatshirt
147,261584555,TRENDYOLMİLLA,Indigo Kalın İçi Polarlı Dik Yaka Relaxed/Rahat Kalıp Örme Sweatshirt TWOAW20SW0584,344.99,895,/trendyolmilla/indigo-kalin-ici-polarli-dik-yaka-relaxed-rahat-kalip-orme-sweatshirt-twoaw20sw0584-p-261584555,Sweatshirt
148,736781203,TRENDYOLMİLLA,Lacivert Selanik/Triko Görünümlü Dik Yaka Büzgülü Regular Kalıp Örme Sweatshirt TWOAW24SW00146,356.99,106,/trendyolmilla/lacivert-selanik-triko-gorunumlu-dik-yaka-buzgulu-regular-kalip-orme-sweatshirt-twoaw24sw00146-p-736781203,Sweatshirt
149,262529858,TRENDYOLMİLLA,Siyah Kalın İçi Polarlı Kapüşonlu V Yaka Rahat Kesim Crop Örme Sweatshirt TWOAW23SW00096,372.99,998,/trendyolmilla/siyah-kalin-ici-polarli-kapusonlu-v-yaka-rahat-kesim-crop-orme-sweatshirt-twoaw23sw00096-p-262529858,Sweatshirt
150,134137774,TRENDYOLMİLLA,Taş Kalın İçi Polarlı Nakışlı Oversize/Geniş Kalıp Kapüşonlu Cepli Örme Sweatshirt TWOAW22SW1855,495.99,937,/trendyolmilla/tas-kalin-ici-polarli-nakisli-oversize-genis-kalip-kapusonlu-cepli-orme-sweatshirt-twoaw22sw1855-p-134137774,Sweatshirt
151,259026660,TRENDYOLMİLLA,Gri Basic Kapüşonlu İnce Örme Sweatshirt TWOAW20SW0059,268.99,291,/trendyolmilla/gri-basic-kapusonlu-ince-orme-sweatshirt-twoaw20sw0059-p-259026660,Sweatshirt
152,270029717,TRENDYOLMİLLA,Açık Pembe Fermuar Detaylı Polar Örme Sweatshirt TWOAW21SW0758,412.99,823,/trendyolmilla/acik-pembe-fermuar-detayli-polar-orme-sweatshirt-twoaw21sw0758-p-270029717,Sweatshirt
153,746975437,TRENDYOLMİLLA,Ekru Kalın İçi Polarlı Nakış ve Düğme Detaylı Dik Yaka Oversize Örme Sweatshirt TWOAW24SW00322,498.99,31,/trendyolmilla/ekru-kalin-ici-polarli-nakis-ve-dugme-detayli-dik-yaka-oversize-orme-sweatshirt-twoaw24sw00322-p-746975437,Sweatshirt
154,741747139,TRENDYOLMİLLA,Siyah Kroşeta Detaylı Kapüşonlu Kalın İçi Polarlı Örme Sweatshirt TWOAW24SW00180,465.99,66,/trendyolmilla/siyah-kroseta-detayli-kapusonlu-kalin-ici-polarli-orme-sweatshirt-twoaw24sw00180-p-741747139,Sweatshirt
155,729610018,TRENDYOLMİLLA,Kırmızı Oversize/Geniş Kalıp Sloganlı Fermuarlı Dik Yaka Kalın İçi Polarlı Sweatshirt TWOAW23SW00703,475.99,112,/trendyolmilla/kirmizi-oversize-genis-kalip-sloganli-fermuarli-dik-yaka-kalin-ici-polarli-sweatshirt-twoaw23sw00703-p-729610018,Sweatshirt
156,713022852,TRENDYOLMİLLA,Gri Selanik/Triko Görünümlü Fermuarlı Yaka Regular Kalıp Sıfır Kol Örme Sweatshirt TWOAW24SW00002,285.99,65,/trendyolmilla/gri-selanik-triko-gorunumlu-fermuarli-yaka-regular-kalip-sifir-kol-orme-sweatshirt-twoaw24sw00002-p-713022852,Sweatshirt
157,31971321,TRENDYOLMİLLA,Siyah Dik Yaka Loose Örme Sweatshirt,293.99,4329,/trendyolmilla/siyah-dik-yaka-loose-orme-sweatshirt-p-31971321,Sweatshirt
158,741931779,TRENDYOLMİLLA,Açık Bej Çizgili Selanik Fermuarlı Dik Yaka Regular/Normal Kalıp Örme Sweatshirt TWOAW22SW0732,248.99,352,/trendyolmilla/acik-bej-cizgili-selanik-fermuarli-dik-yaka-regular-normal-kalip-orme-sweatshirt-twoaw22sw0732-p-741931779,Sweatshirt
159,736487513,TRENDYOLMİLLA,Fuşya Kalın İçi Polarlı Oversize/Geniş Kalıp Kapüşonlu Basic Örme Sweatshirt TWOAW24SW00103,450.99,109,/trendyolmilla/fusya-kalin-ici-polarli-oversize-genis-kalip-kapusonlu-basic-orme-sweatshirt-twoaw24sw00103-p-736487513,Sweatshirt
160,259310504,TRENDYOLMİLLA,Kırık Beyaz Regular/Normal Kalıp Basic Polo Yaka Regular İnce Örme Sweatshirt TWOAW23SW00003,320.99,1001,/trendyolmilla/kirik-beyaz-regular-normal-kalip-basic-polo-yaka-regular-ince-orme-sweatshirt-twoaw23sw00003-p-259310504,Sweatshirt
161,742553239,TRENDYOL MAN,Antrasit Oversize/Geniş Kesim %100 Pamuk Soluk Efektli Mistik Temalı Sweatshirt TMNAW24SW00189,564.99,60,/trendyol-man/antrasit-oversize-genis-kesim-100-pamuk-soluk-efektli-mistik-temali-sweatshirt-tmnaw24sw00189-p-742553239,Sweatshirt
162,276386473,TRENDYOLMİLLA,Bej Loose Kapüşonlu Baskılı ve Şardonlu Örme Sweatshirt,417.99,545,/trendyolmilla/bej-loose-kapusonlu-baskili-ve-sardonlu-orme-sweatshirt-p-276386473,Sweatshirt
163,149007055,TRENDYOLMİLLA,Taş Kalın İçi Polarlı Baskılı Relaxed/Rahat Kalıp Bisiklet Yaka Örme Sweatshirt TWOAW21SW0150,414.99,561,/trendyolmilla/tas-kalin-ici-polarli-baskili-relaxed-rahat-kalip-bisiklet-yaka-orme-sweatshirt-twoaw21sw0150-p-149007055,Sweatshirt
164,48827529,TRENDYOLMİLLA,Siyah Kapüşonlu Örme Sweatshirt,428.99,1398,/trendyolmilla/siyah-kapusonlu-orme-sweatshirt-p-48827529,Sweatshirt
165,141978285,TRENDYOLMİLLA,Mor Sırt Baskı Detaylı Oversize/Geniş Kalıp Kalın İçi Polarlı Örme Sweatshirt TWOAW22SW0687,420.99,256,/trendyolmilla/mor-sirt-baski-detayli-oversize-genis-kalip-kalin-ici-polarli-orme-sweatshirt-twoaw22sw0687-p-141978285,Sweatshirt
166,138806714,TRENDYOLMİLLA,Siyah Kalın Polar Kapüşonlu ve Fermuarlı Oversize/Geniş Kalıp Örme Sweatshirt TWOAW22SW2063,419.99,2525,/trendyolmilla/siyah-kalin-polar-kapusonlu-ve-fermuarli-oversize-genis-kalip-orme-sweatshirt-twoaw22sw2063-p-138806714,Sweatshirt
167,824167373,TRENDYOL MAN,Kiremit Unisex Oversize Fit Kapüşonlu Sweatshirt TMNAW22SW1462,455.99,0,/trendyol-man/kiremit-unisex-oversize-fit-kapusonlu-sweatshirt-tmnaw22sw1462-p-824167373,Sweatshirt
168,741648279,TRENDYOLMİLLA,Siyah Dikiş Detaylı Bisiklet Yaka Regular Fit Kalın İçi Polarlı Örme Sweatshirt TWOAW24SW00233,419.99,40,/trendyolmilla/siyah-dikis-detayli-bisiklet-yaka-regular-fit-kalin-ici-polarli-orme-sweatshirt-twoaw24sw00233-p-741648279,Sweatshirt
169,261584566,TRENDYOLMİLLA,Açık Mavi Kalın İçi Polarlı Dik Yaka Relaxed/Rahat Kalıp Örme Sweatshirt TWOAW20SW0584,363.99,565,/trendyolmilla/acik-mavi-kalin-ici-polarli-dik-yaka-relaxed-rahat-kalip-orme-sweatshirt-twoaw20sw0584-p-261584566,Sweatshirt
170,745789383,TRENDYOLMİLLA,Antrasit Kalın İçi Polarlı Yıkama Efektli Oversize/Geniş Kalıp Örme Sweatshirt TWOAW24SW00230,618.99,110,/trendyolmilla/antrasit-kalin-ici-polarli-yikama-efektli-oversize-genis-kalip-orme-sweatshirt-twoaw24sw00230-p-745789383,Sweatshirt
171,51741799,TRENDYOLMİLLA,Gri nakışlı Sweatshirt,390.99,1070,/trendyolmilla/gri-nakisli-sweatshirt-p-51741799,Sweatshirt
172,745788418,TRENDYOLMİLLA,Ekru Fermuarlı Dik Yaka Kalın İçi Polarlı Regular Fit Örme Sweatshirt TWOAW24SW00347,404.99,148,/trendyolmilla/ekru-fermuarli-dik-yaka-kalin-ici-polarli-regular-fit-orme-sweatshirt-twoaw24sw00347-p-745788418,Sweatshirt
173,734006095,TRENDYOLMİLLA,Siyah Kalın İçi Polarlı Taş Detaylı Regular/Normal Kalıp Örme Sweatshirt TWOAW24SW00118,348.99,85,/trendyolmilla/siyah-kalin-ici-polarli-tas-detayli-regular-normal-kalip-orme-sweatshirt-twoaw24sw00118-p-734006095,Sweatshirt
174,284726719,TRENDYOLMİLLA,Zümrüt Yeşili Baskılı Kalın İçi Polarlı Relaxed/Rahat Kalıp Örme Sweatshirt TWOAW23SW00559,390.99,780,/trendyolmilla/zumrut-yesili-baskili-kalin-ici-polarli-relaxed-rahat-kalip-orme-sweatshirt-twoaw23sw00559-p-284726719,Sweatshirt
175,759993098,TRENDYOLMİLLA,Siyah Kalın İçi Polarlı Uzay Baskılı Oversize/Geniş Kesim Örme Sweatshirt TWOAW24SW00407,483.99,48,/trendyolmilla/siyah-kalin-ici-polarli-uzay-baskili-oversize-genis-kesim-orme-sweatshirt-twoaw24sw00407-p-759993098,Sweatshirt
176,131881525,TRENDYOLMİLLA,Gri Sırt Baskı Detaylı Kapüşonlu Kalın İçi Polarlı Örme Sweatshirt TWOAW22SW0711,430.99,1151,/trendyolmilla/gri-sirt-baski-detayli-kapusonlu-kalin-ici-polarli-orme-sweatshirt-twoaw22sw0711-p-131881525,Sweatshirt
177,274120136,TRENDYOLMİLLA,Mor Sırt Baskı Detaylı Kapüşonlu Kalın İçi Polarlı Örme Sweatshirt TWOAW22SW0711,390.99,229,/trendyolmilla/mor-sirt-baski-detayli-kapusonlu-kalin-ici-polarli-orme-sweatshirt-twoaw22sw0711-p-274120136,Sweatshirt
178,44712287,TRENDYOLMİLLA,Lila Kalın İçi Polarlı Dik Yaka Relaxed/Rahat Kalıp Örme Sweatshirt TWOAW20SW0584,366.99,877,/trendyolmilla/lila-kalin-ici-polarli-dik-yaka-relaxed-rahat-kalip-orme-sweatshirt-twoaw20sw0584-p-44712287,Sweatshirt
179,46655623,TRENDYOLMİLLA,Kırmızı Regular/Normal Kalıp Basic Kapüşonlu İnce Örme Sweatshirt TWOAW20SW0059,271.99,870,/trendyolmilla/kirmizi-regular-normal-kalip-basic-kapusonlu-ince-orme-sweatshirt-twoaw20sw0059-p-46655623,Sweatshirt
180,7736199,TRENDYOLMİLLA,Ekru Basic Kapüşonlu İnce Örme Sweatshirt TWOAW20SW0059,263.99,910,/trendyolmilla/ekru-basic-kapusonlu-ince-orme-sweatshirt-twoaw20sw0059-p-7736199,Sweatshirt
181,356791089,TRENDYOLMİLLA,Mint Kalın İçi Polarlı Baskılı Relaxed/Rahat Kalıp Kapüşonlu Örme Sweatshirt TWOAW23SW00430,369.99,202,/trendyolmilla/mint-kalin-ici-polarli-baskili-relaxed-rahat-kalip-kapusonlu-orme-sweatshirt-twoaw23sw00430-p-356791089,Sweatshirt
182,736782470,TRENDYOLMİLLA,Siyah Selanik/Triko Görünümlü Regular/Normal Kalıp Düğmeli Örme Sweatshirt TWOAW24SW00143,390.99,58,/trendyolmilla/siyah-selanik-triko-gorunumlu-regular-normal-kalip-dugmeli-orme-sweatshirt-twoaw24sw00143-p-736782470,Sweatshirt
183,733837738,TRENDYOLMİLLA,Fuşya Rahat Kesim Crop Dik Yaka Çıtçıtlı Kalın İçi Polarlı Örme Sweatshirt TWOAW24SW00008,431.99,213,/trendyolmilla/fusya-rahat-kesim-crop-dik-yaka-citcitli-kalin-ici-polarli-orme-sweatshirt-twoaw24sw00008-p-733837738,Sweatshirt
184,274120142,TRENDYOLMİLLA,Kahverengi Sırt Baskı Detaylı Kapüşonlu Kalın İçi Polarlı Örme Sweatshirt TWOAW22SW0711,400.99,360,/trendyolmilla/kahverengi-sirt-baski-detayli-kapusonlu-kalin-ici-polarli-orme-sweatshirt-twoaw22sw0711-p-274120142,Sweatshirt
185,259310501,TRENDYOLMİLLA,Siyah Regular/Normal Kalıp Basic Polo Yaka Regular İnce Örme Sweatshirt TWOAW23SW00003,309.99,763,/trendyolmilla/siyah-regular-normal-kalip-basic-polo-yaka-regular-ince-orme-sweatshirt-twoaw23sw00003-p-259310501,Sweatshirt
186,731627507,TRENDYOLMİLLA,Siyah Sırt Baskı Detaylı Oversize/Geniş Kalıp Kalın İçi Polarlı Örme Sweatshirt TWOAW22SW0687,529.99,47,/trendyolmilla/siyah-sirt-baski-detayli-oversize-genis-kalip-kalin-ici-polarli-orme-sweatshirt-twoaw22sw0687-p-731627507,Sweatshirt
187,261693411,TRENDYOLMİLLA,Mor Kalın İçi Polarlı Kanguru Cepli Kapüşonlu Boyfriend/Geniş Kalıp Örme Sweatshirt TWOAW20SW0525,465.99,484,/trendyolmilla/mor-kalin-ici-polarli-kanguru-cepli-kapusonlu-boyfriend-genis-kalip-orme-sweatshirt-twoaw20sw0525-p-261693411,Sweatshirt
188,259281299,TRENDYOLMİLLA,Gri Melanj Basic Baskılı Kalın İçi Polarlı Örme Sweatshirt TWOAW23SW00117,457.99,450,/trendyolmilla/gri-melanj-basic-baskili-kalin-ici-polarli-orme-sweatshirt-twoaw23sw00117-p-259281299,Sweatshirt
189,259084663,TRENDYOLMİLLA,Lacivert Kapüşonlu Oversize/Geniş Kalıp Kapuşonlu Kalın İçi Polarlı Sweatshirt TWOAW21SW0840,516.99,996,/trendyolmilla/lacivert-kapusonlu-oversize-genis-kalip-kapusonlu-kalin-ici-polarli-sweatshirt-twoaw21sw0840-p-259084663,Sweatshirt
190,143532491,TRENDYOLMİLLA,Kahverengi Kalın İçi Polarlı Regular/Normal Kalıp Slogan Nakışlı Örme Sweatshirt TWOAW21SW1061,366.99,1082,/trendyolmilla/kahverengi-kalin-ici-polarli-regular-normal-kalip-slogan-nakisli-orme-sweatshirt-twoaw21sw1061-p-143532491,Sweatshirt
191,774230279,TRENDYOLMİLLA,Lacivert Baskılı Basic Örme Sweatshirt TWOAW21SW0150,411.99,50,/trendyolmilla/lacivert-baskili-basic-orme-sweatshirt-twoaw21sw0150-p-774230279,Sweatshirt
193,733844548,TRENDYOLMİLLA,Lacivert Oversize/Geniş Kalıp Triko Yaka Detaylı Diagonel Örme Sweatshirt TWOAW24SW00052,492.99,115,/trendyolmilla/lacivert-oversize-genis-kalip-triko-yaka-detayli-diagonel-orme-sweatshirt-twoaw24sw00052-p-733844548,Sweatshirt
194,775327183,TRENDYOLMİLLA,Vizon Kalın İçi Polarlı Şehir Baskılı Oversize/Geniş Kalıp Kapüşonlu Örme Sweatshirt TWOAW24SW00438,486.99,22,/trendyolmilla/vizon-kalin-ici-polarli-sehir-baskili-oversize-genis-kalip-kapusonlu-orme-sweatshirt-twoaw24sw00438-p-775327183,Sweatshirt
195,740813153,TRENDYOLMİLLA,Lacivert Regular/Normal Kalıp Nakışlı Kapuşonlu Kalın İçi Polarlı Örme Sweatshirt TWOAW24SW00219,483.99,67,/trendyolmilla/lacivert-regular-normal-kalip-nakisli-kapusonlu-kalin-ici-polarli-orme-sweatshirt-twoaw24sw00219-p-740813153,Sweatshirt
196,760175131,TRENDYOLMİLLA,Kırmızı Gömlek Yaka Nakışlı Regular Fit Kalın İçi Polarlı Örme Sweatshirt TWOAW24SW00182,468.99,76,/trendyolmilla/kirmizi-gomlek-yaka-nakisli-regular-fit-kalin-ici-polarli-orme-sweatshirt-twoaw24sw00182-p-760175131,Sweatshirt
197,713023831,TRENDYOLMİLLA,Bej Selanik/Triko Görünümlü Fermuarlı Relaxed/Rahat Kalıp Örme Sweatshirt TWOAW24SW00001,389.99,60,/trendyolmilla/bej-selanik-triko-gorunumlu-fermuarli-relaxed-rahat-kalip-orme-sweatshirt-twoaw24sw00001-p-713023831,Sweatshirt
198,744962848,TRENDYOLMİLLA,Vizon Relaxed/Rahat Kalıp Basic Reglan Kol Bisiklet Yaka Örme Sweatshirt TWOAW24SW00104,384.99,84,/trendyolmilla/vizon-relaxed-rahat-kalip-basic-reglan-kol-bisiklet-yaka-orme-sweatshirt-twoaw24sw00104-p-744962848,Sweatshirt
199,270029720,TRENDYOLMİLLA,Bordo Fermuar Detaylı Polar Örme Sweatshirt TWOAW21SW0758,396.99,842,/trendyolmilla/bordo-fermuar-detayli-polar-orme-sweatshirt-twoaw21sw0758-p-270029720,Sweatshirt
200,713021385,TRENDYOLMİLLA,Siyah Selanik/Triko Görünümlü Renk Bloklu Fermuarlı Polo Yaka Crop Örme Sweatshirt TWOAW24SW00028,356.99,54,/trendyolmilla/siyah-selanik-triko-gorunumlu-renk-bloklu-fermuarli-polo-yaka-crop-orme-sweatshirt-twoaw24sw00028-p-713021385,Sweatshirt
201,733703373,TRENDYOLMİLLA,Lacivert Relaxed/Rahat Kalıp Basic Reglan Kol Bisiklet Yaka Örme Sweatshirt TWOAW24SW00104,383.99,906,/trendyolmilla/lacivert-relaxed-rahat-kalip-basic-reglan-kol-bisiklet-yaka-orme-sweatshirt-twoaw24sw00104-p-733703373,Sweatshirt
202,130323417,TRENDYOLMİLLA,Bej Kalın İçi Polarlı Slogan Nakışlı Bisiklet Yaka Relaxed/Rahat Kalıp Örme Sweatshirt TWOAW22SW1464,413.99,3194,/trendyolmilla/bej-kalin-ici-polarli-slogan-nakisli-bisiklet-yaka-relaxed-rahat-kalip-orme-sweatshirt-twoaw22sw1464-p-130323417,Sweatshirt
203,736782467,TRENDYOLMİLLA,Koyu Zümrüt Yeşili Selanik/Triko Görünümlü Regular Kalıp Düğmeli Örme Sweatshirt TWOAW24SW00143,397.99,130,/trendyolmilla/koyu-zumrut-yesili-selanik-triko-gorunumlu-regular-kalip-dugmeli-orme-sweatshirt-twoaw24sw00143-p-736782467,Sweatshirt
204,748220483,TRENDYOLMİLLA,Açık Taş Kalın İçi Polarlı Rahat Kesim Crop İspanyol Kol Kapüşonlu Örme Sweatshirt TWOAW24SW00284,383.99,92,/trendyolmilla/acik-tas-kalin-ici-polarli-rahat-kesim-crop-ispanyol-kol-kapusonlu-orme-sweatshirt-twoaw24sw00284-p-748220483,Sweatshirt
205,723197415,TRENDYOLMİLLA,Taş Kalın İçi Polarlı Kapüşonlu Rahat Kesim Crop Örme Sweatshirt TWOAW24SW00065,354.99,58,/trendyolmilla/tas-kalin-ici-polarli-kapusonlu-rahat-kesim-crop-orme-sweatshirt-twoaw24sw00065-p-723197415,Sweatshirt
206,733835601,TRENDYOLMİLLA,Haki Paraşüt Detaylı Polo Yaka Fermuarlı Stoperli Polar Crop Örme Sweatshirt TWOAW24SW00005,345.99,88,/trendyolmilla/haki-parasut-detayli-polo-yaka-fermuarli-stoperli-polar-crop-orme-sweatshirt-twoaw24sw00005-p-733835601,Sweatshirt
207,713024572,TRENDYOLMİLLA,Bej Selanik/Triko Görünümlü Polo Yaka Fermuarlı Regular/Normal Kalıp Örme Sweatshirt TWOAW24SW00000,304.99,151,/trendyolmilla/bej-selanik-triko-gorunumlu-polo-yaka-fermuarli-regular-normal-kalip-orme-sweatshirt-twoaw24sw00000-p-713024572,Sweatshirt
208,742553141,TRENDYOL MAN,Lila Unisex Oversize/Geniş Kesim %100 Pamuk Eskitme/Soluk Efektli Mistik Sweatshirt TMNAW24SW00189,471.99,31,/trendyol-man/lila-unisex-oversize-genis-kesim-100-pamuk-eskitme-soluk-efektli-mistik-sweatshirt-tmnaw24sw00189-p-742553141,Sweatshirt
209,738822117,TRENDYOLMİLLA,Ekru Gömlek Yaka Nakışlı Regular Fit Kalın İçi Polarlı Örme Sweatshirt TWOAW24SW00182,449.99,106,/trendyolmilla/ekru-gomlek-yaka-nakisli-regular-fit-kalin-ici-polarli-orme-sweatshirt-twoaw24sw00182-p-738822117,Sweatshirt
210,46295720,TRENDYOLMİLLA,Beyaz Baskılı Basic Örme Sweatshirt,447.99,1349,/trendyolmilla/beyaz-baskili-basic-orme-sweatshirt-p-46295720,Sweatshirt
211,123965174,TRENDYOLMİLLA,Bej Sırt Baskı Detaylı Kapüşonlu Kalın İçi Polarlı Örme Sweatshirt TWOAW22SW0711,428.99,1531,/trendyolmilla/bej-sirt-baski-detayli-kapusonlu-kalin-ici-polarli-orme-sweatshirt-twoaw22sw0711-p-123965174,Sweatshirt
212,50940966,TRENDYOLMİLLA,Lacivert nakışlı Sweatshirt,421.99,2071,/trendyolmilla/lacivert-nakisli-sweatshirt-p-50940966,Sweatshirt
213,261584562,TRENDYOLMİLLA,Mor Kalın İçi Polarlı Dik Yaka Relaxed/Rahat Kalıp Örme Sweatshirt TWOAW20SW0584,360.99,302,/trendyolmilla/mor-kalin-ici-polarli-dik-yaka-relaxed-rahat-kalip-orme-sweatshirt-twoaw20sw0584-p-261584562,Sweatshirt
214,737517102,TRENDYOLMİLLA,Mor Eskitme/Soluk Efektli Kalın İçi Polarlı Oversize/Geniş Kalıp Örme Sweatshirt TWOAW24SW00151,528.99,115,/trendyolmilla/mor-eskitme-soluk-efektli-kalin-ici-polarli-oversize-genis-kalip-orme-sweatshirt-twoaw24sw00151-p-737517102,Sweatshirt
215,734054220,TRENDYOLMİLLA,Indigo Kalın İçi Polarlı Cep Detaylı Kapüşonlu Regular/Normal Kalıp Örme Sweatshirt TWOAW24SW00075,501.99,95,/trendyolmilla/indigo-kalin-ici-polarli-cep-detayli-kapusonlu-regular-normal-kalip-orme-sweatshirt-twoaw24sw00075-p-734054220,Sweatshirt
216,143246233,TRENDYOLMİLLA,Kırmızı Sırt Baskı Detaylı Kapüşonlu Kalın İçi Polarlı Örme Sweatshirt TWOAW22SW0711,379.99,2204,/trendyolmilla/kirmizi-sirt-baski-detayli-kapusonlu-kalin-ici-polarli-orme-sweatshirt-twoaw22sw0711-p-143246233,Sweatshirt
217,738562915,TRENDYOLMİLLA,Beyaz Kalın İçi Polarlı Baskılı Bisiklet Yaka Regular/Normal Kalıp Örme Sweatshirt TWOAW24SW00175,391.99,158,/trendyolmilla/beyaz-kalin-ici-polarli-baskili-bisiklet-yaka-regular-normal-kalip-orme-sweatshirt-twoaw24sw00175-p-738562915,Sweatshirt
218,259084667,TRENDYOLMİLLA,Vizon Kapüşonlu Oversize/Geniş Kalıp Fermuarlı Kapuşonlu Kalın İçi Polarlı Sweatshirt TWOAW21SW0840,439.99,1292,/trendyolmilla/vizon-kapusonlu-oversize-genis-kalip-fermuarli-kapusonlu-kalin-ici-polarli-sweatshirt-twoaw21sw0840-p-259084667,Sweatshirt
219,279200678,TRENDYOLMİLLA,Ekru Kapüşonlu Oversize Şardonlu Örme Sweatshirt,482.99,685,/trendyolmilla/ekru-kapusonlu-oversize-sardonlu-orme-sweatshirt-p-279200678,Sweatshirt
220,279200688,TRENDYOLMİLLA,Gri Kapüşonlu Oversize Şardonlu Örme Sweatshirt,492.99,511,/trendyolmilla/gri-kapusonlu-oversize-sardonlu-orme-sweatshirt-p-279200688,Sweatshirt
221,722500911,TRENDYOLMİLLA,Ekru Fermuar Detaylı Polar Örme Sweatshirt TWOAW21SW0758,424.99,194,/trendyolmilla/ekru-fermuar-detayli-polar-orme-sweatshirt-twoaw21sw0758-p-722500911,Sweatshirt
222,741648280,TRENDYOLMİLLA,Taş Dikiş Detaylı Bisiklet Yaka Regular Fit Kalın İçi Polarlı Örme Sweatshirt TWOAW24SW00233,380.99,118,/trendyolmilla/tas-dikis-detayli-bisiklet-yaka-regular-fit-kalin-ici-polarli-orme-sweatshirt-twoaw24sw00233-p-741648280,Sweatshirt
223,775327182,TRENDYOLMİLLA,Siyah Kalın İçi Polarlı Şehir Baskılı Oversize/Geniş Kalıp Kapüşonlu Örme Sweatshirt TWOAW24SW00438,488.99,18,/trendyolmilla/siyah-kalin-ici-polarli-sehir-baskili-oversize-genis-kalip-kapusonlu-orme-sweatshirt-twoaw24sw00438-p-775327182,Sweatshirt
224,760175132,TRENDYOLMİLLA,Zümrüt Yeşili Gömlek Yaka Nakışlı Regular Fit Kalın İçi Polarlı Örme Sweatshirt TWOAW24SW00182,449.99,44,/trendyolmilla/zumrut-yesili-gomlek-yaka-nakisli-regular-fit-kalin-ici-polarli-orme-sweatshirt-twoaw24sw00182-p-760175132,Sweatshirt
225,759510411,TRENDYOLMİLLA,Kırmızı Fermuarlı Baskılı Oversize Kalın İçi Polarlı Örme Sweatshirt TWOAW24SW00184,572.99,69,/trendyolmilla/kirmizi-fermuarli-baskili-oversize-kalin-ici-polarli-orme-sweatshirt-twoaw24sw00184-p-759510411,Sweatshirt
226,756425323,TRENDYOLMİLLA,Gri Fermuarlı Baskılı Oversize Kalın İçi Polarlı Örme Sweatshirt TWOAW24SW00184,563.99,107,/trendyolmilla/gri-fermuarli-baskili-oversize-kalin-ici-polarli-orme-sweatshirt-twoaw24sw00184-p-756425323,Sweatshirt
227,755959256,TRENDYOLMİLLA,Yeşil Sırt Baskılı Oversize/Geniş Kesim Kapüşonlu Kalın Polarlı Örme Sweatshirt TWOAW23SW00904,487.99,31,/trendyolmilla/yesil-sirt-baskili-oversize-genis-kesim-kapusonlu-kalin-polarli-orme-sweatshirt-twoaw23sw00904-p-755959256,Sweatshirt
228,750755377,TRENDYOLMİLLA,Pembe Rahat Kesim Crop Basic Fermuarlı Dik Yaka Kalın İçi Polarlı Örme Sweatshirt TWOAW24SW00221,452.99,262,/trendyolmilla/pembe-rahat-kesim-crop-basic-fermuarli-dik-yaka-kalin-ici-polarli-orme-sweatshirt-twoaw24sw00221-p-750755377,Sweatshirt
229,748211047,TRENDYOLMİLLA,Haki Leopar/Animal Baskılı Regular Fit Kalın İçi Polarlı Örme Sweatshirt TWOAW24SW00365,482.99,162,/trendyolmilla/haki-leopar-animal-baskili-regular-fit-kalin-ici-polarli-orme-sweatshirt-twoaw24sw00365-p-748211047,Sweatshirt
230,746975436,TRENDYOLMİLLA,Lacivert Kalın İçi Polarlı Nakış ve Düğme Detaylı Dik Yaka Oversize Örme Sweatshirt TWOAW24SW00322,504.99,56,/trendyolmilla/lacivert-kalin-ici-polarli-nakis-ve-dugme-detayli-dik-yaka-oversize-orme-sweatshirt-twoaw24sw00322-p-746975436,Sweatshirt
231,746631641,TRENDYOLMİLLA,Ekru Baskılı Oversize Bisiklet Yaka Örme Sweatshirt TWOAW24SW00360,403.99,95,/trendyolmilla/ekru-baskili-oversize-bisiklet-yaka-orme-sweatshirt-twoaw24sw00360-p-746631641,Sweatshirt
232,746627816,TRENDYOLMİLLA,Kiremit Etiket Detaylı Regular Bisiklet Yaka Örme Sweatshirt TWOAW24SW00289,397.99,125,/trendyolmilla/kiremit-etiket-detayli-regular-bisiklet-yaka-orme-sweatshirt-twoaw24sw00289-p-746627816,Sweatshirt
233,745788420,TRENDYOLMİLLA,Indigo Fermuarlı Dik Yaka Kalın İçi Polarlı Regular Fit Örme Sweatshirt TWOAW24SW00347,448.99,51,/trendyolmilla/indigo-fermuarli-dik-yaka-kalin-ici-polarli-regular-fit-orme-sweatshirt-twoaw24sw00347-p-745788420,Sweatshirt
234,745776551,TRENDYOLMİLLA,Siyah Çizgili Polo Yaka Kalın İçi Polarlı Oversize Örme Sweatshirt TWOAW24SW00344,471.99,175,/trendyolmilla/siyah-cizgili-polo-yaka-kalin-ici-polarli-oversize-orme-sweatshirt-twoaw24sw00344-p-745776551,Sweatshirt
235,745214376,TRENDYOLMİLLA,Antrasit Eskitme/Soluk Efektli Kalın Polarlı Basic Kalıp Reglan Kol Örme Sweatshirt TWOAW24SW00104,583.99,94,/trendyolmilla/antrasit-eskitme-soluk-efektli-kalin-polarli-basic-kalip-reglan-kol-orme-sweatshirt-twoaw24sw00104-p-745214376,Sweatshirt
236,741171943,TRENDYOLMİLLA,Saks Kapüşonlu Sırt Baskılı Oversize/Geniş Kalıp Kalın İçi Polarlı Örme Sweatshirt TWOAW24SW00214,499.99,109,/trendyolmilla/saks-kapusonlu-sirt-baskili-oversize-genis-kalip-kalin-ici-polarli-orme-sweatshirt-twoaw24sw00214-p-741171943,Sweatshirt
237,741141203,TRENDYOLMİLLA,Haki Eskitme/Soluk Efektli Kalın İçi Polarlı Oversize/Geniş Kalıp Örme Sweatshirt TWOAW24SW00193,614.99,77,/trendyolmilla/haki-eskitme-soluk-efektli-kalin-ici-polarli-oversize-genis-kalip-orme-sweatshirt-twoaw24sw00193-p-741141203,Sweatshirt
238,740813015,TRENDYOLMİLLA,Siyah Rahat Kesim Crop Basic Fermuarlı Dik Yaka Kalın İçi Polarlı Örme Sweatshirt TWOAW24SW00221,437.99,217,/trendyolmilla/siyah-rahat-kesim-crop-basic-fermuarli-dik-yaka-kalin-ici-polarli-orme-sweatshirt-twoaw24sw00221-p-740813015,Sweatshirt
239,740813013,TRENDYOLMİLLA,Lacivert Rahat Kesim Crop Basic Fermuarlı Dik Yaka Kalın İçi Polarlı Örme Sweatshirt TWOAW24SW00221,445.99,220,/trendyolmilla/lacivert-rahat-kesim-crop-basic-fermuarli-dik-yaka-kalin-ici-polarli-orme-sweatshirt-twoaw24sw00221-p-740813013,Sweatshirt
240,738786120,TRENDYOLMİLLA,Haki Animal Nakışlı Regular/Normal Kalıp Kalın İçi Polarlı Örme Sweatshirt TWOAW24SW00196,412.99,137,/trendyolmilla/haki-animal-nakisli-regular-normal-kalip-kalin-ici-polarli-orme-sweatshirt-twoaw24sw00196-p-738786120,Sweatshirt
241,738563337,TRENDYOLMİLLA,Taş Kalın İçi Polarlı Dikiş Detaylı Regular/Normal Kalıp Örme Sweatshirt TWOAW24SW00169,404.99,83,/trendyolmilla/tas-kalin-ici-polarli-dikis-detayli-regular-normal-kalip-orme-sweatshirt-twoaw24sw00169-p-738563337,Sweatshirt
242,738562243,TRENDYOLMİLLA,Siyah File Detaylı Kalın İçi Polarlı Regular/Normal Kalıp Örme Sweatshirt TWOAW24SW00134,438.99,142,/trendyolmilla/siyah-file-detayli-kalin-ici-polarli-regular-normal-kalip-orme-sweatshirt-twoaw24sw00134-p-738562243,Sweatshirt
243,738175775,TRENDYOLMİLLA,Lacivert Kalın İçi Polarlı Fermuarlı Dik Yaka Oversize/Geniş Kalıp Örme Sweatshirt TWOAW24SW00127,457.99,52,/trendyolmilla/lacivert-kalin-ici-polarli-fermuarli-dik-yaka-oversize-genis-kalip-orme-sweatshirt-twoaw24sw00127-p-738175775,Sweatshirt
244,738175773,TRENDYOLMİLLA,Gri Kalın İçi Polarlı Fermuarlı Dik Yaka Oversize/Geniş Kalıp Örme Sweatshirt TWOAW24SW00127,464.99,60,/trendyolmilla/gri-kalin-ici-polarli-fermuarli-dik-yaka-oversize-genis-kalip-orme-sweatshirt-twoaw24sw00127-p-738175773,Sweatshirt
245,738087666,TRENDYOLMİLLA,Lacivert Fermuar Yaka Nakış Detaylı Regular Fit Kalın İçi Polarlı Örme Sweatshirt TWOAW24SW00162,473.99,89,/trendyolmilla/lacivert-fermuar-yaka-nakis-detayli-regular-fit-kalin-ici-polarli-orme-sweatshirt-twoaw24sw00162-p-738087666,Sweatshirt
246,736487519,TRENDYOLMİLLA,Gri Melanj Kalın İçi Polarlı Oversize/Geniş Kalıp Kapüşonlu Basic Örme Sweatshirt TWOAW24SW00103,440.99,315,/trendyolmilla/gri-melanj-kalin-ici-polarli-oversize-genis-kalip-kapusonlu-basic-orme-sweatshirt-twoaw24sw00103-p-736487519,Sweatshirt
247,736485969,TRENDYOLMİLLA,Kahverengi Eskitme/Soluk Efektli Kalın Polarlı İnci Detaylı Regular Örme Sweatshirt TWOAW24SW00152,536.99,128,/trendyolmilla/kahverengi-eskitme-soluk-efektli-kalin-polarli-inci-detayli-regular-orme-sweatshirt-twoaw24sw00152-p-736485969,Sweatshirt
248,736485753,TRENDYOLMİLLA,Antrasit Eskitme/Soluk Efektli Kalın İçi Polarlı Oversize/Geniş Kalıp Örme Sweatshirt TWOAW24SW00151,534.99,222,/trendyolmilla/antrasit-eskitme-soluk-efektli-kalin-ici-polarli-oversize-genis-kalip-orme-sweatshirt-twoaw24sw00151-p-736485753,Sweatshirt
249,733840164,TRENDYOLMİLLA,Turuncu Rahat Kesim Crop Cep Detaylı Kapüşonlu Kalın İçi Polarlı Örme Sweatshirt TWOAW24SW00010,496.99,125,/trendyolmilla/turuncu-rahat-kesim-crop-cep-detayli-kapusonlu-kalin-ici-polarli-orme-sweatshirt-twoaw24sw00010-p-733840164,Sweatshirt
250,733837718,TRENDYOLMİLLA,Vizon Rahat Kesim Crop Dik Yaka Çıtçıtlı Kalın İçi Polarlı Örme Sweatshirt TWOAW24SW00008,408.99,92,/trendyolmilla/vizon-rahat-kesim-crop-dik-yaka-citcitli-kalin-ici-polarli-orme-sweatshirt-twoaw24sw00008-p-733837718,Sweatshirt
251,733835594,TRENDYOLMİLLA,Antrasit Crop Paraşüt Detaylı Polo Yaka Fermuarlı Stoperli Polar Örme Sweatshirt TWOAW24SW00005,480.99,67,/trendyolmilla/antrasit-crop-parasut-detayli-polo-yaka-fermuarli-stoperli-polar-orme-sweatshirt-twoaw24sw00005-p-733835594,Sweatshirt
252,733703418,TRENDYOLMİLLA,Siyah Relaxed/Rahat Kalıp Basic Reglan Kol Bisiklet Yaka Örme Sweatshirt TWOAW24SW00104,388.99,562,/trendyolmilla/siyah-relaxed-rahat-kalip-basic-reglan-kol-bisiklet-yaka-orme-sweatshirt-twoaw24sw00104-p-733703418,Sweatshirt
253,733703277,TRENDYOLMİLLA,Taş Relaxed/Rahat Kalıp Basic Reglan Kol Bisiklet Yaka Örme Sweatshirt TWOAW24SW00104,392.99,638,/trendyolmilla/tas-relaxed-rahat-kalip-basic-reglan-kol-bisiklet-yaka-orme-sweatshirt-twoaw24sw00104-p-733703277,Sweatshirt
254,733606311,TRENDYOLMİLLA,Yeşil Oversize/Rahat Kesim Basic Bisiklet Yaka Kalın/İçi polarlı Örme Sweatshirt TWOAW24SW00102,412.99,317,/trendyolmilla/yesil-oversize-rahat-kesim-basic-bisiklet-yaka-kalin-ici-polarli-orme-sweatshirt-twoaw24sw00102-p-733606311,Sweatshirt
255,733340563,TRENDYOLMİLLA,Taş Kalın İçi Polarlı Triko Bant Detaylı Kapüşonlu Örme Sweatshirt TWOAW22SW1806,538.99,354,/trendyolmilla/tas-kalin-ici-polarli-triko-bant-detayli-kapusonlu-orme-sweatshirt-twoaw22sw1806-p-733340563,Sweatshirt
256,732815306,TRENDYOLMİLLA,Kırmızı Kalın İçi Polarlı Kapüşonlu Rahat Kesim Crop Basic Örme Sweatshirt TWOAW24SW00105,432.99,68,/trendyolmilla/kirmizi-kalin-ici-polarli-kapusonlu-rahat-kesim-crop-basic-orme-sweatshirt-twoaw24sw00105-p-732815306,Sweatshirt
257,731627485,TRENDYOLMİLLA,Indigo Sırt Baskı Detaylı Oversize/Geniş Kalıp Kalın İçi Polarlı Örme Sweatshirt TWOAW22SW0687,503.99,82,/trendyolmilla/indigo-sirt-baski-detayli-oversize-genis-kalip-kalin-ici-polarli-orme-sweatshirt-twoaw22sw0687-p-731627485,Sweatshirt
258,730102062,TRENDYOLMİLLA,Ekru Regular/Normal Kalıp Çıtçıtlı Dikiş Detaylı Dik Yaka Kalın Örme Sweatshirt TWOAW24SW00040,460.99,95,/trendyolmilla/ekru-regular-normal-kalip-citcitli-dikis-detayli-dik-yaka-kalin-orme-sweatshirt-twoaw24sw00040-p-730102062,Sweatshirt
259,730102056,TRENDYOLMİLLA,Lacivert Regular/Normal Kalıp Çıtçıtlı Dikiş Detaylı Dik Yaka Kalın Örme Sweatshirt TWOAW24SW00040,506.99,94,/trendyolmilla/lacivert-regular-normal-kalip-citcitli-dikis-detayli-dik-yaka-kalin-orme-sweatshirt-twoaw24sw00040-p-730102056,Sweatshirt
260,728488789,TRENDYOLMİLLA,Lacivert Kalın Polar Kapüşonlu ve Fermuarlı Oversize/Geniş Kalıp Örme Sweatshirt TWOAW22SW2063,463.99,122,/trendyolmilla/lacivert-kalin-polar-kapusonlu-ve-fermuarli-oversize-genis-kalip-orme-sweatshirt-twoaw22sw2063-p-728488789,Sweatshirt
261,720932441,TRENDYOLMİLLA,Ekru Regular Slogan Nakışlı Kapüşonlu Kalın Örme Sweatshirt TWOAW24SW00027,475.99,28,/trendyolmilla/ekru-regular-slogan-nakisli-kapusonlu-kalin-orme-sweatshirt-twoaw24sw00027-p-720932441,Sweatshirt
262,713024566,TRENDYOLMİLLA,Lacivert Selanik/Triko Görünümlü Polo Yaka Fermuarlı Regular Kalıp Örme Sweatshirt TWOAW24SW00000,356.99,400,/trendyolmilla/lacivert-selanik-triko-gorunumlu-polo-yaka-fermuarli-regular-kalip-orme-sweatshirt-twoaw24sw00000-p-713024566,Sweatshirt
263,354468706,TRENDYOLMİLLA,Mor Selanik/Triko Görünümlü Fermuarlı Yaka Regular/Normal Kalıp Örme Sweatshirt TWOAW22SW0732,292.99,464,/trendyolmilla/mor-selanik-triko-gorunumlu-fermuarli-yaka-regular-normal-kalip-orme-sweatshirt-twoaw22sw0732-p-354468706,Sweatshirt
265,354420863,TRENDYOLMİLLA,Lacivert Kalın İçi Polarlı Triko Bant Detaylı Kapüşonlu Örme Sweatshirt TWOAW22SW1806,507.99,469,/trendyolmilla/lacivert-kalin-ici-polarli-triko-bant-detayli-kapusonlu-orme-sweatshirt-twoaw22sw1806-p-354420863,Sweatshirt
266,287365705,TRENDYOLMİLLA,Lacivert Oversize/Geniş Kalıp Baskılı Fermuarlı Dik Yaka Kalın İçi Polarlı Sweatshirt TWOAW23SW00703,446.99,1674,/trendyolmilla/lacivert-oversize-genis-kalip-baskili-fermuarli-dik-yaka-kalin-ici-polarli-sweatshirt-twoaw23sw00703-p-287365705,Sweatshirt
267,286444645,TRENDYOLMİLLA,Ekru Oversize/Geniş Kalıp Fermuarlı Dik Yaka Kalın İçi Polarlı Örme Sweatshirt TWOAW23SW00708,496.99,446,/trendyolmilla/ekru-oversize-genis-kalip-fermuarli-dik-yaka-kalin-ici-polarli-orme-sweatshirt-twoaw23sw00708-p-286444645,Sweatshirt
268,282776768,TRENDYOLMİLLA,Ekru Kalın İçi Polarlı Rahat Kesim Crop Kolu Baskılı Örme Sweatshirt TWOAW23SW00568,360.99,983,/trendyolmilla/ekru-kalin-ici-polarli-rahat-kesim-crop-kolu-baskili-orme-sweatshirt-twoaw23sw00568-p-282776768,Sweatshirt
269,279200684,TRENDYOLMİLLA,Siyah Kapüşonlu Oversize Şardonlu Örme Sweatshirt TWOAW23SW00439,476.99,736,/trendyolmilla/siyah-kapusonlu-oversize-sardonlu-orme-sweatshirt-twoaw23sw00439-p-279200684,Sweatshirt
270,279200670,TRENDYOLMİLLA,Lacivert Kapüşonlu Oversize Şardonlu Örme Sweatshirt,464.99,282,/trendyolmilla/lacivert-kapusonlu-oversize-sardonlu-orme-sweatshirt-p-279200670,Sweatshirt
271,274120149,TRENDYOLMİLLA,İndigo Sırt Baskı Detaylı Kapüşonlu Kalın İçi Polarlı Örme Sweatshirt TWOAW22SW0711,425.99,306,/trendyolmilla/indigo-sirt-baski-detayli-kapusonlu-kalin-ici-polarli-orme-sweatshirt-twoaw22sw0711-p-274120149,Sweatshirt
272,269168207,TRENDYOLMİLLA,Bej Selanik/Triko Görünümlü Fermuarlı Yaka Regular/Normal Kalıp Örme Sweatshirt TWOAW22SW0732,257.99,2556,/trendyolmilla/bej-selanik-triko-gorunumlu-fermuarli-yaka-regular-normal-kalip-orme-sweatshirt-twoaw22sw0732-p-269168207,Sweatshirt
273,262558984,TRENDYOLMİLLA,Beyaz Basic Regular/Normal Kalıp Kalın İçi Polarlı Kapüşonlu Örme Sweatshirt,395.99,1344,/trendyolmilla/beyaz-basic-regular-normal-kalip-kalin-ici-polarli-kapusonlu-orme-sweatshirt-p-262558984,Sweatshirt
274,262558982,TRENDYOLMİLLA,Petrol Regular/Normal Kalıp Basic Kapüşonlu Kalın İçi Polarlı Örme Sweatshirt TWOAW23SW00004,412.99,277,/trendyolmilla/petrol-regular-normal-kalip-basic-kapusonlu-kalin-ici-polarli-orme-sweatshirt-twoaw23sw00004-p-262558982,Sweatshirt
275,262529860,TRENDYOLMİLLA,Gri Kalın İçi Polarlı Kapüşonlu V Yaka Rahat Kesim Crop Örme Sweatshirt TWOAW23SW00096,405.99,2315,/trendyolmilla/gri-kalin-ici-polarli-kapusonlu-v-yaka-rahat-kesim-crop-orme-sweatshirt-twoaw23sw00096-p-262529860,Sweatshirt
276,262485420,TRENDYOLMİLLA,Bej Oversize/Geniş Kalıp Yırtmaç Detaylı Kalın İçi Polarlı Örme Sweatshirt TWOAW23SW00195,425.99,1358,/trendyolmilla/bej-oversize-genis-kalip-yirtmac-detayli-kalin-ici-polarli-orme-sweatshirt-twoaw23sw00195-p-262485420,Sweatshirt
277,262485412,TRENDYOLMİLLA,Siyah Oversize/Geniş Kalıp Yırtmaç Detaylı Kalın İçi Polarlı Örme Sweatshirt TWOAW23SW00195,421.99,1397,/trendyolmilla/siyah-oversize-genis-kalip-yirtmac-detayli-kalin-ici-polarli-orme-sweatshirt-twoaw23sw00195-p-262485412,Sweatshirt
278,261693405,TRENDYOLMİLLA,Koyu Kahverengi Kanguru Cepli Kapüşonlu Boyfriend Şardonlu Örme Kalın Sweatshirt,468.99,368,/trendyolmilla/koyu-kahverengi-kanguru-cepli-kapusonlu-boyfriend-sardonlu-orme-kalin-sweatshirt-p-261693405,Sweatshirt
279,261693395,TRENDYOLMİLLA,Antrasit Kanguru Cepli Kapüşonlu Boyfriend Şardonlu Örme Kalın Sweatshirt,475.99,542,/trendyolmilla/antrasit-kanguru-cepli-kapusonlu-boyfriend-sardonlu-orme-kalin-sweatshirt-p-261693395,Sweatshirt
280,259310510,TRENDYOLMİLLA,Kırmızı Regular/Normal Kalıp Basic Polo Yaka Regular İnce Örme Sweatshirt TWOAW23SW00003,336.99,1645,/trendyolmilla/kirmizi-regular-normal-kalip-basic-polo-yaka-regular-ince-orme-sweatshirt-twoaw23sw00003-p-259310510,Sweatshirt
281,259084656,TRENDYOLMİLLA,Kahverengi Kapüşonlu Oversize/Geniş Kalıp Kapuşonlu Kalın İçi Polarlı Sweatshirt TWOAW21SW0840,515.99,910,/trendyolmilla/kahverengi-kapusonlu-oversize-genis-kalip-kapusonlu-kalin-ici-polarli-sweatshirt-twoaw21sw0840-p-259084656,Sweatshirt
282,154320580,TRENDYOLMİLLA,Petrol Baskılı Basic Örme Sweatshirt,413.99,2112,/trendyolmilla/petrol-baskili-basic-orme-sweatshirt-p-154320580,Sweatshirt
283,150534461,TRENDYOL MAN,Lacivert Unisex Oversize/Geniş Kesim Fit Kapüşonlu Sweatshirt TMNAW22SW1462/Lacivert,453.99,993,/trendyol-man/lacivert-unisex-oversize-genis-kesim-fit-kapusonlu-sweatshirt-tmnaw22sw1462-lacivert-p-150534461,Sweatshirt
284,149981094,TRENDYOLMİLLA,Kahverengi Fermuar Detaylı Polar Örme Sweatshirt TWOAW21SW0758,467.99,638,/trendyolmilla/kahverengi-fermuar-detayli-polar-orme-sweatshirt-twoaw21sw0758-p-149981094,Sweatshirt
285,143030360,TRENDYOLMİLLA,Haki Kalın İçi Polarlı Renk Bloklu Regular/Normal Kalıp Örme Sweatshirt TWOAW21SW0116,425.99,744,/trendyolmilla/haki-kalin-ici-polarli-renk-bloklu-regular-normal-kalip-orme-sweatshirt-twoaw21sw0116-p-143030360,Sweatshirt
286,142864712,TRENDYOLMİLLA,Indigo Fermuar Detaylı Örme Sweatshirt,351.99,1475,/trendyolmilla/indigo-fermuar-detayli-orme-sweatshirt-p-142864712,Sweatshirt
287,142432652,TRENDYOLMİLLA,Kırmızı Kalın İçi Polarlı Kanguru Cepli Kapüşonlu Boyfriend Örme Sweatshirt TWOAW20SW0525,460.99,1382,/trendyolmilla/kirmizi-kalin-ici-polarli-kanguru-cepli-kapusonlu-boyfriend-orme-sweatshirt-twoaw20sw0525-p-142432652,Sweatshirt
288,140354627,TRENDYOLMİLLA,Siyah Şerit Detaylı Oversize/Geniş Kalıp İnce Örme Sweatshirt TWOAW22SW1258,434.99,1496,/trendyolmilla/siyah-serit-detayli-oversize-genis-kalip-ince-orme-sweatshirt-twoaw22sw1258-p-140354627,Sweatshirt
289,137904379,TRENDYOLMİLLA,Mavi Bisiklet Yaka Basic Fit Baskılı Kalın İçi Polarlı Örme Sweatshirt TWOAW22SW1957,386.99,1365,/trendyolmilla/mavi-bisiklet-yaka-basic-fit-baskili-kalin-ici-polarli-orme-sweatshirt-twoaw22sw1957-p-137904379,Sweatshirt
290,136710168,TRENDYOLMİLLA,Antrasit Sırt Baskı Detaylı Oversize/Geniş Kalıp Kalın İçi Polarlı Örme Sweatshirt TWOAW22SW0687,459.99,410,/trendyolmilla/antrasit-sirt-baski-detayli-oversize-genis-kalip-kalin-ici-polarli-orme-sweatshirt-twoaw22sw0687-p-136710168,Sweatshirt
291,135666601,TRENDYOLMİLLA,Taş Kalın İçi Polarlı Minimal Baskılı Balon Kol Örme Sweatshirt TWOAW22SW1864,341.99,2359,/trendyolmilla/tas-kalin-ici-polarli-minimal-baskili-balon-kol-orme-sweatshirt-twoaw22sw1864-p-135666601,Sweatshirt
292,132061766,TRENDYOLMİLLA,Haki Selanik/Triko Görünümlü Fermuarlı Yaka Regular/Normal Kalıp Örme Sweatshirt TWOAW22SW0732,273.99,1900,/trendyolmilla/haki-selanik-triko-gorunumlu-fermuarli-yaka-regular-normal-kalip-orme-sweatshirt-twoaw22sw0732-p-132061766,Sweatshirt
293,130015036,TRENDYOLMİLLA,Mint Kalın İçi Polarlı Kanguru Cepli Kapüşonlu Boyfriend/Geniş Kalıp Örme Sweatshirt TWOAW20SW0525,484.99,757,/trendyolmilla/mint-kalin-ici-polarli-kanguru-cepli-kapusonlu-boyfriend-genis-kalip-orme-sweatshirt-twoaw20sw0525-p-130015036,Sweatshirt
294,129953012,TRENDYOL MAN,Siyah Unisex Oversize/Geniş Kesim Kapüşonlu Yazı Baskılı Sweatshirt TMNAW22SW1462,442.99,1937,/trendyol-man/siyah-unisex-oversize-genis-kesim-kapusonlu-yazi-baskili-sweatshirt-tmnaw22sw1462-p-129953012,Sweatshirt
295,129950155,TRENDYOLMİLLA,Gri Kalın İçi Polarlı Dik Yaka Relaxed/Rahat Kalıp Örme Sweatshirt TWOAW20SW0584,347.99,1336,/trendyolmilla/gri-kalin-ici-polarli-dik-yaka-relaxed-rahat-kalip-orme-sweatshirt-twoaw20sw0584-p-129950155,Sweatshirt
296,126014587,TRENDYOLMİLLA,Siyah Baskılı Oversize Örme Sweatshirt,490.99,6423,/trendyolmilla/siyah-baskili-oversize-orme-sweatshirt-p-126014587,Sweatshirt
297,50845947,TRENDYOLMİLLA,Ekru Kalın İçi Polarlı Regular/Normal Kalıp Slogan Nakışlı Örme Sweatshirt TWOAW21SW1061,354.99,7262,/trendyolmilla/ekru-kalin-ici-polarli-regular-normal-kalip-slogan-nakisli-orme-sweatshirt-twoaw21sw1061-p-50845947,Sweatshirt
298,48824412,TRENDYOLMİLLA,Gri Kapüşonlu Örme Sweatshirt,438.99,1571,/trendyolmilla/gri-kapusonlu-orme-sweatshirt-p-48824412,Sweatshirt
299,44780885,TRENDYOLMİLLA,Beyaz Örme Sweatshirt,342.99,2357,/trendyolmilla/beyaz-orme-sweatshirt-p-44780885,Sweatshirt
300,34431113,TRENDYOLMİLLA,Bej Kalın İçi Polarlı Kanguru Cepli Kapüşonlu Boyfriend/Geniş Kalıp Örme Sweatshirt TWOAW20SW0525,389.99,1611,/trendyolmilla/bej-kalin-ici-polarli-kanguru-cepli-kapusonlu-boyfriend-genis-kalip-orme-sweatshirt-twoaw20sw0525-p-34431113,Sweatshirt
301,32570483,TRENDYOLMİLLA,Siyah Basic Fermuarlı Kapüşonlu Crop Kalın İçi Polarlı Örme Sweatshirt TWOAW20SW0660,381.99,12967,/trendyolmilla/siyah-basic-fermuarli-kapusonlu-crop-kalin-ici-polarli-orme-sweatshirt-twoaw20sw0660-p-32570483,Sweatshirt
302,31976681,TRENDYOLMİLLA,Siyah Kanguru Cepli Kapüşonlu Boyfriend Şardonlu Örme Kalın Sweatshirt,383.99,3530,/trendyolmilla/siyah-kanguru-cepli-kapusonlu-boyfriend-sardonlu-orme-kalin-sweatshirt-p-31976681,Sweatshirt
303,31971319,TRENDYOLMİLLA,Kiremit Kalın İçi Polarlı Dik Yaka Regular/Normal Kalıp Örme Sweatshirt TWOAW20SW0584,413.99,1698,/trendyolmilla/kiremit-kalin-ici-polarli-dik-yaka-regular-normal-kalip-orme-sweatshirt-twoaw20sw0584-p-31971319,Sweatshirt
304,31813885,TRENDYOLMİLLA,Siyah Uzun Oversize/Geniş Kalıp Fermuarlı Dik Yaka Kalın İçi Polarlı Örme Sweatshirt TWOAW20SW0322,507.99,1597,/trendyolmilla/siyah-uzun-oversize-genis-kalip-fermuarli-dik-yaka-kalin-ici-polarli-orme-sweatshirt-twoaw20sw0322-p-31813885,Sweatshirt
305,733822474,TRENDYOLMİLLA,Antrasit Rahat Kesim Crop Basic Bisiklet Yaka Kalın İçi polarlı Örme Sweatshirt TWOAW24SW00147,371.99,475,/trendyolmilla/antrasit-rahat-kesim-crop-basic-bisiklet-yaka-kalin-ici-polarli-orme-sweatshirt-twoaw24sw00147-p-733822474,Sweatshirt
306,733822349,TRENDYOLMİLLA,Fuşya Rahat Kesim Crop Basic Bisiklet Yaka Kalın İçi polarlı Örme Sweatshirt TWOAW24SW00147,371.99,331,/trendyolmilla/fusya-rahat-kesim-crop-basic-bisiklet-yaka-kalin-ici-polarli-orme-sweatshirt-twoaw24sw00147-p-733822349,Sweatshirt
307,733822297,TRENDYOLMİLLA,Mor Rahat Kesim Crop Basic Bisiklet Yaka Kalın İçi polarlı Örme Sweatshirt TWOAW24SW00147,381.99,88,/trendyolmilla/mor-rahat-kesim-crop-basic-bisiklet-yaka-kalin-ici-polarli-orme-sweatshirt-twoaw24sw00147-p-733822297,Sweatshirt
308,733822269,TRENDYOLMİLLA,Turuncu Rahat Kesim Crop Basic Bisiklet Yaka Kalın İçi polarlı Örme Sweatshirt TWOAW24SW00147,344.99,177,/trendyolmilla/turuncu-rahat-kesim-crop-basic-bisiklet-yaka-kalin-ici-polarli-orme-sweatshirt-twoaw24sw00147-p-733822269,Sweatshirt
309,322878156,TRENDYOL MODEST,Taş Oversize Fermuar Detaylı Dalgıç/Scuba Örme Sweatshirt TCTAW23TW00198,250.99,1962,/trendyol-modest/tas-oversize-fermuar-detayli-dalgic-scuba-orme-sweatshirt-tctaw23tw00198-p-322878156,Sweatshirt
310,807440334,TRENDYOL MODEST,Pudra Oversize Fermuar Detaylı Dalgıç/Scuba Örme Sweatshirt TCTAW23TW00198,127.99,21,/trendyol-modest/pudra-oversize-fermuar-detayli-dalgic-scuba-orme-sweatshirt-tctaw23tw00198-p-807440334,Sweatshirt
311,451532917,TRENDYOL MODEST,Gri Oversize Dokuma Parçalı Örme Tunik TCTSS23UK00092,279.99,245,/trendyol-modest/gri-oversize-dokuma-parcali-orme-tunik-tctss23uk00092-p-451532917,Sweatshirt
313,792361880,TRENDYOL MODEST,Bej Omuz Detaylı Normal Kalıp Örme Tunik TCTSS24UK00027,99.99,8,/trendyol-modest/bej-omuz-detayli-normal-kalip-orme-tunik-tctss24uk00027-p-792361880,Sweatshirt
314,447896970,TRENDYOL MODEST,Gri Yıkamalı Oversize Örme Sweatshirt TCTSS23TW00062,328.99,239,/trendyol-modest/gri-yikamali-oversize-orme-sweatshirt-tctss23tw00062-p-447896970,Sweatshirt
315,672026244,TRENDYOL MODEST,Kiremit Oversize Fermuar Detaylı Dalgıç/Scuba Örme Sweatshirt TCTAW23TW00198,179.99,126,/trendyol-modest/kiremit-oversize-fermuar-detayli-dalgic-scuba-orme-sweatshirt-tctaw23tw00198-p-672026244,Sweatshirt
316,335983658,TRENDYOL MODEST,Pembe Vatkalı Örme Sweatshirt TCTAW23TW00250,287.99,551,/trendyol-modest/pembe-vatkali-orme-sweatshirt-tctaw23tw00250-p-335983658,Sweatshirt
317,816117567,TRENDYOL MODEST,Lacivert Oversize Dokuma Parçalı Örme Tunik TCTSS23UK00092,260.99,5,/trendyol-modest/lacivert-oversize-dokuma-parcali-orme-tunik-tctss23uk00092-p-816117567,Sweatshirt
318,786944439,TRENDYOL MODEST,Bej Vatkalı Örme Sweatshirt TCTAW23TW00250,127.99,14,/trendyol-modest/bej-vatkali-orme-sweatshirt-tctaw23tw00250-p-786944439,Sweatshirt
319,792361902,TRENDYOL MODEST,Siyah Omuz Detaylı Normal Kalıp Örme Tunik TCTSS24UK00027,109.99,8,/trendyol-modest/siyah-omuz-detayli-normal-kalip-orme-tunik-tctss24uk00027-p-792361902,Sweatshirt
320,133102959,TRENDYOL MODEST,Siyah-Ten 2'li Paket Bisiklet Yaka Basic Örme Sweatshirt TCTAW22TW0152,409.99,3338,/trendyol-modest/siyah-ten-2-li-paket-bisiklet-yaka-basic-orme-sweatshirt-tctaw22tw0152-p-133102959,Sweatshirt
321,785824435,TRENDYOL MODEST,Vizon Oversize Kanguru Cepli Fermuar Detaylı Scuba Örme Sweatshirt TCTSS24TW00001,179.99,13,/trendyol-modest/vizon-oversize-kanguru-cepli-fermuar-detayli-scuba-orme-sweatshirt-tctss24tw00001-p-785824435,Sweatshirt
322,129060045,TRENDYOL MODEST,Siyah Bisiklet Yaka Yırtmaç Detaylı Baskılı Örme Sweatshirt TCTAW22TW0193,175.99,1234,/trendyol-modest/siyah-bisiklet-yaka-yirtmac-detayli-baskili-orme-sweatshirt-tctaw22tw0193-p-129060045,Sweatshirt
323,785885665,TRENDYOL MODEST,Siyah Taş İşlemeli Örme Sweatshirt TCTSS24TW00000,119.99,20,/trendyol-modest/siyah-tas-islemeli-orme-sweatshirt-tctss24tw00000-p-785885665,Sweatshirt
324,125033133,TRENDYOL MODEST,Siyah Kapüşonlu Fermuarlı Basic Örme Geniş Kalıp Oversize Sweatshirt Hırka TCTAW22TW0137,445.99,2139,/trendyol-modest/siyah-kapusonlu-fermuarli-basic-orme-genis-kalip-oversize-sweatshirt-hirka-tctaw22tw0137-p-125033133,Sweatshirt
325,796166612,TRENDYOL MODEST,Lacivert Renk Bloklu Örme Oversize Sweatshirt TCTSS24TW00005,156.99,8,/trendyol-modest/lacivert-renk-bloklu-orme-oversize-sweatshirt-tctss24tw00005-p-796166612,Sweatshirt
326,743205251,TRENDYOL MODEST,Mavi Yıkamalı Oversize Örme Sweatshirt TCTSS23TW00062,521.99,220,/trendyol-modest/mavi-yikamali-oversize-orme-sweatshirt-tctss23tw00062-p-743205251,Sweatshirt
327,743295768,TRENDYOL MODEST,Ekru Oversize Dokuma Parçalı Örme Tunik TCTSS23UK00092,422.99,148,/trendyol-modest/ekru-oversize-dokuma-parcali-orme-tunik-tctss23uk00092-p-743295768,Sweatshirt
328,812062466,TRENDYOL MODEST,Antrasit Asit Yıkamalı Kapüşonlu Oversize Örme Sweatshirt TCTSS24TW00006,460.99,8,/trendyol-modest/antrasit-asit-yikamali-kapusonlu-oversize-orme-sweatshirt-tctss24tw00006-p-812062466,Sweatshirt
329,251926138,Trendyol Curve,Siyah Bisiklet Yaka Omuz Detaylı İnce Örme Sweatshirt TBBAW23AO00020,333.99,1138,/trendyol-curve/siyah-bisiklet-yaka-omuz-detayli-ince-orme-sweatshirt-tbbaw23ao00020-p-251926138,Sweatshirt
330,818116544,TRENDYOL MODEST,Mavi Şal Desenli Dalgıç/Scuba Örme Oversize Sweatshirt TCTSS24TW00008,242.99,2,/trendyol-modest/mavi-sal-desenli-dalgic-scuba-orme-oversize-sweatshirt-tctss24tw00008-p-818116544,Sweatshirt
331,130373330,TRENDYOL MODEST,Siyah Kapüşonlu Fermuarlı Örme Sweatshirt Hırka TCTAW22TW0035,177.99,163,/trendyol-modest/siyah-kapusonlu-fermuarli-orme-sweatshirt-hirka-tctaw22tw0035-p-130373330,Sweatshirt
332,251811456,Trendyol Curve,Siyah Bisiklet Yaka Omuz Detaylı İnce Örme Sweatshirt TBBAW23AO00020,329.99,2196,/trendyol-curve/siyah-bisiklet-yaka-omuz-detayli-ince-orme-sweatshirt-tbbaw23ao00020-p-251811456,Sweatshirt
333,125004108,TRENDYOL MODEST,Gri Geniş Kalıp Oversize Kapüşonlu Cepli Scuba Örme Sweatshirt TCTAW22TW0151,431.99,935,/trendyol-modest/gri-genis-kalip-oversize-kapusonlu-cepli-scuba-orme-sweatshirt-tctaw22tw0151-p-125004108,Sweatshirt
334,743272017,TRENDYOL MODEST,Taş Geniş Kalıp Oversize Kapüşonlu Cepli Scuba Örme Sweatshirt TCTAW22TW0151,229.99,126,/trendyol-modest/tas-genis-kalip-oversize-kapusonlu-cepli-scuba-orme-sweatshirt-tctaw22tw0151-p-743272017,Sweatshirt
335,672026251,TRENDYOL MODEST,Gri Oversize Fermuar Detaylı Dalgıç/Scuba Örme Sweatshirt TCTAW23TW00198,219.99,116,/trendyol-modest/gri-oversize-fermuar-detayli-dalgic-scuba-orme-sweatshirt-tctaw23tw00198-p-672026251,Sweatshirt
336,144094983,TRENDYOL MODEST,Indigo Bisiklet Yaka Yırtmaç Detaylı Basic Örme Sweatshirt TCTAW22TW0138,228.99,656,/trendyol-modest/indigo-bisiklet-yaka-yirtmac-detayli-basic-orme-sweatshirt-tctaw22tw0138-p-144094983,Sweatshirt
337,290221904,TRENDYOL MODEST,Beyaz Desenli Bisiklet Yaka Scuba Örme Sweatshirt TCTAW23TW00049,469.99,717,/trendyol-modest/beyaz-desenli-bisiklet-yaka-scuba-orme-sweatshirt-tctaw23tw00049-p-290221904,Sweatshirt
338,129107282,TRENDYOL MODEST,Mavi Dik Yaka Yırtmaç Detaylı Basic Örme Sweatshirt TCTAW22TW0196,329.99,836,/trendyol-modest/mavi-dik-yaka-yirtmac-detayli-basic-orme-sweatshirt-tctaw22tw0196-p-129107282,Sweatshirt
339,132929168,TRENDYOL MODEST,Kiremit Bisiklet Yaka Kolu Fırfırlı Örme Sweatshirt TCTAW22TW0215,183.99,321,/trendyol-modest/kiremit-bisiklet-yaka-kolu-firfirli-orme-sweatshirt-tctaw22tw0215-p-132929168,Sweatshirt
340,833273250,Trendyol Curve,Lacivert Dik Yaka Geniş Kalıp Büyük Beden Örme Sweatshirt TBBSS24AO00000,358.99,0,/trendyol-curve/lacivert-dik-yaka-genis-kalip-buyuk-beden-orme-sweatshirt-tbbss24ao00000-p-833273250,Sweatshirt
341,738643680,TRENDYOL MODEST,Taş Fermuarlı Yaka Detaylı Örme Sweatshirt TCTAW24TW00010,549.99,51,/trendyol-modest/tas-fermuarli-yaka-detayli-orme-sweatshirt-tctaw24tw00010-p-738643680,Sweatshirt
342,744058946,TRENDYOL MODEST,Kiremit Oversize Örme Renk Bloklu Sweatshirt Tunik TCTAW23UK00060,469.99,54,/trendyol-modest/kiremit-oversize-orme-renk-bloklu-sweatshirt-tunik-tctaw23uk00060-p-744058946,Sweatshirt
343,125013466,TRENDYOL MODEST,Gri Mavi Bisiklet Yaka Yırtmaç Detaylı Basic Örme Sweatshirt TCTAW22TW0138,349.99,963,/trendyol-modest/gri-mavi-bisiklet-yaka-yirtmac-detayli-basic-orme-sweatshirt-tctaw22tw0138-p-125013466,Sweatshirt
344,129107287,TRENDYOL MODEST,Siyah Dik Yaka Yırtmaç Detaylı Basic Örme Sweatshirt TCTAW22TW0196,329.99,1135,/trendyol-modest/siyah-dik-yaka-yirtmac-detayli-basic-orme-sweatshirt-tctaw22tw0196-p-129107287,Sweatshirt
345,368349329,TRENDYOL MODEST,Kahverengi Dik Yaka Yırtmaç Detaylı Basic Örme Sweatshirt TCTAW22TW0196,329.99,81,/trendyol-modest/kahverengi-dik-yaka-yirtmac-detayli-basic-orme-sweatshirt-tctaw22tw0196-p-368349329,Sweatshirt
346,833273251,Trendyol Curve,Ekru Dik Yaka Geniş Kalıp Büyük Beden Örme Sweatshirt TBBSS24AO00000,358.99,0,/trendyol-curve/ekru-dik-yaka-genis-kalip-buyuk-beden-orme-sweatshirt-tbbss24ao00000-p-833273251,Sweatshirt
347,305712437,TRENDYOL MODEST,Gri Polo Yaka Nakış Detaylı Örme Sweatshirt TCTAW23TW00083,289.99,75,/trendyol-modest/gri-polo-yaka-nakis-detayli-orme-sweatshirt-tctaw23tw00083-p-305712437,Sweatshirt
348,132927268,TRENDYOL MODEST,Lacivert Bisiklet Yaka Alttan Gömlek Çıkmalı Örme Sweatshirt TCTAW22TW0216,229.99,1076,/trendyol-modest/lacivert-bisiklet-yaka-alttan-gomlek-cikmali-orme-sweatshirt-tctaw22tw0216-p-132927268,Sweatshirt
349,730767124,TRENDYOL MODEST,Siyah Dantel Detaylı Dalgıç/Scuba Örme Sweatshirt TCTAW24TW00008,476.99,73,/trendyol-modest/siyah-dantel-detayli-dalgic-scuba-orme-sweatshirt-tctaw24tw00008-p-730767124,Sweatshirt
350,245195479,TRENDYOL MODEST,Mavi-Yeşil 2'li Paket Bisiklet Yaka Basic Örme Sweatshirt TCTAW22TW0152,728.99,370,/trendyol-modest/mavi-yesil-2-li-paket-bisiklet-yaka-basic-orme-sweatshirt-tctaw22tw0152-p-245195479,Sweatshirt
351,769335405,TRENDYOL MODEST,Antrasit Yıkamalı Oversize Örme Sweatshirt TCTSS23TW00062,489.99,67,/trendyol-modest/antrasit-yikamali-oversize-orme-sweatshirt-tctss23tw00062-p-769335405,Sweatshirt
352,302161596,Trendyol Curve,Ekru Baskılı Kalın Şardonlu Örme Sweatshirt TBBAW23AO00076,419.99,675,/trendyol-curve/ekru-baskili-kalin-sardonlu-orme-sweatshirt-tbbaw23ao00076-p-302161596,Sweatshirt
353,271283816,Trendyol Curve,Fuşya Alttan T-Shirt Çıkma Görünümlü İnce Örme Sweatshirt TBBAW23AO00024,386.99,689,/trendyol-curve/fusya-alttan-t-shirt-cikma-gorunumlu-ince-orme-sweatshirt-tbbaw23ao00024-p-271283816,Sweatshirt
354,738643686,TRENDYOL MODEST,Gri Melanj Fermuarlı Yaka Detaylı Örme Sweatshirt TCTAW24TW00010,521.99,34,/trendyol-modest/gri-melanj-fermuarli-yaka-detayli-orme-sweatshirt-tctaw24tw00010-p-738643686,Sweatshirt
355,364632129,TRENDYOL MODEST,Siyah Desenli Bisiklet Yaka Scuba Örme Sweatshirt TCTAW23TW00049,459.99,163,/trendyol-modest/siyah-desenli-bisiklet-yaka-scuba-orme-sweatshirt-tctaw23tw00049-p-364632129,Sweatshirt
356,744310800,Trendyol Curve,Kahverengi Kalın İçi Polarlı Nakış Detaylı Örme Sweatshirt TBBAW24AO00024,411.99,93,/trendyol-curve/kahverengi-kalin-ici-polarli-nakis-detayli-orme-sweatshirt-tbbaw24ao00024-p-744310800,Sweatshirt
357,826286334,TRENDYOL MODEST,Siyah Kapüşonlu Dalgıç/Scuba Örme Sweatshirt TCTAW24TW00002,399.99,1,/trendyol-modest/siyah-kapusonlu-dalgic-scuba-orme-sweatshirt-tctaw24tw00002-p-826286334,Sweatshirt
358,746544682,Trendyol Curve,Yeşil Alttan T-Shirt Çıkma Görünümlü İnce Örme Sweatshirt TBBAW23AO00024,380.99,50,/trendyol-curve/yesil-alttan-t-shirt-cikma-gorunumlu-ince-orme-sweatshirt-tbbaw23ao00024-p-746544682,Sweatshirt
359,347837992,Trendyol Curve,Lacivert Bağcık Detaylı Polar Örme Sweatshirt TBBAW23AO00021,378.99,224,/trendyol-curve/lacivert-bagcik-detayli-polar-orme-sweatshirt-tbbaw23ao00021-p-347837992,Sweatshirt
360,745127802,Trendyol Curve,Bej Nakış Detaylı Kalın Örme Sweatshirt TBBAW24AO00027,333.99,44,/trendyol-curve/bej-nakis-detayli-kalin-orme-sweatshirt-tbbaw24ao00027-p-745127802,Sweatshirt
361,515790746,TRENDYOL MODEST,Siyah Oversize Fermuar Detaylı Dalgıç/Scuba Örme Sweatshirt TCTAW23TW00198,229.99,242,/trendyol-modest/siyah-oversize-fermuar-detayli-dalgic-scuba-orme-sweatshirt-tctaw23tw00198-p-515790746,Sweatshirt
362,215430860,Trendyol Curve,Camel Yırtmaç Detaylı İnce Örme Sweatshirt TBBSS22SW0173,383.99,2130,/trendyol-curve/camel-yirtmac-detayli-ince-orme-sweatshirt-tbbss22sw0173-p-215430860,Sweatshirt
363,792361548,TRENDYOL MODEST,Taş Yanı Çıtçıt Detaylı Örme Swatshirt TCTSS24TW00003,224.99,18,/trendyol-modest/tas-yani-citcit-detayli-orme-swatshirt-tctss24tw00003-p-792361548,Sweatshirt
364,738526413,TRENDYOL MODEST,Antrasit Oversize Örme İçi Polarlı Tüylü Sweatshirt TCTAW24TW00022,409.99,133,/trendyol-modest/antrasit-oversize-orme-ici-polarli-tuylu-sweatshirt-tctaw24tw00022-p-738526413,Sweatshirt
365,353739842,Trendyol Curve,Lacivert Bisiklet Yaka Omuz Detaylı İnce Örme Sweatshirt TBBAW23AO00020,331.99,312,/trendyol-curve/lacivert-bisiklet-yaka-omuz-detayli-ince-orme-sweatshirt-tbbaw23ao00020-p-353739842,Sweatshirt
366,322878345,TRENDYOL MODEST,Vizon Oversize Örme Renk Bloklu Sweatshirt Tunik TCTAW23UK00060,479.99,413,/trendyol-modest/vizon-oversize-orme-renk-bloklu-sweatshirt-tunik-tctaw23uk00060-p-322878345,Sweatshirt
367,289791259,TRENDYOL MODEST,Indigo Polo Yaka İçi Tüylü Nakışlı Örme Sweatshirt TCTAW23TW00053,179.99,80,/trendyol-modest/indigo-polo-yaka-ici-tuylu-nakisli-orme-sweatshirt-tctaw23tw00053-p-289791259,Sweatshirt
368,812062322,TRENDYOL MODEST,Kahverengi Asit Yıkamalı Kapüşonlu Oversize Örme Sweatshirt TCTSS24TW00006,239.99,0,/trendyol-modest/kahverengi-asit-yikamali-kapusonlu-oversize-orme-sweatshirt-tctss24tw00006-p-812062322,Sweatshirt
369,125013473,TRENDYOL MODEST,Siyah Bisiklet Yaka Yırtmaç Detaylı Basic Örme Sweatshirt TCTAW22TW0138,179.99,1377,/trendyol-modest/siyah-bisiklet-yaka-yirtmac-detayli-basic-orme-sweatshirt-tctaw22tw0138-p-125013473,Sweatshirt
370,144113368,TRENDYOL MODEST,Ekru Bisiklet Yaka Yırtmaç Detaylı Basic Örme Sweatshirt TCTAW22TW0138,349.99,439,/trendyol-modest/ekru-bisiklet-yaka-yirtmac-detayli-basic-orme-sweatshirt-tctaw22tw0138-p-144113368,Sweatshirt
371,730767118,TRENDYOL MODEST,Ekru Dantel Detaylı Dalgıç/Scuba Örme Sweatshirt TCTAW24TW00008,502.99,63,/trendyol-modest/ekru-dantel-detayli-dalgic-scuba-orme-sweatshirt-tctaw24tw00008-p-730767118,Sweatshirt
372,383715340,TRENDYOL MODEST,Ekru Kolu Nakış Detaylı Dalgıç/Scuba Örme Sweatshirt TCTSS23UK00042,399.99,268,/trendyol-modest/ekru-kolu-nakis-detayli-dalgic-scuba-orme-sweatshirt-tctss23uk00042-p-383715340,Sweatshirt
373,150975946,TRENDYOL MODEST,Siyah-Lila 2'li Paket Bisiklet Yaka Basic Örme Sweatshirt TCTAW22TW0152,529.99,1332,/trendyol-modest/siyah-lila-2-li-paket-bisiklet-yaka-basic-orme-sweatshirt-tctaw22tw0152-p-150975946,Sweatshirt
374,288843368,Trendyol Curve,Taş Bisiklet Yaka Selanik İnce Örme Sweatshirt TBBAW23AO00069,281.99,196,/trendyol-curve/tas-bisiklet-yaka-selanik-ince-orme-sweatshirt-tbbaw23ao00069-p-288843368,Sweatshirt
375,283031417,TRENDYOL MODEST,Yeşil Bisiklet Yaka İçi Tüylü Örme Sweatshirt TCTAW23TW00012,169.99,86,/trendyol-modest/yesil-bisiklet-yaka-ici-tuylu-orme-sweatshirt-tctaw23tw00012-p-283031417,Sweatshirt
376,690655975,Trendyol Curve,Mor Dik Yaka Fermuarlı Selanik İnce Örme Sweatshirt TBBAW23AO00006,274.99,256,/trendyol-curve/mor-dik-yaka-fermuarli-selanik-ince-orme-sweatshirt-tbbaw23ao00006-p-690655975,Sweatshirt
377,359362132,TRENDYOL MODEST, Kahverengi-Bej 2'li Paket Bisiklet Yaka Basic Örme Sweatshirt TCTAW22TW0152,531.99,260,/trendyol-modest/kahverengi-bej-2-li-paket-bisiklet-yaka-basic-orme-sweatshirt-tctaw22tw0152-p-359362132,Sweatshirt
378,826287850,TRENDYOL MODEST,Koyu Yeşil Polo Yaka Nakış Detaylı Örme Sweatshirt TCTAW23TW00083,404.99,0,/trendyol-modest/koyu-yesil-polo-yaka-nakis-detayli-orme-sweatshirt-tctaw23tw00083-p-826287850,Sweatshirt
379,787706827,TRENDYOL MODEST,Beyaz-Mavi Desenli Bisiklet Yaka Scuba Örme Sweatshirt TCTAW23TW00049,299.99,5,/trendyol-modest/beyaz-mavi-desenli-bisiklet-yaka-scuba-orme-sweatshirt-tctaw23tw00049-p-787706827,Sweatshirt
380,766860831,TRENDYOL MODEST,Siyah Vatkalı Örme Sweatshirt TCTAW23TW00250,208.99,32,/trendyol-modest/siyah-vatkali-orme-sweatshirt-tctaw23tw00250-p-766860831,Sweatshirt
381,364632507,TRENDYOL MODEST,Yeşil Oversize Fermuar Detaylı Dalgıç/Scuba Örme Sweatshirt TCTAW23TW00198,539.99,192,/trendyol-modest/yesil-oversize-fermuar-detayli-dalgic-scuba-orme-sweatshirt-tctaw23tw00198-p-364632507,Sweatshirt
382,813250235,TRENDYOL MODEST,Gri Kapüşonlu Önü Etiket Detaylı Örme Sweatshirt TCTSS24TW00007,199.99,4,/trendyol-modest/gri-kapusonlu-onu-etiket-detayli-orme-sweatshirt-tctss24tw00007-p-813250235,Sweatshirt
383,766714166,TRENDYOL MODEST,Kahverengi Oversize Örme İçi Polarlı Tüylü Sweatshirt TCTAW24TW00022,419.99,27,/trendyol-modest/kahverengi-oversize-orme-ici-polarli-tuylu-sweatshirt-tctaw24tw00022-p-766714166,Sweatshirt
384,175185285,TRENDYOL MODEST,Sarı Oversize Nervür Detaylı Örme Sweatshirt TCTSS22TW0002,399.99,271,/trendyol-modest/sari-oversize-nervur-detayli-orme-sweatshirt-tctss22tw0002-p-175185285,Sweatshirt
385,744374964,Trendyol Curve,Vizon Nakış Detaylı Oversize Örme Sweatshirt TBBAW24AO00018,435.99,314,/trendyol-curve/vizon-nakis-detayli-oversize-orme-sweatshirt-tbbaw24ao00018-p-744374964,Sweatshirt
386,288816540,Trendyol Curve,Pembe Kapüşonlu Kalın Polar Örme Sweatshirt TBBAW23AO00064,404.99,344,/trendyol-curve/pembe-kapusonlu-kalin-polar-orme-sweatshirt-tbbaw23ao00064-p-288816540,Sweatshirt
387,133103382,TRENDYOL MODEST, Lacivert-Ekru 2'li Paket Bisiklet Yaka Basic Örme Sweatshirt TCTAW22TW0152,399.99,879,/trendyol-modest/lacivert-ekru-2-li-paket-bisiklet-yaka-basic-orme-sweatshirt-tctaw22tw0152-p-133103382,Sweatshirt
388,125033134,TRENDYOL MODEST,Gri Melanj Kapüşonlu Fermuarlı Basic Örme Geniş Kalıp Oversize Sweatshirt Hırka TCTAW22TW0137,449.99,960,/trendyol-modest/gri-melanj-kapusonlu-fermuarli-basic-orme-genis-kalip-oversize-sweatshirt-hirka-tctaw22tw0137-p-125033134,Sweatshirt
389,745176697,Trendyol Curve,Lacivert Kalın İçi Polarlı Nakış Detaylı Örme Sweatshirt TBBAW24AO00021,430.99,141,/trendyol-curve/lacivert-kalin-ici-polarli-nakis-detayli-orme-sweatshirt-tbbaw24ao00021-p-745176697,Sweatshirt
390,792361511,TRENDYOL MODEST,Siyah Yanı Çıtçıt Detaylı Örme Swatshirt TCTSS24TW00003,229.99,22,/trendyol-modest/siyah-yani-citcit-detayli-orme-swatshirt-tctss24tw00003-p-792361511,Sweatshirt
391,730764971,TRENDYOL MODEST,Krem Kapüşonlu Dalgıç/Scuba Örme Sweatshirt TCTAW24TW00002,489.99,305,/trendyol-modest/krem-kapusonlu-dalgic-scuba-orme-sweatshirt-tctaw24tw00002-p-730764971,Sweatshirt
392,826260423,TRENDYOL MODEST,Haki Oversize Nervür Detaylı Örme Sweatshirt TCTSS22TW0002,449.99,0,/trendyol-modest/haki-oversize-nervur-detayli-orme-sweatshirt-tctss22tw0002-p-826260423,Sweatshirt
393,722832386,Trendyol Curve,Bej Kalın İçi Polarlı Yırtmaçlı Oversize Örme Sweatshirt TBBAW24AO00003,406.99,89,/trendyol-curve/bej-kalin-ici-polarli-yirtmacli-oversize-orme-sweatshirt-tbbaw24ao00003-p-722832386,Sweatshirt
394,738527286,TRENDYOL MODEST,Camel Oversize Kolları Nakışlı Örme Sweatshirt TCTAW24TW00009,235.99,52,/trendyol-modest/camel-oversize-kollari-nakisli-orme-sweatshirt-tctaw24tw00009-p-738527286,Sweatshirt
395,125004109,TRENDYOL MODEST,Lacivert Geniş Kalıp Oversize Kapüşonlu Cepli Scuba Örme Sweatshirt TCTAW22TW0151,409.99,428,/trendyol-modest/lacivert-genis-kalip-oversize-kapusonlu-cepli-scuba-orme-sweatshirt-tctaw22tw0151-p-125004109,Sweatshirt
396,765605649,Trendyol Curve,Zümrüt Yeşili Kalın İçi Polarlı Oversize Örme Sweatshirt TBBAW24AO00019,440.99,49,/trendyol-curve/zumrut-yesili-kalin-ici-polarli-oversize-orme-sweatshirt-tbbaw24ao00019-p-765605649,Sweatshirt
397,144094980,TRENDYOL MODEST,Sarı Bisiklet Yaka Yırtmaç Detaylı Basic Örme Sweatshirt TCTAW22TW0138,349.99,436,/trendyol-modest/sari-bisiklet-yaka-yirtmac-detayli-basic-orme-sweatshirt-tctaw22tw0138-p-144094980,Sweatshirt
398,765606697,Trendyol Curve,Indigo Nakış Detaylı Oversize Örme Sweatshirt TBBAW24AO00018,429.99,147,/trendyol-curve/indigo-nakis-detayli-oversize-orme-sweatshirt-tbbaw24ao00018-p-765606697,Sweatshirt
399,746606567,Trendyol Curve,Lacivert Kalın İçi Polarlı Baskı Detaylı Örme Sweatshirt TBBAW24AO00026,400.99,22,/trendyol-curve/lacivert-kalin-ici-polarli-baski-detayli-orme-sweatshirt-tbbaw24ao00026-p-746606567,Sweatshirt
400,722832356,Trendyol Curve,Siyah Kalın İçi Polarlı Yırtmaçlı Oversize Örme Sweatshirt TBBAW24AO00003,400.99,54,/trendyol-curve/siyah-kalin-ici-polarli-yirtmacli-oversize-orme-sweatshirt-tbbaw24ao00003-p-722832356,Sweatshirt
401,744101658,Trendyol Curve,Camel Kalın İçi Polarlı Nakış Detaylı Örme Sweatshirt TBBAW24AO00021,426.99,29,/trendyol-curve/camel-kalin-ici-polarli-nakis-detayli-orme-sweatshirt-tbbaw24ao00021-p-744101658,Sweatshirt
402,376095787,TRENDYOL MODEST,Mavi Oversize Fermuar Detaylı Dalgıç/Scuba Örme Sweatshirt TCTAW23TW00198,539.99,328,/trendyol-modest/mavi-oversize-fermuar-detayli-dalgic-scuba-orme-sweatshirt-tctaw23tw00198-p-376095787,Sweatshirt
403,250785046,Trendyol Curve,Gri Dik Yaka Fermuarlı Selanik İnce Örme Sweatshirt TBBAW23AO00006,270.99,409,/trendyol-curve/gri-dik-yaka-fermuarli-selanik-ince-orme-sweatshirt-tbbaw23ao00006-p-250785046,Sweatshirt
404,744310302,Trendyol Curve,Beyaz Kalın İçi Polarlı Nakış Detaylı Örme Sweatshirt TBBAW24AO00024,414.99,68,/trendyol-curve/beyaz-kalin-ici-polarli-nakis-detayli-orme-sweatshirt-tbbaw24ao00024-p-744310302,Sweatshirt
405,322878154,TRENDYOL MODEST,Kahverengi Oversize Fermuar Detaylı Dalgıç/Scuba Örme Sweatshirt TCTAW23TW00198,489.99,978,/trendyol-modest/kahverengi-oversize-fermuar-detayli-dalgic-scuba-orme-sweatshirt-tctaw23tw00198-p-322878154,Sweatshirt
406,790767648,TRENDYOL MODEST,Ekru Çizgili Örme Sweatshirt TCTSS24TW00004,189.99,28,/trendyol-modest/ekru-cizgili-orme-sweatshirt-tctss24tw00004-p-790767648,Sweatshirt
