,ID,MARKA,URUN_NAME,FIYAT,RATE_COUNT,URUN_LINK,KATEGORI
0,815576372,Trendyol Curve,Koyu Mavi Comfort Denim Büyük Beden Elbise,643.99,69,/trendyol-curve/koyu-mavi-comfort-denim-buyuk-beden-elbise-p-815576372,BB Elbise
1,183395068,Trendyol Curve,Siyah Düz Kesim Yırtmaçlı Örme Elbise TBBSS22AH0162,304.99,2307,/trendyol-curve/siyah-duz-kesim-yirtmacli-orme-elbise-tbbss22ah0162-p-183395068,BB Elbise
2,814456246,Trendyol Curve,Çok Renkli Çiçek Desenli Düğmeli Örme Elbise TBBSS23AH00240,350.99,41,/trendyol-curve/cok-renkli-cicek-desenli-dugmeli-orme-elbise-tbbss23ah00240-p-814456246,BB Elbise
3,260086991,Trendyol Curve,Siyah Çiçek Desenli Örme Elbise TBBSS22AH00009,407.99,2208,/trendyol-curve/siyah-cicek-desenli-orme-elbise-tbbss22ah00009-p-260086991,BB Elbise
4,460495761,Trendyol Curve,Siyah Polo Yaka Örme Elbise TBBSS23AH00193,268.99,640,/trendyol-curve/siyah-polo-yaka-orme-elbise-tbbss23ah00193-p-460495761,BB Elbise
5,799055697,Trendyol Curve,Siyah Tek Omuz Asimetrik Örme Elbise TBBSS24AH00158,338.99,117,/trendyol-curve/siyah-tek-omuz-asimetrik-orme-elbise-tbbss24ah00158-p-799055697,BB Elbise
6,447698309,Trendyol Curve,Siyah Bisiklet Yaka Yırtmaçlı Örme Elbise TBBSS23AH00159,438.99,884,/trendyol-curve/siyah-bisiklet-yaka-yirtmacli-orme-elbise-tbbss23ah00159-p-447698309,BB Elbise
7,797642782,Trendyol Curve,Çok Renkli Çiçek Desenli Şifon Kruvaze Dokuma Elbise TBBSS24AH00154,749.99,240,/trendyol-curve/cok-renkli-cicek-desenli-sifon-kruvaze-dokuma-elbise-tbbss24ah00154-p-797642782,BB Elbise
8,660304171,Trendyol Curve,Siyah Düz Kruvaze Dokuma Elbise TBBSS23AH00254,484.99,937,/trendyol-curve/siyah-duz-kruvaze-dokuma-elbise-tbbss23ah00254-p-660304171,BB Elbise
9,813412576,Trendyol Curve,Kırmızı Puantiye Desenli Örme Elbise TBBSS22AH00009,365.99,129,/trendyol-curve/kirmizi-puantiye-desenli-orme-elbise-tbbss22ah00009-p-813412576,BB Elbise
10,365638774,Trendyol Curve,Fuşya Shift Bisiklet Yaka Yırtmaçlı Örme Elbise TBBSS22AH0162,275.99,341,/trendyol-curve/fusya-shift-bisiklet-yaka-yirtmacli-orme-elbise-tbbss22ah0162-p-365638774,BB Elbise
11,783242026,Trendyol Curve,Siyah Yırtmaç Detaylı Midi Örme Elbise TBBSS24AH00003,331.99,125,/trendyol-curve/siyah-yirtmac-detayli-midi-orme-elbise-tbbss24ah00003-p-783242026,BB Elbise
12,184541635,Trendyol Curve,Siyah Dokuma Yırtmaçlı Elbise TBBSS22AH0012,595.99,6540,/trendyol-curve/siyah-dokuma-yirtmacli-elbise-tbbss22ah0012-p-184541635,BB Elbise
13,792775570,Trendyol Curve,Çok Renkli Derin V Yaka Dokuma Elbise TBBSS24AH00064,682.99,29,/trendyol-curve/cok-renkli-derin-v-yaka-dokuma-elbise-tbbss24ah00064-p-792775570,BB Elbise
14,783242140,Trendyol Curve,Siyah Dikiş Detaylı Mini Örme Elbise TBBSS24AH00005,278.99,129,/trendyol-curve/siyah-dikis-detayli-mini-orme-elbise-tbbss24ah00005-p-783242140,BB Elbise
15,447681592,Trendyol Curve,Siyah Bisiklet Yaka Baskılı T-shirt Örme Elbise TBBSS23AH00163,285.99,448,/trendyol-curve/siyah-bisiklet-yaka-baskili-t-shirt-orme-elbise-tbbss23ah00163-p-447681592,BB Elbise
16,183400446,Trendyol Curve,Siyah V Yaka Yırtmaçlı Örme Elbise TBBSS22AH0163,380.99,1648,/trendyol-curve/siyah-v-yaka-yirtmacli-orme-elbise-tbbss22ah0163-p-183400446,BB Elbise
17,786974988,Trendyol Curve,Siyah A-Kesim Maxi/Uzun Boy Kısa Kol Dokuma Büyük Beden Elbise TBBSS24AH00015,386.99,51,/trendyol-curve/siyah-a-kesim-maxi-uzun-boy-kisa-kol-dokuma-buyuk-beden-elbise-tbbss24ah00015-p-786974988,BB Elbise
18,794266567,Trendyol Curve,Çok Renkli A-Kesim/Çan Çiçekli Dokuma Elbise TBBSS24AH00122,308.99,80,/trendyol-curve/cok-renkli-a-kesim-can-cicekli-dokuma-elbise-tbbss24ah00122-p-794266567,BB Elbise
19,774791667,Trendyol Curve,Siyah Finike Dokuma Büyük Beden Elbise TBBSS24AH00002,860.99,179,/trendyol-curve/siyah-finike-dokuma-buyuk-beden-elbise-tbbss24ah00002-p-774791667,BB Elbise
20,783242183,Trendyol Curve,Siyah Polo Yaka Çizgili Mini Örme Elbise TBBSS24AH00006,288.99,121,/trendyol-curve/siyah-polo-yaka-cizgili-mini-orme-elbise-tbbss24ah00006-p-783242183,BB Elbise
21,803322554,Trendyol Curve,Yeşil Polo Yaka Mini Örme Elbise TBBSS24AH00164,322.99,72,/trendyol-curve/yesil-polo-yaka-mini-orme-elbise-tbbss24ah00164-p-803322554,BB Elbise
22,786975861,Trendyol Curve,Siyah A-Line Mini Dokuma Elbise TBBSS24AH00017,323.99,81,/trendyol-curve/siyah-a-line-mini-dokuma-elbise-tbbss24ah00017-p-786975861,BB Elbise
23,792777931,Trendyol Curve,Mavi Baskılı Vücuda Oturan Tek Omuz Asimetrik Büzgü ve Degaje Detaylı Örme Elbise TBBSS24AH00128,389.99,55,/trendyol-curve/mavi-baskili-vucuda-oturan-tek-omuz-asimetrik-buzgu-ve-degaje-detayli-orme-elbise-tbbss24ah00128-p-792777931,BB Elbise
46,379946239,Trendyol Curve,Siyah Tül Detaylı Dokuma Elbise TBBSS23AH00056,558.99,370,/trendyol-curve/siyah-tul-detayli-dokuma-elbise-tbbss23ah00056-p-379946239,BB Elbise
49,823647657,Trendyol Curve,Kırmızı Vücuda Oturan Dokuma Astarlı Abiye/Gece/Mezuniyet/Nişan Elbisesi TBBSS24AH00216,613.99,2,/trendyol-curve/kirmizi-vucuda-oturan-dokuma-astarli-abiye-gece-mezuniyet-nisan-elbisesi-tbbss24ah00216-p-823647657,BB Elbise
50,790545944,Trendyol Curve,Siyah-Beyaz Çizgili Polo Yaka Örme Elbise TBBSS24AH00073,348.99,110,/trendyol-curve/siyah-beyaz-cizgili-polo-yaka-orme-elbise-tbbss24ah00073-p-790545944,BB Elbise
51,260087266,Trendyol Curve,Çok Renkli A-line Çiçek Desenli Örme Elbise TBBSS22AH00010,401.99,1556,/trendyol-curve/cok-renkli-a-line-cicek-desenli-orme-elbise-tbbss22ah00010-p-260087266,BB Elbise
52,196052946,Trendyol Curve,Siyah Dokuma Kolları Volanlı Elbise TBBSS22EL1626,576.99,2639,/trendyol-curve/siyah-dokuma-kollari-volanli-elbise-tbbss22el1626-p-196052946,BB Elbise
53,788946402,Trendyol Curve,Gri Tül Desenli Midi Örme Elbise TBBSS24AH00058,244.99,226,/trendyol-curve/gri-tul-desenli-midi-orme-elbise-tbbss24ah00058-p-788946402,BB Elbise
54,701977412,Trendyol Curve,Siyah Yırtmaçlı Örme Elbise TBBSS23AH00280,377.99,488,/trendyol-curve/siyah-yirtmacli-orme-elbise-tbbss23ah00280-p-701977412,BB Elbise
55,807628077,Trendyol Curve,Ekru Şifon Dokuma Büyük Beden Elbise,484.99,45,/trendyol-curve/ekru-sifon-dokuma-buyuk-beden-elbise-p-807628077,BB Elbise
56,790832578,Trendyol Curve,Çok Renkli Tropikal Desenli Yarasa Kol Midi Boy Dokuma Plaj Elbisesi TBBSS24AH00060,296.99,29,/trendyol-curve/cok-renkli-tropikal-desenli-yarasa-kol-midi-boy-dokuma-plaj-elbisesi-tbbss24ah00060-p-790832578,BB Elbise
57,813412934,Trendyol Curve,Siyah A-line Animal Desenli Örme Elbise TBBSS22AH00010,357.99,67,/trendyol-curve/siyah-a-line-animal-desenli-orme-elbise-tbbss22ah00010-p-813412934,BB Elbise
58,636550009,Trendyol Curve,Siyah V Yaka Ayarlanabilir Askılı A-Kesim/Çan Dokuma Elbise TBBSS23AH00228,423.99,284,/trendyol-curve/siyah-v-yaka-ayarlanabilir-askili-a-kesim-can-dokuma-elbise-tbbss23ah00228-p-636550009,BB Elbise
59,660225503,Trendyol Curve,Siyah Düğmeli Yırtmaç Detaylı Dokuma Elbise TBBSS23AH00257,377.99,288,/trendyol-curve/siyah-dugmeli-yirtmac-detayli-dokuma-elbise-tbbss23ah00257-p-660225503,BB Elbise
60,371296695,Trendyol Curve,Siyah Cut Out Detaylı Askılı Dokuma Elbise TBBSS23AH00026,522.99,321,/trendyol-curve/siyah-cut-out-detayli-askili-dokuma-elbise-tbbss23ah00026-p-371296695,BB Elbise
61,819712834,Trendyol Curve,Indigo Kare Yaka Belden Açılan Lastik Gipeli Midi Dokuma Büyük Beden Elbise TBBSS24AH00208,647.99,10,/trendyol-curve/indigo-kare-yaka-belden-acilan-lastik-gipeli-midi-dokuma-buyuk-beden-elbise-tbbss24ah00208-p-819712834,BB Elbise
62,442796998,Trendyol Curve,Siyah Bisiklet Yaka Volanlı Örme Elbise TBBSS23AH00129,369.99,254,/trendyol-curve/siyah-bisiklet-yaka-volanli-orme-elbise-tbbss23ah00129-p-442796998,BB Elbise
63,786972318,Trendyol Curve,Siyah Kruvaze Volanlı Örme Elbise Kruvaze Volanlı Mini Örme Elbise TBBSS24AH00037,343.99,169,/trendyol-curve/siyah-kruvaze-volanli-orme-elbise-kruvaze-volanli-mini-orme-elbise-tbbss24ah00037-p-786972318,BB Elbise
64,792880890,Trendyol Curve,Siyah Puantiye Baskılı Sıfır Kol Volanlı Shift/Düz Mini Esnek Örme Elbise TBBSS24AH00131,308.99,127,/trendyol-curve/siyah-puantiye-baskili-sifir-kol-volanli-shift-duz-mini-esnek-orme-elbise-tbbss24ah00131-p-792880890,BB Elbise
65,660225985,Trendyol Curve,Çok Renkli Çiçekli Mini Dokuma Elbise TBBSS23AH00253,401.99,248,/trendyol-curve/cok-renkli-cicekli-mini-dokuma-elbise-tbbss23ah00253-p-660225985,BB Elbise
66,412398215,Trendyol Curve,Antrasit Belden Açılan/Skater V Yaka Denim Elbise TBBSS23AH00078,688.99,356,/trendyol-curve/antrasit-belden-acilan-skater-v-yaka-denim-elbise-tbbss23ah00078-p-412398215,BB Elbise
67,796431176,Trendyol Curve,Siyah Baskılı Mini Örme Elbise TBBSS24AH00142,299.99,67,/trendyol-curve/siyah-baskili-mini-orme-elbise-tbbss24ah00142-p-796431176,BB Elbise
68,746293708,Trendyol Curve,Siyah Yırtmaçlı Midi Örme Elbise TBBAW24AH00095,464.99,182,/trendyol-curve/siyah-yirtmacli-midi-orme-elbise-tbbaw24ah00095-p-746293708,BB Elbise
69,447679528,Trendyol Curve,Siyah Bisiklet Yaka Baskılı T-shirt Örme Elbise TBBSS23AH00162,258.99,177,/trendyol-curve/siyah-bisiklet-yaka-baskili-t-shirt-orme-elbise-tbbss23ah00162-p-447679528,BB Elbise
70,794261020,Trendyol Curve,Bej Keten Görünümlü Kemerli Düğmeli Gömlek Elbise TBBSS24AH00116,481.99,25,/trendyol-curve/bej-keten-gorunumlu-kemerli-dugmeli-gomlek-elbise-tbbss24ah00116-p-794261020,BB Elbise
71,790537823,Trendyol Curve,Siyah Midi Örme Elbise TBBSS24AH00070,350.99,49,/trendyol-curve/siyah-midi-orme-elbise-tbbss24ah00070-p-790537823,BB Elbise
72,786647965,Trendyol Curve,Kahverengi A-line Dokuma Elbise TBBSS24AH00052,617.99,109,/trendyol-curve/kahverengi-a-line-dokuma-elbise-tbbss24ah00052-p-786647965,BB Elbise
73,792803661,Trendyol Curve,Siyah Yazlık Oversize Kalın Askılı V Yaka Dokuma Elbise TBBSS24AH00129,567.99,38,/trendyol-curve/siyah-yazlik-oversize-kalin-askili-v-yaka-dokuma-elbise-tbbss24ah00129-p-792803661,BB Elbise
74,193283278,Trendyol Curve,Siyah Kuşaklı Örme Bisiklet Yaka Elbise TBBSS22AH0242,290.99,763,/trendyol-curve/siyah-kusakli-orme-bisiklet-yaka-elbise-tbbss22ah0242-p-193283278,BB Elbise
75,347723886,Trendyol Curve,Siyah Ayarlanabilir Askılı Vücuda Oturan Midi/Orta Boy Dokuma Büyük Beden Elbise TBBSS22AH00039,519.99,565,/trendyol-curve/siyah-ayarlanabilir-askili-vucuda-oturan-midi-orta-boy-dokuma-buyuk-beden-elbise-tbbss22ah00039-p-347723886,BB Elbise
76,792598893,Trendyol Curve,Kahverengi Büzgü Detaylı Midi Örme Elbise TBBSS24AH00080,695.99,129,/trendyol-curve/kahverengi-buzgu-detayli-midi-orme-elbise-tbbss24ah00080-p-792598893,BB Elbise
77,444551837,Trendyol Curve,Mavi Etnik Desenli İspanyol Kol Skater Mini Dokuma Plaj Elbisesi TBBSS23AH00114,495.99,192,/trendyol-curve/mavi-etnik-desenli-ispanyol-kol-skater-mini-dokuma-plaj-elbisesi-tbbss23ah00114-p-444551837,BB Elbise
78,787853361,Trendyol Curve,Siyah Vücuda Oturan Büzgü Detaylı Mini Örme Elbise TBBSS24AH00045,167.99,47,/trendyol-curve/siyah-vucuda-oturan-buzgu-detayli-mini-orme-elbise-tbbss24ah00045-p-787853361,BB Elbise
79,195974075,Trendyol Curve,Gipe ve Düğme Detaylı Dokuma Elbise,598.99,2374,/trendyol-curve/gipe-ve-dugme-detayli-dokuma-elbise-p-195974075,BB Elbise
80,217203252,Trendyol Curve,Siyah Dokuma Volanlı Elbise TBBSS22EL1597,398.99,584,/trendyol-curve/siyah-dokuma-volanli-elbise-tbbss22el1597-p-217203252,BB Elbise
81,794286011,Trendyol Curve,Siyah Kruvaze Eteği Volanlı Dokuma Elbise TBBSS24AH00032,505.99,25,/trendyol-curve/siyah-kruvaze-etegi-volanli-dokuma-elbise-tbbss24ah00032-p-794286011,BB Elbise
82,193218558,Trendyol Curve,Siyah Dokuma Beil Büzgülü Elbise TBBSS22AH0247,438.99,991,/trendyol-curve/siyah-dokuma-beil-buzgulu-elbise-tbbss22ah0247-p-193218558,BB Elbise
83,411284792,Trendyol Curve,Yeşil Çiçek Desenli Gipeli Örme Elbise TBBSS23AH00074,350.99,293,/trendyol-curve/yesil-cicek-desenli-gipeli-orme-elbise-tbbss23ah00074-p-411284792,BB Elbise
84,441867167,Trendyol Curve,Siyah Dokuma Carmen Yaka Bel Detaylı Elbise TBBSS23AH00090,645.99,320,/trendyol-curve/siyah-dokuma-carmen-yaka-bel-detayli-elbise-tbbss23ah00090-p-441867167,BB Elbise
85,195711951,Trendyol Curve,Siyah Düz Kesim Bağlama Detaylı Yırtmaçlı Örme Elbise TBBSS22EL1640,377.99,1782,/trendyol-curve/siyah-duz-kesim-baglama-detayli-yirtmacli-orme-elbise-tbbss22el1640-p-195711951,BB Elbise
86,349053515,Trendyol Curve,Siyah Askılı A-Kesim/Çan Dantelli Uzun Abiye/Mezuniyet/Nişan/Gece Elbisesi TBBAW23AH00187,773.99,905,/trendyol-curve/siyah-askili-a-kesim-can-dantelli-uzun-abiye-mezuniyet-nisan-gece-elbisesi-tbbaw23ah00187-p-349053515,BB Elbise
87,215409513,Trendyol Curve,Siyah Baskılı Dokuma Elbise TBBSS22EL2123,444.99,1187,/trendyol-curve/siyah-baskili-dokuma-elbise-tbbss22el2123-p-215409513,BB Elbise
88,817568508,Trendyol Curve,Kahverengi Tek Omuz Midi Örme Elbise TBBSS24AH00083,328.99,46,/trendyol-curve/kahverengi-tek-omuz-midi-orme-elbise-tbbss24ah00083-p-817568508,BB Elbise
89,446411075,Trendyol Curve,Siyah Kruvaze Yaka Eteği Fırfırlı Dokuma Plaj Elbisesi TBBSS23AH00164,415.99,119,/trendyol-curve/siyah-kruvaze-yaka-etegi-firfirli-dokuma-plaj-elbisesi-tbbss23ah00164-p-446411075,BB Elbise
90,793590244,Trendyol Curve,Camel Maxi/Uzun Boy Yırtmaçlı Yazlık Leopar Desenli Dokuma Elbise TBBSS24AH00136,592.99,86,/trendyol-curve/camel-maxi-uzun-boy-yirtmacli-yazlik-leopar-desenli-dokuma-elbise-tbbss24ah00136-p-793590244,BB Elbise
91,458041579,Trendyol Curve,Pembe Çiçekli Dokuma Gipeli Elbise TBBSS23AH00093,452.99,235,/trendyol-curve/pembe-cicekli-dokuma-gipeli-elbise-tbbss23ah00093-p-458041579,BB Elbise
92,217204916,Trendyol Curve,Siyah A-Line Dokuma Cep Detaylı Elbise TBBSS22EL1598,454.99,1344,/trendyol-curve/siyah-a-line-dokuma-cep-detayli-elbise-tbbss22el1598-p-217204916,BB Elbise
93,792559802,Trendyol Curve,Çok Renkli Etnik Desenli Askılı Beli Lastikli Dokuma Plaj Elbisesi TBBSS24AH00072,617.99,50,/trendyol-curve/cok-renkli-etnik-desenli-askili-beli-lastikli-dokuma-plaj-elbisesi-tbbss24ah00072-p-792559802,BB Elbise
94,793587166,Trendyol Curve,Krem Dik Yaka Animal Desenli Balon Kol Uzun Dokuma Elbise TBBSS24AH00135,402.99,150,/trendyol-curve/krem-dik-yaka-animal-desenli-balon-kol-uzun-dokuma-elbise-tbbss24ah00135-p-793587166,BB Elbise
95,349051462,Trendyol Curve,Siyah Vücuda Oturan Büzgü Detaylı Örme Elbise TBBAW23AH00185,502.99,976,/trendyol-curve/siyah-vucuda-oturan-buzgu-detayli-orme-elbise-tbbaw23ah00185-p-349051462,BB Elbise
97,444081604,Trendyol Curve,Saks Çiçekli Beli Bağlamalı Dokuma Gömlek Elbise TBBSS23AH00106,575.99,173,/trendyol-curve/saks-cicekli-beli-baglamali-dokuma-gomlek-elbise-tbbss23ah00106-p-444081604,BB Elbise
98,792868551,Trendyol Curve,Lacivert Fitilli A-line Midi Örme Elbise TBBSS24AH00130,320.99,180,/trendyol-curve/lacivert-fitilli-a-line-midi-orme-elbise-tbbss24ah00130-p-792868551,BB Elbise
99,183395073,Trendyol Curve,Koyu Kahverengi Shift Bisiklet Yaka Yırtmaçlı Örme Elbise TBBSS22AH0162,315.99,598,/trendyol-curve/koyu-kahverengi-shift-bisiklet-yaka-yirtmacli-orme-elbise-tbbss22ah0162-p-183395073,BB Elbise
100,814887697,Trendyol Curve,Saks -Ekru Renk Bloklu Midi Krep Örme Büyük Beden Elbise TBBSS24AH00143,206.99,3,/trendyol-curve/saks-ekru-renk-bloklu-midi-krep-orme-buyuk-beden-elbise-tbbss24ah00143-p-814887697,BB Elbise
101,661900480,Trendyol Curve,Çok Renkli Çiçek Desenli Dokuma Elbise TBBSS23AH00213,421.99,288,/trendyol-curve/cok-renkli-cicek-desenli-dokuma-elbise-tbbss23ah00213-p-661900480,BB Elbise
102,788990612,Trendyol Curve,Siyah Volan Detaylı Midi Örme Elbise TBBSS24AH00048,291.99,112,/trendyol-curve/siyah-volan-detayli-midi-orme-elbise-tbbss24ah00048-p-788990612,BB Elbise
103,804724421,Trendyol Curve,Siyah Büzgü ve Etiket Detaylı Örme T-shirt Elbise TBBSS24AH00171,409.99,57,/trendyol-curve/siyah-buzgu-ve-etiket-detayli-orme-t-shirt-elbise-tbbss24ah00171-p-804724421,BB Elbise
104,444551839,Trendyol Curve,Siyah Etnik Desenli İspanyol Kol Skater Mini Dokuma Plaj Elbisesi TBBSS23AH00114,612.99,475,/trendyol-curve/siyah-etnik-desenli-ispanyol-kol-skater-mini-dokuma-plaj-elbisesi-tbbss23ah00114-p-444551839,BB Elbise
105,792598104,Trendyol Curve,Indigo Kruvaze Damla Detaylı Midi Örme Elbise TBBSS24AH00090,292.99,31,/trendyol-curve/indigo-kruvaze-damla-detayli-midi-orme-elbise-tbbss24ah00090-p-792598104,BB Elbise
106,368230306,Trendyol Curve,Bordo Dokuma Yırtmaçlı Elbise TBBSS22AH0012,663.99,519,/trendyol-curve/bordo-dokuma-yirtmacli-elbise-tbbss22ah0012-p-368230306,BB Elbise
107,797236650,Trendyol Curve,Siyah Simli Baskı Detaylı Örme Elbise TBBSS24AH00147,233.99,22,/trendyol-curve/siyah-simli-baski-detayli-orme-elbise-tbbss24ah00147-p-797236650,BB Elbise
108,791662451,Trendyol Curve,Yeşil Tüvit Dokuma Büyük Beden Elbise,214.99,66,/trendyol-curve/yesil-tuvit-dokuma-buyuk-beden-elbise-p-791662451,BB Elbise
109,410805923,Trendyol Curve,Mavi Belden Açılan/Skater V Yaka Denim Elbise TBBSS23AH00078,733.99,298,/trendyol-curve/mavi-belden-acilan-skater-v-yaka-denim-elbise-tbbss23ah00078-p-410805923,BB Elbise
110,447629369,Trendyol Curve,Çok Renkli Çiçek Desenli V Yaka Örme Elbise TBBSS23AH00158,383.99,448,/trendyol-curve/cok-renkli-cicek-desenli-v-yaka-orme-elbise-tbbss23ah00158-p-447629369,BB Elbise
111,220093599,Trendyol Curve,Siyah A-line Cut-Out Detaylı Örme Elbise TBBSS22EL2986,272.99,1430,/trendyol-curve/siyah-a-line-cut-out-detayli-orme-elbise-tbbss22el2986-p-220093599,BB Elbise
112,807627916,Trendyol Curve,Pembe Astarlı Şifon Çiçekli Kare Yaka Balon Kol Dokuma Büyük Beden Elbise TBBSS24AH00189,628.99,130,/trendyol-curve/pembe-astarli-sifon-cicekli-kare-yaka-balon-kol-dokuma-buyuk-beden-elbise-tbbss24ah00189-p-807627916,BB Elbise
113,786377966,Trendyol Curve,Siyah Dokuma Ceket Elbise TBBSS24AH00008,379.99,88,/trendyol-curve/siyah-dokuma-ceket-elbise-tbbss24ah00008-p-786377966,BB Elbise
114,195641321,Trendyol Curve,Siyah Dokuma Büzgülü Carmen Yaka Elbise TBBSS22EL1633,610.99,833,/trendyol-curve/siyah-dokuma-buzgulu-carmen-yaka-elbise-tbbss22el1633-p-195641321,BB Elbise
115,465413864,Trendyol Curve,Siyah Halter Yaka Dokuma Elbise TBBSS23AH00207,634.99,232,/trendyol-curve/siyah-halter-yaka-dokuma-elbise-tbbss23ah00207-p-465413864,BB Elbise
116,193324376,Trendyol Curve,Siyah Dokuma Volan Detaylı Elbise TBBSS22EL1593,463.99,373,/trendyol-curve/siyah-dokuma-volan-detayli-elbise-tbbss22el1593-p-193324376,BB Elbise
117,792778803,Trendyol Curve,Petrol Puantiye Baskılı Kare Yaka Volanlı A-Line Mini Örme Elbise TBBSS24AH00127,345.99,113,/trendyol-curve/petrol-puantiye-baskili-kare-yaka-volanli-a-line-mini-orme-elbise-tbbss24ah00127-p-792778803,BB Elbise
118,251534328,Trendyol Curve,Siyah Puantiyeli A-line Mini Örme Elbise TBBAW23AH00003,306.99,3959,/trendyol-curve/siyah-puantiyeli-a-line-mini-orme-elbise-tbbaw23ah00003-p-251534328,BB Elbise
119,286342111,Trendyol Curve,Siyah Dokuma Yırtmaçlı İnce Ayarlanabilir Askılı Abiye/Gece/Mezuniyet/Nişan Elbise TBBSS22AD00001,659.99,456,/trendyol-curve/siyah-dokuma-yirtmacli-ince-ayarlanabilir-askili-abiye-gece-mezuniyet-nisan-elbise-tbbss22ad00001-p-286342111,BB Elbise
120,284147435,Trendyol Curve,Siyah Örme Drape Detaylı Abiye Elbise TBBSS22AD00000,641.99,1102,/trendyol-curve/siyah-orme-drape-detayli-abiye-elbise-tbbss22ad00000-p-284147435,BB Elbise
121,174881448,Trendyol Curve,Mavi Örme Cut-Out ve Büzgü Detaylı Çiçek Desenli Örme Elbise TBBSS22AH0142,235.99,444,/trendyol-curve/mavi-orme-cut-out-ve-buzgu-detayli-cicek-desenli-orme-elbise-tbbss22ah0142-p-174881448,BB Elbise
122,214980457,Trendyol Curve,Siyah Dokuma Önü Düğmeli Elbise TBBSS22EL1673,571.99,1119,/trendyol-curve/siyah-dokuma-onu-dugmeli-elbise-tbbss22el1673-p-214980457,BB Elbise
123,807622491,Trendyol Curve,Siyah Puantiyeli Dokuma Mini Elbise,610.99,37,/trendyol-curve/siyah-puantiyeli-dokuma-mini-elbise-p-807622491,BB Elbise
124,411293208,Trendyol Curve,Siyah Kalp Yaka Örme Elbise TBBSS23AH00118,380.99,808,/trendyol-curve/siyah-kalp-yaka-orme-elbise-tbbss23ah00118-p-411293208,BB Elbise
125,796427004,Trendyol Curve,Siyah-Beyaz Renk Bloklu Midi Örme Elbise TBBSS24AH00143,293.99,116,/trendyol-curve/siyah-beyaz-renk-bloklu-midi-orme-elbise-tbbss24ah00143-p-796427004,BB Elbise
126,823683527,Trendyol Curve,Mor Nakışlı Relaxed/Rahat Kesim Bisiklet Yaka Midi Örme Elbise,250.99,5,/trendyol-curve/mor-nakisli-relaxed-rahat-kesim-bisiklet-yaka-midi-orme-elbise-p-823683527,BB Elbise
127,442967563,Trendyol Curve,Çok Renkli Çiçek Desenli Dokuma Elbise TBBSS23AH00091,552.99,189,/trendyol-curve/cok-renkli-cicek-desenli-dokuma-elbise-tbbss23ah00091-p-442967563,BB Elbise
128,365638883,Trendyol Curve,Saks Düz Kesim Yırtmaçlı Örme Elbise TBBSS22AH0162,293.99,335,/trendyol-curve/saks-duz-kesim-yirtmacli-orme-elbise-tbbss22ah0162-p-365638883,BB Elbise
129,204856599,Trendyol Curve,Siyah Baskılı Örme T-Shirt Elbise TBBSS22EL2269,296.99,1709,/trendyol-curve/siyah-baskili-orme-t-shirt-elbise-tbbss22el2269-p-204856599,BB Elbise
130,410854822,Trendyol Curve,Siyah Fitilli Bisiklet Yaka Yırtmaçlı Örme Elbise TBBSS23AH00072,248.99,1164,/trendyol-curve/siyah-fitilli-bisiklet-yaka-yirtmacli-orme-elbise-tbbss23ah00072-p-410854822,BB Elbise
131,411319531,Trendyol Curve,Kırmızı Çiçek Desenli Kalp Yaka Örme Elbise TBBSS23AH00125,320.99,247,/trendyol-curve/kirmizi-cicek-desenli-kalp-yaka-orme-elbise-tbbss23ah00125-p-411319531,BB Elbise
132,774678696,Trendyol Curve,Mor Düz Bodycone Midi Dokuma Büyük Beden Elbise TBBSS24AH00000,475.99,61,/trendyol-curve/mor-duz-bodycone-midi-dokuma-buyuk-beden-elbise-tbbss24ah00000-p-774678696,BB Elbise
133,823647178,Trendyol Curve,Siyah Tek Omuz Asimetrik Uzun Abiye/Gece/Mezuniyet/Nişan Elbisesi TBBSS24AH00217,768.99,16,/trendyol-curve/siyah-tek-omuz-asimetrik-uzun-abiye-gece-mezuniyet-nisan-elbisesi-tbbss24ah00217-p-823647178,BB Elbise
134,780014543,Trendyol Curve,Koyu Yeşil Finike Dokuma Büyük Beden Elbise,487.99,55,/trendyol-curve/koyu-yesil-finike-dokuma-buyuk-beden-elbise-p-780014543,BB Elbise
135,792554841,Trendyol Curve,Siyah Kalp Yaka Askılı Örme Elbise TBBSS24AH00089,281.99,41,/trendyol-curve/siyah-kalp-yaka-askili-orme-elbise-tbbss24ah00089-p-792554841,BB Elbise
136,791927071,Trendyol Curve,Turuncu Kruvaze Dokuma Elbise TBBSS24AH00053,352.99,25,/trendyol-curve/turuncu-kruvaze-dokuma-elbise-tbbss24ah00053-p-791927071,BB Elbise
137,195993449,Trendyol Curve,Siyah Kruvaze Yaka Askılı Örme Elbise TBBSS22EL1565,581.99,2620,/trendyol-curve/siyah-kruvaze-yaka-askili-orme-elbise-tbbss22el1565-p-195993449,BB Elbise
138,794050904,Trendyol Curve,Siyah Midi Boy Apolet Detaylı Dokuma Plaj Elbisesi TBBSS24AH00132,466.99,54,/trendyol-curve/siyah-midi-boy-apolet-detayli-dokuma-plaj-elbisesi-tbbss24ah00132-p-794050904,BB Elbise
139,216366545,Trendyol Curve,Siyah Skater V Yaka Büzgü Detaylı Örme Elbise TBBSS22EL2530,382.99,494,/trendyol-curve/siyah-skater-v-yaka-buzgu-detayli-orme-elbise-tbbss22el2530-p-216366545,BB Elbise
140,202300447,Trendyol Curve,Mavi Puantiye Desenli Dokuma Elbise TBBSS22EL1712,455.99,1685,/trendyol-curve/mavi-puantiye-desenli-dokuma-elbise-tbbss22el1712-p-202300447,BB Elbise
141,793695394,Trendyol Curve,Yeşil Hasır Kemerli Dokuma Elbise,424.99,33,/trendyol-curve/yesil-hasir-kemerli-dokuma-elbise-p-793695394,BB Elbise
142,790769367,Trendyol Curve,Siyah Polo Yaka Midi Örme Elbise TBBSS24AH00078,306.99,129,/trendyol-curve/siyah-polo-yaka-midi-orme-elbise-tbbss24ah00078-p-790769367,BB Elbise
143,661832861,Trendyol Curve,Lacivert Kuşaklı Dokuma Gömlek Elbise TBBSS23AH00252,447.99,73,/trendyol-curve/lacivert-kusakli-dokuma-gomlek-elbise-tbbss23ah00252-p-661832861,BB Elbise
144,798109292,Trendyol Curve,Zümrüt Yeşili Midi Simli Örme Elbise TBBSS24AH00149,253.99,35,/trendyol-curve/zumrut-yesili-midi-simli-orme-elbise-tbbss24ah00149-p-798109292,BB Elbise
145,230102344,Trendyol Curve,Siyah Dokuma Büzgü Ve Cutout Detaylı Elbise TBBSS22EL00012,553.99,1077,/trendyol-curve/siyah-dokuma-buzgu-ve-cutout-detayli-elbise-tbbss22el00012-p-230102344,BB Elbise
146,791559357,Trendyol Curve,Siyah Bodycon İnce Midi Triko Elbise TBBSS24AH00096,202.99,72,/trendyol-curve/siyah-bodycon-ince-midi-triko-elbise-tbbss24ah00096-p-791559357,BB Elbise
147,196036174,Trendyol Curve,Siyah Dokuma Volanlı Elbise TBBSS22EL1595,505.99,1876,/trendyol-curve/siyah-dokuma-volanli-elbise-tbbss22el1595-p-196036174,BB Elbise
148,812863146,Trendyol Curve,Mavi Bisiklet Yaka Baskılı T-shirt Örme Elbise TBBSS23AH00162,264.99,19,/trendyol-curve/mavi-bisiklet-yaka-baskili-t-shirt-orme-elbise-tbbss23ah00162-p-812863146,BB Elbise
149,807620782,Trendyol Curve,Mavi Poplin Dokuma Büyük Beden Elbise,586.99,46,/trendyol-curve/mavi-poplin-dokuma-buyuk-beden-elbise-p-807620782,BB Elbise
150,447575740,Trendyol Curve,Kahverengi Bisiklet Yaka Baskılı Yırtmaçlı Örme Elbise TBBSS23AH00156,356.99,129,/trendyol-curve/kahverengi-bisiklet-yaka-baskili-yirtmacli-orme-elbise-tbbss23ah00156-p-447575740,BB Elbise
151,792553487,Trendyol Curve,Siyah Çift Kat Yaka Detaylı Örme Elbise TBBSS24AH00087,335.99,24,/trendyol-curve/siyah-cift-kat-yaka-detayli-orme-elbise-tbbss24ah00087-p-792553487,BB Elbise
152,796364823,Trendyol Curve,Siyah Nakış Detaylı Midi Örme Elbise TBBSS24AH00126,279.99,112,/trendyol-curve/siyah-nakis-detayli-midi-orme-elbise-tbbss24ah00126-p-796364823,BB Elbise
153,814456341,Trendyol Curve,Kırmızı Puantiye Baskılı Sıfır Kol Volanlı Shift/Düz Mini Esnek Örme Elbise TBBSS24AH00131,329.99,75,/trendyol-curve/kirmizi-puantiye-baskili-sifir-kol-volanli-shift-duz-mini-esnek-orme-elbise-tbbss24ah00131-p-814456341,BB Elbise
154,741462638,Trendyol Curve,Siyah V Yaka Renk Bloklu Kolsuz Midi Dokuma Elbise TBBAW24AH00070,427.99,52,/trendyol-curve/siyah-v-yaka-renk-bloklu-kolsuz-midi-dokuma-elbise-tbbaw24ah00070-p-741462638,BB Elbise
155,414588546,Trendyol Curve,Siyah Kruvaze Bağlamalı Örme Elbise TBBSS23AH00075,308.99,272,/trendyol-curve/siyah-kruvaze-baglamali-orme-elbise-tbbss23ah00075-p-414588546,BB Elbise
156,195398078,Trendyol Curve,Siyah Kare Yaka Kalın Askılı Yazlık Dokuma Yırtmaçlı Midi/Orta Boy Elbise TBBSS22AH0202,269.99,2171,/trendyol-curve/siyah-kare-yaka-kalin-askili-yazlik-dokuma-yirtmacli-midi-orta-boy-elbise-tbbss22ah0202-p-195398078,BB Elbise
157,315743460,Trendyol Curve,Siyah Büyük Beden Kare Yaka Yırtmaçlı A-Kesim/Çan Midi Dokuma Şifon Elbise TBBAW23AH00107,655.99,918,/trendyol-curve/siyah-buyuk-beden-kare-yaka-yirtmacli-a-kesim-can-midi-dokuma-sifon-elbise-tbbaw23ah00107-p-315743460,BB Elbise
158,792810889,Trendyol Curve,Vizon Triko Bluz&Elbise 2'li Takım TBBSS24AH00095,257.99,3,/trendyol-curve/vizon-triko-bluz-elbise-2-li-takim-tbbss24ah00095-p-792810889,BB Elbise
159,788947747,Trendyol Curve,Siyah Dantel Midi Örme Elbise TBBSS24AH00026,363.99,98,/trendyol-curve/siyah-dantel-midi-orme-elbise-tbbss24ah00026-p-788947747,BB Elbise
160,805728174,Trendyol Curve,Kahverengi Süprem Örme Büyük Beden Elbise,386.99,57,/trendyol-curve/kahverengi-suprem-orme-buyuk-beden-elbise-p-805728174,BB Elbise
161,305035695,Trendyol Curve,Yeşil A-line Kruvaze Yaka Çiçek Desenli Örme Elbise TBBSS22AH00051,516.99,331,/trendyol-curve/yesil-a-line-kruvaze-yaka-cicek-desenli-orme-elbise-tbbss22ah00051-p-305035695,BB Elbise
162,247677715,Trendyol Curve,Fuşya Kruvaze Yaka Askılı Örme Elbise TBBSS22EL1565,622.99,589,/trendyol-curve/fusya-kruvaze-yaka-askili-orme-elbise-tbbss22el1565-p-247677715,BB Elbise
163,794637640,Trendyol Curve,Siyah Nakış Detaylı Örme T-shirt Elbise TBBSS24AH00084,302.99,60,/trendyol-curve/siyah-nakis-detayli-orme-t-shirt-elbise-tbbss24ah00084-p-794637640,BB Elbise
164,792551221,Trendyol Curve,Bej Kare Yaka A-Line Dokuma Elbise TBBSS24AH00075,612.99,104,/trendyol-curve/bej-kare-yaka-a-line-dokuma-elbise-tbbss24ah00075-p-792551221,BB Elbise
165,217205563,Trendyol Curve,Indigo Kuşaklı Dokuma Elbise TBBSS22EL1670,391.99,496,/trendyol-curve/indigo-kusakli-dokuma-elbise-tbbss22el1670-p-217205563,BB Elbise
166,748122065,Trendyol Curve,Siyah Uzun Kol Vücuda Oturan Yırtmaçlı Midi/Orta Boy Dokuma Elbise TBBAW24AH00089,730.99,165,/trendyol-curve/siyah-uzun-kol-vucuda-oturan-yirtmacli-midi-orta-boy-dokuma-elbise-tbbaw24ah00089-p-748122065,BB Elbise
167,807611828,Trendyol Curve,Lacivert Kemer Detaylı Dokuma Büyük Beden Elbise,639.99,44,/trendyol-curve/lacivert-kemer-detayli-dokuma-buyuk-beden-elbise-p-807611828,BB Elbise
169,786976676,Trendyol Curve,Siyah Puantiyeli Fırfırlı Ayarlanabilir Askılı Maxi/Uzun Boy Dokuma Elbise TBBSS24AH00018,853.99,55,/trendyol-curve/siyah-puantiyeli-firfirli-ayarlanabilir-askili-maxi-uzun-boy-dokuma-elbise-tbbss24ah00018-p-786976676,BB Elbise
170,792565911,Trendyol Curve,Bej Kruvaze Kapama Dokuma Ceket Keten Karışımlı Elbise TBBSS24AH00068,503.99,83,/trendyol-curve/bej-kruvaze-kapama-dokuma-ceket-keten-karisimli-elbise-tbbss24ah00068-p-792565911,BB Elbise
171,792334862,Trendyol Curve,Kırmızı Bisiklet Yaka Eteği Fırfırlı Dokuma Elbise TBBSS24AH00066,502.99,73,/trendyol-curve/kirmizi-bisiklet-yaka-etegi-firfirli-dokuma-elbise-tbbss24ah00066-p-792334862,BB Elbise
172,196049752,Trendyol Curve,Yeşil Çiçekli Dokuma Yırtmaçlı Gömlek Elbise TBBSS22EL1596,637.99,774,/trendyol-curve/yesil-cicekli-dokuma-yirtmacli-gomlek-elbise-tbbss22el1596-p-196049752,BB Elbise
173,813471262,Trendyol Curve,Mürdüm Yırtmaçlı Örme Elbise TBBSS23AH00280,303.99,20,/trendyol-curve/murdum-yirtmacli-orme-elbise-tbbss23ah00280-p-813471262,BB Elbise
174,286341852,Trendyol Curve,Zümrüt Yeşili Ayarlanabilir Askılı Vücuda Oturan Orta Boy Dokuma Büyük Beden Elbise TBBSS22AH00039,510.99,800,/trendyol-curve/zumrut-yesili-ayarlanabilir-askili-vucuda-oturan-orta-boy-dokuma-buyuk-beden-elbise-tbbss22ah00039-p-286341852,BB Elbise
175,284147429,Trendyol Curve,Zümrüt Yeşili Örme Drape Detaylı Abiye Elbise TBBSS22AD00000,631.99,442,/trendyol-curve/zumrut-yesili-orme-drape-detayli-abiye-elbise-tbbss22ad00000-p-284147429,BB Elbise
176,341917738,Trendyol Curve,Siyah V Yaka Vücuda Oturan Dokuma Kolları Fırfırlı Yırtmaçlı Elbise TBBSS22AH00042,541.99,390,/trendyol-curve/siyah-v-yaka-vucuda-oturan-dokuma-kollari-firfirli-yirtmacli-elbise-tbbss22ah00042-p-341917738,BB Elbise
177,195700732,Trendyol Curve,Siyah Kemerli Dokuma Kruvaze Yaka Elbise TBBSS22EL1669,412.99,1097,/trendyol-curve/siyah-kemerli-dokuma-kruvaze-yaka-elbise-tbbss22el1669-p-195700732,BB Elbise
178,801836702,Trendyol Curve,Lacivert A Kesim Midi Fırfırlı Çiçek Desenli Dokuma Elbise TBBSS24AH00169,651.99,102,/trendyol-curve/lacivert-a-kesim-midi-firfirli-cicek-desenli-dokuma-elbise-tbbss24ah00169-p-801836702,BB Elbise
179,794547868,Trendyol Curve,Beyaz Krep Dokuma Büyük Beden Elbise,670.99,36,/trendyol-curve/beyaz-krep-dokuma-buyuk-beden-elbise-p-794547868,BB Elbise
180,794544839,Trendyol Curve,Beyaz Saten Kruvaze Dokuma Bridal/Şık/Gece/Nikah Elbise TBBSS24AH00106,360.99,24,/trendyol-curve/beyaz-saten-kruvaze-dokuma-bridal-sik-gece-nikah-elbise-tbbss24ah00106-p-794544839,BB Elbise
181,744756499,Trendyol Curve,Siyah Düz Kruvaze Kapama Şık Mini Dokuma Büyük Beden Elbise TBBAW24AH00058,424.99,182,/trendyol-curve/siyah-duz-kruvaze-kapama-sik-mini-dokuma-buyuk-beden-elbise-tbbaw24ah00058-p-744756499,BB Elbise
182,286342371,Trendyol Curve,Kırmızı Vücuda Oturan Dokuma Straplez Balon Kol Dokuma Elbise TBBSS22AH00040,467.99,1111,/trendyol-curve/kirmizi-vucuda-oturan-dokuma-straplez-balon-kol-dokuma-elbise-tbbss22ah00040-p-286342371,BB Elbise
183,364557076,Trendyol Curve,Indigo V Yaka Volanlı Örme Elbise TBBSS23AH00030,323.99,223,/trendyol-curve/indigo-v-yaka-volanli-orme-elbise-tbbss23ah00030-p-364557076,BB Elbise
184,239224397,Trendyol Curve,Floral Desenli Kemerli Mini Dokuma Elbise TBBSS22EL00039,456.99,1512,/trendyol-curve/floral-desenli-kemerli-mini-dokuma-elbise-tbbss22el00039-p-239224397,BB Elbise
185,814894041,Trendyol Curve,Kırmızı Dalgıç/Scuba Örme Büyük Beden Elbise TBBSS24AH00087,270.99,2,/trendyol-curve/kirmizi-dalgic-scuba-orme-buyuk-beden-elbise-tbbss24ah00087-p-814894041,BB Elbise
186,365824079,Trendyol Curve,Turuncu Kruvaze Yaka Askılı Örme Elbise TBBSS22EL1565,562.99,232,/trendyol-curve/turuncu-kruvaze-yaka-askili-orme-elbise-tbbss22el1565-p-365824079,BB Elbise
187,768885100,Trendyol Curve,Siyah Pamuklu Mini/Kısa Boy Cepli Düğmeli Kemerli Gabardin Dokuma Büyük Beden Elbise TBBAW24AH00111,233.99,50,/trendyol-curve/siyah-pamuklu-mini-kisa-boy-cepli-dugmeli-kemerli-gabardin-dokuma-buyuk-beden-elbise-tbbaw24ah00111-p-768885100,BB Elbise
188,790769871,Trendyol Curve,Kiremit Polo Yaka Midi Örme Elbise TBBSS24AH00078,263.99,22,/trendyol-curve/kiremit-polo-yaka-midi-orme-elbise-tbbss24ah00078-p-790769871,BB Elbise
189,263099783,Trendyol Curve,Siyah Vücuda Oturan Fitilli Örme Elbise TBBSS22AH00018,222.99,251,/trendyol-curve/siyah-vucuda-oturan-fitilli-orme-elbise-tbbss22ah00018-p-263099783,BB Elbise
190,792589338,Trendyol Curve,Kırmızı Tek Omuz Midi Örme Elbise TBBSS24AH00083,283.99,67,/trendyol-curve/kirmizi-tek-omuz-midi-orme-elbise-tbbss24ah00083-p-792589338,BB Elbise
191,792774175,Trendyol Curve,Haki Kare Yaka Balon Kol Dokuma Elbise TBBSS24AH00066,625.99,53,/trendyol-curve/haki-kare-yaka-balon-kol-dokuma-elbise-tbbss24ah00066-p-792774175,BB Elbise
192,814703159,Trendyol Curve,Siyah Dik Yaka Animal Desenli Balon Kol Uzun Dokuma Elbise TBBSS24AH00135,452.99,22,/trendyol-curve/siyah-dik-yaka-animal-desenli-balon-kol-uzun-dokuma-elbise-tbbss24ah00135-p-814703159,BB Elbise
193,794464296,Trendyol Curve,Koyu Mavi Kuşak Detaylı Mini Denim Gömlek Elbise TBBSS24AH00124,436.99,50,/trendyol-curve/koyu-mavi-kusak-detayli-mini-denim-gomlek-elbise-tbbss24ah00124-p-794464296,BB Elbise
194,798975371,Trendyol Curve,Siyah Tek Plaka Triko Elbise TBBSS24AH00160,259.99,59,/trendyol-curve/siyah-tek-plaka-triko-elbise-tbbss24ah00160-p-798975371,BB Elbise
195,810080170,Trendyol Curve,Kırmızı Yakası Şerit Detaylı Midi Boy Triko Elbise TBBSS24AH00160,197.99,22,/trendyol-curve/kirmizi-yakasi-serit-detayli-midi-boy-triko-elbise-tbbss24ah00160-p-810080170,BB Elbise
196,807627420,Trendyol Curve,Beyaz-Mavi Shally Dokuma Büyük Beden Elbise,528.99,16,/trendyol-curve/beyaz-mavi-shally-dokuma-buyuk-beden-elbise-p-807627420,BB Elbise
197,376177946,Trendyol Curve,Mor Kare Yaka Balon Kollu Dokuma Yırtmaçlı Astarlı Şifon Elbise TBBSS22AH0012,658.99,174,/trendyol-curve/mor-kare-yaka-balon-kollu-dokuma-yirtmacli-astarli-sifon-elbise-tbbss22ah0012-p-376177946,BB Elbise
198,746072686,Trendyol Curve,Siyah Uzun Kol Vücuda Oturan Yırtmaçlı Midi/Orta Boy Dokuma Elbise TBBAW24AH00080,223.99,75,/trendyol-curve/siyah-uzun-kol-vucuda-oturan-yirtmacli-midi-orta-boy-dokuma-elbise-tbbaw24ah00080-p-746072686,BB Elbise
199,797238518,Trendyol Curve,Çok Renkli Çiçekli Kruvaze Midi Örme Elbise TBBSS24AH00148,342.99,52,/trendyol-curve/cok-renkli-cicekli-kruvaze-midi-orme-elbise-tbbss24ah00148-p-797238518,BB Elbise
200,794294845,Trendyol Curve,Çok Renkli Çiçekli Balon Kollu Mini/Kısa Boy Dokuma Elbise TBBSS24AH00111,427.99,84,/trendyol-curve/cok-renkli-cicekli-balon-kollu-mini-kisa-boy-dokuma-elbise-tbbss24ah00111-p-794294845,BB Elbise
201,379492040,Trendyol Curve,Siyah Dokuma Elbise TBBSS23AH00045,458.99,215,/trendyol-curve/siyah-dokuma-elbise-tbbss23ah00045-p-379492040,BB Elbise
202,214971133,Trendyol Curve,Siyah Düz Kesim Örme Elbise TBBSS22EL2365,251.99,1761,/trendyol-curve/siyah-duz-kesim-orme-elbise-tbbss22el2365-p-214971133,BB Elbise
203,696117688,Trendyol Curve,Mint Kemerli Dokuma Gömlek Elbise TBBSS23AH00277,643.99,121,/trendyol-curve/mint-kemerli-dokuma-gomlek-elbise-tbbss23ah00277-p-696117688,BB Elbise
204,184213594,Trendyol Curve,Kırmızı Kolları Fırfırlı Dokuma Kruvaze Yaka Şifon Abiye/Gece/Mezuniyet/Nişan Elbise TBBSS22AH0178,739.99,442,/trendyol-curve/kirmizi-kollari-firfirli-dokuma-kruvaze-yaka-sifon-abiye-gece-mezuniyet-nisan-elbise-tbbss22ah0178-p-184213594,BB Elbise
205,280142667,Trendyol Curve,Kırmızı Askılı Triko Elbise TBBAW23AH00024,295.99,1113,/trendyol-curve/kirmizi-askili-triko-elbise-tbbaw23ah00024-p-280142667,BB Elbise
206,801123253,Trendyol Curve,Vizon More Sustainable Midi Örme Elbise TBBSS24AH00168,197.99,3,/trendyol-curve/vizon-more-sustainable-midi-orme-elbise-tbbss24ah00168-p-801123253,BB Elbise
207,786378256,Trendyol Curve,Kırmızı Dokuma Elbise TBBSS24AH00010,265.99,44,/trendyol-curve/kirmizi-dokuma-elbise-tbbss24ah00010-p-786378256,BB Elbise
208,213524906,Trendyol Curve,Siyah A-line Bürümcük Örme Elbise TBBSS22EL2370,260.99,537,/trendyol-curve/siyah-a-line-burumcuk-orme-elbise-tbbss22el2370-p-213524906,BB Elbise
209,817568512,Trendyol Curve,Yeşil Tek Omuz Midi Örme Elbise TBBSS24AH00083,327.99,16,/trendyol-curve/yesil-tek-omuz-midi-orme-elbise-tbbss24ah00083-p-817568512,BB Elbise
210,220093597,Trendyol Curve,Fuşya A-line Cut-Out Detaylı Örme Elbise TBBSS22EL2986,270.99,557,/trendyol-curve/fusya-a-line-cut-out-detayli-orme-elbise-tbbss22el2986-p-220093597,BB Elbise
211,780025253,Trendyol Curve,Kırmızı Ayarlanabilir Askılı Vücuda Oturan Midi/Orta Boy Dokuma Büyük Beden Elbise TBBSS22AH00039,553.99,57,/trendyol-curve/kirmizi-ayarlanabilir-askili-vucuda-oturan-midi-orta-boy-dokuma-buyuk-beden-elbise-tbbss22ah00039-p-780025253,BB Elbise
212,794258298,Trendyol Curve,Beyaz V Yaka Etek Ucu Volanlı Düğme Detaylı Plaj Elbisesi TBBSS24AH00100,304.99,16,/trendyol-curve/beyaz-v-yaka-etek-ucu-volanli-dugme-detayli-plaj-elbisesi-tbbss24ah00100-p-794258298,BB Elbise
213,266830260,Trendyol Curve,Mavi Kare Yaka Balon Kollu Dokuma Yırtmaçlı Astarlı Şifon Elbise TBBSS22AH0012,548.99,600,/trendyol-curve/mavi-kare-yaka-balon-kollu-dokuma-yirtmacli-astarli-sifon-elbise-tbbss22ah0012-p-266830260,BB Elbise
214,712426094,Trendyol Curve,Siyah Çıtır Çiçekli Astarlı Uzun Kol Midi/Orta Boy Şifon Elbise TBBAW24AH00027,676.99,180,/trendyol-curve/siyah-citir-cicekli-astarli-uzun-kol-midi-orta-boy-sifon-elbise-tbbaw24ah00027-p-712426094,BB Elbise
215,814887708,Trendyol Curve, Kahverengi-Bej Renk Bloklu Midi Krep Örme Büyük Beden Elbise TBBSS24AH00143,245.99,11,/trendyol-curve/kahverengi-bej-renk-bloklu-midi-krep-orme-buyuk-beden-elbise-tbbss24ah00143-p-814887708,BB Elbise
216,195709205,Trendyol Curve,Lila V Yaka Çiçek Desenli Örme Elbise TBBSS22EL1638,324.99,1299,/trendyol-curve/lila-v-yaka-cicek-desenli-orme-elbise-tbbss22el1638-p-195709205,BB Elbise
217,411320175,Trendyol Curve,Siyah Kalp Yaka Örme Elbise TBBSS23AH00128,264.99,182,/trendyol-curve/siyah-kalp-yaka-orme-elbise-tbbss23ah00128-p-411320175,BB Elbise
218,261965886,Trendyol Curve,Petrol A-Line Dokuma Cep Detaylı Elbise TBBSS22EL1598,493.99,398,/trendyol-curve/petrol-a-line-dokuma-cep-detayli-elbise-tbbss22el1598-p-261965886,BB Elbise
219,368762945,Trendyol Curve,Zümrüt Yeşili Kare Yaka Kalın Askılı Yazlık Dokuma Yırtmaçlı Midi/Orta Boy Elbise TBBSS22AH0202,353.99,191,/trendyol-curve/zumrut-yesili-kare-yaka-kalin-askili-yazlik-dokuma-yirtmacli-midi-orta-boy-elbise-tbbss22ah0202-p-368762945,BB Elbise
220,443752002,Trendyol Curve,Siyah Cut-Out Detaylı Örme Elbise TBBSS23AH00132,335.99,178,/trendyol-curve/siyah-cut-out-detayli-orme-elbise-tbbss23ah00132-p-443752002,BB Elbise
221,464843171,Trendyol Curve,Siyah Vücuda Oturan Cut-Out Detaylı Yırtmaçlı Örme Elbise TBBSS23AH00192,496.99,419,/trendyol-curve/siyah-vucuda-oturan-cut-out-detayli-yirtmacli-orme-elbise-tbbss23ah00192-p-464843171,BB Elbise
222,749841724,Trendyol Curve,Siyah Düz Gömlek Elbise Mini Dokuma Büyük Beden Elbise TBBAW24AH00101,255.99,96,/trendyol-curve/siyah-duz-gomlek-elbise-mini-dokuma-buyuk-beden-elbise-tbbaw24ah00101-p-749841724,BB Elbise
223,193324384,Trendyol Curve,Zümrüt Yeşili Dokuma Volan Detaylı Elbise TBBSS22EL1593,509.99,380,/trendyol-curve/zumrut-yesili-dokuma-volan-detayli-elbise-tbbss22el1593-p-193324384,BB Elbise
224,195989480,Trendyol Curve,Siyah Düz Anvelop Midi Dokuma Büyük Beden Elbise TBBSS22EL1564,574.99,428,/trendyol-curve/siyah-duz-anvelop-midi-dokuma-buyuk-beden-elbise-tbbss22el1564-p-195989480,BB Elbise
225,193296523,Trendyol Curve,Siyah Bisiklet Yaka Örme T-Shirt Elbise TBBSS22EL1591,378.99,2958,/trendyol-curve/siyah-bisiklet-yaka-orme-t-shirt-elbise-tbbss22el1591-p-193296523,BB Elbise
226,411313102,Trendyol Curve,Pembe Animal Desenli Kruvaze Örme Elbise TBBSS23AH00119,306.99,234,/trendyol-curve/pembe-animal-desenli-kruvaze-orme-elbise-tbbss23ah00119-p-411313102,BB Elbise
227,184251724,Trendyol Curve,Bej Çiçekli V Yaka Dokuma Ayarlanabilir Askılı Uzun Elbise TBBSS22AH0055,599.99,564,/trendyol-curve/bej-cicekli-v-yaka-dokuma-ayarlanabilir-askili-uzun-elbise-tbbss22ah0055-p-184251724,BB Elbise
228,794052447,Trendyol Curve,Siyah Vücuda Oturan Mini Büzgü Detaylı Mesh/Tül Plaj Elbisesi TBBSS24AH00137,183.99,28,/trendyol-curve/siyah-vucuda-oturan-mini-buzgu-detayli-mesh-tul-plaj-elbisesi-tbbss24ah00137-p-794052447,BB Elbise
229,196049760,Trendyol Curve,Siyah Puantiyeli Kuşaklı Dokuma Elbise TBBSS22EL1596,883.99,1028,/trendyol-curve/siyah-puantiyeli-kusakli-dokuma-elbise-tbbss22el1596-p-196049760,BB Elbise
230,741464123,Trendyol Curve,Lacivert Kruvaze Yaka Zincir Aksesuarlı Şık Midi Dokuma Elbise TBBAW24AH00071,202.99,26,/trendyol-curve/lacivert-kruvaze-yaka-zincir-aksesuarli-sik-midi-dokuma-elbise-tbbaw24ah00071-p-741464123,BB Elbise
231,783242160,Trendyol Curve,Kırmızı Dikiş Detaylı Mini Örme Elbise TBBSS24AH00005,219.99,43,/trendyol-curve/kirmizi-dikis-detayli-mini-orme-elbise-tbbss24ah00005-p-783242160,BB Elbise
232,818408338,Trendyol Curve,Haki V Yaka Jakar Çiçek Desenli Dokuma Büyük Beden Elbise,399.99,6,/trendyol-curve/haki-v-yaka-jakar-cicek-desenli-dokuma-buyuk-beden-elbise-p-818408338,BB Elbise
233,193283267,Trendyol Curve,Kırmızı Kuşaklı Bisiklet Yaka Örme Elbise TBBSS22AH0242,312.99,790,/trendyol-curve/kirmizi-kusakli-bisiklet-yaka-orme-elbise-tbbss22ah0242-p-193283267,BB Elbise
234,247572205,Trendyol Curve,Mavi A-line Kruvaze Yaka Çiçek Desenli Örme Elbise TBBSS22AH00000,530.99,518,/trendyol-curve/mavi-a-line-kruvaze-yaka-cicek-desenli-orme-elbise-tbbss22ah00000-p-247572205,BB Elbise
235,174881452,Trendyol Curve,Siyah Vücuda Oturan Büzgü Detaylı Çiçek Desenli Örme Elbise TBBSS22AH0142,307.99,1772,/trendyol-curve/siyah-vucuda-oturan-buzgu-detayli-cicek-desenli-orme-elbise-tbbss22ah0142-p-174881452,BB Elbise
236,794053556,Trendyol Curve,Siyah Maxi Boy Yakası Volanlı Plaj Elbisesi TBBSS24AH00133,475.99,38,/trendyol-curve/siyah-maxi-boy-yakasi-volanli-plaj-elbisesi-tbbss24ah00133-p-794053556,BB Elbise
237,280142714,Trendyol Curve,Siyah Askılı Vücudu Saran İnce Triko Elbise TBBAW23AH00024,315.99,1559,/trendyol-curve/siyah-askili-vucudu-saran-ince-triko-elbise-tbbaw23ah00024-p-280142714,BB Elbise
238,745134616,Trendyol Curve,Siyah Düz A-Kesim/Çan Mini Dokuma Büyük Beden Elbise TBBAW24AH00076,708.99,72,/trendyol-curve/siyah-duz-a-kesim-can-mini-dokuma-buyuk-beden-elbise-tbbaw24ah00076-p-745134616,BB Elbise
239,284145955,Trendyol Curve,Bordo Örme Drape Detaylı Abiye Elbise TBBSS22AD00000,596.99,384,/trendyol-curve/bordo-orme-drape-detayli-abiye-elbise-tbbss22ad00000-p-284145955,BB Elbise
240,666180598,Trendyol Curve,Kırmızı Kuşak Detaylı Dokuma Elbise TBBSS23AH00251,448.99,311,/trendyol-curve/kirmizi-kusak-detayli-dokuma-elbise-tbbss23ah00251-p-666180598,BB Elbise
241,814883478,Trendyol Curve,Yeşil Polo Yaka Midi Örme Elbise TBBSS24AH00078,268.99,8,/trendyol-curve/yesil-polo-yaka-midi-orme-elbise-tbbss24ah00078-p-814883478,BB Elbise
242,817266178,Trendyol Curve,Mavi Tropik Yaprak Desenli Şifon Kruvaze Dokuma Elbise TBBSS24AH00154,845.99,28,/trendyol-curve/mavi-tropik-yaprak-desenli-sifon-kruvaze-dokuma-elbise-tbbss24ah00154-p-817266178,BB Elbise
243,814448264,Trendyol Curve,Mürdüm Dikiş Detaylı Mini Örme Elbise TBBSS24AH00005,207.99,4,/trendyol-curve/murdum-dikis-detayli-mini-orme-elbise-tbbss24ah00005-p-814448264,BB Elbise
244,193216379,Trendyol Curve,Lacivert Dokuma Yakası Detaylı Elbise TBBSS22AH0246,510.99,899,/trendyol-curve/lacivert-dokuma-yakasi-detayli-elbise-tbbss22ah0246-p-193216379,BB Elbise
245,798974180,Trendyol Curve,Siyah Fitilli Triko Elbise TBBSS24AH00161,141.99,12,/trendyol-curve/siyah-fitilli-triko-elbise-tbbss24ah00161-p-798974180,BB Elbise
246,196070923,Trendyol Curve,Siyah Kuşaklı Dokuma Düğmeli Elbise TBBSS22EL1603,535.99,331,/trendyol-curve/siyah-kusakli-dokuma-dugmeli-elbise-tbbss22el1603-p-196070923,BB Elbise
247,414663223,Trendyol Curve,Siyah Kalp Yaka Örme Elbise TBBSS23AH00076,362.99,386,/trendyol-curve/siyah-kalp-yaka-orme-elbise-tbbss23ah00076-p-414663223,BB Elbise
248,266829185,Trendyol Curve,Yeşil Pileli Dokuma Elbise TBBSS22EL1633,483.99,364,/trendyol-curve/yesil-pileli-dokuma-elbise-tbbss22el1633-p-266829185,BB Elbise
249,358137272,Trendyol Curve,Turuncu Mercan Desenli Kısa Boy Fırfır Detaylı Vual Plaj Elbisesi TBBSS23AH00003,564.99,125,/trendyol-curve/turuncu-mercan-desenli-kisa-boy-firfir-detayli-vual-plaj-elbisesi-tbbss23ah00003-p-358137272,BB Elbise
250,786972519,Trendyol Curve,Mavi Kruvaze Volanlı Mini Örme Elbise TBBSS24AH00037,360.99,56,/trendyol-curve/mavi-kruvaze-volanli-mini-orme-elbise-tbbss24ah00037-p-786972519,BB Elbise
251,266812388,Trendyol Curve,Siyah V Yaka Çiçek Desenli Örme Elbise TBBSS22EL1638,322.99,841,/trendyol-curve/siyah-v-yaka-cicek-desenli-orme-elbise-tbbss22el1638-p-266812388,BB Elbise
252,442982678,Trendyol Curve,Çok Renkli Çiçekli Dokuma Yırtmaç Detaylı Elbise TBBSS23AH00096,451.99,177,/trendyol-curve/cok-renkli-cicekli-dokuma-yirtmac-detayli-elbise-tbbss23ah00096-p-442982678,BB Elbise
253,443014177,Trendyol Curve,Lacivert Çiçekli Dokuma Elbise TBBSS23AH00101,658.99,472,/trendyol-curve/lacivert-cicekli-dokuma-elbise-tbbss23ah00101-p-443014177,BB Elbise
254,465454788,Trendyol Curve,Siyah Kemerli Dokuma Kruvaze Yaka Elbise TBBSS23AH00206,519.99,281,/trendyol-curve/siyah-kemerli-dokuma-kruvaze-yaka-elbise-tbbss23ah00206-p-465454788,BB Elbise
255,816270602,Trendyol Curve,Siyah Düğmeli Hakim Yaka Midi Dokuma Büyük Beden Elbise TBBSS24AH00209,540.99,8,/trendyol-curve/siyah-dugmeli-hakim-yaka-midi-dokuma-buyuk-beden-elbise-tbbss24ah00209-p-816270602,BB Elbise
256,797625285,Trendyol Curve,Çok Renkli Desenli A-Kesim/Çan Dokuma Elbise TBBSS24AH00151,632.99,62,/trendyol-curve/cok-renkli-desenli-a-kesim-can-dokuma-elbise-tbbss24ah00151-p-797625285,BB Elbise
257,174953840,Trendyol Curve,Kiremit Kuşaklı Kruvaze Örme Elbise TBBSS22AH0144,367.99,1422,/trendyol-curve/kiremit-kusakli-kruvaze-orme-elbise-tbbss22ah0144-p-174953840,BB Elbise
258,261970391,Trendyol Curve,Fuşya Kare Yaka Balon Kollu Dokuma Yırtmaçlı Astarlı Şifon Elbise TBBSS22AH0012,544.99,803,/trendyol-curve/fusya-kare-yaka-balon-kollu-dokuma-yirtmacli-astarli-sifon-elbise-tbbss22ah0012-p-261970391,BB Elbise
259,817266179,Trendyol Curve,Saks Saten Şık Asimetrik Tek Kollu Uzun Dokuma Elbise TBBSS24AH00113,694.99,36,/trendyol-curve/saks-saten-sik-asimetrik-tek-kollu-uzun-dokuma-elbise-tbbss24ah00113-p-817266179,BB Elbise
260,371811712,Trendyol Curve,Siyah Büyük Beden Yaka Dekolteli Astarsız Uzun Kollu Bodycone Mini Dokuma Elbise TBBAW23AH00040,188.99,310,/trendyol-curve/siyah-buyuk-beden-yaka-dekolteli-astarsiz-uzun-kollu-bodycone-mini-dokuma-elbise-tbbaw23ah00040-p-371811712,BB Elbise
261,797827796,Trendyol Curve,Lacivert Balon Kol Metalik Dokuma Elbise TBBSS24AH00152,272.99,33,/trendyol-curve/lacivert-balon-kol-metalik-dokuma-elbise-tbbss24ah00152-p-797827796,BB Elbise
262,792776951,Trendyol Curve,Çok Renkli V Yaka Kolları Fırfır Detaylı Dokuma Elbise TBBSS24AH00065,528.99,59,/trendyol-curve/cok-renkli-v-yaka-kollari-firfir-detayli-dokuma-elbise-tbbss24ah00065-p-792776951,BB Elbise
263,799327525,Trendyol Curve,Siyah Vücuda Oturan Mini Bisiklet Yaka Fitilli Esnek Örme Elbise TBBSS24AH00162,184.99,33,/trendyol-curve/siyah-vucuda-oturan-mini-bisiklet-yaka-fitilli-esnek-orme-elbise-tbbss24ah00162-p-799327525,BB Elbise
264,794291731,Trendyol Curve,Siyah Payetli Dokuma Elbise TBBSS24AH00016,300.99,32,/trendyol-curve/siyah-payetli-dokuma-elbise-tbbss24ah00016-p-794291731,BB Elbise
265,260086564,Trendyol Curve,Siyah Kemerli Drape ve Yırtmaçlı Örme Elbise TBBSS22AH00008,382.99,1207,/trendyol-curve/siyah-kemerli-drape-ve-yirtmacli-orme-elbise-tbbss22ah00008-p-260086564,BB Elbise
266,809890651,Trendyol Curve,Kırmızı Dokuma Ceket Elbise TBBSS24AH00008,401.99,8,/trendyol-curve/kirmizi-dokuma-ceket-elbise-tbbss24ah00008-p-809890651,BB Elbise
267,410858196,Trendyol Curve,Siyah Çapraz Cut-Out Detaylı Sıfır Kol Örme Elbise TBBSS23AH00073,280.99,155,/trendyol-curve/siyah-capraz-cut-out-detayli-sifir-kol-orme-elbise-tbbss23ah00073-p-410858196,BB Elbise
268,817260715,Trendyol Curve,Zümrüt Yeşili Tek Kol Asimetrik Yırtmaçlı Dokuma Abiye/Gece/Mezuniyet/Nişan Elbisesi TBBSS24AD00000,510.99,14,/trendyol-curve/zumrut-yesili-tek-kol-asimetrik-yirtmacli-dokuma-abiye-gece-mezuniyet-nisan-elbisesi-tbbss24ad00000-p-817260715,BB Elbise
269,448074917,Trendyol Curve,Lacivert A-line Dokuma Elbise TBBSS23AH00150,309.99,166,/trendyol-curve/lacivert-a-line-dokuma-elbise-tbbss23ah00150-p-448074917,BB Elbise
270,661832846,Trendyol Curve,Taş Kuşaklı Dokuma Gömlek Elbise TBBSS23AH00252,423.99,157,/trendyol-curve/tas-kusakli-dokuma-gomlek-elbise-tbbss23ah00252-p-661832846,BB Elbise
271,794294236,Trendyol Curve,Pembe Saten Şık Asimetrik Tek Kollu Uzun Dokuma Elbise TBBSS24AH00113,452.99,36,/trendyol-curve/pembe-saten-sik-asimetrik-tek-kollu-uzun-dokuma-elbise-tbbss24ah00113-p-794294236,BB Elbise
272,661489988,Trendyol Curve,Fuşya Skater V Yaka Kruvaze Kapama Örme Elbise TBBSS22EL2987,407.99,234,/trendyol-curve/fusya-skater-v-yaka-kruvaze-kapama-orme-elbise-tbbss22el2987-p-661489988,BB Elbise
273,786630971,Trendyol Curve,Kahverengi A-Line Dokuma Elbise TBBSS24AH00020,435.99,64,/trendyol-curve/kahverengi-a-line-dokuma-elbise-tbbss24ah00020-p-786630971,BB Elbise
274,270000494,Trendyol Curve,Pembe Gipe ve Düğme Detaylı Dokuma Elbise TBBSS22EL1563,508.99,125,/trendyol-curve/pembe-gipe-ve-dugme-detayli-dokuma-elbise-tbbss22el1563-p-270000494,BB Elbise
275,804714516,Trendyol Curve,Kırmızı Kruvaze Mini Örme Elbise TBBSS24AH00174,281.99,67,/trendyol-curve/kirmizi-kruvaze-mini-orme-elbise-tbbss24ah00174-p-804714516,BB Elbise
276,794258299,Trendyol Curve,Siyah V Yaka Etek Ucu Volanlı Düğme Detaylı Plaj Elbisesi TBBSS24AH00100,399.99,21,/trendyol-curve/siyah-v-yaka-etek-ucu-volanli-dugme-detayli-plaj-elbisesi-tbbss24ah00100-p-794258299,BB Elbise
277,817266177,Trendyol Curve,Lacivert Askılı A-Kesim/Çan Dantelli Uzun Abiye/Mezuniyet/Nişan/Gece Elbisesi TBBAW23AH00187,414.99,13,/trendyol-curve/lacivert-askili-a-kesim-can-dantelli-uzun-abiye-mezuniyet-nisan-gece-elbisesi-tbbaw23ah00187-p-817266177,BB Elbise
278,809682280,Trendyol Curve,Pembe Dokulu Örme Büyük Beden Elbise,297.99,11,/trendyol-curve/pembe-dokulu-orme-buyuk-beden-elbise-p-809682280,BB Elbise
279,807627657,Trendyol Curve,Çok Renkli Şifon Dokuma Büyük Beden Elbise,281.99,27,/trendyol-curve/cok-renkli-sifon-dokuma-buyuk-beden-elbise-p-807627657,BB Elbise
280,795480908,Trendyol Curve,Kiremit Bisiklet Yaka Uzun Dokuma Elbise TBBSS24AH00108,385.99,36,/trendyol-curve/kiremit-bisiklet-yaka-uzun-dokuma-elbise-tbbss24ah00108-p-795480908,BB Elbise
281,804053033,Trendyol Curve,Yeşil Polo Yaka Düğmeli Midi Örme Elbise TBBSS24AH00166,225.99,16,/trendyol-curve/yesil-polo-yaka-dugmeli-midi-orme-elbise-tbbss24ah00166-p-804053033,BB Elbise
282,825139626,Trendyol Curve,Mürdüm Askılı Yırtmaçlı Uzun Dokuma Büyük Beden Abiye/Gece/Mezuniyet/Nişan Elbise TBBSS22AD00001,650.99,11,/trendyol-curve/murdum-askili-yirtmacli-uzun-dokuma-buyuk-beden-abiye-gece-mezuniyet-nisan-elbise-tbbss22ad00001-p-825139626,BB Elbise
283,793642780,Trendyol Curve,Mavi Balık Desenli Yırtmaç Detaylı Balon Kol Dokuma Plaj Elbisesi TBBSS24AH00138,361.99,24,/trendyol-curve/mavi-balik-desenli-yirtmac-detayli-balon-kol-dokuma-plaj-elbisesi-tbbss24ah00138-p-793642780,BB Elbise
284,442968619,Trendyol Curve,Yeşil Animal Desen Dokuma Yırtmaçlı Elbise TBBSS23AH00092,467.99,200,/trendyol-curve/yesil-animal-desen-dokuma-yirtmacli-elbise-tbbss23ah00092-p-442968619,BB Elbise
286,774435785,Trendyol Curve,Kırmızı Süprem Örme Büyük Beden Elbise,247.99,49,/trendyol-curve/kirmizi-suprem-orme-buyuk-beden-elbise-p-774435785,BB Elbise
287,198786851,Trendyol Curve,Siyah Desenli Kuşaklı Yırtmaç Detaylı Dokuma Elbise TBBSS22EL1582,556.99,263,/trendyol-curve/siyah-desenli-kusakli-yirtmac-detayli-dokuma-elbise-tbbss22el1582-p-198786851,BB Elbise
288,318858103,Trendyol Curve,Siyah Simli Mini Örme Elbise TBBAW23AH00149,612.99,545,/trendyol-curve/siyah-simli-mini-orme-elbise-tbbaw23ah00149-p-318858103,BB Elbise
289,411319526,Trendyol Curve,Mavi Çiçek Desenli Kalp Yaka Örme Elbise TBBSS23AH00125,239.99,161,/trendyol-curve/mavi-cicek-desenli-kalp-yaka-orme-elbise-tbbss23ah00125-p-411319526,BB Elbise
290,410854815,Trendyol Curve,Açık Haki Fitilli Bisiklet Yaka Yırtmaçlı Örme Elbise TBBSS23AH00072,326.99,473,/trendyol-curve/acik-haki-fitilli-bisiklet-yaka-yirtmacli-orme-elbise-tbbss23ah00072-p-410854815,BB Elbise
292,220096844,Trendyol Curve,Siyah Skater V Yaka Kruvaze Kapama Örme Elbise TBBSS22EL2987,429.99,1131,/trendyol-curve/siyah-skater-v-yaka-kruvaze-kapama-orme-elbise-tbbss22el2987-p-220096844,BB Elbise
293,458762302,Trendyol Curve,Yeşil Şal Desen Dokuma Şifon Elbise TBBSS23AH00187,316.99,258,/trendyol-curve/yesil-sal-desen-dokuma-sifon-elbise-tbbss23ah00187-p-458762302,BB Elbise
294,454788709,Trendyol Curve,Siyah Shift İnce Askılı Dokuma Büyük Beden Elbise,444.99,149,/trendyol-curve/siyah-shift-ince-askili-dokuma-buyuk-beden-elbise-p-454788709,BB Elbise
295,786631860,Trendyol Curve,Siyah Midi Dokuma Elbise TBBSS24AH00021,404.99,35,/trendyol-curve/siyah-midi-dokuma-elbise-tbbss24ah00021-p-786631860,BB Elbise
296,368251319,Trendyol Curve,Yeşil Dokuma Beli Lastik ve Düğme Detaylı Elbise TBBSS22EL1563,580.99,266,/trendyol-curve/yesil-dokuma-beli-lastik-ve-dugme-detayli-elbise-tbbss22el1563-p-368251319,BB Elbise
297,803322230,Trendyol Curve,Bordo Polo Yaka Mini Örme Elbise TBBSS24AH00164,429.99,104,/trendyol-curve/bordo-polo-yaka-mini-orme-elbise-tbbss24ah00164-p-803322230,BB Elbise
298,444087235,Trendyol Curve,Siyah Puantiyeli Dokuma Gömlek Elbise TBBSS23AH00107,467.99,151,/trendyol-curve/siyah-puantiyeli-dokuma-gomlek-elbise-tbbss23ah00107-p-444087235,BB Elbise
299,797638188,Trendyol Curve,Pembe Kare Yaka Smock Dokuma Elbise TBBSS24AH00153,290.99,34,/trendyol-curve/pembe-kare-yaka-smock-dokuma-elbise-tbbss24ah00153-p-797638188,BB Elbise
300,786378424,Trendyol Curve,Bej Önü Düğmeli Midi Dokuma Keten Görünümlü Elbise TBBSS24AH00012,467.99,22,/trendyol-curve/bej-onu-dugmeli-midi-dokuma-keten-gorunumlu-elbise-tbbss24ah00012-p-786378424,BB Elbise
301,817570013,Trendyol Curve,Fuşya Kruvaze Mini Örme Elbise TBBSS24AH00174,293.99,15,/trendyol-curve/fusya-kruvaze-mini-orme-elbise-tbbss24ah00174-p-817570013,BB Elbise
302,195966902,Trendyol Curve,Siyah Kuşaklı Halter Yaka Dokuma Elbise TBBSS22EL1545,360.99,444,/trendyol-curve/siyah-kusakli-halter-yaka-dokuma-elbise-tbbss22el1545-p-195966902,BB Elbise
303,266826581,Trendyol Curve,Mor Düz Kesim Örme Elbise TBBSS22EL2365,294.99,314,/trendyol-curve/mor-duz-kesim-orme-elbise-tbbss22el2365-p-266826581,BB Elbise
304,774568743,Trendyol Curve,Gri Kaşkorse Örme Büyük Beden Elbise,309.99,36,/trendyol-curve/gri-kaskorse-orme-buyuk-beden-elbise-p-774568743,BB Elbise
305,786633839,Trendyol Curve,Siyah A-Line Dokuma Elbise TBBSS24AH00023,403.99,36,/trendyol-curve/siyah-a-line-dokuma-elbise-tbbss24ah00023-p-786633839,BB Elbise
306,183415605,Trendyol Curve,Siyah Pencere/Cut Out Detaylı Fitilli Örme Elbise TBBSS22AH0146,329.99,682,/trendyol-curve/siyah-pencere-cut-out-detayli-fitilli-orme-elbise-tbbss22ah0146-p-183415605,BB Elbise
307,817266176,Trendyol Curve,Zümrüt Yeşili Askılı A-Kesim/Çan Dantelli Uzun Abiye/Mezuniyet/Nişan/Gece Elbisesi TBBAW23AH00187,469.99,10,/trendyol-curve/zumrut-yesili-askili-a-kesim-can-dantelli-uzun-abiye-mezuniyet-nisan-gece-elbisesi-tbbaw23ah00187-p-817266176,BB Elbise
308,792810408,Trendyol Curve,Kahverengi Polo Yaka Triko Elbise TBBSS24AH00099,195.99,16,/trendyol-curve/kahverengi-polo-yaka-triko-elbise-tbbss24ah00099-p-792810408,BB Elbise
309,801151319,Trendyol Curve,Siyah Çarpraz İp Detaylı Midi Örme Elbise TBBSS24AH00165,316.99,23,/trendyol-curve/siyah-carpraz-ip-detayli-midi-orme-elbise-tbbss24ah00165-p-801151319,BB Elbise
310,196075961,Trendyol Curve,Lacivert Çiçek Desenli Dokuma Yırtmaç Detaylı Elbise TBBSS22EL1612,752.99,627,/trendyol-curve/lacivert-cicek-desenli-dokuma-yirtmac-detayli-elbise-tbbss22el1612-p-196075961,BB Elbise
311,472866798,Trendyol Curve,Çok Renkli Çiçek Desenli Düğmeli Örme Elbise TBBSS23AH00240,451.99,114,/trendyol-curve/cok-renkli-cicek-desenli-dugmeli-orme-elbise-tbbss23ah00240-p-472866798,BB Elbise
312,798186836,Trendyol Curve,Siyah Bel Lastik Detaylı Midi Örme Elbise TBBSS24AH00144,297.99,32,/trendyol-curve/siyah-bel-lastik-detayli-midi-orme-elbise-tbbss24ah00144-p-798186836,BB Elbise
313,822164070,Trendyol Curve,Kırmızı Kalp Yaka Askılı Örme Elbise TBBSS24AH00089,288.99,4,/trendyol-curve/kirmizi-kalp-yaka-askili-orme-elbise-tbbss24ah00089-p-822164070,BB Elbise
314,198502836,Trendyol Curve,Siyah Dokuma Yırtmaçlı Elbise TBBSS22EL1094,730.99,425,/trendyol-curve/siyah-dokuma-yirtmacli-elbise-tbbss22el1094-p-198502836,BB Elbise
315,458739335,Trendyol Curve,Siyah Dokuma Şifon Elbise TBBSS23AH00186,588.99,651,/trendyol-curve/siyah-dokuma-sifon-elbise-tbbss23ah00186-p-458739335,BB Elbise
316,676408594,Trendyol Curve,Çok Renkli Çiçekli A-line Midi Dokuma Elbise,437.99,106,/trendyol-curve/cok-renkli-cicekli-a-line-midi-dokuma-elbise-p-676408594,BB Elbise
317,712901852,Trendyol Curve,Yeşil Şal Desenli Midi/Orta Boy Uzun Kol Astarlı Şifon Elbise TBBAW24AH00028,529.99,101,/trendyol-curve/yesil-sal-desenli-midi-orta-boy-uzun-kol-astarli-sifon-elbise-tbbaw24ah00028-p-712901852,BB Elbise
318,804762745,Trendyol Curve,Siyah Kolları Dökümlü Bodycone Dokuma Büyük Beden Elbise,355.99,12,/trendyol-curve/siyah-kollari-dokumlu-bodycone-dokuma-buyuk-beden-elbise-p-804762745,BB Elbise
319,792778253,Trendyol Curve,Fuşya Gömlek Yaka Kruvaze Kapama Dokuma Elbise TBBSS24AH00069,253.99,15,/trendyol-curve/fusya-gomlek-yaka-kruvaze-kapama-dokuma-elbise-tbbss24ah00069-p-792778253,BB Elbise
320,664867868,Trendyol Curve,Lacivert Çiçekli Kruvaze Yaka Dokuma Elbise TBBSS23AH00255,682.99,183,/trendyol-curve/lacivert-cicekli-kruvaze-yaka-dokuma-elbise-tbbss23ah00255-p-664867868,BB Elbise
321,384120987,Trendyol Curve,Kırmızı Kare Yaka Kalın Askılı Yazlık Dokuma Yırtmaçlı Midi/Orta Boy Elbise TBBSS22AH0202,330.99,160,/trendyol-curve/kirmizi-kare-yaka-kalin-askili-yazlik-dokuma-yirtmacli-midi-orta-boy-elbise-tbbss22ah0202-p-384120987,BB Elbise
322,448041953,Trendyol Curve,Haki Düz Dokuma Elbise TBBSS23AH00145,409.99,121,/trendyol-curve/haki-duz-dokuma-elbise-tbbss23ah00145-p-448041953,BB Elbise
323,802025865,Trendyol Curve,Yeşil Kare Yaka Yazlık Dokuma Elbise TBBSS24AH00170,369.99,22,/trendyol-curve/yesil-kare-yaka-yazlik-dokuma-elbise-tbbss24ah00170-p-802025865,BB Elbise
324,458817199,Trendyol Curve,Fuşya Büyük Beden Astarsız Truvakar Kol Mini/Kısa Boy Dokuma Ceket Elbise TBBAW23AH00042,637.99,238,/trendyol-curve/fusya-buyuk-beden-astarsiz-truvakar-kol-mini-kisa-boy-dokuma-ceket-elbise-tbbaw23ah00042-p-458817199,BB Elbise
325,786640296,Trendyol Curve,Siyah Dokuma Gömlek Elbise TBBSS24AH00051,446.99,35,/trendyol-curve/siyah-dokuma-gomlek-elbise-tbbss24ah00051-p-786640296,BB Elbise
326,807610401,Trendyol Curve,Kahverengi Relaxed Ayarlanabilir Askılı Uzun Dokuma Büyük Beden Elbise TBBSS24AH00187,272.99,12,/trendyol-curve/kahverengi-relaxed-ayarlanabilir-askili-uzun-dokuma-buyuk-beden-elbise-tbbss24ah00187-p-807610401,BB Elbise
327,368769897,Trendyol Curve,Mavi Kemerli Dokuma Kruvaze Yaka Elbise TBBSS22EL1669,345.99,126,/trendyol-curve/mavi-kemerli-dokuma-kruvaze-yaka-elbise-tbbss22el1669-p-368769897,BB Elbise
328,794546275,Trendyol Curve,Beyaz Uzun Kol Yırtmaçlı Dokuma Büyük Beden Bridal/Şık/Gece/Nikah Elbise TBBSS24AH00104,325.99,19,/trendyol-curve/beyaz-uzun-kol-yirtmacli-dokuma-buyuk-beden-bridal-sik-gece-nikah-elbise-tbbss24ah00104-p-794546275,BB Elbise
329,790723332,Trendyol Curve,Kahverengi Slogan Baskılı Örme T-shirt Elbise TBBSS24AH00056,314.99,46,/trendyol-curve/kahverengi-slogan-baskili-orme-t-shirt-elbise-tbbss24ah00056-p-790723332,BB Elbise
330,814753154,Trendyol Curve,Yeşil Nakış Detaylı Kaşkorse Midi Örme Büyük Beden TBBSS24AH00126,327.99,20,/trendyol-curve/yesil-nakis-detayli-kaskorse-midi-orme-buyuk-beden-tbbss24ah00126-p-814753154,BB Elbise
331,454841688,Trendyol Curve,Kırmızı Bağlama Detaylı Dokuma Yırtmaçlı Elbise TBBSS23AH00184,432.99,507,/trendyol-curve/kirmizi-baglama-detayli-dokuma-yirtmacli-elbise-tbbss23ah00184-p-454841688,BB Elbise
332,792774625,Trendyol Curve,Siyah V Yaka Beli Büzgülü Dokuma Elbise TBBSS24AH00071,386.99,35,/trendyol-curve/siyah-v-yaka-beli-buzgulu-dokuma-elbise-tbbss24ah00071-p-792774625,BB Elbise
333,817697704,Trendyol Curve,Koyu Kahverengi V Yaka Triko Elbise TBBAW25AH00005,554.99,0,/trendyol-curve/koyu-kahverengi-v-yaka-triko-elbise-tbbaw25ah00005-p-817697704,BB Elbise
334,792543508,Trendyol Curve,Turuncu Bağlama Detaylı Midi Örme Elbise TBBSS24AH00085,194.99,32,/trendyol-curve/turuncu-baglama-detayli-midi-orme-elbise-tbbss24ah00085-p-792543508,BB Elbise
335,768858750,Trendyol Curve,Siyah Gömlek Yaka Ekose-Kareli Mini Tüvit Elbise TBBAW24AH00112,650.99,41,/trendyol-curve/siyah-gomlek-yaka-ekose-kareli-mini-tuvit-elbise-tbbaw24ah00112-p-768858750,BB Elbise
337,794270542,Trendyol Curve,Bej A-Kesim/Çan Animal Desenli Dokuma Elbise TBBSS24AH00119,393.99,12,/trendyol-curve/bej-a-kesim-can-animal-desenli-dokuma-elbise-tbbss24ah00119-p-794270542,BB Elbise
338,809888139,Trendyol Curve,Siyah Aerobin Dokuma Büyük Beden Elbise,324.99,24,/trendyol-curve/siyah-aerobin-dokuma-buyuk-beden-elbise-p-809888139,BB Elbise
339,363839002,Trendyol Curve,Açık Turuncu Skater V Yaka Kruvaze Kapama Örme Elbise TBBSS22EL2987,433.99,156,/trendyol-curve/acik-turuncu-skater-v-yaka-kruvaze-kapama-orme-elbise-tbbss22el2987-p-363839002,BB Elbise
340,797209859,Trendyol Curve,Siyah Vücuda Oturan Dokuma Şık Abiye/Gece/Mezuniyet Elbise TBBSS24AH00156,508.99,68,/trendyol-curve/siyah-vucuda-oturan-dokuma-sik-abiye-gece-mezuniyet-elbise-tbbss24ah00156-p-797209859,BB Elbise
341,411293124,Trendyol Curve,Indigo Kalp Yaka Örme Elbise TBBSS23AH00118,400.99,116,/trendyol-curve/indigo-kalp-yaka-orme-elbise-tbbss23ah00118-p-411293124,BB Elbise
342,814753153,Trendyol Curve,Kahverengi Nakış Detaylı Kaşkorse Midi Örme Büyük Beden TBBSS24AH00126,233.99,14,/trendyol-curve/kahverengi-nakis-detayli-kaskorse-midi-orme-buyuk-beden-tbbss24ah00126-p-814753153,BB Elbise
343,819001414,Trendyol Curve,Kahverengi Vücuda Oturan Mini Büzgü Detaylı Mesh/Tül Plaj Elbisesi TBBSS24AH00137,145.99,1,/trendyol-curve/kahverengi-vucuda-oturan-mini-buzgu-detayli-mesh-tul-plaj-elbisesi-tbbss24ah00137-p-819001414,BB Elbise
344,410858204,Trendyol Curve,Siyah Çapraz Cut-Out Detaylı Sıfır Kol Örme Elbise TBBSS23AH00073,262.99,187,/trendyol-curve/siyah-capraz-cut-out-detayli-sifir-kol-orme-elbise-tbbss23ah00073-p-410858204,BB Elbise
345,785204583,Trendyol Curve,Siyah Tek Kol Mini Örme Elbise TBBSS24AH00036,289.99,47,/trendyol-curve/siyah-tek-kol-mini-orme-elbise-tbbss24ah00036-p-785204583,BB Elbise
346,806893980,Trendyol Curve,Pembe Şifon Dokuma Büyük Beden Elbise,526.99,25,/trendyol-curve/pembe-sifon-dokuma-buyuk-beden-elbise-p-806893980,BB Elbise
347,801160970,Trendyol Curve,Siyah More Sustainable Büzgü Detaylı Mini Örme Elbise TBBSS24AH00167,352.99,9,/trendyol-curve/siyah-more-sustainable-buzgu-detayli-mini-orme-elbise-tbbss24ah00167-p-801160970,BB Elbise
348,767158965,Trendyol Curve,Fuşya Kemerli Uzun Kol Bisiklet Yaka Dokuma Elbise TBBAW24AH00107,185.99,19,/trendyol-curve/fusya-kemerli-uzun-kol-bisiklet-yaka-dokuma-elbise-tbbaw24ah00107-p-767158965,BB Elbise
349,183234769,Trendyol Curve,Siyah Kuşaklı Dokuma Düğmeli Midi Büyük Beden Gömlek Elbise TBBSS22AH0079,654.99,833,/trendyol-curve/siyah-kusakli-dokuma-dugmeli-midi-buyuk-beden-gomlek-elbise-tbbss22ah0079-p-183234769,BB Elbise
350,364517197,Trendyol Curve,Petrol Kuşaklı Kruvaze Örme Elbise TBBSS22AH0144,379.99,176,/trendyol-curve/petrol-kusakli-kruvaze-orme-elbise-tbbss22ah0144-p-364517197,BB Elbise
351,815187873,Trendyol Curve,Mint Büyük Beden Beli Kuşaklı Dokuma Gömlek Elbise TBBSS24AH00204,595.99,23,/trendyol-curve/mint-buyuk-beden-beli-kusakli-dokuma-gomlek-elbise-tbbss24ah00204-p-815187873,BB Elbise
352,650600465,Trendyol Curve,Siyah Fitilli Cut-Out ve Yırtmaç Detaylı Örme Elbise TBBSS23AH00250,347.99,285,/trendyol-curve/siyah-fitilli-cut-out-ve-yirtmac-detayli-orme-elbise-tbbss23ah00250-p-650600465,BB Elbise
353,806267608,Trendyol Curve,Çok Renkli Leopar Desenli Tül Midi Örme Elbise TBBSS24AH00058,429.99,34,/trendyol-curve/cok-renkli-leopar-desenli-tul-midi-orme-elbise-tbbss24ah00058-p-806267608,BB Elbise
354,792590500,Trendyol Curve,Vizon V Yaka Saç Örgü Detaylı Triko Plaj Elbisesi TBBSS24AH00097,255.99,39,/trendyol-curve/vizon-v-yaka-sac-orgu-detayli-triko-plaj-elbisesi-tbbss24ah00097-p-792590500,BB Elbise
355,809891172,Trendyol Curve,Zümrüt Yeşili Büyük Beden Astarsız Truvakar Kol Mini Dokuma Ceket Elbise TBBAW23AH00042,588.99,19,/trendyol-curve/zumrut-yesili-buyuk-beden-astarsiz-truvakar-kol-mini-dokuma-ceket-elbise-tbbaw23ah00042-p-809891172,BB Elbise
356,174912121,Trendyol Curve,Siyah Yanları Büzgü Detaylı Örme Elbise TBBSS22AH0147,273.99,4103,/trendyol-curve/siyah-yanlari-buzgu-detayli-orme-elbise-tbbss22ah0147-p-174912121,BB Elbise
357,805663629,Trendyol Curve,Antrasit Kelebek Baskılı Örme T-shirt Elbise TBBSS24AH00175,271.99,18,/trendyol-curve/antrasit-kelebek-baskili-orme-t-shirt-elbise-tbbss24ah00175-p-805663629,BB Elbise
358,353160198,Trendyol Curve,Siyah Polo Yaka Fitilli Triko Elbise TBBAW23AH00002,428.99,492,/trendyol-curve/siyah-polo-yaka-fitilli-triko-elbise-tbbaw23ah00002-p-353160198,BB Elbise
359,454783439,Trendyol Curve,Siyah Dokuma V Yaka Şifon Elbise TBBSS23AH00178,292.99,185,/trendyol-curve/siyah-dokuma-v-yaka-sifon-elbise-tbbss23ah00178-p-454783439,BB Elbise
360,215015089,Trendyol Curve,Siyah Volanlı Örme T-Shirt Elbise TBBSS22EL2621,368.99,377,/trendyol-curve/siyah-volanli-orme-t-shirt-elbise-tbbss22el2621-p-215015089,BB Elbise
361,355242983,Trendyol Curve,Siyah Büyük Beden Astarsız Uzun Kollu A-Kesim Mini Dokuma Elbise TBBAW23AH00035,521.99,515,/trendyol-curve/siyah-buyuk-beden-astarsiz-uzun-kollu-a-kesim-mini-dokuma-elbise-tbbaw23ah00035-p-355242983,BB Elbise
362,270243164,Trendyol Curve,Kırmızı Büyük Beden Astarsız Uzun Kollu A-Kesim Mini Dokuma Elbise TBBAW23AH00035,500.99,619,/trendyol-curve/kirmizi-buyuk-beden-astarsiz-uzun-kollu-a-kesim-mini-dokuma-elbise-tbbaw23ah00035-p-270243164,BB Elbise
363,266347816,Trendyol Curve,İndigo Midi Yırtmaçlı Örme Elbise TBBAW23AH00017,304.99,1520,/trendyol-curve/indigo-midi-yirtmacli-orme-elbise-tbbaw23ah00017-p-266347816,BB Elbise
364,792594397,Trendyol Curve,Mavi Dikiş Detaylı Midi Örme Elbise TBBSS24AH00081,211.99,19,/trendyol-curve/mavi-dikis-detayli-midi-orme-elbise-tbbss24ah00081-p-792594397,BB Elbise
365,826879387,Trendyol Curve,Siyah Tüvit Fermuarlı Midi Dokuma Elbise,484.99,0,/trendyol-curve/siyah-tuvit-fermuarli-midi-dokuma-elbise-p-826879387,BB Elbise
366,819535620,Trendyol Curve,Antrasit Dolu İğne Triko Büyük Beden Elbise,430.99,0,/trendyol-curve/antrasit-dolu-igne-triko-buyuk-beden-elbise-p-819535620,BB Elbise
367,365848006,Trendyol Curve,Turuncu V Yaka Çiçek Desenli Örme Elbise TBBSS22EL1638,342.99,277,/trendyol-curve/turuncu-v-yaka-cicek-desenli-orme-elbise-tbbss22el1638-p-365848006,BB Elbise
368,271279635,Trendyol Curve,Siyah Belden Açılan/Skater Kruvaze Örme Elbise TBBAW23AH00020,369.99,1063,/trendyol-curve/siyah-belden-acilan-skater-kruvaze-orme-elbise-tbbaw23ah00020-p-271279635,BB Elbise
369,792560574,Trendyol Curve,Çok Renkli Balon Kol Dokulu Elbise TBBSS24AH00074,169.99,13,/trendyol-curve/cok-renkli-balon-kol-dokulu-elbise-tbbss24ah00074-p-792560574,BB Elbise
370,794574650,Trendyol Curve,Beyaz V Yaka Uzun Balık Bridal/Şık/Gece/Nikah Elbise TBBSS24AH00118,305.99,9,/trendyol-curve/beyaz-v-yaka-uzun-balik-bridal-sik-gece-nikah-elbise-tbbss24ah00118-p-794574650,BB Elbise
371,746303551,Trendyol Curve,Çok Renkli Hayvan Desenli Mini Astarlı Şifon Dokuma Elbise TBBAW24AH00056,694.99,49,/trendyol-curve/cok-renkli-hayvan-desenli-mini-astarli-sifon-dokuma-elbise-tbbaw24ah00056-p-746303551,BB Elbise
372,801141790,Trendyol Curve,Lacivert More Sustainable Midi Örme Elbise TBBSS24AH00168,411.99,20,/trendyol-curve/lacivert-more-sustainable-midi-orme-elbise-tbbss24ah00168-p-801141790,BB Elbise
373,793585148,Trendyol Curve,Siyah Kolu Fırfırlı Dantel Şerit Detaylı Mini Plaj Elbisesi TBBSS24AH00134,634.99,54,/trendyol-curve/siyah-kolu-firfirli-dantel-serit-detayli-mini-plaj-elbisesi-tbbss24ah00134-p-793585148,BB Elbise
374,815534690,Trendyol Curve,Kahverengi Fitilli Triko Büyük Beden Elbise,404.99,0,/trendyol-curve/kahverengi-fitilli-triko-buyuk-beden-elbise-p-815534690,BB Elbise
375,175067446,Trendyol Curve,Siyah Oversize V Yaka Dokuma Elbise TBBSS22EL0537,317.99,136,/trendyol-curve/siyah-oversize-v-yaka-dokuma-elbise-tbbss22el0537-p-175067446,BB Elbise
376,797839383,Trendyol Curve,Siyah Halter Yaka Saten Maxi/Uzun Boy Büyük Beden Elbise TBBSS24AH00150,688.99,37,/trendyol-curve/siyah-halter-yaka-saten-maxi-uzun-boy-buyuk-beden-elbise-tbbss24ah00150-p-797839383,BB Elbise
377,270549169,Trendyol Curve,Siyah Büyük Beden Astarsız Truvakar Kol Mini Dokuma Ceket Elbise TBBAW23AH00042,455.99,3685,/trendyol-curve/siyah-buyuk-beden-astarsiz-truvakar-kol-mini-dokuma-ceket-elbise-tbbaw23ah00042-p-270549169,BB Elbise
378,314418288,Trendyol Curve,Siyah Büyük Beden Kalp Desenli Kruvaze Yaka Gipeli Astarlı Dokuma Şifon Elbise TBBAW23AH00139,405.99,102,/trendyol-curve/siyah-buyuk-beden-kalp-desenli-kruvaze-yaka-gipeli-astarli-dokuma-sifon-elbise-tbbaw23ah00139-p-314418288,BB Elbise
379,813453628,Trendyol Curve,Mint Lyocell Dokuma Büyük Beden Elbise,368.99,12,/trendyol-curve/mint-lyocell-dokuma-buyuk-beden-elbise-p-813453628,BB Elbise
380,282529707,Trendyol Curve,Siyah Cut-Out Detaylı Midi Örme Elbise TBBAW23AH00028,376.99,119,/trendyol-curve/siyah-cut-out-detayli-midi-orme-elbise-tbbaw23ah00028-p-282529707,BB Elbise
381,262059494,Trendyol Curve,Koyu Kahverengi Polo Yaka Fitilli Triko Elbise TBBAW23AH00002,430.99,842,/trendyol-curve/koyu-kahverengi-polo-yaka-fitilli-triko-elbise-tbbaw23ah00002-p-262059494,BB Elbise
382,792747304,Trendyol Curve,Fuşya Aksesuar Detaylı Midi Örme Elbise TBBSS24AH00086,405.99,24,/trendyol-curve/fusya-aksesuar-detayli-midi-orme-elbise-tbbss24ah00086-p-792747304,BB Elbise
383,813507026,Trendyol Curve,Kırmızı Düz Kesim Bağlama Detaylı Yırtmaçlı Örme Elbise TBBSS22EL1640,295.99,7,/trendyol-curve/kirmizi-duz-kesim-baglama-detayli-yirtmacli-orme-elbise-tbbss22el1640-p-813507026,BB Elbise
384,214971136,Trendyol Curve,Vizon Düz Kesim Örme Elbise TBBSS22EL2365,325.99,270,/trendyol-curve/vizon-duz-kesim-orme-elbise-tbbss22el2365-p-214971136,BB Elbise
386,819710950,Trendyol Curve,Mürdüm Kruvaze Yaka Yırtmaçlı Uzun Astarlı Abiye/Gece/Mezuniyet/Nişan Elbise TBBSS24AD00002,699.99,26,/trendyol-curve/murdum-kruvaze-yaka-yirtmacli-uzun-astarli-abiye-gece-mezuniyet-nisan-elbise-tbbss24ad00002-p-819710950,BB Elbise
387,809419815,Trendyol Curve,Mavi Tül Örme Büyük Beden Elbise TBBSS24AH00058,489.99,12,/trendyol-curve/mavi-tul-orme-buyuk-beden-elbise-tbbss24ah00058-p-809419815,BB Elbise
388,748119512,Trendyol Curve,Siyah Taş İşlemeli Uzun Kol Yırtmaçlı Dokuma Abiye/Mezuniyet/Nişan/Gece Elbisesi TBBAW24AD00001,740.99,156,/trendyol-curve/siyah-tas-islemeli-uzun-kol-yirtmacli-dokuma-abiye-mezuniyet-nisan-gece-elbisesi-tbbaw24ad00001-p-748119512,BB Elbise
389,196075438,Trendyol Curve,Bordo Desenli Dokuma Göğsü Gipeli Elbise TBBSS22EL1611,517.99,767,/trendyol-curve/bordo-desenli-dokuma-gogsu-gipeli-elbise-tbbss22el1611-p-196075438,BB Elbise
390,816277583,Trendyol Curve,Mavi A Kesim Nervür Detaylı Eteği Volanlı Askılı Dokuma Mini Büyük Beden Elbise TBBSS24AH00211,468.99,19,/trendyol-curve/mavi-a-kesim-nervur-detayli-etegi-volanli-askili-dokuma-mini-buyuk-beden-elbise-tbbss24ah00211-p-816277583,BB Elbise
391,817266180,Trendyol Curve,Mavi Tropik Yaprak Desenli Dokuma Yırtmaçlı Yazlık Büyük Beden Elbise TBBSS22EL1612,712.99,8,/trendyol-curve/mavi-tropik-yaprak-desenli-dokuma-yirtmacli-yazlik-buyuk-beden-elbise-tbbss22el1612-p-817266180,BB Elbise
392,444576413,Trendyol Curve,Siyah Bisiklet Yaka Vatkalı Örme Elbise TBBSS23AH00079,389.99,189,/trendyol-curve/siyah-bisiklet-yaka-vatkali-orme-elbise-tbbss23ah00079-p-444576413,BB Elbise
393,749846264,Trendyol Curve,Lacivert Mini Dokuma Gömlek Elbise TBBAW24AH00101,217.99,88,/trendyol-curve/lacivert-mini-dokuma-gomlek-elbise-tbbaw24ah00101-p-749846264,BB Elbise
394,814567651,Trendyol Curve,Yeşil Kruvaze Volanlı Örme Elbise Kruvaze Volanlı Mini Örme Elbise TBBSS24AH00037,354.99,28,/trendyol-curve/yesil-kruvaze-volanli-orme-elbise-kruvaze-volanli-mini-orme-elbise-tbbss24ah00037-p-814567651,BB Elbise
395,738814429,Trendyol Curve,Siyah Yakası Fermuarlı Örme Elbise TBBAW24AH00043,407.99,132,/trendyol-curve/siyah-yakasi-fermuarli-orme-elbise-tbbaw24ah00043-p-738814429,BB Elbise
396,267210575,Trendyol Curve,Siyah Triko Elbise,466.99,381,/trendyol-curve/siyah-triko-elbise-p-267210575,BB Elbise
397,211610065,Trendyol Curve,Siyah Mini Dokuma Elbise TBBSS22EL2002,625.99,1346,/trendyol-curve/siyah-mini-dokuma-elbise-tbbss22el2002-p-211610065,BB Elbise
398,794291102,Trendyol Curve,Çok Renkli Etnik Desenli Kruvaze Yaka Vual Plaj Elbisesi TBBSS24AH00092,243.99,11,/trendyol-curve/cok-renkli-etnik-desenli-kruvaze-yaka-vual-plaj-elbisesi-tbbss24ah00092-p-794291102,BB Elbise
399,817695859,Trendyol Curve,Siyah Simli Fitilli Vücudu Saran Triko Elbise TBBAW25AH00000,528.99,0,/trendyol-curve/siyah-simli-fitilli-vucudu-saran-triko-elbise-tbbaw25ah00000-p-817695859,BB Elbise
400,814456438,Trendyol Curve,Pembe Kruvaze Volanlı Örme Elbise Kruvaze Volanlı Mini Örme Elbise TBBSS24AH00037,400.99,28,/trendyol-curve/pembe-kruvaze-volanli-orme-elbise-kruvaze-volanli-mini-orme-elbise-tbbss24ah00037-p-814456438,BB Elbise
401,807610399,Trendyol Curve,Mavi Relaxed Ayarlanabilir Askılı Uzun Dokuma Büyük Beden Elbise TBBSS24AH00187,399.99,12,/trendyol-curve/mavi-relaxed-ayarlanabilir-askili-uzun-dokuma-buyuk-beden-elbise-tbbss24ah00187-p-807610399,BB Elbise
402,717186412,Trendyol Curve,Siyah V Yaka Balon Kol Mini/Kısa Boy Dokuma Elbise TBBAW24AH00038,339.99,137,/trendyol-curve/siyah-v-yaka-balon-kol-mini-kisa-boy-dokuma-elbise-tbbaw24ah00038-p-717186412,BB Elbise
403,749848974,Trendyol Curve,Siyah Kruvaze Mini Uzun Kol Gömlek Yaka Dokuma Elbise TBBAW24AH00102,527.99,84,/trendyol-curve/siyah-kruvaze-mini-uzun-kol-gomlek-yaka-dokuma-elbise-tbbaw24ah00102-p-749848974,BB Elbise
404,804062304,Trendyol Curve,Haki Kare Yaka Yazlık Dokuma Elbise TBBSS24AH00170,389.99,18,/trendyol-curve/haki-kare-yaka-yazlik-dokuma-elbise-tbbss24ah00170-p-804062304,BB Elbise
405,196067493,Trendyol Curve,Yeşil Çiçekli Kuşaklı Dokuma Gömlek Elbise TBBSS22EL1607,358.99,376,/trendyol-curve/yesil-cicekli-kusakli-dokuma-gomlek-elbise-tbbss22el1607-p-196067493,BB Elbise
406,810079758,Trendyol Curve,Kırmızı Bodycon İnce Midi Triko Elbise TBBSS24AH00096,299.99,16,/trendyol-curve/kirmizi-bodycon-ince-midi-triko-elbise-tbbss24ah00096-p-810079758,BB Elbise
407,312937063,Trendyol Curve,Siyah Kruvaze Bağlamalı Triko Elbise TBBAW23AH00014,396.99,139,/trendyol-curve/siyah-kruvaze-baglamali-triko-elbise-tbbaw23ah00014-p-312937063,BB Elbise
408,262060777,Trendyol Curve,Siyah Büzgü Detaylı Triko Elbise,396.99,388,/trendyol-curve/siyah-buzgu-detayli-triko-elbise-p-262060777,BB Elbise
409,270245212,Trendyol Curve,Kırmızı Damla Dekolteli Uzun Kol Mini/Kısa Boy Bodycone Dokuma Büyük Beden Elbise TBBAW23AH00040,216.99,232,/trendyol-curve/kirmizi-damla-dekolteli-uzun-kol-mini-kisa-boy-bodycone-dokuma-buyuk-beden-elbise-tbbaw23ah00040-p-270245212,BB Elbise
410,730002201,Trendyol Curve,Siyah Yırtmaç Detaylı A-Kesim/Çan Dokuma Elbise TBBAW24AH00040,660.99,56,/trendyol-curve/siyah-yirtmac-detayli-a-kesim-can-dokuma-elbise-tbbaw24ah00040-p-730002201,BB Elbise
411,745131404,Trendyol Curve,Siyah Düz Kesim/Shift Mini Dokuma Elbise TBBAW24AH00075,594.99,77,/trendyol-curve/siyah-duz-kesim-shift-mini-dokuma-elbise-tbbaw24ah00075-p-745131404,BB Elbise
412,804774146,Trendyol Curve,Bordo Pelerin Detaylı Şifon Dokuma Büyük Beden Elbise,674.99,17,/trendyol-curve/bordo-pelerin-detayli-sifon-dokuma-buyuk-beden-elbise-p-804774146,BB Elbise
413,669131634,Trendyol Curve,Siyah Kol Detaylı Triko Elbise TBBAW24AH00000,517.99,81,/trendyol-curve/siyah-kol-detayli-triko-elbise-tbbaw24ah00000-p-669131634,BB Elbise
414,269870585,Trendyol Curve,Siyah Balıkçı Yaka Triko Elbise TBBAW23AH00012,514.99,84,/trendyol-curve/siyah-balikci-yaka-triko-elbise-tbbaw23ah00012-p-269870585,BB Elbise
415,669134605,Trendyol Curve,Siyah Beli Bağlama Detaylı Düğmeli Triko Elbise TBBAW24AH00003,494.99,62,/trendyol-curve/siyah-beli-baglama-detayli-dugmeli-triko-elbise-tbbaw24ah00003-p-669134605,BB Elbise
416,271503191,Trendyol Curve,Kahverengi Triko Elbise,438.99,138,/trendyol-curve/kahverengi-triko-elbise-p-271503191,BB Elbise
417,669126043,Trendyol Curve,Siyah Asimetrik Detaylı Triko Elbise TBBAW24AH00002,409.99,38,/trendyol-curve/siyah-asimetrik-detayli-triko-elbise-tbbaw24ah00002-p-669126043,BB Elbise
418,749849882,Trendyol Curve,Krem Kruvaze Mini Uzun Kol Gömlek Yaka Dokuma Elbise TBBAW24AH00102,518.99,28,/trendyol-curve/krem-kruvaze-mini-uzun-kol-gomlek-yaka-dokuma-elbise-tbbaw24ah00102-p-749849882,BB Elbise
419,271279647,Trendyol Curve,Kırmızı Belden Açılan/Skater Kruvaze Örme Elbise TBBAW23AH00020,368.99,572,/trendyol-curve/kirmizi-belden-acilan-skater-kruvaze-orme-elbise-tbbaw23ah00020-p-271279647,BB Elbise
420,198774495,Trendyol Curve,Siyah Kuşaklı A-line Örme Elbise TBBSS22AH0176,443.99,912,/trendyol-curve/siyah-kusakli-a-line-orme-elbise-tbbss22ah0176-p-198774495,BB Elbise
421,815547029,Trendyol Curve,Siyah Örgü Detaylı Fitilli Triko Elbise TBBAW24AH00018,619.99,1,/trendyol-curve/siyah-orgu-detayli-fitilli-triko-elbise-tbbaw24ah00018-p-815547029,BB Elbise
422,819343204,Trendyol Curve,Siyah Denizci Yaka Premium Yumuşak Kumaş Triko Elbise TBBAW25AH00006,560.99,0,/trendyol-curve/siyah-denizci-yaka-premium-yumusak-kumas-triko-elbise-tbbaw25ah00006-p-819343204,BB Elbise
423,364557088,Trendyol Curve,Fuşya V Yaka Volanlı Örme Elbise TBBSS23AH00030,344.99,292,/trendyol-curve/fusya-v-yaka-volanli-orme-elbise-tbbss23ah00030-p-364557088,BB Elbise
424,653485680,Trendyol Curve,Kırmızı Polo Yaka Fitilli Triko Elbise TBBAW23AH00002,423.99,59,/trendyol-curve/kirmizi-polo-yaka-fitilli-triko-elbise-tbbaw23ah00002-p-653485680,BB Elbise
425,822161815,Trendyol Curve,Koyu Mavi Kuşak Detaylı Mini Denim Gömlek Elbise TBBSS24AH00124,671.99,10,/trendyol-curve/koyu-mavi-kusak-detayli-mini-denim-gomlek-elbise-tbbss24ah00124-p-822161815,BB Elbise
426,673750298,Trendyol Curve,Siyah Çizgi Detaylı Triko Elbise TBBAW24AH00019,396.99,239,/trendyol-curve/siyah-cizgi-detayli-triko-elbise-tbbaw24ah00019-p-673750298,BB Elbise
427,312937073,Trendyol Curve,Kahverengi Kruvaze Bağlamalı Triko Elbise TBBAW23AH00014,373.99,94,/trendyol-curve/kahverengi-kruvaze-baglamali-triko-elbise-tbbaw23ah00014-p-312937073,BB Elbise
428,739209733,Trendyol Curve,Siyah Şifon Kollu Midi Dokuma Büyük Beden Elbise TBBAW24AH00049,586.99,112,/trendyol-curve/siyah-sifon-kollu-midi-dokuma-buyuk-beden-elbise-tbbaw24ah00049-p-739209733,BB Elbise
429,679424786,Trendyol Curve,Siyah Cut Out Detaylı Triko Elbise,537.99,73,/trendyol-curve/siyah-cut-out-detayli-triko-elbise-p-679424786,BB Elbise
430,678489880,Trendyol Curve,Siyah Kürk Yaka Triko Elbise TBBAW24AH00010,519.99,71,/trendyol-curve/siyah-kurk-yaka-triko-elbise-tbbaw24ah00010-p-678489880,BB Elbise
431,787849228,Trendyol Curve,Siyah Sahte Bağcık Detaylı Örme Elbise TBBSS24AH00041,323.99,21,/trendyol-curve/siyah-sahte-bagcik-detayli-orme-elbise-tbbss24ah00041-p-787849228,BB Elbise
432,669134617,Trendyol Curve,Kiremit Beli Bağlama Detaylı Düğmeli Triko Elbise TBBAW24AH00003,490.99,65,/trendyol-curve/kiremit-beli-baglama-detayli-dugmeli-triko-elbise-tbbaw24ah00003-p-669134617,BB Elbise
433,196067492,Trendyol Curve,Siyah Çiçekli Kuşaklı Dokuma Gömlek Elbise TBBSS22EL1607,539.99,529,/trendyol-curve/siyah-cicekli-kusakli-dokuma-gomlek-elbise-tbbss22el1607-p-196067492,BB Elbise
434,648855268,Trendyol Curve,Mürdüm Balon Kol Triko Elbise,483.99,110,/trendyol-curve/murdum-balon-kol-triko-elbise-p-648855268,BB Elbise
435,650112560,Trendyol Curve,Zümrüt Yeşili Balon Kol Triko Elbise,478.99,44,/trendyol-curve/zumrut-yesili-balon-kol-triko-elbise-p-650112560,BB Elbise
436,648459129,Trendyol Curve,Mor Kruvaze Yaka Triko Elbise,456.99,46,/trendyol-curve/mor-kruvaze-yaka-triko-elbise-p-648459129,BB Elbise
437,819343206,Trendyol Curve,Krem Denizci Yaka Premium Yumuşak Kumaş Triko Elbise TBBAW25AH00006,560.99,0,/trendyol-curve/krem-denizci-yaka-premium-yumusak-kumas-triko-elbise-tbbaw25ah00006-p-819343206,BB Elbise
438,712425568,Trendyol Curve,Siyah Beyaz Gömlek Yaka Uzun Kol Düğmeli Tüvit Elbise TBBAW24AH00026,605.99,453,/trendyol-curve/siyah-beyaz-gomlek-yaka-uzun-kol-dugmeli-tuvit-elbise-tbbaw24ah00026-p-712425568,BB Elbise
439,231370977,Trendyol Curve,Siyah Düz Kesim Cut-Out Detaylı Örme Elbise TBBSS22EL00006,390.99,334,/trendyol-curve/siyah-duz-kesim-cut-out-detayli-orme-elbise-tbbss22el00006-p-231370977,BB Elbise
440,761307063,Trendyol Curve,Yeşil Hayvan Desenli Kruvaze Midi Dokuma Elbise TBBAW24AH00106,278.99,56,/trendyol-curve/yesil-hayvan-desenli-kruvaze-midi-dokuma-elbise-tbbaw24ah00106-p-761307063,BB Elbise
441,279477255,Trendyol Curve,Triko Elbise ,482.99,262,/trendyol-curve/triko-elbise-p-279477255,BB Elbise
442,316558164,Trendyol Curve,Siyah Kruvaze Yaka Kadife Örme Elbise TBBAW23AH00117,443.99,186,/trendyol-curve/siyah-kruvaze-yaka-kadife-orme-elbise-tbbaw23ah00117-p-316558164,BB Elbise
443,794293466,Trendyol Curve,Lila Kalın Askılı V Yaka Saten Uzun Dokuma Elbise TBBSS24AH00114,403.99,18,/trendyol-curve/lila-kalin-askili-v-yaka-saten-uzun-dokuma-elbise-tbbss24ah00114-p-794293466,BB Elbise
444,337340734,Trendyol Curve,Siyah Dik Yaka Transparan Detaylı Bodycon Triko Elbise TBBAW23AH00180,441.99,142,/trendyol-curve/siyah-dik-yaka-transparan-detayli-bodycon-triko-elbise-tbbaw23ah00180-p-337340734,BB Elbise
445,815516396,Trendyol Curve,Antrasit Polo Yaka Fitilli Triko Elbise TBBAW23AH00002,423.99,0,/trendyol-curve/antrasit-polo-yaka-fitilli-triko-elbise-tbbaw23ah00002-p-815516396,BB Elbise
446,669127614,Trendyol Curve,Siyah Kare Yaka Vücuda Oturan Triko Elbise TBBAW24AH00005,422.99,227,/trendyol-curve/siyah-kare-yaka-vucuda-oturan-triko-elbise-tbbaw24ah00005-p-669127614,BB Elbise
447,817698416,Trendyol Curve,Lacivert V Yaka Kuşaklı İnce Triko Elbise TBBAW25AH00003,472.99,0,/trendyol-curve/lacivert-v-yaka-kusakli-ince-triko-elbise-tbbaw25ah00003-p-817698416,BB Elbise
448,809656850,Trendyol Curve,Siyah Süprem Örme Büyük Beden Elbise,212.99,19,/trendyol-curve/siyah-suprem-orme-buyuk-beden-elbise-p-809656850,BB Elbise
449,717247309,Trendyol Curve,Siyah Kayık Yaka Bodycone Örme Elbise TBBAW24AH00025,380.99,85,/trendyol-curve/siyah-kayik-yaka-bodycone-orme-elbise-tbbaw24ah00025-p-717247309,BB Elbise
450,262059503,Trendyol Curve,Camel Polo Yaka Fitilli Triko Elbise TBBAW23AH00002,429.99,286,/trendyol-curve/camel-polo-yaka-fitilli-triko-elbise-tbbaw23ah00002-p-262059503,BB Elbise
451,680429248,Trendyol Curve,Kahverengi Fitilli Bisiklet Yaka Midi Triko Elbise TBBAW24AH00021,440.99,152,/trendyol-curve/kahverengi-fitilli-bisiklet-yaka-midi-triko-elbise-tbbaw24ah00021-p-680429248,BB Elbise
452,815188271,Trendyol Curve,Krem Gömlek Yaka Yırtmaçlı Dokuma Büyük Beden Elbise,511.99,23,/trendyol-curve/krem-gomlek-yaka-yirtmacli-dokuma-buyuk-beden-elbise-p-815188271,BB Elbise
453,815585490,Trendyol Curve,Kiremit Fitilli Kuşaklı Midi Boy 2'li Triko Hırka-Elbise TBBAW24AH00016,586.99,0,/trendyol-curve/kiremit-fitilli-kusakli-midi-boy-2-li-triko-hirka-elbise-tbbaw24ah00016-p-815585490,BB Elbise
454,818251749,Trendyol Curve,Açık Haki Düğme Detaylı Yırtmaçlı Triko Elbise TBBAW24AH00009,579.99,0,/trendyol-curve/acik-haki-dugme-detayli-yirtmacli-triko-elbise-tbbaw24ah00009-p-818251749,BB Elbise
455,358114646,Trendyol Curve,Siyah V-Yaka Büyük Beden Tüvit Jile Mini/Kısa Boy Dokuma Elbise TBBAW23AH00193,488.99,362,/trendyol-curve/siyah-v-yaka-buyuk-beden-tuvit-jile-mini-kisa-boy-dokuma-elbise-tbbaw23ah00193-p-358114646,BB Elbise
456,786011692,Trendyol Curve,Bordo Askılı A-Kesim/Çan Dantelli Maxi/Uzun Boy Abiye/Mezuniyet/Nişan/Gece Elbisesi TBBAW23AH00187,445.99,50,/trendyol-curve/bordo-askili-a-kesim-can-dantelli-maxi-uzun-boy-abiye-mezuniyet-nisan-gece-elbisesi-tbbaw23ah00187-p-786011692,BB Elbise
457,315527464,Trendyol Curve,Siyah Büyük Beden Kruvaze Yaka A-Kesim/Çan Midi Dokuma Elbise TBBAW23AH00104,369.99,124,/trendyol-curve/siyah-buyuk-beden-kruvaze-yaka-a-kesim-can-midi-dokuma-elbise-tbbaw23ah00104-p-315527464,BB Elbise
458,832531334,Trendyol Curve,Siyah Örgü Detaylı Bisiklet Yaka Triko Elbise TBBAW25AH00036,519.99,0,/trendyol-curve/siyah-orgu-detayli-bisiklet-yaka-triko-elbise-tbbaw25ah00036-p-832531334,BB Elbise
459,669126058,Trendyol Curve,Bordo Asimetrik Detaylı Triko Elbise TBBAW24AH00002,417.99,46,/trendyol-curve/bordo-asimetrik-detayli-triko-elbise-tbbaw24ah00002-p-669126058,BB Elbise
460,815585723,Trendyol Curve,Indigo Fitilli Kuşaklı Midi Boy 2'li Triko Hırka-Elbise TBBAW24AH00016,586.99,0,/trendyol-curve/indigo-fitilli-kusakli-midi-boy-2-li-triko-hirka-elbise-tbbaw24ah00016-p-815585723,BB Elbise
461,819051941,Trendyol Curve,Siyah Düğme Detaylı Yırtmaçlı Fitted/Vücuda Oturan Midi Dokuma Elbise TBBSS24AH00214,552.99,8,/trendyol-curve/siyah-dugme-detayli-yirtmacli-fitted-vucuda-oturan-midi-dokuma-elbise-tbbss24ah00214-p-819051941,BB Elbise
462,270201114,Trendyol Curve,Siyah Dik Yaka Eteği Fırfırlı Dokuma Elbise TBBAW23AH00038,582.99,424,/trendyol-curve/siyah-dik-yaka-etegi-firfirli-dokuma-elbise-tbbaw23ah00038-p-270201114,BB Elbise
463,793625672,Trendyol Curve,Siyah Kruvaze Yaka Zincir Aksesuarlı Şık Midi Dokuma Elbise TBBAW24AH00071,418.99,25,/trendyol-curve/siyah-kruvaze-yaka-zincir-aksesuarli-sik-midi-dokuma-elbise-tbbaw24ah00071-p-793625672,BB Elbise
464,768851448,Trendyol Curve,Siyah Tüvit Elbise TBBAW24AH00108,636.99,25,/trendyol-curve/siyah-tuvit-elbise-tbbaw24ah00108-p-768851448,BB Elbise
465,679415126,Trendyol Curve,Bej Örgü Detaylı Fitilli Triko Elbise TBBAW24AH00018,626.99,74,/trendyol-curve/bej-orgu-detayli-fitilli-triko-elbise-tbbaw24ah00018-p-679415126,BB Elbise
466,809973074,Trendyol Curve,Siyah Süprem Örme Büyük Beden Elbise TBBSS24AH00200,318.99,11,/trendyol-curve/siyah-suprem-orme-buyuk-beden-elbise-tbbss24ah00200-p-809973074,BB Elbise
467,311490359,Trendyol Curve,Siyah Kol Detaylı Örme Elbise TBBAW23AH00083,592.99,113,/trendyol-curve/siyah-kol-detayli-orme-elbise-tbbaw23ah00083-p-311490359,BB Elbise
468,678490331,Trendyol Curve,Antrasit Fitilli Kuşaklı Midi Boy 2'li Triko Hırka-Elbise TBBAW24AH00016,591.99,143,/trendyol-curve/antrasit-fitilli-kusakli-midi-boy-2-li-triko-hirka-elbise-tbbaw24ah00016-p-678490331,BB Elbise
469,263617459,Trendyol Curve,Kırmızı Puantiye Desenli Dokuma Elbise TBBSS22EL1712,568.99,487,/trendyol-curve/kirmizi-puantiye-desenli-dokuma-elbise-tbbss22el1712-p-263617459,BB Elbise
470,678380242,Trendyol Curve,Siyah Aksesuar Detaylı Asimetrik Kesim Triko Elbise TBBAW24AH00006,538.99,176,/trendyol-curve/siyah-aksesuar-detayli-asimetrik-kesim-triko-elbise-tbbaw24ah00006-p-678380242,BB Elbise
471,669130627,Trendyol Curve,Siyah Carmen Yaka Vücudu Saran Midi Boy Triko Elbise TBBAW24AH00001,504.99,156,/trendyol-curve/siyah-carmen-yaka-vucudu-saran-midi-boy-triko-elbise-tbbaw24ah00001-p-669130627,BB Elbise
472,746644202,Trendyol Curve,Siyah Vücuda Oturan Midi Örme Elbise TBBAW24AH00083,428.99,131,/trendyol-curve/siyah-vucuda-oturan-midi-orme-elbise-tbbaw24ah00083-p-746644202,BB Elbise
473,669127610,Trendyol Curve,Fuşya Kare Yaka Vücuda Oturan Triko Elbise TBBAW24AH00005,423.99,138,/trendyol-curve/fusya-kare-yaka-vucuda-oturan-triko-elbise-tbbaw24ah00005-p-669127610,BB Elbise
474,815517986,Trendyol Curve,Saks Fitilli Triko Büyük Beden Elbise TBBAW24AH00005,417.99,0,/trendyol-curve/saks-fitilli-triko-buyuk-beden-elbise-tbbaw24ah00005-p-815517986,BB Elbise
475,371811757,Trendyol Curve,Lacivert Damla Dekolteli Uzun Kol Mini/Kısa Boy Bodycone Dokuma Büyük Beden Elbise TBBAW23AH00040,322.99,104,/trendyol-curve/lacivert-damla-dekolteli-uzun-kol-mini-kisa-boy-bodycone-dokuma-buyuk-beden-elbise-tbbaw23ah00040-p-371811757,BB Elbise
476,669133589,Trendyol Curve,Siyah Fitilli Midi Boy 2'li Triko Elbise&Crop Kazak Takım TBBAW24AH00004,551.99,265,/trendyol-curve/siyah-fitilli-midi-boy-2-li-triko-elbise-crop-kazak-takim-tbbaw24ah00004-p-669133589,BB Elbise
477,717186411,Trendyol Curve,Kahverengi Pamuklu Uzun Kol Midi/Orta Boy Düğmeli Gabardin Dokuma Elbise TBBAW24AH00036,299.99,118,/trendyol-curve/kahverengi-pamuklu-uzun-kol-midi-orta-boy-dugmeli-gabardin-dokuma-elbise-tbbaw24ah00036-p-717186411,BB Elbise
478,362324608,Trendyol Curve,Kahverengi Askılı Triko Elbise TBBAW23AH00024,289.99,138,/trendyol-curve/kahverengi-askili-triko-elbise-tbbaw23ah00024-p-362324608,BB Elbise
479,806026031,Trendyol Curve,Kırmızı Fake Keten Dokuma Büyük Beden Elbise TBBSS24AH00172,428.99,24,/trendyol-curve/kirmizi-fake-keten-dokuma-buyuk-beden-elbise-tbbss24ah00172-p-806026031,BB Elbise
480,806336563,Trendyol Curve,Fuşya Kuşaklı Bisiklet Yaka Örme Elbise TBBSS22AH0242,317.99,38,/trendyol-curve/fusya-kusakli-bisiklet-yaka-orme-elbise-tbbss22ah0242-p-806336563,BB Elbise
481,704820214,Trendyol Curve,Mor Puantiyeli A-line Mini Örme Elbise TBBAW23AH00003,375.99,174,/trendyol-curve/mor-puantiyeli-a-line-mini-orme-elbise-tbbaw23ah00003-p-704820214,BB Elbise
482,704820202,Trendyol Curve,Bordo Puantiyeli A-line Mini Örme Elbise TBBAW23AH00003,380.99,200,/trendyol-curve/bordo-puantiyeli-a-line-mini-orme-elbise-tbbaw23ah00003-p-704820202,BB Elbise
483,302212624,Trendyol Curve,Siyah Cut-Out Detaylı Midi Örme Elbise TBBAW23AH00064,293.99,577,/trendyol-curve/siyah-cut-out-detayli-midi-orme-elbise-tbbaw23ah00064-p-302212624,BB Elbise
484,267210579,Trendyol Curve,Bej Kruvaze Yaka Triko Elbise TBBAW23AH00010,454.99,199,/trendyol-curve/bej-kruvaze-yaka-triko-elbise-tbbaw23ah00010-p-267210579,BB Elbise
485,766815264,Trendyol Curve,Zümrüt Yeşili Fitilli Bisiklet Yaka Midi Triko Elbise TBBAW24AH00021,436.99,25,/trendyol-curve/zumrut-yesili-fitilli-bisiklet-yaka-midi-triko-elbise-tbbaw24ah00021-p-766815264,BB Elbise
486,655278003,Trendyol Curve,Mürdüm Fitilli Büzgü Detaylı İnce Triko Elbise TBBAW23AH00005,407.99,69,/trendyol-curve/murdum-fitilli-buzgu-detayli-ince-triko-elbise-tbbaw23ah00005-p-655278003,BB Elbise
487,799029863,Trendyol Curve,Açık Mavi V Yaka Tencel Mini Denim Elbise TBBSS24AH00157,564.99,8,/trendyol-curve/acik-mavi-v-yaka-tencel-mini-denim-elbise-tbbss24ah00157-p-799029863,BB Elbise
488,669122370,Trendyol Curve,Kahverengi Düğme Detaylı Yırtmaçlı Triko Elbise TBBAW24AH00009,605.99,112,/trendyol-curve/kahverengi-dugme-detayli-yirtmacli-triko-elbise-tbbaw24ah00009-p-669122370,BB Elbise
489,815522335,Trendyol Curve,Lacivert Fitilli Triko Büyük Beden Elbise,410.99,0,/trendyol-curve/lacivert-fitilli-triko-buyuk-beden-elbise-p-815522335,BB Elbise
490,371810675,Trendyol Curve,Zümrüt Yeşili Büyük Beden Astarsız Uzun Kollu A-Kesim Mini Dokuma Elbise TBBAW23AH00035,482.99,188,/trendyol-curve/zumrut-yesili-buyuk-beden-astarsiz-uzun-kollu-a-kesim-mini-dokuma-elbise-tbbaw23ah00035-p-371810675,BB Elbise
491,738577485,Trendyol Curve,Siyah Düz A-line Mini Örme Elbise TBBAW24AH00041,382.99,32,/trendyol-curve/siyah-duz-a-line-mini-orme-elbise-tbbaw24ah00041-p-738577485,BB Elbise
492,809974668,Trendyol Curve,Siyah Süprem Örme Büyük Beden Elbise TBBSS24AH00199,334.99,4,/trendyol-curve/siyah-suprem-orme-buyuk-beden-elbise-tbbss24ah00199-p-809974668,BB Elbise
493,837790414,Trendyol Curve,Somon Askılı Kruvaze Yaka A-Kesim Uzun Dokuma Abiye/Gece/Mezuniyet/Nişan Elbise TBBSS24AD00004,2899.99,2,/trendyol-curve/somon-askili-kruvaze-yaka-a-kesim-uzun-dokuma-abiye-gece-mezuniyet-nisan-elbise-tbbss24ad00004-p-837790414,BB Elbise
494,837789434,Trendyol Curve,Siyah Askılı Kruvaze Yaka A-Kesim Maxi Dokuma Abiye/Gece/Mezuniyet/Nişan Elbise TBBSS24AD00004,2562.99,1,/trendyol-curve/siyah-askili-kruvaze-yaka-a-kesim-maxi-dokuma-abiye-gece-mezuniyet-nisan-elbise-tbbss24ad00004-p-837789434,BB Elbise
495,837788169,Trendyol Curve,Siyah Drapeli Askılı Yırtmaçlı Maxi Dokuma Abiye/Gece/Mezuniyet/Nişan Elbise TBBSS24AD00003,3130.99,0,/trendyol-curve/siyah-drapeli-askili-yirtmacli-maxi-dokuma-abiye-gece-mezuniyet-nisan-elbise-tbbss24ad00003-p-837788169,BB Elbise
496,833181301,Trendyol Curve,Siyah Büzgü Detaylı Shift Örme Büyük Beden Elbise,438.99,3,/trendyol-curve/siyah-buzgu-detayli-shift-orme-buyuk-beden-elbise-p-833181301,BB Elbise
497,819536853,Trendyol Curve,Siyah Fitilli Triko Büyük Beden Elbise,519.99,0,/trendyol-curve/siyah-fitilli-triko-buyuk-beden-elbise-p-819536853,BB Elbise
498,819266054,Trendyol Curve,Siyah Taşlı Bisiklet Yaka Triko Elbise TBBAW25AH00001,892.99,0,/trendyol-curve/siyah-tasli-bisiklet-yaka-triko-elbise-tbbaw25ah00001-p-819266054,BB Elbise
499,817698139,Trendyol Curve,Antrasit Saç Örgülü Midi Boy Triko Elbise TBBAW25AH00002,482.99,0,/trendyol-curve/antrasit-sac-orgulu-midi-boy-triko-elbise-tbbaw25ah00002-p-817698139,BB Elbise
500,815539966,Trendyol Curve,Koyu Vişne Fitilli Midi Boy 2'li Triko Elbise&Crop Kazak Takım TBBAW24AH00004,579.99,0,/trendyol-curve/koyu-visne-fitilli-midi-boy-2-li-triko-elbise-crop-kazak-takim-tbbaw24ah00004-p-815539966,BB Elbise
501,815537628,Trendyol Curve,Kırmızı Carmen Yaka Vücudu Saran Midi Boy Triko Elbise TBBAW24AH00001,512.99,0,/trendyol-curve/kirmizi-carmen-yaka-vucudu-saran-midi-boy-triko-elbise-tbbaw24ah00001-p-815537628,BB Elbise
502,815529199,Trendyol Curve,Bordo Fitilli Bisiklet Yaka Midi Triko Elbise TBBAW24AH00021,436.99,0,/trendyol-curve/bordo-fitilli-bisiklet-yaka-midi-triko-elbise-tbbaw24ah00021-p-815529199,BB Elbise
503,809888128,Trendyol Curve,Taş Aerobin Dokuma Büyük Beden Elbise TBBSS24AH00190,325.99,13,/trendyol-curve/tas-aerobin-dokuma-buyuk-beden-elbise-tbbss24ah00190-p-809888128,BB Elbise
504,804757329,Trendyol Curve,Saks Pelerin Kollu Maxi/Uzun Boy Astarlı Şifon Dokuma Büyük Beden Elbise TBBSS24AH00179,884.99,13,/trendyol-curve/saks-pelerin-kollu-maxi-uzun-boy-astarli-sifon-dokuma-buyuk-beden-elbise-tbbss24ah00179-p-804757329,BB Elbise
505,804739185,Trendyol Curve,Pembe Panço Kemerli Uzun Şık Dokuma Büyük Beden Elbise TBBSS24AH00177,515.99,11,/trendyol-curve/pembe-panco-kemerli-uzun-sik-dokuma-buyuk-beden-elbise-tbbss24ah00177-p-804739185,BB Elbise
506,800028406,Trendyol Curve,Bej Fitted/Vücuda Oturan Carmen Yaka Fitilli Yumuşak Dokulu Midi Esnek Örme Elbise TBBSS24AH00163,238.99,21,/trendyol-curve/bej-fitted-vucuda-oturan-carmen-yaka-fitilli-yumusak-dokulu-midi-esnek-orme-elbise-tbbss24ah00163-p-800028406,BB Elbise
507,798189693,Trendyol Curve,Lacivert Polo Yaka Midi Örme Elbise TBBSS24AH00145,393.99,39,/trendyol-curve/lacivert-polo-yaka-midi-orme-elbise-tbbss24ah00145-p-798189693,BB Elbise
508,794575518,Trendyol Curve,Beyaz Güllü Halter Yaka Uzun Yırtmaçlı Bridal/Şık/Gece/Nikah Elbise TBBSS24AH00103,929.99,19,/trendyol-curve/beyaz-gullu-halter-yaka-uzun-yirtmacli-bridal-sik-gece-nikah-elbise-tbbss24ah00103-p-794575518,BB Elbise
509,794455268,Trendyol Curve,Zümrüt Yeşili Midi Örme Elbise TBBSS24AH00091,287.99,16,/trendyol-curve/zumrut-yesili-midi-orme-elbise-tbbss24ah00091-p-794455268,BB Elbise
510,738913569,Trendyol Curve,Çok Renkli Çiçekli Kuşaklı V Yaka Şifon Astarlı Dokuma Elbise TBBAW24AH00054,751.99,105,/trendyol-curve/cok-renkli-cicekli-kusakli-v-yaka-sifon-astarli-dokuma-elbise-tbbaw24ah00054-p-738913569,BB Elbise
511,738788870,Trendyol Curve,Siyah Yakası Çıtçıtlı Fitilli Örme Elbise TBBAW24AH00059,288.99,133,/trendyol-curve/siyah-yakasi-citcitli-fitilli-orme-elbise-tbbaw24ah00059-p-738788870,BB Elbise
512,738575794,Trendyol Curve,Siyah Kemer Detaylı Örme Şık Abiye Elbise TBBAW24EL00001,605.99,226,/trendyol-curve/siyah-kemer-detayli-orme-sik-abiye-elbise-tbbaw24el00001-p-738575794,BB Elbise
513,666685537,Trendyol Curve,Açık Yeşil Belden Açılan Tek Kolu Uzun Örme Elbise TBBSS23AH00258,359.99,284,/trendyol-curve/acik-yesil-belden-acilan-tek-kolu-uzun-orme-elbise-tbbss23ah00258-p-666685537,BB Elbise
514,368758031,Trendyol Curve,Mürdüm Puantiyeli Dokuma Elbise TBBSS22EL1712,636.99,191,/trendyol-curve/murdum-puantiyeli-dokuma-elbise-tbbss22el1712-p-368758031,BB Elbise
515,347712270,Trendyol Curve,Kırmızı Büyük Beden Astarsız Truvakar Kol Mini/Kısa Boy Dokuma Ceket Elbise TBBAW23AH00042,715.99,590,/trendyol-curve/kirmizi-buyuk-beden-astarsiz-truvakar-kol-mini-kisa-boy-dokuma-ceket-elbise-tbbaw23ah00042-p-347712270,BB Elbise
516,301399731,Trendyol Curve,Siyah Şönil Jile Elbise TBBSS22EL00040,380.99,480,/trendyol-curve/siyah-sonil-jile-elbise-tbbss22el00040-p-301399731,BB Elbise
517,230237089,Trendyol Curve,Turuncu Kuşaklı Dokuma Kruvaze Kapama Elbise TBBSS22EL0541,347.99,553,/trendyol-curve/turuncu-kusakli-dokuma-kruvaze-kapama-elbise-tbbss22el0541-p-230237089,BB Elbise
518,214525544,Trendyol Curve,Siyah Dokuma Kruvaze Yaka Elbise TBBSS22EL2825,430.99,1359,/trendyol-curve/siyah-dokuma-kruvaze-yaka-elbise-tbbss22el2825-p-214525544,BB Elbise
519,204854731,Trendyol Curve,Siyah Fitilli Askılı Örme Elbise TBBSS22EL2268,354.99,568,/trendyol-curve/siyah-fitilli-askili-orme-elbise-tbbss22el2268-p-204854731,BB Elbise
520,830142103,Trendyol Curve,Siyah-Ekru Düğmeli Dokuma Büyük Beden Mini Gömlek Elbise TBBAW25AH00028,561.99,0,/trendyol-curve/siyah-ekru-dugmeli-dokuma-buyuk-beden-mini-gomlek-elbise-tbbaw25ah00028-p-830142103,BB Elbise
521,827984863,Trendyol Curve,Siyah Kayık Yaka Çiçek Desenli Saten Elbise,575.99,0,/trendyol-curve/siyah-kayik-yaka-cicek-desenli-saten-elbise-p-827984863,BB Elbise
