,ID,MARKA,URUN_NAME,FIYAT,RATE_COUNT,URUN_LINK,KATEGORI
0,794358634,TRENDYOLMİLLA,Kırmızı Bağlama Detaylı Mini Dokuma Şort Etek Tulum TWOSS24TU00038,416.99,434,/trendyolmilla/kirmizi-baglama-detayli-mini-dokuma-sort-etek-tulum-twoss24tu00038-p-794358634,Tulum
1,811525520,TRENDYOLMİLLA,Saks Bağlama Detaylı Mini Dokuma Şort Etek Tulum TWOSS24TU00038,425.99,59,/trendyolmilla/saks-baglama-detayli-mini-dokuma-sort-etek-tulum-twoss24tu00038-p-811525520,Tulum
2,368357799,TRENDYOLMİLLA,Çiçek Desenli Dokuma Cut Out/Pencere Tulum TBESS23EL00017,482.99,314,/trendyolmilla/cicek-desenli-dokuma-cut-out-pencere-tulum-tbess23el00017-p-368357799,Tulum
3,796069599,TRENDYOLMİLLA,Camel Gömlek Yakalı Cep Detaylı Mini Gabardin Tulum TWOSS24TU00036,424.99,44,/trendyolmilla/camel-gomlek-yakali-cep-detayli-mini-gabardin-tulum-twoss24tu00036-p-796069599,Tulum
4,383481014,TRENDYOLMİLLA,Siyah Kemerli Kruvaze Yaka Mini Dokuma Tulum TWOSS23TU00040,322.99,479,/trendyolmilla/siyah-kemerli-kruvaze-yaka-mini-dokuma-tulum-twoss23tu00040-p-383481014,Tulum
5,92951280,TRENDYOLMİLLA,Haki Gömlek Yaka Kolsuz Gabardin Dokuma Tulum TWOSS21TU0233,577.99,4305,/trendyolmilla/haki-gomlek-yaka-kolsuz-gabardin-dokuma-tulum-twoss21tu0233-p-92951280,Tulum
6,666789251,TRENDYOLMİLLA,Siyah Geniş Kalıp Dokuma Müslin %100 Pamuklu Tulum TBESS23TU00001,427.99,461,/trendyolmilla/siyah-genis-kalip-dokuma-muslin-100-pamuklu-tulum-tbess23tu00001-p-666789251,Tulum
7,796069598,TRENDYOLMİLLA,Lacivert Çizgili Poliviskon Maxi Dokuma Tulum TWOSS24TU00007,309.99,60,/trendyolmilla/lacivert-cizgili-poliviskon-maxi-dokuma-tulum-twoss24tu00007-p-796069598,Tulum
8,781300673,TRENDYOLMİLLA,Siyah Askılı Volanlı Şortlu Mini Tulum TWOSS23TU00044,312.99,99,/trendyolmilla/siyah-askili-volanli-sortlu-mini-tulum-twoss23tu00044-p-781300673,Tulum
9,4593208,TRENDYOLMİLLA,Siyah Kuşaklı Dokuma Uzun Dökümlü Tulum TWOSS19LJ0158,227.99,1503,/trendyolmilla/siyah-kusakli-dokuma-uzun-dokumlu-tulum-twoss19lj0158-p-4593208,Tulum
10,471512071,TRENDYOLMİLLA,Siyah Straplez Renk Bloklu Mini Dokuma Şort Tulum TWOSS23TU00131,368.99,632,/trendyolmilla/siyah-straplez-renk-bloklu-mini-dokuma-sort-tulum-twoss23tu00131-p-471512071,Tulum
11,471500250,TRENDYOLMİLLA,Lacivert Ceket Yakalı Düğme Detaylı Dokuma Tulum TWOSS23TU00130,517.99,1239,/trendyolmilla/lacivert-ceket-yakali-dugme-detayli-dokuma-tulum-twoss23tu00130-p-471500250,Tulum
12,448635146,TRENDYOLMİLLA,Siyah Kuşaklı Maxi Şifon Astarlı Dokuma Tulum TWOSS23TU00093,607.99,1232,/trendyolmilla/siyah-kusakli-maxi-sifon-astarli-dokuma-tulum-twoss23tu00093-p-448635146,Tulum
13,102013663,TRENDYOLMİLLA,Taş Gömlek Yaka Kolsuz Gabardin Dokuma Tulum TWOSS21TU0233,576.99,2045,/trendyolmilla/tas-gomlek-yaka-kolsuz-gabardin-dokuma-tulum-twoss21tu0233-p-102013663,Tulum
14,815813739,TRENDYOLMİLLA,Kiremit Gömlek Yakalı Mini Tulum TWOSS24TU00051,180.99,15,/trendyolmilla/kiremit-gomlek-yakali-mini-tulum-twoss24tu00051-p-815813739,Tulum
15,680100108,TRENDYOLMİLLA,Camel Kargo Cepli Straplez Yaka Maxi Dokuma Tulum TWOSS23TU00192,505.99,560,/trendyolmilla/camel-kargo-cepli-straplez-yaka-maxi-dokuma-tulum-twoss23tu00192-p-680100108,Tulum
16,811525531,TRENDYOLMİLLA,Siyah Bağlama Detaylı Mini Dokuma Şort Etek Tulum TWOSS24TU00038,435.99,57,/trendyolmilla/siyah-baglama-detayli-mini-dokuma-sort-etek-tulum-twoss24tu00038-p-811525531,Tulum
17,182741358,TRENDYOLMİLLA,Siyah Gömlek Yaka Kolsuz Gabardin Dokuma Tulum TWOSS21TU0233,476.99,1001,/trendyolmilla/siyah-gomlek-yaka-kolsuz-gabardin-dokuma-tulum-twoss21tu0233-p-182741358,Tulum
18,379039814,TRENDYOLMİLLA,Yeşil Geniş Kalıp Dokuma Müslin %100 Pamuklu Tulum TBESS23TU00001,327.99,255,/trendyolmilla/yesil-genis-kalip-dokuma-muslin-100-pamuklu-tulum-tbess23tu00001-p-379039814,Tulum
19,231952356,TRENDYOLMİLLA,Taş Bağlama Detaylı Gabardin Süper Mini Dokuma Tulum TWOSS22TU00007,590.99,1110,/trendyolmilla/tas-baglama-detayli-gabardin-super-mini-dokuma-tulum-twoss22tu00007-p-231952356,Tulum
20,210025982,TRENDYOLMİLLA,Taş Fırfır ve Düğme Detaylı Uzun Dokuma Tulum TWOSS22TU0253,396.99,520,/trendyolmilla/tas-firfir-ve-dugme-detayli-uzun-dokuma-tulum-twoss22tu0253-p-210025982,Tulum
21,365848960,TRENDYOLMİLLA,Turuncu Pencere/Cut Out Detaylı Dokuma Tulum TPRSS22EL1006,421.99,317,/trendyolmilla/turuncu-pencere-cut-out-detayli-dokuma-tulum-tprss22el1006-p-365848960,Tulum
22,389935770,TRENDYOLMİLLA,Zümrüt Yeşili Kemerli Kruvaze Yaka Geniş Paça Dokuma Tulum TWOSS21TU0004,315.99,611,/trendyolmilla/zumrut-yesili-kemerli-kruvaze-yaka-genis-paca-dokuma-tulum-twoss21tu0004-p-389935770,Tulum
23,731610392,TRENDYOLMİLLA,Siyah Kargo Cepli Straplez Yaka Maxi Dokuma Tulum TWOSS23TU00192,412.99,100,/trendyolmilla/siyah-kargo-cepli-straplez-yaka-maxi-dokuma-tulum-twoss23tu00192-p-731610392,Tulum
49,6375379,TRENDYOLMİLLA,Siyah Düğme Detaylı Kare Yaka Dokuma Tulum TWOSS19LJ0356,317.99,1991,/trendyolmilla/siyah-dugme-detayli-kare-yaka-dokuma-tulum-twoss19lj0356-p-6375379,Tulum
50,791890604,TRENDYOLMİLLA,Siyah Ekstra Toparlayıcı Ayarlanabilir İp Askılı Destekli Örme Spor Tulum THMSS24TU00005,260.99,66,/trendyolmilla/siyah-ekstra-toparlayici-ayarlanabilir-ip-askili-destekli-orme-spor-tulum-thmss24tu00005-p-791890604,Tulum
51,34613954,TRENDYOLMİLLA,Siyah Beyaz Renk Bloklu Kruvaze Yaka Bağlama Detaylı Dokuma Tulum TWOSS20TU0019,438.99,1368,/trendyolmilla/siyah-beyaz-renk-bloklu-kruvaze-yaka-baglama-detayli-dokuma-tulum-twoss20tu0019-p-34613954,Tulum
52,38493360,TRENDYOLMİLLA,Mavi Kemerli Denim Tulum TWOSS20TU0156,779.99,6518,/trendyolmilla/mavi-kemerli-denim-tulum-twoss20tu0156-p-38493360,Tulum
53,765382940,TRENDYOLMİLLA,Siyah Kuşaklı Dokuma Tulum TBESS23TU00010,376.99,64,/trendyolmilla/siyah-kusakli-dokuma-tulum-tbess23tu00010-p-765382940,Tulum
54,435694421,TRENDYOLMİLLA,Siyah Kemerli Gömlek Yaka Maxi Dokuma Tulum TWOSS23TU00079,224.99,102,/trendyolmilla/siyah-kemerli-gomlek-yaka-maxi-dokuma-tulum-twoss23tu00079-p-435694421,Tulum
55,813601809,TRENDYOLMİLLA,Kahverengi Straplez Renk Bloklu Mini Dokuma Şort Tulum TWOSS23TU00131,146.99,8,/trendyolmilla/kahverengi-straplez-renk-bloklu-mini-dokuma-sort-tulum-twoss23tu00131-p-813601809,Tulum
56,94544732,TRENDYOLMİLLA,Ekru Kemerli Gömlek Yaka Gabardin Mini Dokuma Tulum TWOSS21TU0238,577.99,3392,/trendyolmilla/ekru-kemerli-gomlek-yaka-gabardin-mini-dokuma-tulum-twoss21tu0238-p-94544732,Tulum
57,824958034,TRENDYOLMİLLA,Etnik Desenli Dokuma Cut Out/Pencere Tulum TBESS23EL00017,559.99,24,/trendyolmilla/etnik-desenli-dokuma-cut-out-pencere-tulum-tbess23el00017-p-824958034,Tulum
58,169597214,TRENDYOLMİLLA,Siyah Beli Lastikli Geniş Paça Mini Dokuma Tulum TWOSS22TU0014,311.99,1477,/trendyolmilla/siyah-beli-lastikli-genis-paca-mini-dokuma-tulum-twoss22tu0014-p-169597214,Tulum
59,35727319,TRENDYOLMİLLA,Lacivert Kuşaklı Gömlek Yakalı Düğmeli Boru Paça Dokuma Tulum TWOSS20TU0055,542.99,1489,/trendyolmilla/lacivert-kusakli-gomlek-yakali-dugmeli-boru-paca-dokuma-tulum-twoss20tu0055-p-35727319,Tulum
60,796054889,TRENDYOLMİLLA,Bej Straplez Yaka Keten Görünümlü Maxi Dokuma Tulum TWOSS24TU00041,336.99,61,/trendyolmilla/bej-straplez-yaka-keten-gorunumlu-maxi-dokuma-tulum-twoss24tu00041-p-796054889,Tulum
61,696836382,TRENDYOLMİLLA,Beyaz Puantiyeli Askılı Volanlı Şortlu Mini Örme Tulum TWOSS23TU00044,302.99,196,/trendyolmilla/beyaz-puantiyeli-askili-volanli-sortlu-mini-orme-tulum-twoss23tu00044-p-696836382,Tulum
62,449488647,TRENDYOLMİLLA,Turuncu Mini Şort Etekli Kemer Detaylı Dokuma Tulum TWOSS23TU00085,387.99,431,/trendyolmilla/turuncu-mini-sort-etekli-kemer-detayli-dokuma-tulum-twoss23tu00085-p-449488647,Tulum
63,765380598,TRENDYOLMİLLA,Fuşya Geniş Kalıp Dokuma Müslin %100 Pamuklu Tulum TBESS23TU00001,429.99,23,/trendyolmilla/fusya-genis-kalip-dokuma-muslin-100-pamuklu-tulum-tbess23tu00001-p-765380598,Tulum
64,774244248,TRENDYOLMİLLA,Pembe Puantiyeli İp Askılı Viskon Dokuma Tulum THMSS21TU0140,311.99,14,/trendyolmilla/pembe-puantiyeli-ip-askili-viskon-dokuma-tulum-thmss21tu0140-p-774244248,Tulum
65,190193336,TRENDYOLMİLLA,Siyah Astarlı Dokuma Tulum TPRSS22TU0070,512.99,4961,/trendyolmilla/siyah-astarli-dokuma-tulum-tprss22tu0070-p-190193336,Tulum
66,386852534,TRENDYOLMİLLA,Siyah V Yaka Kuşaklı Örme Tulum TPRSS23TU00029,464.99,383,/trendyolmilla/siyah-v-yaka-kusakli-orme-tulum-tprss23tu00029-p-386852534,Tulum
67,378495347,TRENDYOLMİLLA,Ekru Dokuma Sırt Dekolteli Tulum TBESS23TU00010,381.99,164,/trendyolmilla/ekru-dokuma-sirt-dekolteli-tulum-tbess23tu00010-p-378495347,Tulum
68,379975682,TRENDYOLMİLLA,Çok Renkli Baskılı Askılı Volanlı Şortlu Mini Örme Tulum TWOSS23TU00044,313.99,689,/trendyolmilla/cok-renkli-baskili-askili-volanli-sortlu-mini-orme-tulum-twoss23tu00044-p-379975682,Tulum
69,661423259,TRENDYOLMİLLA,Siyah Toparlayıcı Belde Reflektör Baskı Detaylı Örme Spor Tulum THMSS23TU00020,193.99,186,/trendyolmilla/siyah-toparlayici-belde-reflektor-baski-detayli-orme-spor-tulum-thmss23tu00020-p-661423259,Tulum
70,81681614,TRENDYOLMİLLA,Siyah Dokuma Tulum TPRSS21TU0115,448.99,1856,/trendyolmilla/siyah-dokuma-tulum-tprss21tu0115-p-81681614,Tulum
71,81611532,TRENDYOLMİLLA,Siyah Kemerli Kruvaze Yaka Geniş Paça Dokuma Tulum TWOSS21TU0004,495.99,3970,/trendyolmilla/siyah-kemerli-kruvaze-yaka-genis-paca-dokuma-tulum-twoss21tu0004-p-81611532,Tulum
72,189500975,TRENDYOLMİLLA,Siyah Pencere/Cut Out Detaylı Dokuma Tulum TPRSS22EL1006,506.99,894,/trendyolmilla/siyah-pencere-cut-out-detayli-dokuma-tulum-tprss22el1006-p-189500975,Tulum
73,813745157,TRENDYOLMİLLA,Siyah Fiyonk Detaylı Dokuma Tulum TPRSS24TU00011,468.99,9,/trendyolmilla/siyah-fiyonk-detayli-dokuma-tulum-tprss24tu00011-p-813745157,Tulum
74,823705149,TRENDYOLMİLLA,Taş Askılı Maxi Dokuma Tulum TWOSS24TU00062,316.99,2,/trendyolmilla/tas-askili-maxi-dokuma-tulum-twoss24tu00062-p-823705149,Tulum
75,186649823,TRENDYOLMİLLA,Siyah Jile Form Keten Görünümlü Bol Paça Dokuma Tulum TWOSS21TU0090,412.99,926,/trendyolmilla/siyah-jile-form-keten-gorunumlu-bol-paca-dokuma-tulum-twoss21tu0090-p-186649823,Tulum
76,799993737,TRENDYOLMİLLA,Kahverengİ Dokuma Bağlamalı Tulum TBESS23TU00010,397.99,53,/trendyolmilla/kahverengi-dokuma-baglamali-tulum-tbess23tu00010-p-799993737,Tulum
77,6541966,TRENDYOLMİLLA,Taş Kemerli Kurvaze Yaka Mini Dokuma Tulum TWOSS19WX0112,495.99,2083,/trendyolmilla/tas-kemerli-kurvaze-yaka-mini-dokuma-tulum-twoss19wx0112-p-6541966,Tulum
78,686428104,TRENDYOLMİLLA,Petrol Kuşaklı Maxi Şifon Astarlı Dokuma Tulum TWOSS23TU00093,361.99,100,/trendyolmilla/petrol-kusakli-maxi-sifon-astarli-dokuma-tulum-twoss23tu00093-p-686428104,Tulum
79,810129590,TRENDYOLMİLLA,Kırmızı Kemerli Kruvaze Yaka Geniş Paça Dokuma Tulum TWOSS21TU0004,393.99,31,/trendyolmilla/kirmizi-kemerli-kruvaze-yaka-genis-paca-dokuma-tulum-twoss21tu0004-p-810129590,Tulum
80,829251137,TRENDYOLMİLLA,Koyu Mavi Kuşaklı Denim Tulum TWOAW25TU00000,899.99,6,/trendyolmilla/koyu-mavi-kusakli-denim-tulum-twoaw25tu00000-p-829251137,Tulum
81,465410947,TRENDYOLMİLLA,Siyah Kuşaklı Çıtçıt Detaylı Geniş Paça Maxi Dokuma Tulum TWOSS23TU00115,248.99,138,/trendyolmilla/siyah-kusakli-citcit-detayli-genis-paca-maxi-dokuma-tulum-twoss23tu00115-p-465410947,Tulum
82,791362612,TRENDYOLMİLLA,Siyah Kemerli Kruvaze Yaka Kolsuz Maxi Dokuma Tulum TWOSS24TU00029,303.99,13,/trendyolmilla/siyah-kemerli-kruvaze-yaka-kolsuz-maxi-dokuma-tulum-twoss24tu00029-p-791362612,Tulum
83,799993107,TRENDYOLMİLLA,Kiremit Kuşaklı Dokuma Müslin Tulum TBESS24TU00003,464.99,6,/trendyolmilla/kiremit-kusakli-dokuma-muslin-tulum-tbess24tu00003-p-799993107,Tulum
84,374681198,TRENDYOLMİLLA,Vizon Düğme Detaylı Kare Yaka Dokuma Tulum TWOSS19LJ0356,257.99,212,/trendyolmilla/vizon-dugme-detayli-kare-yaka-dokuma-tulum-twoss19lj0356-p-374681198,Tulum
85,776701785,TRENDYOLMİLLA,Siyah Kemerli Gömlek Yaka Gabardin Mini Dokuma Tulum TWOSS21TU0238,449.99,29,/trendyolmilla/siyah-kemerli-gomlek-yaka-gabardin-mini-dokuma-tulum-twoss21tu0238-p-776701785,Tulum
86,90972963,TRENDYOLMİLLA,Haki Kruvaze Yaka Geniş Paça Dokuma Tulum TWOSS20TU0100,381.99,355,/trendyolmilla/haki-kruvaze-yaka-genis-paca-dokuma-tulum-twoss20tu0100-p-90972963,Tulum
87,814766122,TRENDYOLMİLLA,Siyah Ceket Yaka Düğme Kapamalı Mini Tulum TWOSS24TU00050,485.99,16,/trendyolmilla/siyah-ceket-yaka-dugme-kapamali-mini-tulum-twoss24tu00050-p-814766122,Tulum
88,261909318,TRENDYOLMİLLA,Taş Kemerli Kruvaze Yaka Geniş Paça Dokuma Tulum TWOSS21TU0004,410.99,907,/trendyolmilla/tas-kemerli-kruvaze-yaka-genis-paca-dokuma-tulum-twoss21tu0004-p-261909318,Tulum
89,779031131,TRENDYOLMİLLA,Siyah Cep Detaylı Maxi Dokuma Tulum TWOSS24TU00013,345.99,62,/trendyolmilla/siyah-cep-detayli-maxi-dokuma-tulum-twoss24tu00013-p-779031131,Tulum
90,789861647,TRENDYOLMİLLA,Gri Waffle Düğme Detaylı Gömlek Yaka Örme Tulum THMSS24TU00003,301.99,37,/trendyolmilla/gri-waffle-dugme-detayli-gomlek-yaka-orme-tulum-thmss24tu00003-p-789861647,Tulum
91,776646379,TRENDYOLMİLLA,Lacivert Paçası Düğme Detaylı Maxi Dokuma Tulum TWOSS24TU00003,546.99,47,/trendyolmilla/lacivert-pacasi-dugme-detayli-maxi-dokuma-tulum-twoss24tu00003-p-776646379,Tulum
92,449489185,TRENDYOLMİLLA,Siyah Mini Şort Etekli Kemer Detaylı Dokuma Tulum TWOSS23TU00085,367.99,107,/trendyolmilla/siyah-mini-sort-etekli-kemer-detayli-dokuma-tulum-twoss23tu00085-p-449489185,Tulum
93,189740589,TRENDYOLMİLLA,Siyah Kuşaklı Fırfır Detaylı Boru Paça Dokuma Tulum TWOSS21TU0079,233.99,113,/trendyolmilla/siyah-kusakli-firfir-detayli-boru-paca-dokuma-tulum-twoss21tu0079-p-189740589,Tulum
94,37933820,TRENDYOLMİLLA,Haki Beli Lastikli Denim Şort Tulum TWOSS20TU0122,579.99,687,/trendyolmilla/haki-beli-lastikli-denim-sort-tulum-twoss20tu0122-p-37933820,Tulum
95,813594066,TRENDYOLMİLLA,Bordo Kolsuz Degaje Yaka Maxi Dokuma Tulum TWOSS24TU00054,181.99,8,/trendyolmilla/bordo-kolsuz-degaje-yaka-maxi-dokuma-tulum-twoss24tu00054-p-813594066,Tulum
97,823616308,TRENDYOLMİLLA,Mavi Geniş Kalıp Dokuma Müslin %100 Pamuklu Tulum TBESS23TU00001,371.99,5,/trendyolmilla/mavi-genis-kalip-dokuma-muslin-100-pamuklu-tulum-tbess23tu00001-p-823616308,Tulum
98,458316195,TRENDYOLMİLLA,Siyah Askı Detaylı Mini Dokuma Tulum TWOSS23TU00103,279.99,130,/trendyolmilla/siyah-aski-detayli-mini-dokuma-tulum-twoss23tu00103-p-458316195,Tulum
99,812048672,TRENDYOLMİLLA,Yeşil Çiçek Desenli Cut Out Detaylı Mini Astarlı Şifon Dokuma Tulum TWOSS23TU00113,276.99,13,/trendyolmilla/yesil-cicek-desenli-cut-out-detayli-mini-astarli-sifon-dokuma-tulum-twoss23tu00113-p-812048672,Tulum
100,379039817,TRENDYOLMİLLA,Bridal Ekru Geniş Kalıp Dokuma Müslin %100 Pamuklu Tulum TBESS23TU00001,337.99,581,/trendyolmilla/bridal-ekru-genis-kalip-dokuma-muslin-100-pamuklu-tulum-tbess23tu00001-p-379039817,Tulum
101,824536231,TRENDYOLMİLLA,Kahverengi Bağlama Detaylı Kruvaze Yaka Boru Paça Dokuma Tulum TWOSS21TU0112,280.99,4,/trendyolmilla/kahverengi-baglama-detayli-kruvaze-yaka-boru-paca-dokuma-tulum-twoss21tu0112-p-824536231,Tulum
102,393248542,TRENDYOLMİLLA,Yeşil Kareli Pencere Detaylı Askılı Mini Dokuma Tulum TWOSS22TU0277,431.99,321,/trendyolmilla/yesil-kareli-pencere-detayli-askili-mini-dokuma-tulum-twoss22tu0277-p-393248542,Tulum
103,822519248,TRENDYOLMİLLA,Kahverengi Gömlek Yaka Maxi Dokuma Tulum TWOSS21TU0233,486.99,12,/trendyolmilla/kahverengi-gomlek-yaka-maxi-dokuma-tulum-twoss21tu0233-p-822519248,Tulum
104,806534229,TRENDYOLMİLLA,Siyah Fiyonk Detaylı Tek Kol Dokuma Tulum TPRSS24TU00010,646.99,37,/trendyolmilla/siyah-fiyonk-detayli-tek-kol-dokuma-tulum-tprss24tu00010-p-806534229,Tulum
105,220052669,TRENDYOLMİLLA,Pembe Kareli Pencere Detaylı Askılı Mini Dokuma Tulum TWOSS22TU0277,411.99,783,/trendyolmilla/pembe-kareli-pencere-detayli-askili-mini-dokuma-tulum-twoss22tu0277-p-220052669,Tulum
106,193267973,TRENDYOLMİLLA,Soyut Desenli Dokuma Bağlamalı Tulum TBESS22AU0113,414.99,568,/trendyolmilla/soyut-desenli-dokuma-baglamali-tulum-tbess22au0113-p-193267973,Tulum
107,824664021,TRENDYOLMİLLA,Gri Çizgili Poliviskon Maxi Dokuma Tulum TWOSS24TU00007,279.99,14,/trendyolmilla/gri-cizgili-poliviskon-maxi-dokuma-tulum-twoss24tu00007-p-824664021,Tulum
108,378495291,TRENDYOLMİLLA,Yağ Yeşil Dokuma Sırt Dekolteli Tulum TBESS23TU00010,391.99,81,/trendyolmilla/yag-yesil-dokuma-sirt-dekolteli-tulum-tbess23tu00010-p-378495291,Tulum
109,810330932,TRENDYOLMİLLA,Siyah Puantiye Desenli Viskon Maxi Dokuma Tulum TWOSS24TU00048,274.99,5,/trendyolmilla/siyah-puantiye-desenli-viskon-maxi-dokuma-tulum-twoss24tu00048-p-810330932,Tulum
110,794659149,TRENDYOLMİLLA,Mor Çiçek Desenli Volan Detaylı Viskon Maxi Dokuma Tulum TWOSS24TU00037,356.99,23,/trendyolmilla/mor-cicek-desenli-volan-detayli-viskon-maxi-dokuma-tulum-twoss24tu00037-p-794659149,Tulum
111,811934614,TRENDYOLMİLLA,Lacivert Beli Lastikli V Yaka Keten Görünümlü Mini Dokuma Tulum TWOSS24TU00026,193.99,16,/trendyolmilla/lacivert-beli-lastikli-v-yaka-keten-gorunumlu-mini-dokuma-tulum-twoss24tu00026-p-811934614,Tulum
112,813594482,TRENDYOLMİLLA,Siyah Halter Yaka Detaylı Maxi Dokuma Tulum TWOSS24TU00052,520.99,2,/trendyolmilla/siyah-halter-yaka-detayli-maxi-dokuma-tulum-twoss24tu00052-p-813594482,Tulum
113,814588792,TRENDYOLMİLLA,Siyah Gömlek Yakalı Mini Tulum TWOSS24TU00051,402.99,14,/trendyolmilla/siyah-gomlek-yakali-mini-tulum-twoss24tu00051-p-814588792,Tulum
114,182381696,TRENDYOLMİLLA,Kiremit Sırt Dekolteli Bağlama Detaylı Bürümcük/Dokulu Örme Tulum TWOSS21TU0103,285.99,627,/trendyolmilla/kiremit-sirt-dekolteli-baglama-detayli-burumcuk-dokulu-orme-tulum-twoss21tu0103-p-182381696,Tulum
115,813849560,TRENDYOLMİLLA,Kırmızı Maxi Tulum TWOSS23TU00078,313.99,19,/trendyolmilla/kirmizi-maxi-tulum-twoss23tu00078-p-813849560,Tulum
116,817623990,TRENDYOLMİLLA,Koyu Mavi Denim Tulum TWOSS24TU00061,579.99,11,/trendyolmilla/koyu-mavi-denim-tulum-twoss24tu00061-p-817623990,Tulum
117,792038717,TRENDYOLMİLLA,Siyah Kalpli Bağlama Detaylı İp Askılı Viskon Dokuma Tulum THMSS24TU00006,171.99,25,/trendyolmilla/siyah-kalpli-baglama-detayli-ip-askili-viskon-dokuma-tulum-thmss24tu00006-p-792038717,Tulum
118,796369197,TRENDYOLMİLLA,Mavi Kısa Denim Tulum TWOSS24TU00032,399.99,26,/trendyolmilla/mavi-kisa-denim-tulum-twoss24tu00032-p-796369197,Tulum
119,822557099,TRENDYOLMİLLA,Indigo Jile Form Bol Paça Maxi Keten Görünümlü Dokuma Tulum TWOSS21TU0090,275.99,9,/trendyolmilla/indigo-jile-form-bol-paca-maxi-keten-gorunumlu-dokuma-tulum-twoss21tu0090-p-822557099,Tulum
120,236413275,TRENDYOLMİLLA,Kırmızı Astarlı Balenli Dokuma Tulum TPRSS22TU0070,530.99,2354,/trendyolmilla/kirmizi-astarli-balenli-dokuma-tulum-tprss22tu0070-p-236413275,Tulum
121,118121561,TRENDYOLMİLLA,Siyah Dantel ve Sırt Detaylı İp Askılı Örme Tulum THMSS21TU0288,305.99,663,/trendyolmilla/siyah-dantel-ve-sirt-detayli-ip-askili-orme-tulum-thmss21tu0288-p-118121561,Tulum
122,783831573,TRENDYOLMİLLA,Yeşil Maxi Krep Maxi Dokuma Tulum TWOSS24TU00014,442.99,32,/trendyolmilla/yesil-maxi-krep-maxi-dokuma-tulum-twoss24tu00014-p-783831573,Tulum
123,807816112,TRENDYOLMİLLA,Mavi-Çok Renkli %100 Pamuk Bulut Desenli Örme Tulum THMSS24TU00018,209.99,10,/trendyolmilla/mavi-cok-renkli-100-pamuk-bulut-desenli-orme-tulum-thmss24tu00018-p-807816112,Tulum
124,823616950,TRENDYOLMİLLA,Haki Dokuma Büzgülü %100 Pamuklu Tulum TBESS21TU0269,365.99,3,/trendyolmilla/haki-dokuma-buzgulu-100-pamuklu-tulum-tbess21tu0269-p-823616950,Tulum
125,649914290,TRENDYOLMİLLA,Limited Edition Taş Pencere Detaylı Maxi Dokuma Tulum TWOSS23TU00169,375.99,122,/trendyolmilla/limited-edition-tas-pencere-detayli-maxi-dokuma-tulum-twoss23tu00169-p-649914290,Tulum
126,796111046,TRENDYOLMİLLA,Limited Edition Çok Renkli Desenli Yakası Düğüm Detaylı Maxi Dokuma Tulum TWOSS24TU00035,334.99,30,/trendyolmilla/limited-edition-cok-renkli-desenli-yakasi-dugum-detayli-maxi-dokuma-tulum-twoss24tu00035-p-796111046,Tulum
127,782011731,TRENDYOLMİLLA,Mürdüm Astarlı Balenli Dokuma Tulum TPRSS22TU0070,300.99,34,/trendyolmilla/murdum-astarli-balenli-dokuma-tulum-tprss22tu0070-p-782011731,Tulum
128,86021934,TRENDYOLMİLLA,Siyah Kemerli Kurvaze Yaka Mini Dokuma Tulum TWOSS19WX0112,521.99,635,/trendyolmilla/siyah-kemerli-kurvaze-yaka-mini-dokuma-tulum-twoss19wx0112-p-86021934,Tulum
129,796968640,TRENDYOLMİLLA,Mavi Dikiş Detaylı Denim Tulum TWOSS24TU00031,340.99,7,/trendyolmilla/mavi-dikis-detayli-denim-tulum-twoss24tu00031-p-796968640,Tulum
130,780477968,TRENDYOLMİLLA,Bordo Kemerli Kruvaze Yaka Geniş Paça Dokuma Tulum TWOSS21TU0004,476.99,42,/trendyolmilla/bordo-kemerli-kruvaze-yaka-genis-paca-dokuma-tulum-twoss21tu0004-p-780477968,Tulum
131,788423063,TRENDYOLMİLLA,Mavi Kemerli Dikiş Detaylı Denim Tulum TWOSS24TU00027,521.99,28,/trendyolmilla/mavi-kemerli-dikis-detayli-denim-tulum-twoss24tu00027-p-788423063,Tulum
132,822516257,TRENDYOLMİLLA,Siyah Ceket Yakalı Düğme Detaylı Dokuma Tulum TWOSS23TU00130,477.99,4,/trendyolmilla/siyah-ceket-yakali-dugme-detayli-dokuma-tulum-twoss23tu00130-p-822516257,Tulum
133,474625760,TRENDYOLMİLLA,Siyah Beli Büzgü Detaylı Geniş Paça Maxi Dokuma Tulum TWOSS23TU00121,494.99,317,/trendyolmilla/siyah-beli-buzgu-detayli-genis-paca-maxi-dokuma-tulum-twoss23tu00121-p-474625760,Tulum
134,788145857,TRENDYOLMİLLA,Kiremit Beli Lastikli V Yaka Keten Görünümlü Mini Dokuma Tulum TWOSS24TU00026,203.99,12,/trendyolmilla/kiremit-beli-lastikli-v-yaka-keten-gorunumlu-mini-dokuma-tulum-twoss24tu00026-p-788145857,Tulum
135,823689225,TRENDYOLMİLLA,Pembe Mini Şort Etekli Kemer Detaylı Dokuma Tulum TWOSS23TU00085,406.99,4,/trendyolmilla/pembe-mini-sort-etekli-kemer-detayli-dokuma-tulum-twoss23tu00085-p-823689225,Tulum
136,640029888,TRENDYOLMİLLA,Siyah Belden Bağlamalı Denim Tulum TWOSS23TU00157,609.99,265,/trendyolmilla/siyah-belden-baglamali-denim-tulum-twoss23tu00157-p-640029888,Tulum
137,828584797,TRENDYOLMİLLA,Kırmızı Gül Detaylı Dokuma Tulum TPRSS24TU00018,670.99,2,/trendyolmilla/kirmizi-gul-detayli-dokuma-tulum-tprss24tu00018-p-828584797,Tulum
138,819329334,TRENDYOLMİLLA,Kahverengi Straplez Yaka Keten Görünümlü Tulum TWOSS24TU00041,320.99,7,/trendyolmilla/kahverengi-straplez-yaka-keten-gorunumlu-tulum-twoss24tu00041-p-819329334,Tulum
139,785197089,TRENDYOLMİLLA,Beyaz Kısa Kollu Kemerli Denim Tulum TWOSS24TU00022,746.99,24,/trendyolmilla/beyaz-kisa-kollu-kemerli-denim-tulum-twoss24tu00022-p-785197089,Tulum
140,828584796,TRENDYOLMİLLA,Siyah Gül Detaylı Dokuma Tulum TPRSS24TU00018,606.99,10,/trendyolmilla/siyah-gul-detayli-dokuma-tulum-tprss24tu00018-p-828584796,Tulum
141,772593478,TRENDYOLMİLLA,Lacivert Jile Form Bol Paça Maxi Keten Görünümlü Dokuma Tulum TWOSS21TU0090,386.99,38,/trendyolmilla/lacivert-jile-form-bol-paca-maxi-keten-gorunumlu-dokuma-tulum-twoss21tu0090-p-772593478,Tulum
142,807307245,TRENDYOLMİLLA,Siyah Seamless/Dikişsiz Büzgü Detaylı Örme Spor Şort Boy Tulum THMSS24TU00015,335.99,20,/trendyolmilla/siyah-seamless-dikissiz-buzgu-detayli-orme-spor-sort-boy-tulum-thmss24tu00015-p-807307245,Tulum
143,786617602,TRENDYOLMİLLA,Kahverengi Beli Lastikli Gabardin Mini Dokuma Tulum TWOSS22TU0014,269.99,30,/trendyolmilla/kahverengi-beli-lastikli-gabardin-mini-dokuma-tulum-twoss22tu0014-p-786617602,Tulum
144,813442345,TRENDYOLMİLLA,Lila Kuşaklı Maxi Şifon Astarlı Dokuma Tulum TWOSS23TU00093,413.99,11,/trendyolmilla/lila-kusakli-maxi-sifon-astarli-dokuma-tulum-twoss23tu00093-p-813442345,Tulum
145,774138094,TRENDYOLMİLLA,Bordo Kuşaklı Maxi Şifon Astarlı Dokuma Tulum TWOSS23TU00093,536.99,58,/trendyolmilla/bordo-kusakli-maxi-sifon-astarli-dokuma-tulum-twoss23tu00093-p-774138094,Tulum
146,773972307,TRENDYOLMİLLA,Mavi Kısa Kollu Denim Tulum TWOSS24TU00002,849.99,50,/trendyolmilla/mavi-kisa-kollu-denim-tulum-twoss24tu00002-p-773972307,Tulum
147,384147168,TRENDYOLMİLLA,Siyah %100 Pamuk Puantiye ve Kalp Desenli İp Askılı Örme Tulum THMSS23TU00003,318.99,191,/trendyolmilla/siyah-100-pamuk-puantiye-ve-kalp-desenli-ip-askili-orme-tulum-thmss23tu00003-p-384147168,Tulum
148,806153452,TRENDYOLMİLLA,Kahverengi Kargo Cepli Straplez Yaka Maxi Dokuma Tulum TWOSS23TU00192,327.99,13,/trendyolmilla/kahverengi-kargo-cepli-straplez-yaka-maxi-dokuma-tulum-twoss23tu00192-p-806153452,Tulum
149,810330928,TRENDYOLMİLLA,Haki Desenli Viskon Maxi Dokuma Tulum TWOSS24TU00048,159.99,10,/trendyolmilla/haki-desenli-viskon-maxi-dokuma-tulum-twoss24tu00048-p-810330928,Tulum
150,789408002,TRENDYOLMİLLA,Siyah Toparlayıcı Karyoka Dikiş Detaylı Örme Spor Şort Boy Tulum THMSS24TU00002,214.99,40,/trendyolmilla/siyah-toparlayici-karyoka-dikis-detayli-orme-spor-sort-boy-tulum-thmss24tu00002-p-789408002,Tulum
151,798972904,TRENDYOLMİLLA,Ekru Fırfırlı Pelerin Detaylı Kruvaze Yaka Mini Dokuma Tulum TWOSS24TU00044,182.99,18,/trendyolmilla/ekru-firfirli-pelerin-detayli-kruvaze-yaka-mini-dokuma-tulum-twoss24tu00044-p-798972904,Tulum
152,809562270,TRENDYOLMİLLA,Çok Renkli Desenli Mini Dokuma Tulum TWOSS24TU00046,400.99,19,/trendyolmilla/cok-renkli-desenli-mini-dokuma-tulum-twoss24tu00046-p-809562270,Tulum
153,794597468,TRENDYOLMİLLA,Beyaz Dokuma Müslin %100 Pamuklu Tulum TBESS24TU00000,308.99,13,/trendyolmilla/beyaz-dokuma-muslin-100-pamuklu-tulum-tbess24tu00000-p-794597468,Tulum
154,719046118,TRENDYOLMİLLA,Indigo Kemerli Kruvaze Yaka Geniş Paça Dokuma Tulum TWOSS21TU0004,307.99,96,/trendyolmilla/indigo-kemerli-kruvaze-yaka-genis-paca-dokuma-tulum-twoss21tu0004-p-719046118,Tulum
155,781026562,TRENDYOLMİLLA,Beyaz Askılı Kalp Yaka Wide Leg Denim Tulum TWOSS24TU00018,569.99,26,/trendyolmilla/beyaz-askili-kalp-yaka-wide-leg-denim-tulum-twoss24tu00018-p-781026562,Tulum
156,807709926,TRENDYOLMİLLA,Zümrüt Yeşili Ceket Yakalı Düğme Detaylı Dokuma Tulum TWOSS23TU00130,379.99,16,/trendyolmilla/zumrut-yesili-ceket-yakali-dugme-detayli-dokuma-tulum-twoss23tu00130-p-807709926,Tulum
157,777969161,TRENDYOLMİLLA,Pembe Kemerli Kurvaze Yaka Mini Dokuma Tulum TWOSS19WX0112,523.99,61,/trendyolmilla/pembe-kemerli-kurvaze-yaka-mini-dokuma-tulum-twoss19wx0112-p-777969161,Tulum
158,814778616,TRENDYOLMİLLA,Siyah Ceket Yaka Detaylı Maxi Dokuma Tulum TWOSS24TU00053,340.99,15,/trendyolmilla/siyah-ceket-yaka-detayli-maxi-dokuma-tulum-twoss24tu00053-p-814778616,Tulum
159,811080040,TRENDYOLMİLLA,Siyah Yaka Detaylı Maxi Dokuma Tulum TWOSS24TU00047,297.99,7,/trendyolmilla/siyah-yaka-detayli-maxi-dokuma-tulum-twoss24tu00047-p-811080040,Tulum
160,819822611,TRENDYOLMİLLA,Kırmızı Bol Paça Astarsız Dokuma Tulum TPRSS24TU00008,281.99,4,/trendyolmilla/kirmizi-bol-paca-astarsiz-dokuma-tulum-tprss24tu00008-p-819822611,Tulum
161,822066636,TRENDYOLMİLLA,Siyah Carmen Yaka Örme Tulum TPRSS24TU00017,484.99,4,/trendyolmilla/siyah-carmen-yaka-orme-tulum-tprss24tu00017-p-822066636,Tulum
162,100545364,TRENDYOLMİLLA,Siyah Dokuma Büzgülü %100 Pamuklu Tulum TBESS21TU0269,462.99,301,/trendyolmilla/siyah-dokuma-buzgulu-100-pamuklu-tulum-tbess21tu0269-p-100545364,Tulum
163,383958260,TRENDYOLMİLLA,Lila Beli Lastikli Geniş Paça Mini Dokuma Tulum TWOSS22TU0014,296.99,258,/trendyolmilla/lila-beli-lastikli-genis-paca-mini-dokuma-tulum-twoss22tu0014-p-383958260,Tulum
164,785189870,TRENDYOLMİLLA,Açık Mavi Kemerli Straplez Denim Tulum TWOSS24TU00023,800.99,30,/trendyolmilla/acik-mavi-kemerli-straplez-denim-tulum-twoss24tu00023-p-785189870,Tulum
165,776680071,TRENDYOLMİLLA,Siyah Korse Detaylı Dokuma Tulum TPRSS24TU00002,443.99,71,/trendyolmilla/siyah-korse-detayli-dokuma-tulum-tprss24tu00002-p-776680071,Tulum
166,811072718,TRENDYOLMİLLA,Pembe Kemerli Mini Tulum TWOSS24TU00049,464.99,21,/trendyolmilla/pembe-kemerli-mini-tulum-twoss24tu00049-p-811072718,Tulum
167,794205095,TRENDYOLMİLLA,Beyaz Dokuma Müslin %100 Pamuklu Tulum TBESS24TU00001,296.99,24,/trendyolmilla/beyaz-dokuma-muslin-100-pamuklu-tulum-tbess24tu00001-p-794205095,Tulum
168,819648267,TRENDYOLMİLLA,Siyah-Beyaz Balenli Dokuma Tulum TPRSS22TU0070,278.99,3,/trendyolmilla/siyah-beyaz-balenli-dokuma-tulum-tprss22tu0070-p-819648267,Tulum
169,781026066,TRENDYOLMİLLA,Koyu Mavi Beli Lastikli Denim Şort Tulum TWOSS24TU00017,776.99,77,/trendyolmilla/koyu-mavi-beli-lastikli-denim-sort-tulum-twoss24tu00017-p-781026066,Tulum
170,817259592,TRENDYOLMİLLA,Kırmızı Pelerin Detaylı Dokuma Şık Tulum TPRSS24TU00015,765.99,20,/trendyolmilla/kirmizi-pelerin-detayli-dokuma-sik-tulum-tprss24tu00015-p-817259592,Tulum
171,127715866,TRENDYOLMİLLA,Limited Edition Indigo Dikiş Detaylı Denim Tulum TWOAW22TU0040,759.99,1752,/trendyolmilla/limited-edition-indigo-dikis-detayli-denim-tulum-twoaw22tu0040-p-127715866,Tulum
172,808057251,TRENDYOLMİLLA,Sarı %100 Pamuk Leopar Desenli İp Askılı Örme Tulum THMSS24TU00016,195.99,16,/trendyolmilla/sari-100-pamuk-leopar-desenli-ip-askili-orme-tulum-thmss24tu00016-p-808057251,Tulum
173,182929877,TRENDYOLMİLLA,Haki Kemerli Fermuar Detaylı Dokuma Tulum TWOSS20TU0064,382.99,279,/trendyolmilla/haki-kemerli-fermuar-detayli-dokuma-tulum-twoss20tu0064-p-182929877,Tulum
174,819944464,TRENDYOLMİLLA,Siyah Yaka Detaylı Dokuma Tulum TPRSS24TU00016,374.99,1,/trendyolmilla/siyah-yaka-detayli-dokuma-tulum-tprss24tu00016-p-819944464,Tulum
175,36198833,TRENDYOLMİLLA,Bordo Kemer Detaylı Kruvaze Yaka Dokuma Tulum TWOSS20TU0083,470.99,642,/trendyolmilla/bordo-kemer-detayli-kruvaze-yaka-dokuma-tulum-twoss20tu0083-p-36198833,Tulum
176,791948461,TRENDYOLMİLLA,Pembe-Çok Renkli Çizgili Dantel Detaylı İp Askılı Dokuma Tulum THMSS24TU00004,137.99,24,/trendyolmilla/pembe-cok-renkli-cizgili-dantel-detayli-ip-askili-dokuma-tulum-thmss24tu00004-p-791948461,Tulum
177,86622996,TRENDYOLMİLLA,Siyah Bağlama Detaylı Kruvaze Yaka Boru Paça Dokuma Tulum TWOSS21TU0112,418.99,1124,/trendyolmilla/siyah-baglama-detayli-kruvaze-yaka-boru-paca-dokuma-tulum-twoss21tu0112-p-86622996,Tulum
178,808074805,Edit by Trendyol,Saks Keten Görünümlü Bağlama Detaylı Cepli Tulum TEDSS24TU00000,314.99,42,/edit-by-trendyol/saks-keten-gorunumlu-baglama-detayli-cepli-tulum-tedss24tu00000-p-808074805,Tulum
179,812054794,TRENDYOLMİLLA,Mürdüm Korse Detaylı Dokuma Tulum TPRSS24TU00002,362.99,7,/trendyolmilla/murdum-korse-detayli-dokuma-tulum-tprss24tu00002-p-812054794,Tulum
180,204189114,TRENDYOLMİLLA,Tropikal Desenli Dokuma %100 Pamuklu Tulum TBESS22TU0131,313.99,339,/trendyolmilla/tropikal-desenli-dokuma-100-pamuklu-tulum-tbess22tu0131-p-204189114,Tulum
181,777583852,TRENDYOLMİLLA,Lacivert Dokuma Tulum TPRSS24TU00003,257.99,17,/trendyolmilla/lacivert-dokuma-tulum-tprss24tu00003-p-777583852,Tulum
182,6541965,TRENDYOLMİLLA,Lacivert Kemerli Kurvaze Yaka Mini Dokuma Tulum TWOSS19WX0112,452.99,693,/trendyolmilla/lacivert-kemerli-kurvaze-yaka-mini-dokuma-tulum-twoss19wx0112-p-6541965,Tulum
183,794620922,TRENDYOLMİLLA,Fuşya Kemerli Mini Dokuma Tulum TWOSS24TU00040,355.99,22,/trendyolmilla/fusya-kemerli-mini-dokuma-tulum-twoss24tu00040-p-794620922,Tulum
184,809906905,TRENDYOLMİLLA,Siyah Kareli Pencere Detaylı Askılı Mini Dokuma Tulum TWOSS22TU0277,231.99,14,/trendyolmilla/siyah-kareli-pencere-detayli-askili-mini-dokuma-tulum-twoss22tu0277-p-809906905,Tulum
185,189740590,TRENDYOLMİLLA,Yeşil Kuşaklı Fırfır Detaylı Boru Paça Dokuma Tulum TWOSS21TU0079,342.99,72,/trendyolmilla/yesil-kusakli-firfir-detayli-boru-paca-dokuma-tulum-twoss21tu0079-p-189740590,Tulum
186,248234260,TRENDYOLMİLLA,Mavi Kareli Pencere Detaylı Askılı Mini Dokuma Tulum TWOSS22TU0277,404.99,519,/trendyolmilla/mavi-kareli-pencere-detayli-askili-mini-dokuma-tulum-twoss22tu0277-p-248234260,Tulum
187,797100790,TRENDYOLMİLLA,Limited Edition Siyah Kemer Detaylı Dokuma Şifon Tulum TPRSS24TU00009,351.99,18,/trendyolmilla/limited-edition-siyah-kemer-detayli-dokuma-sifon-tulum-tprss24tu00009-p-797100790,Tulum
188,824604278,TRENDYOLMİLLA,Siyah Yaka Detaylı Dokuma Tulum TPRSS24TU00014,366.99,7,/trendyolmilla/siyah-yaka-detayli-dokuma-tulum-tprss24tu00014-p-824604278,Tulum
189,795255209,TRENDYOLMİLLA,Bridal Beyaz Bol Paça Astarsız Dokuma Düğün/Nikah Tulum TPRSS24TU00008,228.99,25,/trendyolmilla/bridal-beyaz-bol-paca-astarsiz-dokuma-dugun-nikah-tulum-tprss24tu00008-p-795255209,Tulum
190,798913837,TRENDYOLMİLLA,Gri Melanj Pamuklu Bağlama ve Cep Detaylı Waffle Örme Tulum THMSS24TU00008,118.99,15,/trendyolmilla/gri-melanj-pamuklu-baglama-ve-cep-detayli-waffle-orme-tulum-thmss24tu00008-p-798913837,Tulum
191,778052465,TRENDYOLMİLLA,Siyah Geniş Paça Pencere Detaylı Maxi Dokuma Tulum TWOSS24TU00005,420.99,27,/trendyolmilla/siyah-genis-paca-pencere-detayli-maxi-dokuma-tulum-twoss24tu00005-p-778052465,Tulum
192,443778372,TRENDYOLMİLLA,Çizgili Dokuma Bağlamalı Tulum TBESS23TU00015,154.99,119,/trendyolmilla/cizgili-dokuma-baglamali-tulum-tbess23tu00015-p-443778372,Tulum
193,777975663,TRENDYOLMİLLA,Zümrüt Yeşili Kemerli Kruvaze Yaka Mini Dokuma Tulum TWOSS23TU00040,369.99,17,/trendyolmilla/zumrut-yesili-kemerli-kruvaze-yaka-mini-dokuma-tulum-twoss23tu00040-p-777975663,Tulum
194,474625757,TRENDYOLMİLLA,Indigo Beli Büzgü Detaylı Geniş Paça Maxi Dokuma Tulum TWOSS23TU00121,441.99,204,/trendyolmilla/indigo-beli-buzgu-detayli-genis-paca-maxi-dokuma-tulum-twoss23tu00121-p-474625757,Tulum
195,782027246,TRENDYOLMİLLA,"Siyah Reflektör Baskı Detaylı Üstü Scuba, Altı Paraşüt Kumaş Örme Spor Tulum THMSS24TU00001",167.99,17,/trendyolmilla/siyah-reflektor-baski-detayli-ustu-scuba-alti-parasut-kumas-orme-spor-tulum-thmss24tu00001-p-782027246,Tulum
196,786617601,TRENDYOLMİLLA,Mavi Beli Lastikli Geniş Paça Mini Dokuma Tulum TWOSS22TU0014,359.99,25,/trendyolmilla/mavi-beli-lastikli-genis-paca-mini-dokuma-tulum-twoss22tu0014-p-786617601,Tulum
197,797209400,TRENDYOLMİLLA,Lacivert Çıkarılabilir Askılı Düğme Detaylı Maxi Dokuma Tulum TWOSS24TU00008,417.99,24,/trendyolmilla/lacivert-cikarilabilir-askili-dugme-detayli-maxi-dokuma-tulum-twoss24tu00008-p-797209400,Tulum
198,370975687,TRENDYOLMİLLA,Siyah Yakası Fırfırlı Dokuma Tulum TPRSS23TU00013,650.99,192,/trendyolmilla/siyah-yakasi-firfirli-dokuma-tulum-tprss23tu00013-p-370975687,Tulum
199,806534240,TRENDYOLMİLLA,Mor Fiyonk Detaylı Tek Kol Dokuma Tulum TPRSS24TU00010,554.99,19,/trendyolmilla/mor-fiyonk-detayli-tek-kol-dokuma-tulum-tprss24tu00010-p-806534240,Tulum
200,794281561,TRENDYOLMİLLA,Siyah Kuşaklı Örme Mixli Mini Dokuma Tulum TWOSS24TU00039,243.99,32,/trendyolmilla/siyah-kusakli-orme-mixli-mini-dokuma-tulum-twoss24tu00039-p-794281561,Tulum
201,776701784,TRENDYOLMİLLA,Haki Kemerli Gömlek Yaka Gabardin Mini Dokuma Tulum TWOSS21TU0238,304.99,14,/trendyolmilla/haki-kemerli-gomlek-yaka-gabardin-mini-dokuma-tulum-twoss21tu0238-p-776701784,Tulum
202,35497357,TRENDYOLMİLLA,Lacivert Kuşaklı Kruvaze Yaka Kolsuz Dokuma Tulum TWOSS20TU0052,371.99,599,/trendyolmilla/lacivert-kusakli-kruvaze-yaka-kolsuz-dokuma-tulum-twoss20tu0052-p-35497357,Tulum
203,40470328,TRENDYOLMİLLA,Mavi Kruvaze Yaka Geniş Paça Dokuma Tulum TWOSS20TU0100,300.99,332,/trendyolmilla/mavi-kruvaze-yaka-genis-paca-dokuma-tulum-twoss20tu0100-p-40470328,Tulum
204,777976697,TRENDYOLMİLLA,Bordo Ceket Yakalı Düğme Detaylı Dokuma Tulum TWOSS23TU00130,362.99,19,/trendyolmilla/bordo-ceket-yakali-dugme-detayli-dokuma-tulum-twoss23tu00130-p-777976697,Tulum
205,782086508,TRENDYOLMİLLA,Bordo Bağlama Detaylı Kruvaze Yaka Boru Paça Dokuma Tulum TWOSS21TU0112,299.99,22,/trendyolmilla/bordo-baglama-detayli-kruvaze-yaka-boru-paca-dokuma-tulum-twoss21tu0112-p-782086508,Tulum
207,137892086,TRENDYOLMİLLA,Siyah Düğmeli Dokuma Tulum TWOAW22TU0238,734.99,488,/trendyolmilla/siyah-dugmeli-dokuma-tulum-twoaw22tu0238-p-137892086,Tulum
208,379975673,TRENDYOLMİLLA,Indigo Baskılı Askılı Volanlı Şortlu Mini Örme Tulum TWOSS23TU00044,324.99,833,/trendyolmilla/indigo-baskili-askili-volanli-sortlu-mini-orme-tulum-twoss23tu00044-p-379975673,Tulum
209,458780054,TRENDYOLMİLLA,Çok Renkli Çiçek Desenli Cut Out Detaylı Mini Astarlı Şifon Dokuma Tulum TWOSS23TU00113,512.99,275,/trendyolmilla/cok-renkli-cicek-desenli-cut-out-detayli-mini-astarli-sifon-dokuma-tulum-twoss23tu00113-p-458780054,Tulum
210,798904426,TRENDYOLMİLLA,Beyaz Dantel Detaylı İp Askılı Dokuma Tulum THMSS24TU00007,173.99,11,/trendyolmilla/beyaz-dantel-detayli-ip-askili-dokuma-tulum-thmss24tu00007-p-798904426,Tulum
211,102013662,TRENDYOLMİLLA,Indigo Gömlek Yaka Kolsuz Gabardin Dokuma Tulum TWOSS21TU0233,619.99,1056,/trendyolmilla/indigo-gomlek-yaka-kolsuz-gabardin-dokuma-tulum-twoss21tu0233-p-102013662,Tulum
212,784569400,TRENDYOLMİLLA,Mint Çiçek Baskılı Askılı Volanlı Şortlu Mini Tulum TWOSS23TU00044,297.99,75,/trendyolmilla/mint-cicek-baskili-askili-volanli-sortlu-mini-tulum-twoss23tu00044-p-784569400,Tulum
213,35689027,TRENDYOLMİLLA,Siyah Gipe Detaylı Geniş Paça Dokuma Tulum TWOSS20TU0081,279.99,460,/trendyolmilla/siyah-gipe-detayli-genis-paca-dokuma-tulum-twoss20tu0081-p-35689027,Tulum
214,828355012,TRENDYOLMİLLA,Mor Bol Paça Otrişli Dokuma Tulum TPRSS24TU00006,466.99,0,/trendyolmilla/mor-bol-paca-otrisli-dokuma-tulum-tprss24tu00006-p-828355012,Tulum
215,785973630,TRENDYOLMİLLA,Camel Gömlek Yaka Beli Büzgü Detaylı Gabardin Mini Dokuma Tulum TWOSS24TU00011,458.99,28,/trendyolmilla/camel-gomlek-yaka-beli-buzgu-detayli-gabardin-mini-dokuma-tulum-twoss24tu00011-p-785973630,Tulum
216,777968773,TRENDYOLMİLLA,Kiremit Kemerli Kurvaze Yaka Mini Dokuma Tulum TWOSS19WX0112,409.99,15,/trendyolmilla/kiremit-kemerli-kurvaze-yaka-mini-dokuma-tulum-twoss19wx0112-p-777968773,Tulum
217,736366649,TRENDYOLMİLLA,Koyu Mavi Kare Yaka Fermuarlı Denim Tulum TWOAW24TU00018,588.99,120,/trendyolmilla/koyu-mavi-kare-yaka-fermuarli-denim-tulum-twoaw24tu00018-p-736366649,Tulum
218,355592102,TRENDYOLMİLLA,Siyah Dokuma Saten Şort Tulum TPRSS23TU00006,381.99,150,/trendyolmilla/siyah-dokuma-saten-sort-tulum-tprss23tu00006-p-355592102,Tulum
219,4663190,TRENDYOLMİLLA,Siyah Dokuma Uzun Cut Out / Pencere Detaylı Tulum TWOSS19LJ0139,355.99,680,/trendyolmilla/siyah-dokuma-uzun-cut-out-pencere-detayli-tulum-twoss19lj0139-p-4663190,Tulum
220,832925943,TRENDYOLMİLLA,Haki Kemerli Ceket Yaka Fermuar Detaylı Tulum TWOAW24TU00034,578.99,0,/trendyolmilla/haki-kemerli-ceket-yaka-fermuar-detayli-tulum-twoaw24tu00034-p-832925943,Tulum
221,811072714,TRENDYOLMİLLA,Siyah Kemerli Mini Tulum TWOSS24TU00049,463.99,17,/trendyolmilla/siyah-kemerli-mini-tulum-twoss24tu00049-p-811072714,Tulum
222,792755845,TRENDYOLMİLLA,Siyah Dantel Yaka Detaylı Dokuma Tulum TPRSS24TU00007,390.99,13,/trendyolmilla/siyah-dantel-yaka-detayli-dokuma-tulum-tprss24tu00007-p-792755845,Tulum
223,810084587,TRENDYOLMİLLA,Tarçın Çiçek Desenli Beli Büzgü Detaylı Mini Dokuma Tulum TWOSS23TU00121,467.99,15,/trendyolmilla/tarcin-cicek-desenli-beli-buzgu-detayli-mini-dokuma-tulum-twoss23tu00121-p-810084587,Tulum
224,784322954,TRENDYOLMİLLA,Siyah Bol Paça Otrişli Dokuma Tulum TPRSS24TU00006,405.99,30,/trendyolmilla/siyah-bol-paca-otrisli-dokuma-tulum-tprss24tu00006-p-784322954,Tulum
225,131457867,TRENDYOLMİLLA,Lacivert Balon Kollu Denim Tulum TWOAW22TU0041,759.99,1371,/trendyolmilla/lacivert-balon-kollu-denim-tulum-twoaw22tu0041-p-131457867,Tulum
226,633281100,TRENDYOLMİLLA,Indigo Bağlama Detaylı Geniş Paça Maxi Dokuma Tulum TWOSS23TU00143,567.99,161,/trendyolmilla/indigo-baglama-detayli-genis-paca-maxi-dokuma-tulum-twoss23tu00143-p-633281100,Tulum
227,450451307,TRENDYOLMİLLA,Lacivert Sırt Pencere Detaylı Melek Kollu Mini Dokuma Tulum TWOSS23TU00094,341.99,51,/trendyolmilla/lacivert-sirt-pencere-detayli-melek-kollu-mini-dokuma-tulum-twoss23tu00094-p-450451307,Tulum
228,35631228,TRENDYOLMİLLA,Camel Kruvaze Yaka Geniş Paça Dokuma Tulum TWOSS20TU0100,251.99,328,/trendyolmilla/camel-kruvaze-yaka-genis-paca-dokuma-tulum-twoss20tu0100-p-35631228,Tulum
229,797839672,TRENDYOLMİLLA,Lacivert Fermuarlı Dokuma Şort Etek Tulum TWOSS24TU00043,371.99,21,/trendyolmilla/lacivert-fermuarli-dokuma-sort-etek-tulum-twoss24tu00043-p-797839672,Tulum
230,381004015,TRENDYOLMİLLA,Tarçın Örme Pencere/Cut Out Detaylı Parıltılı Tulum TPRSS23TU00017,199.99,49,/trendyolmilla/tarcin-orme-pencere-cut-out-detayli-pariltili-tulum-tprss23tu00017-p-381004015,Tulum
231,823687902,TRENDYOLMİLLA,Yeşil Kemerli Ceket Yaka Mini Dokuma Tulum TWOSS19WX0112,496.99,0,/trendyolmilla/yesil-kemerli-ceket-yaka-mini-dokuma-tulum-twoss19wx0112-p-823687902,Tulum
232,784308477,TRENDYOLMİLLA,Antrasit Vücuda Oturan Dokuma Parıltılı Tulum TPRSS24TU00005,608.99,21,/trendyolmilla/antrasit-vucuda-oturan-dokuma-pariltili-tulum-tprss24tu00005-p-784308477,Tulum
233,812054789,TRENDYOLMİLLA,Beyaz Dokuma Korse Detaylı Dokuma Düğün/Nikah Tulum TPRSS24TU00002,368.99,9,/trendyolmilla/beyaz-dokuma-korse-detayli-dokuma-dugun-nikah-tulum-tprss24tu00002-p-812054789,Tulum
234,379949216,TRENDYOLMİLLA,Siyah Örme Pencere/Cut Out Detaylı Tulum TPRSS23TU00019,136.99,27,/trendyolmilla/siyah-orme-pencere-cut-out-detayli-tulum-tprss23tu00019-p-379949216,Tulum
235,795256056,TRENDYOLMİLLA,Siyah Bol Paça Astarsız Dokuma Tulum TPRSS24TU00008,636.99,17,/trendyolmilla/siyah-bol-paca-astarsiz-dokuma-tulum-tprss24tu00008-p-795256056,Tulum
236,777977276,TRENDYOLMİLLA,Gri Straplez Renk Bloklu Mini Dokuma Şort Tulum TWOSS23TU00131,278.99,18,/trendyolmilla/gri-straplez-renk-bloklu-mini-dokuma-sort-tulum-twoss23tu00131-p-777977276,Tulum
237,43872615,TRENDYOLMİLLA,Lacivert Bağlama Detaylı Dokuma Tulum TWOAW21TU0011,718.99,1166,/trendyolmilla/lacivert-baglama-detayli-dokuma-tulum-twoaw21tu0011-p-43872615,Tulum
238,791362613,TRENDYOLMİLLA,Haki Kemerli Kruvaze Yaka Kolsuz Maxi Dokuma Tulum TWOSS24TU00029,333.99,10,/trendyolmilla/haki-kemerli-kruvaze-yaka-kolsuz-maxi-dokuma-tulum-twoss24tu00029-p-791362613,Tulum
239,217159575,TRENDYOLMİLLA,Siyah Bağlama Detaylı Askılı Mini Dokuma Tulum TWOSS22TU0300,377.99,319,/trendyolmilla/siyah-baglama-detayli-askili-mini-dokuma-tulum-twoss22tu0300-p-217159575,Tulum
240,712901059,TRENDYOLMİLLA,Mürdüm Kemerli Kruvaze Yaka Dokuma Tulum TWOAW23TU00017,642.99,48,/trendyolmilla/murdum-kemerli-kruvaze-yaka-dokuma-tulum-twoaw23tu00017-p-712901059,Tulum
241,748548113,TRENDYOLMİLLA,Siyah Kemerl Ceket Yaka Fermuar Detaylı Mini Dokuma Tulum TWOAW24TU00034,468.99,94,/trendyolmilla/siyah-kemerl-ceket-yaka-fermuar-detayli-mini-dokuma-tulum-twoaw24tu00034-p-748548113,Tulum
242,388321968,TRENDYOLMİLLA,Tarçın Örme Pencere/Cut Out Detaylı Dokulu Kendinden Desenli Tulum TPRSS23TU00034,101.99,28,/trendyolmilla/tarcin-orme-pencere-cut-out-detayli-dokulu-kendinden-desenli-tulum-tprss23tu00034-p-388321968,Tulum
243,746130020,TRENDYOLMİLLA,Siyah Kemerli Cep Detaylı Denim Tulum TWOAW24TU00030,512.99,30,/trendyolmilla/siyah-kemerli-cep-detayli-denim-tulum-twoaw24tu00030-p-746130020,Tulum
244,822774324,TRENDYOLMİLLA,Indigo Kargo Cepli Straplez Yaka Maxi Dokuma Tulum TWOSS23TU00192,668.99,1,/trendyolmilla/indigo-kargo-cepli-straplez-yaka-maxi-dokuma-tulum-twoss23tu00192-p-822774324,Tulum
245,818415839,TRENDYOLMİLLA,Kahverengi Ekstra Toparlayıcı Ayarlanabilir Askılı Destekli Örme Spor Tulum THMSS24TU00005,220.99,3,/trendyolmilla/kahverengi-ekstra-toparlayici-ayarlanabilir-askili-destekli-orme-spor-tulum-thmss24tu00005-p-818415839,Tulum
246,379957911,TRENDYOLMİLLA,Siyah Dokuma Tulum TPRSS23TU00021,219.99,41,/trendyolmilla/siyah-dokuma-tulum-tprss23tu00021-p-379957911,Tulum
247,815844358,TRENDYOLMİLLA,Siyah Otrişli Dokuma Tulum TPRSS24TU00012,782.99,16,/trendyolmilla/siyah-otrisli-dokuma-tulum-tprss24tu00012-p-815844358,Tulum
248,777605644,TRENDYOLMİLLA,Siyah Pencere/Cut Out Detaylı Dokuma Tulum TPRSS24TU00000,514.99,9,/trendyolmilla/siyah-pencere-cut-out-detayli-dokuma-tulum-tprss24tu00000-p-777605644,Tulum
249,776228728,TRENDYOLMİLLA,Açık Bej Kemerli Gömlek Yaka Cep Detaylı Maxi Dokuma Tulum TWOSS24TU00004,401.99,30,/trendyolmilla/acik-bej-kemerli-gomlek-yaka-cep-detayli-maxi-dokuma-tulum-twoss24tu00004-p-776228728,Tulum
250,772441332,TRENDYOLMİLLA,Yeşil Mini Şort Etekli Kemer Detaylı Dokuma Tulum TWOSS23TU00085,411.99,27,/trendyolmilla/yesil-mini-sort-etekli-kemer-detayli-dokuma-tulum-twoss23tu00085-p-772441332,Tulum
251,379183028,TRENDYOLMİLLA,Bej V Yaka Göğüs Lastik Detaylı İp Askılı Viskon Dokuma Tulum THMSS23TU00012,347.99,55,/trendyolmilla/bej-v-yaka-gogus-lastik-detayli-ip-askili-viskon-dokuma-tulum-thmss23tu00012-p-379183028,Tulum
252,320152593,TRENDYOLMİLLA,Siyah Renk Bloklu Beli Büzgülü Uzun Dokuma Tulum TWOAW21TU0011,790.99,700,/trendyolmilla/siyah-renk-bloklu-beli-buzgulu-uzun-dokuma-tulum-twoaw21tu0011-p-320152593,Tulum
253,309282957,TRENDYOLMİLLA,Mavi Bel Detaylı Denim Tulum TWOAW23TU00065,819.99,293,/trendyolmilla/mavi-bel-detayli-denim-tulum-twoaw23tu00065-p-309282957,Tulum
254,279784106,TRENDYOLMİLLA,Kemerli Kruvaze Yaka Dokuma Tulum TWOAW23TU00017,642.99,338,/trendyolmilla/kemerli-kruvaze-yaka-dokuma-tulum-twoaw23tu00017-p-279784106,Tulum
255,148735486,TRENDYOLMİLLA,Limited Edition Indigo Suni Deri Dokuma Tulum TWOAW22TU0322,759.99,819,/trendyolmilla/limited-edition-indigo-suni-deri-dokuma-tulum-twoaw22tu0322-p-148735486,Tulum
256,792779516,Trendyol Curve,Siyah Askılı Volanlı Şortlu Mini Örme Tulum TBBSS24BG00000,396.99,269,/trendyol-curve/siyah-askili-volanli-sortlu-mini-orme-tulum-tbbss24bg00000-p-792779516,Tulum
257,705084159,Trendyol Curve,Siyah Kemerli Dokuma Tulum TBBSS23BG00004,505.99,226,/trendyol-curve/siyah-kemerli-dokuma-tulum-tbbss23bg00004-p-705084159,Tulum
258,193210569,Trendyol Curve,Siyah Bel Detaylı Tulum TBBSS22BG0017,664.99,1356,/trendyol-curve/siyah-bel-detayli-tulum-tbbss22bg0017-p-193210569,Tulum
259,215403564,Trendyol Curve,Siyah Kemerli Tulum TBBSS22TU0160,411.99,680,/trendyol-curve/siyah-kemerli-tulum-tbbss22tu0160-p-215403564,Tulum
260,814838453,TRENDYOL MODEST,Siyah Belde İnci Detaylı Bol Paça Dokuma Tulum TCTSS24TL00005,374.99,4,/trendyol-modest/siyah-belde-inci-detayli-bol-paca-dokuma-tulum-tctss24tl00005-p-814838453,Tulum
261,814456616,Trendyol Curve,Çok Renkli Askılı Volanlı Şortlu Mini Örme Tulum TBBSS24BG00000,355.99,52,/trendyol-curve/cok-renkli-askili-volanli-sortlu-mini-orme-tulum-tbbss24bg00000-p-814456616,Tulum
262,214970538,Trendyol Curve,Siyah Kuşaklı Bol Paça Dokuma Tulum TBBSS22TU0161,403.99,482,/trendyol-curve/siyah-kusakli-bol-paca-dokuma-tulum-tbbss22tu0161-p-214970538,Tulum
263,676416696,Trendyol Curve,Siyah Çiçek Desenli Dokuma Tulum TBBSS23BG00002,563.99,145,/trendyol-curve/siyah-cicek-desenli-dokuma-tulum-tbbss23bg00002-p-676416696,Tulum
264,204856363,TRENDYOL MODEST,Siyah Kalın Askılı Düğme Detaylı Geniş Paça Dokuma Tulum TCTSS22TL0008,409.99,1158,/trendyol-modest/siyah-kalin-askili-dugme-detayli-genis-paca-dokuma-tulum-tctss22tl0008-p-204856363,Tulum
265,371812877,Trendyol Curve,Siyah Dokuma V Yaka Tulum TBBSS23AH00008,588.99,140,/trendyol-curve/siyah-dokuma-v-yaka-tulum-tbbss23ah00008-p-371812877,Tulum
266,819346081,TRENDYOL MODEST,Lacivert Kalın Askılı Düğme Detaylı Geniş Paça Dokuma Tulum TCTSS22TL0008,312.99,2,/trendyol-modest/lacivert-kalin-askili-dugme-detayli-genis-paca-dokuma-tulum-tctss22tl0008-p-819346081,Tulum
267,823580747,Trendyol Curve,Siyah Kemerli Dokuma Tulum TBBSS24BG00003,646.99,46,/trendyol-curve/siyah-kemerli-dokuma-tulum-tbbss24bg00003-p-823580747,Tulum
268,773095702,TRENDYOL MODEST,Siyah Aerobin Şifon Dokuma Tulum TCTSS24TL00004,307.99,29,/trendyol-modest/siyah-aerobin-sifon-dokuma-tulum-tctss24tl00004-p-773095702,Tulum
269,90576294,TRENDYOL MODEST,Siyah Bisiklet Yaka Belden Lastikli Rahat Kesim Geniş Paça Keten Görünümlü Tulum TCTSS21TU0206,520.89,3828,/trendyol-modest/siyah-bisiklet-yaka-belden-lastikli-rahat-kesim-genis-paca-keten-gorunumlu-tulum-tctss21tu0206-p-90576294,Tulum
270,814838432,TRENDYOL MODEST,Pembe Belde İnci Detaylı Bol Paça Dokuma Tulum TCTSS24TL00005,519.99,4,/trendyol-modest/pembe-belde-inci-detayli-bol-paca-dokuma-tulum-tctss24tl00005-p-814838432,Tulum
271,196511412,Trendyol Curve,Siyah Kuşaklı Dokuma Tulum TBBSS22TU0184,367.99,1622,/trendyol-curve/siyah-kusakli-dokuma-tulum-tbbss22tu0184-p-196511412,Tulum
272,818087377,TRENDYOL MODEST,Siyah Aksesuar Detaylı Kruvaze Kesim Dokuma Tulum TCTSS24TL00007,366.99,1,/trendyol-modest/siyah-aksesuar-detayli-kruvaze-kesim-dokuma-tulum-tctss24tl00007-p-818087377,Tulum
273,813524071,Trendyol Curve,Siyah U Yaka Scuba Örme Tulum TBBSS24BG00001,306.99,7,/trendyol-curve/siyah-u-yaka-scuba-orme-tulum-tbbss24bg00001-p-813524071,Tulum
