,ID,MARKA,URUN_NAME,FIYAT,RATE_COUNT,URUN_LINK,KATEGORI
0,356769149,TRENDYOLMİLLA,Siyah Oversize Geniş Kesim Uzun Yünlü Kaşe Kaban TWOAW21KB0038,1089.99,4914,/trendyolmilla/siyah-oversize-genis-kesim-uzun-yunlu-kase-kaban-twoaw21kb0038-p-356769149,Kaban
1,828046900,TRENDYOLMİLLA,Bordo Yaka Detaylı Kısa Oversize Kaşe Kaban TWOAW25KB00049,1259.99,0,/trendyolmilla/bordo-yaka-detayli-kisa-oversize-kase-kaban-twoaw25kb00049-p-828046900,Kaban
2,8791143,TRENDYOLMİLLA,Siyah Kuşaklı Uzun Yünlü Kaşe Kaban TWOAW20KB0033,1059.99,1065,/trendyolmilla/siyah-kusakli-uzun-yunlu-kase-kaban-twoaw20kb0033-p-8791143,Kaban
3,251172700,TRENDYOLMİLLA,Taş Oversize Geniş Kesim Uzun Yünlü Kaşe Kaban TWOAW21KB0038,1019.99,1855,/trendyolmilla/tas-oversize-genis-kesim-uzun-yunlu-kase-kaban-twoaw21kb0038-p-251172700,Kaban
4,681222742,TRENDYOLMİLLA,Siyah Oversize Geniş Kesim Kaşe Kaban TWOAW24KB00051,530.99,59,/trendyolmilla/siyah-oversize-genis-kesim-kase-kaban-twoaw24kb00051-p-681222742,Kaban
5,721928328,TRENDYOLMİLLA,Antrasit Oversize Geniş Kesim Kaşe Kaban TWOAW24KB00165,1009.99,58,/trendyolmilla/antrasit-oversize-genis-kesim-kase-kaban-twoaw24kb00165-p-721928328,Kaban
6,31450708,TRENDYOLMİLLA,Taş Toka Detaylı Kuşaklı Regular Kaban TWOAW20KB0029,710.99,1320,/trendyolmilla/tas-toka-detayli-kusakli-regular-kaban-twoaw20kb0029-p-31450708,Kaban
7,719387359,TRENDYOLMİLLA,Siyah Oversize Geniş Kesim Kırçıllı Kaşe Kaban TWOAW24KB00176,979.99,75,/trendyolmilla/siyah-oversize-genis-kesim-kircilli-kase-kaban-twoaw24kb00176-p-719387359,Kaban
8,778813639,TRENDYOLMİLLA,Siyah Nakış Detaylı Kaban TWOAW24KB00221,649.99,18,/trendyolmilla/siyah-nakis-detayli-kaban-twoaw24kb00221-p-778813639,Kaban
9,43275654,TRENDYOLMİLLA,Antrasit Oversize Geniş Kesim Uzun Yünlü Kaşe Kaban TWOAW21KB0038,1059.99,14845,/trendyolmilla/antrasit-oversize-genis-kesim-uzun-yunlu-kase-kaban-twoaw21kb0038-p-43275654,Kaban
10,701356615,TRENDYOL MAN,Taş Unisex Regular Fit Yün Karışımlı Kaşe Kışlık Kaban TMNAW24KB00004,874.99,30,/trendyol-man/tas-unisex-regular-fit-yun-karisimli-kase-kislik-kaban-tmnaw24kb00004-p-701356615,Kaban
11,814579391,TRENDYOLMİLLA,Ekru Oversize Geniş Kesim Uzun Yünlü Kaşe Kaban TWOAW21KB0038,1229.99,0,/trendyolmilla/ekru-oversize-genis-kesim-uzun-yunlu-kase-kaban-twoaw21kb0038-p-814579391,Kaban
12,679742891,TRENDYOLMİLLA,Ekru Oversize Geniş Kesim Uzun Buklet Kaban TWOAW24KB00037,629.99,50,/trendyolmilla/ekru-oversize-genis-kesim-uzun-buklet-kaban-twoaw24kb00037-p-679742891,Kaban
13,701357588,TRENDYOL MAN,Antrasit Unisex Regular Fit Yün Karışımlı Kaşe Kışlık Kaban TMNAW24KB00004,959.99,116,/trendyol-man/antrasit-unisex-regular-fit-yun-karisimli-kase-kislik-kaban-tmnaw24kb00004-p-701357588,Kaban
14,717890541,TRENDYOLMİLLA,Kahverengi Oversize Geniş Kesim Balıksırtı Desenli Uzun Kaşe Kaban TWOAW24KB00147,882.99,81,/trendyolmilla/kahverengi-oversize-genis-kesim-baliksirti-desenli-uzun-kase-kaban-twoaw24kb00147-p-717890541,Kaban
15,57423033,TRENDYOLMİLLA,Siyah Fitted Midi Yünlü Kaşe Kaban TWOAW21KB0016,1019.99,898,/trendyolmilla/siyah-fitted-midi-yunlu-kase-kaban-twoaw21kb0016-p-57423033,Kaban
16,828049023,TRENDYOLMİLLA,Vizon Cep Detaylı Regular Midi Kaban TWOAW25KB00054,1099.99,0,/trendyolmilla/vizon-cep-detayli-regular-midi-kaban-twoaw25kb00054-p-828049023,Kaban
17,799839179,TRENDYOLMİLLA,Beyaz Oversize Geniş Kesim Peluş Kaban TWOSS24KB00005,499.99,2,/trendyolmilla/beyaz-oversize-genis-kesim-pelus-kaban-twoss24kb00005-p-799839179,Kaban
18,828046233,TRENDYOLMİLLA,Gri Yaka Detaylı Regular Yünlü Midi Kaban TWOAW25KB00042,1399.99,0,/trendyolmilla/gri-yaka-detayli-regular-yunlu-midi-kaban-twoaw25kb00042-p-828046233,Kaban
19,44147610,TRENDYOLMİLLA,Siyah Fitted Yünlü Kaşe Kaban TWOAW21KB0013,559.99,639,/trendyolmilla/siyah-fitted-yunlu-kase-kaban-twoaw21kb0013-p-44147610,Kaban
20,655290324,TRENDYOLMİLLA,Siyah Oversize Geniş Kesim Kuşaklı Bomber Kol Detaylı Uzun Kaşe Kaban TWOAW24KB00003,782.99,80,/trendyolmilla/siyah-oversize-genis-kesim-kusakli-bomber-kol-detayli-uzun-kase-kaban-twoaw24kb00003-p-655290324,Kaban
21,649657599,TRENDYOLMİLLA,Mint Oversize Geniş Kesim Kemerli Uzun Yünlü Kaşe Kaban TWOAW22KB0015,584.99,67,/trendyolmilla/mint-oversize-genis-kesim-kemerli-uzun-yunlu-kase-kaban-twoaw22kb0015-p-649657599,Kaban
22,692050852,TRENDYOLMİLLA,Antrasit Oversize Geniş Kesim Kaşe Kaban TWOAW24KB00091,473.99,51,/trendyolmilla/antrasit-oversize-genis-kesim-kase-kaban-twoaw24kb00091-p-692050852,Kaban
23,743318685,TRENDYOLMİLLA,Taş Oversize Geniş Kesim Yünlü Kaban TWOAW24KB00162,467.99,34,/trendyolmilla/tas-oversize-genis-kesim-yunlu-kaban-twoaw24kb00162-p-743318685,Kaban
48,652837205,TRENDYOLMİLLA,Siyah Oversize Geniş Kesim Uzun Kaşe Kaban TWOAW24KB00002,889.99,40,/trendyolmilla/siyah-oversize-genis-kesim-uzun-kase-kaban-twoaw24kb00002-p-652837205,Kaban
49,251075247,TRENDYOLMİLLA,Gri Yünlü Kaşe Kaban TWOAW21KB0017,939.99,1125,/trendyolmilla/gri-yunlu-kase-kaban-twoaw21kb0017-p-251075247,Kaban
50,799839181,TRENDYOLMİLLA,Bej Oversize Geniş Kesim Peluş Kaban TWOSS24KB00005,539.99,3,/trendyolmilla/bej-oversize-genis-kesim-pelus-kaban-twoss24kb00005-p-799839181,Kaban
51,696198208,TRENDYOLMİLLA,Siyah Premium Kuşaklı Kürk Yaka Detaylı Uzun Kaşe Kaban TWOAW24KB00104,1016.99,25,/trendyolmilla/siyah-premium-kusakli-kurk-yaka-detayli-uzun-kase-kaban-twoaw24kb00104-p-696198208,Kaban
52,769299123,TRENDYOLMİLLA,Vizon Oversize Geniş Kesim Kuşaklı Kaban TWOAW24KB00214,908.99,3,/trendyolmilla/vizon-oversize-genis-kesim-kusakli-kaban-twoaw24kb00214-p-769299123,Kaban
53,769298342,TRENDYOLMİLLA,Siyah Kürk Yaka Detaylı Kuşaklı Kaban TWOAW24KB00213,908.99,9,/trendyolmilla/siyah-kurk-yaka-detayli-kusakli-kaban-twoaw24kb00213-p-769298342,Kaban
54,716465848,TRENDYOLMİLLA,Bej Premium Kuşaklı Kürk Yaka Detaylı Uzun Kaşe Kaban TWOAW24KB00104,800.99,25,/trendyolmilla/bej-premium-kusakli-kurk-yaka-detayli-uzun-kase-kaban-twoaw24kb00104-p-716465848,Kaban
55,660421007,TRENDYOLMİLLA,Taş Regular Midi Kaban TWOAW24KB00021,576.99,58,/trendyolmilla/tas-regular-midi-kaban-twoaw24kb00021-p-660421007,Kaban
56,717670271,TRENDYOLMİLLA,Lacivert Fermuar Kapamalı Cepli Kaşe KabanTWOAW24KB00127,422.99,49,/trendyolmilla/lacivert-fermuar-kapamali-cepli-kase-kabantwoaw24kb00127-p-717670271,Kaban
57,666575676,TRENDYOLMİLLA,Camel Kuşaklı Uzun Yünlü Kaşe Kaban TWOAW24KB00054,512.99,11,/trendyolmilla/camel-kusakli-uzun-yunlu-kase-kaban-twoaw24kb00054-p-666575676,Kaban
58,664347046,TRENDYOLMİLLA,Gri Oversize Geniş Kesim Uzun Kaşe Kaban TWOAW24KB00002,503.99,27,/trendyolmilla/gri-oversize-genis-kesim-uzun-kase-kaban-twoaw24kb00002-p-664347046,Kaban
59,688470980,TRENDYOLMİLLA,Antrasit Kuşaklı Vatkalı Uzun Yünlü Kaşe Kaban TWOAW24KB00067,959.99,58,/trendyolmilla/antrasit-kusakli-vatkali-uzun-yunlu-kase-kaban-twoaw24kb00067-p-688470980,Kaban
60,734446128,TRENDYOLMİLLA,Siyah Yuvarlak Yaka Detaylı Tüvit Ceket Kaban TWOAW24KB00177,458.99,26,/trendyolmilla/siyah-yuvarlak-yaka-detayli-tuvit-ceket-kaban-twoaw24kb00177-p-734446128,Kaban
61,776870393,TRENDYOLMİLLA,Ekru Nakış Detaylı Uzun Kaban TWOAW24KB00222,413.99,5,/trendyolmilla/ekru-nakis-detayli-uzun-kaban-twoaw24kb00222-p-776870393,Kaban
62,675142398,TRENDYOLMİLLA,Camel Uzun Buklet Kaban TWOAW24KB00007,404.99,29,/trendyolmilla/camel-uzun-buklet-kaban-twoaw24kb00007-p-675142398,Kaban
63,814603421,TRENDYOLMİLLA,Taş Cep Detaylı Regular Kısa Kaban TWOAW25KB00007,1079.99,0,/trendyolmilla/tas-cep-detayli-regular-kisa-kaban-twoaw25kb00007-p-814603421,Kaban
64,814572512,TRENDYOLMİLLA,Siyah Cep Detaylı Regular Kısa Kaban TWOAW25KB00007,1079.99,0,/trendyolmilla/siyah-cep-detayli-regular-kisa-kaban-twoaw25kb00007-p-814572512,Kaban
65,670411887,TRENDYOLMİLLA,Haki Kuşaklı Uzun Yünlü Kaşe Kaban TWOAW20KB0033,999.99,50,/trendyolmilla/haki-kusakli-uzun-yunlu-kase-kaban-twoaw20kb0033-p-670411887,Kaban
66,652675249,TRENDYOLMİLLA,Taş Fitted Yünlü Kısa Kaşe Kaban TWOAW24KB00018,779.99,61,/trendyolmilla/tas-fitted-yunlu-kisa-kase-kaban-twoaw24kb00018-p-652675249,Kaban
67,822932092,TRENDYOLMİLLA,Siyah Oversize Yünlü Geniş Kesim Kazayağı Kaban TWOAW25KB00015,909.99,0,/trendyolmilla/siyah-oversize-yunlu-genis-kesim-kazayagi-kaban-twoaw25kb00015-p-822932092,Kaban
68,652675611,TRENDYOLMİLLA,Taş Fitted Uzun Yünlü Kaşe Kaban TWOAW24KB00019,889.99,47,/trendyolmilla/tas-fitted-uzun-yunlu-kase-kaban-twoaw24kb00019-p-652675611,Kaban
69,717598372,TRENDYOLMİLLA,Antrasit Kuşaklı Uzun Kaşe Kaban TWOAW24KB00121,619.99,48,/trendyolmilla/antrasit-kusakli-uzun-kase-kaban-twoaw24kb00121-p-717598372,Kaban
70,666580339,TRENDYOLMİLLA,Gri Kuşaklı Uzun Yünlü Kaşe Kaban TWOAW24KB00054,559.99,13,/trendyolmilla/gri-kusakli-uzun-yunlu-kase-kaban-twoaw24kb00054-p-666580339,Kaban
71,696197926,TRENDYOLMİLLA,Bej Premium Kürk Yaka Detaylı Gold Düğmeli Kaşe Kaban TWOAW24KB00100,476.99,35,/trendyolmilla/bej-premium-kurk-yaka-detayli-gold-dugmeli-kase-kaban-twoaw24kb00100-p-696197926,Kaban
72,652837713,TRENDYOLMİLLA,Siyah Kuşaklı Gold Düğme Detaylı Kaşe Kaban TWOAW24KB00006,859.99,640,/trendyolmilla/siyah-kusakli-gold-dugme-detayli-kase-kaban-twoaw24kb00006-p-652837713,Kaban
73,8630999,TRENDYOLMİLLA,Siyah Fitted Kuşaklı Yünlü Kaşe Kaban TWOAW20KB0032,739.99,661,/trendyolmilla/siyah-fitted-kusakli-yunlu-kase-kaban-twoaw20kb0032-p-8630999,Kaban
74,650145377,TRENDYOLMİLLA,Lacivert Oversize Geniş Kesim Uzun Yünlü Kaşe Kaban TWOAW21KB0038,889.99,103,/trendyolmilla/lacivert-oversize-genis-kesim-uzun-yunlu-kase-kaban-twoaw21kb0038-p-650145377,Kaban
75,691713905,TRENDYOLMİLLA,Gri Kuşaklı Kruvaze Kapamalı Midi Kaşe Kaban TWOAW24KB00085,494.99,22,/trendyolmilla/gri-kusakli-kruvaze-kapamali-midi-kase-kaban-twoaw24kb00085-p-691713905,Kaban
76,133168651,TRENDYOLMİLLA,Siyah Yünlü Kaşe Kaban TWOAW21KB0017,789.99,1407,/trendyolmilla/siyah-yunlu-kase-kaban-twoaw21kb0017-p-133168651,Kaban
77,47896191,TRENDYOLMİLLA,Siyah Kuşaklı Yünlü Kısa Kaşe Kaban TWOAW21KB0032,629.99,2571,/trendyolmilla/siyah-kusakli-yunlu-kisa-kase-kaban-twoaw21kb0032-p-47896191,Kaban
78,814604923,TRENDYOLMİLLA,Kırmızı Cep Detaylı Yünlü Regular Kaban TWOAW25KB00014,1569.99,0,/trendyolmilla/kirmizi-cep-detayli-yunlu-regular-kaban-twoaw25kb00014-p-814604923,Kaban
79,807701736,TRENDYOLMİLLA,Haki Fitted Kuşaklı Gold Düğmeli Uzun Yünlü Kaşe Kaban TWOAW23KB00018,909.99,3,/trendyolmilla/haki-fitted-kusakli-gold-dugmeli-uzun-yunlu-kase-kaban-twoaw23kb00018-p-807701736,Kaban
80,678330888,TRENDYOLMİLLA,Vizon Geniş Kesim Crop Kaşe Kaban TWOAW24KB00026,929.99,114,/trendyolmilla/vizon-genis-kesim-crop-kase-kaban-twoaw24kb00026-p-678330888,Kaban
81,251053413,TRENDYOLMİLLA,Koyu Kahverengi Oversize Geniş Kesim Kemerli Uzun Yünlü Kaşe Kaban TWOAW22KB0015,1239.99,403,/trendyolmilla/koyu-kahverengi-oversize-genis-kesim-kemerli-uzun-yunlu-kase-kaban-twoaw22kb0015-p-251053413,Kaban
82,818184490,TRENDYOLMİLLA,Lacivert İçi Triko Detaylı Oversize Yünlü Kaban TWOAW25KB00021,1449.99,0,/trendyolmilla/lacivert-ici-triko-detayli-oversize-yunlu-kaban-twoaw25kb00021-p-818184490,Kaban
83,43338521,TRENDYOLMİLLA,Siyah Toka Detaylı Kuşaklı Regular Kaban TWOAW20KB0029,1099.99,1742,/trendyolmilla/siyah-toka-detayli-kusakli-regular-kaban-twoaw20kb0029-p-43338521,Kaban
84,807701476,TRENDYOLMİLLA,Saks Geniş Kesim Crop Kaşe Kaban TWOAW24KB00026,929.99,0,/trendyolmilla/saks-genis-kesim-crop-kase-kaban-twoaw24kb00026-p-807701476,Kaban
85,333545665,TRENDYOLMİLLA,Saks Oversize Geniş Kesim Uzun Yünlü Kaşe Kaban TWOAW21KB0038,1049.99,482,/trendyolmilla/saks-oversize-genis-kesim-uzun-yunlu-kase-kaban-twoaw21kb0038-p-333545665,Kaban
86,799839176,TRENDYOLMİLLA,Ekru Oversize Geniş Kesim Peluş Kaban TWOSS24KB00005,759.99,11,/trendyolmilla/ekru-oversize-genis-kesim-pelus-kaban-twoss24kb00005-p-799839176,Kaban
87,372134163,TRENDYOLMİLLA,Haki Oversize Geniş Kesim Uzun Yünlü Kaşe Kaban TWOAW21KB0038,1029.99,478,/trendyolmilla/haki-oversize-genis-kesim-uzun-yunlu-kase-kaban-twoaw21kb0038-p-372134163,Kaban
88,814579568,TRENDYOLMİLLA,Kırmızı Oversize Geniş Kesim Uzun Yünlü Kaşe Kaban TWOAW21KB0038,1109.99,0,/trendyolmilla/kirmizi-oversize-genis-kesim-uzun-yunlu-kase-kaban-twoaw21kb0038-p-814579568,Kaban
89,814571362,TRENDYOLMİLLA,Ekru Düğme Detaylı Regular Yünlü Midi Kaban TWOAW25KB00017,1079.99,0,/trendyolmilla/ekru-dugme-detayli-regular-yunlu-midi-kaban-twoaw25kb00017-p-814571362,Kaban
90,652837711,TRENDYOLMİLLA,Camel Kuşaklı Gold Düğme Detaylı Kaşe Kaban TWOAW24KB00006,959.99,135,/trendyolmilla/camel-kusakli-gold-dugme-detayli-kase-kaban-twoaw24kb00006-p-652837711,Kaban
91,819973062,TRENDYOLMİLLA,Taş Kapamasız Astarsız Örme Kaşe Kaban TWOAW25KB00037,949.99,0,/trendyolmilla/tas-kapamasiz-astarsiz-orme-kase-kaban-twoaw25kb00037-p-819973062,Kaban
92,818381773,TRENDYOLMİLLA,Siyah Düğme Detaylı Yırtmaçlı Oversize Kaban TWOAW25KB00027,1279.99,0,/trendyolmilla/siyah-dugme-detayli-yirtmacli-oversize-kaban-twoaw25kb00027-p-818381773,Kaban
93,818185326,TRENDYOLMİLLA,Gri Yünlü Yumuşak Dokulu Bele Oturan Kaban TWOAW25KB00025,1339.99,0,/trendyolmilla/gri-yunlu-yumusak-dokulu-bele-oturan-kaban-twoaw25kb00025-p-818185326,Kaban
94,814574383,TRENDYOLMİLLA,Ekru Kruvaze Kapamalı Oversize Peluş Kaban TWOAW25KB00013,1529.99,0,/trendyolmilla/ekru-kruvaze-kapamali-oversize-pelus-kaban-twoaw25kb00013-p-814574383,Kaban
95,814572066,TRENDYOLMİLLA,Bordo Asimetrik Kapamalı Oversize Kaban TWOAW25KB00009,1319.99,0,/trendyolmilla/bordo-asimetrik-kapamali-oversize-kaban-twoaw25kb00009-p-814572066,Kaban
96,734441228,TRENDYOLMİLLA,Ekru Oversize Geniş Kesim Kuşaklı Balon Kol Detaylı Uzun Kaşe Kaban TWOAW24KB00173,1219.99,61,/trendyolmilla/ekru-oversize-genis-kesim-kusakli-balon-kol-detayli-uzun-kase-kaban-twoaw24kb00173-p-734441228,Kaban
97,808016781,TRENDYOLMİLLA,Taş Oversize Geniş Kesim Kemerli Uzun Yünlü Kaşe Kaban TWOAW22KB0015,1199.99,0,/trendyolmilla/tas-oversize-genis-kesim-kemerli-uzun-yunlu-kase-kaban-twoaw22kb0015-p-808016781,Kaban
98,818380760,TRENDYOLMİLLA,Siyah Çizgili Regular Kaban TWOAW25KB00026,1189.99,0,/trendyolmilla/siyah-cizgili-regular-kaban-twoaw25kb00026-p-818380760,Kaban
99,814571395,TRENDYOLMİLLA,Lacivert Düğme Detaylı Regular Yünlü Midi Kaban TWOAW25KB00017,1079.99,0,/trendyolmilla/lacivert-dugme-detayli-regular-yunlu-midi-kaban-twoaw25kb00017-p-814571395,Kaban
100,808017626,TRENDYOLMİLLA,Antrasit Kuşaklı Uzun Yünlü Kaşe Kaban TWOAW20KB0033,1069.99,0,/trendyolmilla/antrasit-kusakli-uzun-yunlu-kase-kaban-twoaw20kb0033-p-808017626,Kaban
101,683441192,TRENDYOLMİLLA,Ekru Midi Buklet Kaban TWOAW24KB00089,639.99,189,/trendyolmilla/ekru-midi-buklet-kaban-twoaw24kb00089-p-683441192,Kaban
102,808017045,TRENDYOLMİLLA,Lacivert Yünlü Kaşe Kaban TWOAW21KB0017,1009.99,0,/trendyolmilla/lacivert-yunlu-kase-kaban-twoaw21kb0017-p-808017045,Kaban
103,819973057,TRENDYOLMİLLA,Siyah Kapamasız Astarsız Örme Kaşe Kaban TWOAW25KB00037,949.99,0,/trendyolmilla/siyah-kapamasiz-astarsiz-orme-kase-kaban-twoaw25kb00037-p-819973057,Kaban
104,652838298,TRENDYOLMİLLA,Gri Uzun Buklet Kaban TWOAW24KB00007,579.99,39,/trendyolmilla/gri-uzun-buklet-kaban-twoaw24kb00007-p-652838298,Kaban
105,814570879,TRENDYOLMİLLA,Vizon Kruvaze Regular Yünlü Midi Kaban TWOAW25KB00016,919.99,0,/trendyolmilla/vizon-kruvaze-regular-yunlu-midi-kaban-twoaw25kb00016-p-814570879,Kaban
106,814570407,TRENDYOLMİLLA,Siyah Kruvaze Regular Yünlü Midi Kaban TWOAW25KB00016,919.99,0,/trendyolmilla/siyah-kruvaze-regular-yunlu-midi-kaban-twoaw25kb00016-p-814570407,Kaban
107,320103864,TRENDYOLMİLLA,Vizon Fitted Kuşaklı Gold Düğmeli Uzun Yünlü Kaşe Kaban TWOAW23KB00018,849.99,175,/trendyolmilla/vizon-fitted-kusakli-gold-dugmeli-uzun-yunlu-kase-kaban-twoaw23kb00018-p-320103864,Kaban
108,676160816,TRENDYOL MODEST,Açık Bej Kuşaklı Uzun Astarlı Kaşe Kaban TCTAW24AB00035,879.99,172,/trendyol-modest/acik-bej-kusakli-uzun-astarli-kase-kaban-tctaw24ab00035-p-676160816,Kaban
109,660428827,TRENDYOLMİLLA,Taş Fitted Kuşaklı Gold Düğmeli Uzun Yünlü Kaşe Kaban TWOAW24KB00022,839.99,172,/trendyolmilla/tas-fitted-kusakli-gold-dugmeli-uzun-yunlu-kase-kaban-twoaw24kb00022-p-660428827,Kaban
110,656818665,TRENDYOLMİLLA,Camel Oversize Geniş Kesim Standart Beden Kapüşonlu Kuşaklı Uzun Kaşe Kaban TWOAW24KB00017,749.99,62,/trendyolmilla/camel-oversize-genis-kesim-standart-beden-kapusonlu-kusakli-uzun-kase-kaban-twoaw24kb00017-p-656818665,Kaban
111,683441211,TRENDYOLMİLLA,Siyah Midi Buklet Kaban TWOAW24KB00089,659.99,96,/trendyolmilla/siyah-midi-buklet-kaban-twoaw24kb00089-p-683441211,Kaban
112,655289006,TRENDYOLMİLLA,Lacivert Gold Düğme Detaylı Yünlü Kaşe Ceket Kaban TWOAW24KB00004,429.99,17,/trendyolmilla/lacivert-gold-dugme-detayli-yunlu-kase-ceket-kaban-twoaw24kb00004-p-655289006,Kaban
113,808017213,TRENDYOLMİLLA,Gri Toka Detaylı Kuşaklı Regular Kaban TWOAW20KB0029,1149.99,0,/trendyolmilla/gri-toka-detayli-kusakli-regular-kaban-twoaw20kb0029-p-808017213,Kaban
114,251053415,TRENDYOLMİLLA,Antrasit Oversize Geniş Kesim Kemerli Uzun Yünlü Kaşe Kaban TWOAW22KB0015,1169.99,1001,/trendyolmilla/antrasit-oversize-genis-kesim-kemerli-uzun-yunlu-kase-kaban-twoaw22kb0015-p-251053415,Kaban
115,136660042,TRENDYOLMİLLA,Gri Oversize Geniş Kesim Kemerli Uzun Yünlü Kaşe Kaban TWOAW22KB0015,1039.99,1256,/trendyolmilla/gri-oversize-genis-kesim-kemerli-uzun-yunlu-kase-kaban-twoaw22kb0015-p-136660042,Kaban
116,717282447,TRENDYOLMİLLA,Ekru Kemerli Uzun Kaşe Kaban TWOAW24KB00151,709.99,23,/trendyolmilla/ekru-kemerli-uzun-kase-kaban-twoaw24kb00151-p-717282447,Kaban
117,273391471,TRENDYOLMİLLA,Antrasit Uzun Yünlü Oversize Kaşe Kaban TWOAW23KB00168,1069.99,936,/trendyolmilla/antrasit-uzun-yunlu-oversize-kase-kaban-twoaw23kb00168-p-273391471,Kaban
118,819979685,TRENDYOLMİLLA,Gri Yaka Detaylı Oversize Yünlü Kaban TWOAW25KB00038,1559.99,1,/trendyolmilla/gri-yaka-detayli-oversize-yunlu-kaban-twoaw25kb00038-p-819979685,Kaban
119,734441673,TRENDYOLMİLLA,Kahverengi Oversize Geniş Kesim Kuşaklı Uzun Kaşe Kaban TWOAW24KB00175,657.99,34,/trendyolmilla/kahverengi-oversize-genis-kesim-kusakli-uzun-kase-kaban-twoaw24kb00175-p-734441673,Kaban
120,650451661,TRENDYOLMİLLA,Mavi Uzun Regular Kaşe Kaban TWOAW24KB00013,656.99,87,/trendyolmilla/mavi-uzun-regular-kase-kaban-twoaw24kb00013-p-650451661,Kaban
121,650451665,TRENDYOLMİLLA,Vizon Uzun Regular Kaşe Kaban TWOAW24KB00013,575.99,71,/trendyolmilla/vizon-uzun-regular-kase-kaban-twoaw24kb00013-p-650451665,Kaban
122,692063785,TRENDYOLMİLLA,Camel Balıksırtı Desenli Oversize Geniş Kesim Uzun Kaşe Kaban TWOAW24KB00092,512.99,33,/trendyolmilla/camel-baliksirti-desenli-oversize-genis-kesim-uzun-kase-kaban-twoaw24kb00092-p-692063785,Kaban
123,681217460,TRENDYOLMİLLA,Siyah Oversize Geniş Kesim Kuşaklı Buklet Kaban TWOAW24KB00057,494.99,61,/trendyolmilla/siyah-oversize-genis-kesim-kusakli-buklet-kaban-twoaw24kb00057-p-681217460,Kaban
124,717277055,TRENDYOLMİLLA,Antrasit Oversize Geniş Kesim Şal Yaka Kaşe Kaban TWOAW24KB00143,440.99,39,/trendyolmilla/antrasit-oversize-genis-kesim-sal-yaka-kase-kaban-twoaw24kb00143-p-717277055,Kaban
125,46757886,TRENDYOLMİLLA,Taş Yünlü Kaşe Kaban TWOAW21KB0017,899.99,1984,/trendyolmilla/tas-yunlu-kase-kaban-twoaw21kb0017-p-46757886,Kaban
126,316616763,TRENDYOLMİLLA,Vizon Oversize Geniş Kesim Uzun Yünlü Kaşe Kaban TWOAW21KB0038,1019.99,1507,/trendyolmilla/vizon-oversize-genis-kesim-uzun-yunlu-kase-kaban-twoaw21kb0038-p-316616763,Kaban
127,819979681,TRENDYOLMİLLA,Siyah Yaka Detaylı Oversize Yünlü Kaban TWOAW25KB00038,1559.99,0,/trendyolmilla/siyah-yaka-detayli-oversize-yunlu-kaban-twoaw25kb00038-p-819979681,Kaban
128,814605962,TRENDYOLMİLLA,Antrasit Dikiş Detaylı Oversize Kaban TWOAW25KB00018,1429.99,0,/trendyolmilla/antrasit-dikis-detayli-oversize-kaban-twoaw25kb00018-p-814605962,Kaban
129,814604013,TRENDYOLMİLLA,Bebe Mavisi Oversize Geniş Kesim Peluş Kaban TWOAW25KB00012,1429.99,0,/trendyolmilla/bebe-mavisi-oversize-genis-kesim-pelus-kaban-twoaw25kb00012-p-814604013,Kaban
130,819519259,TRENDYOLMİLLA,Siyah Aksesuar Detaylı Vatkalı Oversize Kuşaklı Yünlü Kaban TWOAW25KB00033,1259.99,0,/trendyolmilla/siyah-aksesuar-detayli-vatkali-oversize-kusakli-yunlu-kaban-twoaw25kb00033-p-819519259,Kaban
131,778813468,TRENDYOLMİLLA,Siyah Nakış Detaylı Uzun Kaban TWOAW24KB00222,569.99,39,/trendyolmilla/siyah-nakis-detayli-uzun-kaban-twoaw24kb00222-p-778813468,Kaban
132,129302199,TRENDYOLMİLLA,Vizon Oversize Geniş Kesim Kemerli Uzun Yünlü Kaşe Kaban TWOAW22KB0015,1129.99,2226,/trendyolmilla/vizon-oversize-genis-kesim-kemerli-uzun-yunlu-kase-kaban-twoaw22kb0015-p-129302199,Kaban
133,721922784,TRENDYOLMİLLA,Bej Oversize Geniş Kesim Kaşe Kaban TWOAW24KB00132,582.99,59,/trendyolmilla/bej-oversize-genis-kesim-kase-kaban-twoaw24kb00132-p-721922784,Kaban
134,243930499,TRENDYOLMİLLA,Siyah Düğme Kapamalı Kaşe Kaban TWOAW23KB00029,609.99,425,/trendyolmilla/siyah-dugme-kapamali-kase-kaban-twoaw23kb00029-p-243930499,Kaban
135,243933955,TRENDYOLMİLLA,Vizon Oversize Geniş Kesim Kaşe Kaban TWOAW23KB00056,629.99,309,/trendyolmilla/vizon-oversize-genis-kesim-kase-kaban-twoaw23kb00056-p-243933955,Kaban
136,650145376,TRENDYOLMİLLA,Mavi Oversize Geniş Kesim Uzun Yünlü Kaşe Kaban TWOAW21KB0038,1079.99,162,/trendyolmilla/mavi-oversize-genis-kesim-uzun-yunlu-kase-kaban-twoaw21kb0038-p-650145376,Kaban
137,243927073,TRENDYOLMİLLA,Siyah Kuşaklı Geniş Kesim Oversize Bağlama Detaylı Kaşe Kaban TWOAW23KB00034,349.99,223,/trendyolmilla/siyah-kusakli-genis-kesim-oversize-baglama-detayli-kase-kaban-twoaw23kb00034-p-243927073,Kaban
138,828046951,TRENDYOLMİLLA,Vizon Yaka Detaylı Kısa Oversize Kaşe Kaban TWOAW25KB00049,1259.99,0,/trendyolmilla/vizon-yaka-detayli-kisa-oversize-kase-kaban-twoaw25kb00049-p-828046951,Kaban
139,818381770,TRENDYOLMİLLA,Ekru Düğme Detaylı Yırtmaçlı Oversize Kaban TWOAW25KB00027,1279.99,0,/trendyolmilla/ekru-dugme-detayli-yirtmacli-oversize-kaban-twoaw25kb00027-p-818381770,Kaban
140,814605640,TRENDYOLMİLLA,Taş Dikiş Detaylı Oversize Kaban TWOAW25KB00018,1399.99,0,/trendyolmilla/tas-dikis-detayli-oversize-kaban-twoaw25kb00018-p-814605640,Kaban
141,798080168,TRENDYOLMİLLA,Kahverengi Triko Şallı Kaban TWOSS24KB00004,899.99,0,/trendyolmilla/kahverengi-triko-salli-kaban-twoss24kb00004-p-798080168,Kaban
142,745134711,TRENDYOLMİLLA,Antrasit Oversize Midi Kaban TWOAW24KB00204,1149.99,98,/trendyolmilla/antrasit-oversize-midi-kaban-twoaw24kb00204-p-745134711,Kaban
143,717274131,TRENDYOLMİLLA,Mint Oversize Geniş Kesim Kaşe Kaban TWOAW24KB00142,579.99,32,/trendyolmilla/mint-oversize-genis-kesim-kase-kaban-twoaw24kb00142-p-717274131,Kaban
144,696122347,TRENDYOLMİLLA,Siyah Mono Kapamalı Yünlü Kaşe Kaban TWOAW24KB00084,639.99,74,/trendyolmilla/siyah-mono-kapamali-yunlu-kase-kaban-twoaw24kb00084-p-696122347,Kaban
145,692092480,TRENDYOLMİLLA,Ekru Oversize Geniş Kesim Uzun Kaşe Kaban TWOAW24KB00099,949.99,45,/trendyolmilla/ekru-oversize-genis-kesim-uzun-kase-kaban-twoaw24kb00099-p-692092480,Kaban
146,333545669,TRENDYOLMİLLA,Fuşya Oversize Geniş Kesim Uzun Yünlü Kaşe Kaban TWOAW21KB0038,1059.99,168,/trendyolmilla/fusya-oversize-genis-kesim-uzun-yunlu-kase-kaban-twoaw21kb0038-p-333545669,Kaban
147,273350717,TRENDYOLMİLLA,Siyah Balıksırtı Desenli Uzun Kaşe Kaban TWOAW23KB00149,1019.99,453,/trendyolmilla/siyah-baliksirti-desenli-uzun-kase-kaban-twoaw23kb00149-p-273350717,Kaban
148,273350700,TRENDYOLMİLLA,Kahverengi Balıksırtı Desenli Uzun Kaşe Kaban TWOAW23KB00149,989.99,141,/trendyolmilla/kahverengi-baliksirti-desenli-uzun-kase-kaban-twoaw23kb00149-p-273350700,Kaban
149,243935308,TRENDYOLMİLLA,Siyah Fitted Kuşaklı Gold Düğmeli Uzun Yünlü Kaşe Kaban TWOAW23KB00018,829.99,742,/trendyolmilla/siyah-fitted-kusakli-gold-dugmeli-uzun-yunlu-kase-kaban-twoaw23kb00018-p-243935308,Kaban
150,129302208,TRENDYOLMİLLA,Siyah Oversize Geniş Kesim Kemerli Uzun Yünlü Kaşe Kaban TWOAW22KB0015,1109.99,10257,/trendyolmilla/siyah-oversize-genis-kesim-kemerli-uzun-yunlu-kase-kaban-twoaw22kb0015-p-129302208,Kaban
