,ID,FAVORITE_COUNT,RATING_DETAIL,DELIVERY_DATE,PROFF_LINK,Materyal,Kalıp,Kap,Renk,Paket İçeriği,Ürün Detayı,Desen,Ürün Tipi,Koleksiyon,Kumaş Tipi,Parça Sayısı,Dokuma Tipi,Persona,Ek Özellik,Sürdürülebilirlik Detayı,Siluet,Pad Detayı,Ortam,Üst Siluet,Yaş,Kol Boyu,Materyal Bileşeni,Yaka Tipi,Teknik
0,299446372,24846,4.6,,/trendyolmilla/siyah-seamless-dikissiz-ip-askili-kapsiz-bralette-orme-sutyen-thmaw23su00140-p-299446372/yorumlar,Poliamid Karışımlı,Balensiz,Kapsız,Siyah,Tekli,Balen,Düz,Düz,İç Giyim,Örme,1,Seamless,Cool & Comfort,Seamless,Hayır,Bralette,Çıkarılabilir,Lounge/Home,Bralette,Tüm Yaş Grupları,Askılı,"79% Poliamid, ,21% Elastan",,
1,123632526,224061,4.4,,/trendyolmilla/siyah-ten-2-li-paket-ip-askili-dolgusuz-butun-kap-balkonet-orme-sutyen-thmss21su0141-p-123632526/yorumlar,Poliamid Karışımlı,Balenli,Sabit Kap,Siyah,2'li,Balen,Düz,Düz,,Örme,,Micro,Cool & Comfort,,Hayır,,Çıkarılamaz,Lounge/Home,Balconette,Tüm Yaş Grupları,Askılı,"86% Poliamid, ,14% Elastan",Straplez,
2,771940985,8149,4.2,,/trendyolmilla/beyaz-ten-2-li-paket-ip-askili-dolgusuz-butun-kap-balkonet-orme-sutyen-thmss21su0141-p-771940985/yorumlar,Poliamid Karışımlı,Balenli,Sabit Kap,Çok Renkli,2'li,Balen,Düz,Düz,,Örme,,Micro,Cool & Comfort,,Hayır,,Çıkarılamaz,Lounge/Home,Balconette,Tüm Yaş Grupları,Askılı,"86% Poliamid, ,14% Elastan",Straplez,
3,302029982,125594,4.5,,/trendyolmilla/siyah-seamless-dikissiz-ip-askili-sirt-detayli-bralette-orme-sutyen-thmaw23su00130-p-302029982/yorumlar,Poliamid Karışımlı,Balensiz,Kapsız,Siyah,Tekli,Balen,Düz,Düz,,Örme,,Seamless,Fashion Forward,,Hayır,Bralette,,Lounge/Home,Bralette,,Askılı,"80% Poliamid, ,20% Elastan",,
4,165722476,315919,4.5,,/trendyolmilla/siyah-seamless-dikissiz-ip-askili-kapli-bralette-orme-sutyen-thmaw22su0043-p-165722476/yorumlar,Poliamid Karışımlı,Balensiz,Sabit Kap,Siyah,Tekli,Balen,Düz,Düz,,Örme,1,Seamless,Cool & Comfort,,Hayır,Bralette,Çıkarılamaz,Lounge/Home,Bralette,Tüm Yaş Grupları,Askılı,"92% Poliamid, ,8% Elastan",V Yaka,
5,276387841,217873,4.5,,/trendyolmilla/koyu-ten-seamless-dikissiz-ip-askili-kapli-bralette-orme-sutyen-thmaw22su0043-p-276387841/yorumlar,Poliamid Karışımlı,Balensiz,Sabit Kap,Ekru,Tekli,Balen,Düz,Düz,,Örme,1,Seamless,Cool & Comfort,,Hayır,Bralette,Çıkarılamaz,Lounge/Home,Bralette,Tüm Yaş Grupları,Askılı,"92% Poliamid, ,8% Elastan",V Yaka,
6,785155016,26929,4.3,,/trendyolmilla/siyah-beyaz-2-li-paket-dantel-ip-askili-kapli-bralette-orme-sutyen-thmss24su00016-p-785155016/yorumlar,,Balensiz,Dikme Kap,Çok Renkli,2'li,Balen,Ajurlu,Düz,,Örme,,Dantel,Feminine,,Hayır,,,Lounge/Home,Bralette,Tüm Yaş Grupları,Askılı,"89% Poliamid, ,11% Elastan",,
7,49422267,120568,4.5,,/trendyolmilla/ten-ip-askili-ekstra-push-up-tshirt-bra-orme-sutyen-thmaw21su0058-p-49422267/yorumlar,Poliamid Karışımlı,Balenli,Push Up,Bej,Tekli,,Düz,Düz,,Örme,,Micro,Cool & Comfort,Push up,Hayır,,,Lounge/Home,Büstiyer,Tüm Yaş Grupları,Askılı,"86% Poliamid, ,14% Elastan",,
8,831823833,1300,5.0,,/trendyolmilla/tas-seamless-dikissiz-ip-askili-sirt-detayli-bralette-orme-sutyen-thmaw23su00130-p-831823833/yorumlar,Poliamid Karışımlı,Balensiz,Kapsız,Gri,Tekli,Balen,Düz,Düz,,Örme,,Seamless,Fashion Forward,,Hayır,Bralette,,Lounge/Home,Bralette,,Askılı,"80% Poliamid, ,20% Elastan",,
9,161166490,342346,4.5,,/trendyolmilla/beyaz-seamless-dikissiz-ip-askili-kapli-bralette-orme-sutyen-thmaw22su0043-p-161166490/yorumlar,Poliamid Karışımlı,Balensiz,Sabit Kap,Beyaz,Tekli,Balen,Düz,Düz,,Örme,1,Seamless,Cool & Comfort,,Hayır,Bralette,Çıkarılamaz,Lounge/Home,Bralette,Tüm Yaş Grupları,Askılı,"92% Poliamid, ,8% Elastan",V Yaka,
10,788428620,24838,3.7,,/trendyolmilla/premium-siyah-poliamid-4-farkli-kullanimli-ip-askili-kapli-dekolte-orme-sutyen-thmss24su00022-p-788428620/yorumlar,,Balenli,Sabit Kap,Siyah,Tekli,Balen,Düz,Düz,,Örme,,Micro,Cool & Comfort,,Hayır,,,Lounge/Home,T-Shirt Bra,,Askılı,"95% Poliamid, ,5% Elastan",,
11,788940744,80953,4.4,,/trendyolmilla/siyah-dantel-ip-askili-demi-kapli-orme-sutyen-thmss24su00030-p-788940744/yorumlar,,Balenli,Sabit Kap,Siyah,Tekli,Balen,Ajurlu,Düz,,Örme,,Dantel,Fashion Forward,,Hayır,,,Lounge/Home,T-Shirt Bra,Tüm Yaş Grupları,Askılı,"90% Poliamid, ,10% Elastan",,
12,195225129,94287,4.5,,/trendyolmilla/beyaz-seamless-dikissiz-bralette-orme-sutyen-thmaw22su0027-p-195225129/yorumlar,Poliamid Karışımlı,Balensiz,Kapsız,Beyaz,Tekli,Balen,Düz,Düz,,Örme,,Seamless,Cool & Comfort,,Hayır,Bralette,,Lounge/Home,Bralette,Tüm Yaş Grupları,,"80% Poliamid, ,20% Elastan",,
13,282347084,117462,4.6,,/trendyolmilla/gri-seamless-dikissiz-ip-askili-kapli-bralette-orme-sutyen-thmaw22su0043-p-282347084/yorumlar,Poliamid Karışımlı,Balensiz,Sabit Kap,Gri,Tekli,Balen,Düz,Düz,,Örme,1,Seamless,Cool & Comfort,,Hayır,Bralette,Çıkarılamaz,Lounge/Home,Bralette,Tüm Yaş Grupları,Askılı,"92% Poliamid, ,8% Elastan",V Yaka,
14,746154570,24099,4.2,,/trendyolmilla/x-sagaza-studio-x-sagaza-studio-siyah-seamless-dikissiz-kapsiz-wire-bra-sutyen-tclaw24su00001-p-746154570/yorumlar,,Bralet,Kapsız,Siyah,Tekli,,Düz,Düz,,Dokuma,,Seamless,Fashion Forward,Seamless,Hayır,,,Lounge/Home,Wire,Tüm Yaş Grupları,Askılı,"94% Poliamid, 6% Elastan",,
15,195228940,97777,4.7,,/trendyolmilla/gri-seamless-dikissiz-ip-askili-kapsiz-bralette-orme-sutyen-thmaw22su0030-p-195228940/yorumlar,Poliamid Karışımlı,Balensiz,Kapsız,Gri,Tekli,Balen,Düz,Düz,,Örme,,Seamless,Cool & Comfort,,,Bralette,Padsiz,Lounge/Home,Bralette,Tüm Yaş Grupları,Askılı,"80% Poliamid, ,20% Elastan",V Yaka,
16,781878096,16764,4.1,,/trendyolmilla/ten-micro-ip-askili-kapli-orme-sutyen-thmss24su00008-p-781878096/yorumlar,,Balensiz,Sabit Kap,Bej,Tekli,Balen,Düz,Düz,,Örme,,Micro,Cool & Comfort,,Hayır,,,Lounge/Home,T-Shirt Bra,Tüm Yaş Grupları,Askılı,"95% Poliamid,5% Elastan",,
17,806598706,41554,4.1,,/trendyolmilla/siyah-dantel-tul-detayli-ip-askili-kapsiz-t-shirt-bra-orme-sutyen-thmss24su00058-p-806598706/yorumlar,,Balenli,Kapsız,Siyah,Tekli,Balen,Ajurlu,Düz,,Örme,,Dantel,Fashion Forward,,Hayır,,,Lounge/Home,T-Shirt Bra,Tüm Yaş Grupları,Askılı,"92% Poliamid, ,8% Elastan",,
18,49422268,116765,4.5,,/trendyolmilla/siyah-ip-askili-ekstra-push-up-tshirt-bra-orme-sutyen-thmaw21su0058-p-49422268/yorumlar,Poliamid Karışımlı,Balenli,Push Up,Siyah,Tekli,,Düz,Düz,,Örme,,Micro,Cool & Comfort,Push up,Hayır,,,Lounge/Home,Büstiyer,Tüm Yaş Grupları,Askılı,"86% Poliamid, ,14% Elastan",,
19,831949817,4378,5.0,,/trendyolmilla/siyah-beyaz-2-li-paket-seamless-dikissiz-balensiz-kapli-bustiyer-orme-sutyen-thmaw25su00003-p-831949817/yorumlar,,Balensiz,Atma Kap,Çok Renkli,2'li,,Düz,,,Örme,,Seamless,Cool & Comfort,,,,,Lounge/Home,Büstiyer,,,"90% Poliamid, ,10% Elastan",,
20,115498921,30910,4.4,,/trendyolmilla/ten-ip-askili-ekstra-push-up-tshirt-bra-orme-sutyen-thmaw22su0004-p-115498921/yorumlar,Poliamid Karışımlı,Balenli,Push Up,Bej,Tekli,,Düz,Düz,,Örme,,Micro,Cool & Comfort,Push up,Hayır,,,Lounge/Home,Wire,Tüm Yaş Grupları,Askılı,"86% Poliamid, ,14% Elastan",,
21,792798075,5312,4.7,,/trendyolmilla/siyah-poliamid-dantel-detayli-onden-kapama-ip-askili-kapli-orme-sutyen-thmss24su00041-p-792798075/yorumlar,,Balenli,Sabit Kap,Siyah,Tekli,Balen,Ajurlu,Düz,,Örme,,Dantel,Cool & Comfort,,Hayır,,,Lounge/Home,T-Shirt Bra,Tüm Yaş Grupları,Askılı,"95% Poliamid, ,5% Elastan",,
22,49433550,81407,4.4,,/trendyolmilla/siyah-dolgusuz-butun-kap-cikarilabilir-ip-askili-straplez-orme-sutyen-thmaw21su0060-p-49433550/yorumlar,,Balenli,Sabit Kap,Siyah,Tekli,Balen,Düz,Düz,İç Giyim,Örme,,Micro,Cool & Comfort,Ek Özellik Mevcut Değil,Hayır,Straplez,Çıkarılabilir,Lounge/Home,Straplez,Tüm Yaş Grupları,Askılı,"86% Poliamid, ,14% Elastan",Straplez,
23,781318689,7271,4.3,,/trendyolmilla/pembe-cok-renkli-2-li-paket-tul-ip-askili-baskili-kapsiz-bralette-orme-sutyen-thmss24su00010-p-781318689/yorumlar,,Balensiz,Kapsız,Çok Renkli,2'li,Balen,Baskılı,Baskılı,,Örme,,Mesh,Feminine,,Hayır,,,Lounge/Home,Bralette,Tüm Yaş Grupları,Askılı,"93% Polyester, ,7% Elastan",,
24,773140952,7766,4.0,,/trendyolmilla/ten-seamless-dikissiz-ip-askili-kapli-bralette-orme-sutyen-thmaw22su0043-p-773140952/yorumlar,Poliamid Karışımlı,Balensiz,Sabit Kap,Bej,Tekli,Balen,Düz,Düz,,Örme,1,Seamless,Cool & Comfort,,Hayır,Bralette,Çıkarılamaz,Lounge/Home,Bralette,Tüm Yaş Grupları,Askılı,"92% Poliamid, ,8% Elastan",V Yaka,
25,737073367,25263,4.0,,/trendyolmilla/siyah-micro-dantel-detayli-ip-askili-ekstra-push-up-bustiyer-orme-sutyen-thmaw24su00022-p-737073367/yorumlar,,Balenli,Push Up,Siyah,Tekli,Dantel/Mesh/File,Düz,Düz,,Örme,,Micro,Feminine,Push up,Hayır,,,Lounge/Home,Büstiyer,Tüm Yaş Grupları,Askılı,"92% Polyester, ,8% Elastan",,
26,831904450,1183,4.3,,/trendyolmilla/bordo-seamless-dikissiz-ip-askili-kapsiz-bralette-orme-sutyen-thmaw22su0030-p-831904450/yorumlar,Poliamid Karışımlı,Balensiz,Kapsız,Bordo,Tekli,Balen,Düz,Düz,,Örme,,Seamless,Cool & Comfort,,,Bralette,Padsiz,Lounge/Home,Bralette,Tüm Yaş Grupları,Askılı,"80% Poliamid, ,20% Elastan",V Yaka,
27,137327324,80992,4.6,,/trendyolmilla/tas-seamless-dikissiz-bralette-orme-sutyen-thmaw22su0027-p-137327324/yorumlar,Poliamid Karışımlı,Balensiz,Kapsız,Krem,Tekli,Balen,Düz,Düz,,Örme,,Seamless,Cool & Comfort,,Hayır,Bralette,,Lounge/Home,Bralette,Tüm Yaş Grupları,,"80% Poliamid, ,20% Elastan",,
28,734319782,26277,3.7,,/trendyolmilla/siyah-poliamit-dantel-detayli-ip-askili-kapli-orme-sutyen-thmaw24su00020-p-734319782/yorumlar,,Balenli,Sabit Kap,Siyah,Tekli,Dantel/Mesh/File,Düz,Düz,,Örme,,Micro,Fashion Forward,Ek Özellik Mevcut Değil,Hayır,,,Lounge/Home,T-Shirt Bra,Tüm Yaş Grupları,Askılı,"87% Poliamid, ,13% Elastan",,
29,49422550,78187,4.3,,/trendyolmilla/ten-push-up-butun-kap-cikarilabilir-ip-askili-straplez-orme-sutyen-thmaw21su0059-p-49422550/yorumlar,Poliamid Karışımlı,Balenli,Push Up,Bej,Tekli,Balen,Düz,Düz,,Örme,,Micro,Cool & Comfort,Push up,,,,Lounge/Home,Balconette,Tüm Yaş Grupları,Askılı,"86% Poliamid, ,14% Elastan",,
30,137324994,40587,4.7,,/trendyolmilla/pudra-seamless-dikissiz-kapsiz-bralette-orme-sutyen-thmaw22su0030-p-137324994/yorumlar,Poliamid Karışımlı,Balensiz,Kapsız,Pembe,Tekli,Balen,Düz,Düz,,Örme,,Seamless,Cool & Comfort,,,Bralette,Padsiz,Lounge/Home,Bralette,Tüm Yaş Grupları,Askılı,"80% Poliamid, ,20% Elastan",V Yaka,
31,44127090,24685,4.6,,/trendyolmilla/siyah-seamless-dikissiz-ip-askili-orme-bustiyer-thmaw21bs0002-p-44127090/yorumlar,,Balensiz,Kapsız,Siyah,Tekli,Balen,Düz,,,Örme,,Seamless,Cool & Comfort,,,,,Lounge/Home,Straplez,Tüm Yaş Grupları,Askılı,"90% Poliamid, ,10% Elastan",,Yok
32,812368601,15381,4.4,,/trendyolmilla/siyah-beyaz-2-li-paket-seamless-dikisiz-ip-askili-kapsiz-bralette-orme-sutyen-thmss24su00062-p-812368601/yorumlar,,Balensiz,Kapsız,Çok Renkli,2'li,Balen,Düz,Düz,,Örme,,Seamless,Cool & Comfort,,Hayır,,,Lounge/Home,Bralette,Tüm Yaş Grupları,Askılı,"88% Poliamid, ,12% Elastan",,
33,115498922,30427,4.2,,/trendyolmilla/beyaz-ip-askili-ekstra-push-up-tshirt-bra-orme-sutyen-thmaw22su0004-p-115498922/yorumlar,Poliamid Karışımlı,Balenli,Push Up,Beyaz,Tekli,,Düz,Düz,,Örme,,Micro,Cool & Comfort,Push up,Hayır,,,Lounge/Home,Wire,Tüm Yaş Grupları,Askılı,"86% Poliamid, ,14% Elastan",,
34,806900418,3463,3.6,,/trendyol-curve/kirmizi-telli-micro-dantelli-buyuk-beden-sutyen-tbbss24cw00012-p-806900418/yorumlar,,,Wire Bra,Kırmızı,Tekli,,Düz,Düz,Büyük Beden,Örme,,Micro,Cool & Comfort,,Hayır,,,,Wire,Tüm Yaş Grupları,,"83% Polyester, ,17% Elastan",,Yok
35,411812853,12693,4.5,,/trendyolmilla/beyaz-dantelli-biye-detayli-ip-askili-ucgen-orme-bustiyer-thmaw21su0050-p-411812853/yorumlar,Poliamid Karışımlı,Balensiz,Dikme Kap,Beyaz,Tekli,Dantel/Mesh/File,Ajurlu,Düz,,Örme,1,Dantel,Fashion Forward,,Hayır,Büstiyer,Çıkarılamaz,Lounge/Home,Büstiyer,Tüm Yaş Grupları,Askılı,"89% Poliamid, ,11% Elastan",V Yaka,
36,309280570,20751,4.4,,/trendyolmilla/bordo-dantel-kapsiz-bralette-orme-sutyen-thmaw23su00107-p-309280570/yorumlar,Polyester Karışımlı,Balensiz,Kapsız,Bordo,Tekli,Balen,Ajurlu,Düz,,Örme,1,Dantel,Feminine,,Hayır,Bralette,Padsiz,Lounge/Home,Bralette,Tüm Yaş Grupları,,"86% Polyester, ,14% Elastan",,
37,302029981,28928,4.5,,/trendyolmilla/kirmizi-seamless-dikissiz-ip-askili-sirt-detayli-bralette-orme-sutyen-thmaw23su00130-p-302029981/yorumlar,Poliamid Karışımlı,Balensiz,Kapsız,Kırmızı,Tekli,Balen,Düz,Düz,,Örme,,Seamless,Fashion Forward,,Hayır,Bralette,,Lounge/Home,Bralette,,Askılı,"80% Poliamid, ,20% Elastan",,
38,282348291,50033,4.6,,/trendyolmilla/kirmizi-seamless-dikissiz-ip-askili-kapli-bralette-orme-sutyen-thmaw22su0043-p-282348291/yorumlar,Poliamid Karışımlı,Balensiz,Sabit Kap,Kırmızı,Tekli,Balen,Düz,Düz,,Örme,1,Seamless,Cool & Comfort,,Hayır,Bralette,Çıkarılamaz,Lounge/Home,Bralette,Tüm Yaş Grupları,Askılı,"92% Poliamid, ,8% Elastan",V Yaka,
39,819639969,4226,4.8,,/trendyolmilla/bej-dantel-dokulu-kapsiz-bralette-orme-sutyen-thmss24su00065-p-819639969/yorumlar,,,Kapsız,Bej,Tekli,,Ajurlu,Düz,,Örme,,Dantel,Cool & Comfort,,Hayır,,,,Bralette,Tüm Yaş Grupları,,"87% Poliamid, ,13% Elastan",,
40,195222894,138217,4.4,,/trendyolmilla/beyaz-seamless-dikissiz-kapsiz-bralette-orme-sutyen-thmaw22su0025-p-195222894/yorumlar,Poliamid Karışımlı,Balensiz,Kapsız,Beyaz,Tekli,Balen,Düz,Düz,,Örme,,Seamless,Cool & Comfort,,,Bralette,Padsiz,Lounge/Home,Bralette,Tüm Yaş Grupları,,"95% Poliamid, ,5% Elastan",Bisiklet Yaka,
41,302029980,55208,4.5,,/trendyolmilla/gri-seamless-dikissiz-ip-askili-sirt-detayli-bralette-orme-sutyen-thmaw23su00130-p-302029980/yorumlar,Poliamid Karışımlı,Balensiz,Kapsız,Gri,Tekli,Balen,Düz,Düz,,Örme,,Seamless,Fashion Forward,,Hayır,Bralette,,Lounge/Home,Bralette,,Askılı,"80% Poliamid, ,20% Elastan",,
42,773140953,8866,4.3,,/trendyolmilla/antrasit-ip-askili-ekstra-push-up-tshirt-bra-orme-sutyen-thmaw21su0058-p-773140953/yorumlar,Poliamid Karışımlı,Balenli,Push Up,Gri,Tekli,,Düz,Düz,,Örme,,Micro,Cool & Comfort,Push up,Hayır,,,Lounge/Home,Büstiyer,Tüm Yaş Grupları,Askılı,"86% Poliamid, ,14% Elastan",,
43,195222897,67892,4.5,,/trendyolmilla/kahverengi-seamless-dikissiz-kapsiz-bralette-orme-sutyen-thmaw22su0025-p-195222897/yorumlar,Poliamid Karışımlı,Balensiz,Kapsız,Kahverengi,Tekli,Balen,Düz,Düz,,Örme,,Seamless,Cool & Comfort,,,Bralette,Padsiz,Lounge/Home,Bralette,Tüm Yaş Grupları,,"95% Poliamid, ,5% Elastan",Bisiklet Yaka,
44,49422551,48754,4.4,,/trendyolmilla/siyah-push-up-butun-kap-cikarilabilir-ip-askili-straplez-orme-sutyen-thmaw21su0059-p-49422551/yorumlar,Poliamid Karışımlı,Balenli,Push Up,Siyah,Tekli,Balen,Düz,Düz,,Örme,,Micro,Cool & Comfort,Push up,,,,Lounge/Home,Balconette,Tüm Yaş Grupları,Askılı,"86% Poliamid, ,14% Elastan",,
45,115498923,24213,4.4,,/trendyolmilla/siyah-ip-askili-ekstra-push-up-tshirt-bra-orme-sutyen-thmaw22su0004-p-115498923/yorumlar,Poliamid Karışımlı,Balenli,Push Up,Siyah,Tekli,,Düz,Düz,,Örme,,Micro,Cool & Comfort,Push up,Hayır,,,Lounge/Home,Wire,Tüm Yaş Grupları,Askılı,"86% Poliamid, ,14% Elastan",,
46,785184153,8321,4.3,,/trendyolmilla/ten-micro-ip-askili-kapli-balensiz-orme-sutyen-thmss24su00020-p-785184153/yorumlar,,Balensiz,Sabit Kap,Bej,Tekli,Balen,Düz,Düz,,Örme,,Micro,Cool & Comfort,,Hayır,,,Lounge/Home,Üçgen,Tüm Yaş Grupları,Askılı,"93% Polyester, ,7% Elastan",,
47,128340097,27451,4.3,,/trendyolmilla/ten-seamless-dikissiz-sirti-fonksiyonel-ip-askili-kapli-bralette-orme-sutyen-thmaw22su0023-p-128340097/yorumlar,,Balensiz,Atma Kap,Bej,Tekli,,Düz,,,Örme,,Seamless,Cool & Comfort,,Hayır,,,Lounge/Home,Wire,Tüm Yaş Grupları,Askılı,"90% Poliamid, ,10% Elastan",,
48,781878095,11941,4.4,,/trendyolmilla/siyah-micro-ip-askili-kapli-balensiz-orme-sutyen-thmss24su00008-p-781878095/yorumlar,,Balensiz,Sabit Kap,Siyah,Tekli,Balen,Düz,Düz,,Örme,,Micro,Cool & Comfort,,Hayır,,,Lounge/Home,T-Shirt Bra,Tüm Yaş Grupları,Askılı,"95% Poliamid,5% Elastan",,
49,785154895,16757,3.3,,/trendyolmilla/siyah-dantel-saten-biye-detayli-ip-askili-kapsiz-orme-sutyen-thmss24su00015-p-785154895/yorumlar,Saten,Balensiz,Kapsız,Siyah,Tekli,Balen,Ajurlu,Düz,,Örme,,Dantel,Fashion Forward,Saten,Hayır,,,Lounge/Home,T-Shirt Bra,Tüm Yaş Grupları,Askılı,"89% Poliamid, ,11% Elastan",,
50,137336871,180467,4.3,,/trendyolmilla/siyah-seamless-dikissiz-kapsiz-bralette-orme-sutyen-thmaw22su0025-p-137336871/yorumlar,Poliamid Karışımlı,Balensiz,Kapsız,Siyah,Tekli,Balen,Düz,Düz,,Örme,,Seamless,Cool & Comfort,,,Bralette,Padsiz,Lounge/Home,Bralette,Tüm Yaş Grupları,,"95% Poliamid, ,5% Elastan",Bisiklet Yaka,
51,835931379,3805,4.5,,/edit-by-trendyol/beyaz-micro-kurdele-fiyonk-detayli-cikarilabilir-ip-askili-kapli-orme-sutyen-tedaw25su00001-p-835931379/yorumlar,,Balenli,Sabit Kap,Beyaz,Tekli,,Düz,,,Örme,,Micro,Cool & Comfort,,,,,,Straplez,,Askılı,100% Polyester,,
52,137324997,91326,4.6,,/trendyolmilla/ekru-seamless-dikissiz-ip-askili-kapsiz-bralette-orme-sutyen-thmaw22su0030-p-137324997/yorumlar,Poliamid Karışımlı,Balensiz,Kapsız,Ekru,Tekli,Balen,Düz,Düz,,Örme,,Seamless,Cool & Comfort,,,Bralette,Padsiz,Lounge/Home,Bralette,Tüm Yaş Grupları,Askılı,"80% Poliamid, ,20% Elastan",V Yaka,
53,785184241,27035,3.8,,/trendyolmilla/siyah-dantel-ip-askili-push-up-straplez-orme-sutyen-thmss24su00021-p-785184241/yorumlar,,Balenli,Push Up,Siyah,Tekli,,Düz,,,Örme,,Dantel,Cool & Comfort,,,,,Lounge/Home,Straplez,,,"90% Poliamid, ,10% Elastan",,
54,810998945,7420,4.0,,/trendyolmilla/ten-dantel-ip-askili-push-up-straplez-sutyen-thmss24su00021-p-810998945/yorumlar,,Balenli,Push Up,Bej,Tekli,,Düz,,,Örme,,Dantel,Cool & Comfort,,,,,Lounge/Home,Straplez,,,"90% Poliamid, ,10% Elastan",,
55,790813378,7068,4.2,,/trendyolmilla/beyaz-tul-ip-askili-kapsiz-balconette-orme-sutyen-thmss24su00036-p-790813378/yorumlar,,Balenli,Kapsız,Beyaz,Tekli,Balen,Düz,Düz,,Örme,,Tül,Fashion Forward,,Hayır,,,Lounge/Home,Balconette,Tüm Yaş Grupları,Askılı,"63% Poliamid, ,8% Elastan, ,29% Polyester",,
56,819638104,2165,4.1,,/trendyolmilla/mavi-seamless-dikissiz-kapli-bralette-orme-sutyen-thmaw22su0043-p-819638104/yorumlar,Poliamid Karışımlı,Balensiz,Sabit Kap,Mavi,Tekli,Balen,Düz,Düz,,Örme,1,Seamless,Cool & Comfort,,Hayır,Bralette,Çıkarılamaz,Lounge/Home,Bralette,Tüm Yaş Grupları,Askılı,"92% Poliamid, ,8% Elastan",V Yaka,
57,810024843,3819,4.5,,/trendyolmilla/gul-kurusu-micro-ip-askili-kapli-balensiz-orme-sutyen-thmss24su00008-p-810024843/yorumlar,,Balensiz,Sabit Kap,Pembe,Tekli,Balen,Düz,Düz,,Örme,,Micro,Cool & Comfort,,Hayır,,,Lounge/Home,T-Shirt Bra,Tüm Yaş Grupları,Askılı,"95% Poliamid,5% Elastan",,
58,790486790,2950,4.3,,/trendyolmilla/pembe-dantelli-biye-detayli-ip-askili-ucgen-orme-bustiyer-thmaw21su0050-p-790486790/yorumlar,Poliamid Karışımlı,Balensiz,Dikme Kap,Pembe,Tekli,Dantel/Mesh/File,Ajurlu,Düz,,Örme,1,Dantel,Fashion Forward,,Hayır,Büstiyer,Çıkarılamaz,Lounge/Home,Büstiyer,Tüm Yaş Grupları,Askılı,"89% Poliamid, ,11% Elastan",V Yaka,
59,806598763,2026,4.5,,/trendyolmilla/siyah-poliamid-buzgu-detayli-ip-askili-kapsiz-bralette-orme-sutyen-thmss24su00057-p-806598763/yorumlar,,Balensiz,Kapsız,Siyah,Tekli,Balen,Düz,Düz,,Örme,,Micro,Fashion Forward,,Hayır,,,Lounge/Home,Bralette,Tüm Yaş Grupları,Askılı,"79% Poliamid, ,21% Elastan",,
60,812342269,2921,3.8,,/trendyolmilla/antrasit-fitilli-dantel-detayli-kapli-t-shirt-bra-orme-sutyen-thmss24su00061-p-812342269/yorumlar,,Balenli,Sabit Kap,Gri,Tekli,Balen,Düz,Düz,,Örme,,Kaşkorse,Cool & Comfort,,Hayır,,,Lounge/Home,T-Shirt Bra,Tüm Yaş Grupları,,"93% Polyester, ,7% Elastan",,
61,79879644,45858,4.2,,/trendyolmilla/pudra-poliamit-ip-askili-ucgen-kapsiz-bralette-orme-sutyen-thmss21su0014-p-79879644/yorumlar,Poliamid Karışımlı,Balensiz,Kapsız,Kahverengi,Tekli,Balen,Düz,Düz,İç Giyim,Örme,,Micro,Cool & Comfort,Toparlayıcı,Hayır,Bralette,,Lounge/Home,Bralette,Tüm Yaş Grupları,Askılı,"87% Poliamid, ,13% Elastan",,
62,792826180,10541,4.4,,/trendyolmilla/bride-beyaz-brode-dantel-detayli-ip-askili-kapli-orme-sutyen-thmss24su00044-p-792826180/yorumlar,,Balenli,Sabit Kap,Beyaz,Tekli,Balen,Çiçekli,Düz,,Örme,,Brode,Fashion Forward,,Hayır,,,Lounge/Home,T-Shirt Bra,Tüm Yaş Grupları,Askılı,"93% Polyester, ,7% Elastan",,
63,803302746,23030,4.0,,/trendyolmilla/cok-renkli-3-lu-paket-poliamid-ip-askili-kapli-straplez-orme-sutyen-thmss24su00054-p-803302746/yorumlar,,Balenli,Sabit Kap,Çok Renkli,3'lü,Balen,Düz,Düz,,Örme,,Micro,Cool & Comfort,,Hayır,,,Lounge/Home,Straplez,Tüm Yaş Grupları,Askılı,"86% Poliamid, ,14% Elastan",,
64,411817057,21967,4.6,,/trendyolmilla/kahverengi-seamless-dikissiz-ip-askili-kapli-bralette-orme-sutyen-thmaw22su0043-p-411817057/yorumlar,Poliamid Karışımlı,Balensiz,Sabit Kap,Kahverengi,Tekli,Balen,Düz,Düz,,Örme,1,Seamless,Cool & Comfort,,Hayır,Bralette,Çıkarılamaz,Lounge/Home,Bralette,Tüm Yaş Grupları,Askılı,"92% Poliamid, ,8% Elastan",V Yaka,
65,44127089,88702,4.4,,/trendyolmilla/ten-seamless-dikissiz-ip-askili-orme-bustiyer-thmaw21bs0002-p-44127089/yorumlar,,Balensiz,Kapsız,Bej,Tekli,Balen,Düz,,,Örme,,Seamless,Cool & Comfort,,,,,Lounge/Home,Straplez,Tüm Yaş Grupları,Askılı,"90% Poliamid, ,10% Elastan",,Yok
66,831901944,593,4.5,,/trendyolmilla/gri-seamless-dikissiz-kapsiz-bralette-orme-sutyen-thmaw22su0025-p-831901944/yorumlar,Poliamid Karışımlı,Balensiz,Kapsız,Gri,Tekli,Balen,Düz,Düz,,Örme,,Seamless,Cool & Comfort,,,Bralette,Padsiz,Lounge/Home,Bralette,Tüm Yaş Grupları,,"95% Poliamid, ,5% Elastan",Bisiklet Yaka,
67,819637752,3646,5.0,,/trendyolmilla/beyaz-dantel-kapsiz-bralette-orme-sutyen-thmaw23su00107-p-819637752/yorumlar,Polyester Karışımlı,Balensiz,Kapsız,Beyaz,Tekli,Balen,Ajurlu,Düz,,Örme,1,Dantel,Feminine,,Hayır,Bralette,Padsiz,Lounge/Home,Bralette,Tüm Yaş Grupları,,"86% Polyester, ,14% Elastan",,
68,798159805,3097,4.4,,/trendyolmilla/siyah-dantel-file-detayli-ip-askili-kapli-dekolte-bustiyer-orme-sutyen-thmss24su00046-p-798159805/yorumlar,,Balensiz,Dikme Kap,Siyah,Tekli,Balen,Ajurlu,Düz,,Örme,,Dantel,Cool & Comfort,,Hayır,,,Lounge/Home,Büstiyer,Tüm Yaş Grupları,Askılı,"63% Poliamid, ,8% Elastan, ,29% Polyester",,
69,50621365,105575,4.6,,/trendyolmilla/siyah-dantelli-biye-detayli-ip-askili-ucgen-orme-bustiyer-thmaw21su0050-p-50621365/yorumlar,Poliamid Karışımlı,Balensiz,Dikme Kap,Siyah,Tekli,Dantel/Mesh/File,Ajurlu,Düz,,Örme,1,Dantel,Fashion Forward,,Hayır,Büstiyer,Çıkarılamaz,Lounge/Home,Büstiyer,Tüm Yaş Grupları,Askılı,"89% Poliamid, ,11% Elastan",V Yaka,
70,798161002,1609,4.6,,/trendyolmilla/ekru-seamless-dikissiz-cizgili-balensiz-kapli-bralette-orme-sutyen-thmss24su00049-p-798161002/yorumlar,,Balensiz,Atma Kap,Ekru,Tekli,Balen,Çizgili,,,Örme,,Seamless,Cool & Comfort,,Hayır,,,Lounge/Home,Bralette,Tüm Yaş Grupları,,"93% Poliamid, ,7% Elastan",,
71,785175806,4285,4.4,,/trendyolmilla/siyah-micro-tul-detayli-ip-askili-kapsiz-bralette-orme-sutyen-thmss24su00018-p-785175806/yorumlar,,Balensiz,Kapsız,Siyah,Tekli,Balen,Düz,Düz,,Örme,,Micro,Fashion Forward,,Hayır,,,Lounge/Home,Bralette,Tüm Yaş Grupları,Askılı,"93% Polyester, ,7% Elastan",,
72,788428282,14946,4.5,,/trendyolmilla/premium-siyah-poliamid-ip-askili-push-up-bustiyer-orme-sutyen-thmss24su00024-p-788428282/yorumlar,,Balensiz,Push Up,Siyah,Tekli,,Düz,Düz,,Örme,,Micro,Cool & Comfort,Push up,Hayır,,,Lounge/Home,Büstiyer,Tüm Yaş Grupları,Askılı,"95% Poliamid, ,5% Elastan",,
73,812358461,3542,4.6,,/trendyolmilla/siyah-micro-dantel-ve-tul-detayli-kapli-t-shirt-bra-orme-sutyen-thmss24su00063-p-812358461/yorumlar,Polyester,Balenli,Sabit Kap,Siyah,Tekli,Balen,Düz,Düz,,Örme,,Micro,Fashion Forward,,Hayır,,,Lounge/Home,T-Shirt Bra,Tüm Yaş Grupları,,100% Polyester,,
74,792818027,6331,4.2,,/trendyolmilla/ten-siyah-tul-cicekli-ip-askili-kapsiz-orme-sutyen-thmss24su00038-p-792818027/yorumlar,,Balenli,Kapsız,Çok Renkli,Tekli,Balen,Çiçekli,Düz,,Örme,,Tül,Fashion Forward,,Hayır,,,Lounge/Home,T-Shirt Bra,Tüm Yaş Grupları,Askılı,"94% Polyester, ,6% Elastan",,
75,756391492,10156,4.0,,/trendyolmilla/kirmizi-dantel-u-balenli-kapli-balconette-orme-sutyen-thmss23su00075-p-756391492/yorumlar,,Balenli,Sabit Kap,Kırmızı,Tekli,Balen,Düz,Düz,,Dokuma,,Dantel,Fashion Forward,,Hayır,,,Lounge/Home,Wire,Tüm Yaş Grupları,Askılı,"87% Poliamid, ,13% Elastan",,
76,831905564,357,,,,Poliamid Karışımlı,Balenli,Sabit Kap,Pembe,2'li,Balen,Düz,Düz,,Örme,,Micro,Cool & Comfort,,Hayır,,Çıkarılamaz,Lounge/Home,Balconette,Tüm Yaş Grupları,Askılı,"86% Poliamid, ,14% Elastan",Straplez,
77,831903409,408,,,,Poliamid Karışımlı,Balensiz,Kapsız,Bordo,Tekli,Balen,Düz,Düz,,Örme,,Seamless,Cool & Comfort,,Hayır,Bralette,,Lounge/Home,Bralette,Tüm Yaş Grupları,,"80% Poliamid, ,20% Elastan",,
78,790813176,2141,4.3,,/trendyolmilla/siyah-dantel-ip-askili-kapsiz-bustiyer-orme-sutyen-thmss24su00034-p-790813176/yorumlar,,Balenli,Kapsız,Siyah,Tekli,Balen,Ajurlu,Düz,,Örme,,Dantel,Fashion Forward,,Hayır,,,Lounge/Home,Büstiyer,Tüm Yaş Grupları,Askılı,"63% Poliamid, ,8% Elastan, ,29% Polyester",,
79,772191473,5690,4.4,,/trendyolmilla/pembe-seamless-dikissiz-sirti-fonksiyonel-ip-askili-kapli-bralette-orme-sutyen-thmaw22su0023-p-772191473/yorumlar,,Balensiz,Atma Kap,Pembe,Tekli,,Düz,,,Örme,,Seamless,Cool & Comfort,,Hayır,,,Lounge/Home,Wire,Tüm Yaş Grupları,Askılı,"90% Poliamid, ,10% Elastan",,
80,806599615,3897,4.3,,/trendyolmilla/siyah-tul-ip-askili-kapsiz-ucgen-orme-sutyen-thmss24su00059-p-806599615/yorumlar,,Balensiz,Kapsız,Siyah,Tekli,,Düz,Düz,,Örme,,Mesh,Fashion Forward,,Hayır,,,Lounge/Home,Üçgen,Tüm Yaş Grupları,Askılı,"90% Poliamid, ,10% Elastan",,
81,788428980,4948,2.8,,/trendyolmilla/beyaz-micro-kontrast-ip-askili-dantel-detayli-orme-sutyen-thmss24su00027-p-788428980/yorumlar,,Balenli,Sabit Kap,Beyaz,Tekli,Balen,Düz,Düz,,Örme,,Micro,Cool & Comfort,,Hayır,,,Lounge/Home,Straplez,Tüm Yaş Grupları,Askılı,"83% Polyester, ,17% Elastan",,
82,803294967,3084,3.5,,/trendyolmilla/ekru-poliamid-ip-askili-kapli-t-shirt-bra-orme-sutyen-thmss24su00052-p-803294967/yorumlar,,Balenli,Sabit Kap,Ekru,Tekli,Balen,Düz,Düz,,Örme,,Micro,Cool & Comfort,,Hayır,,,Lounge/Home,T-Shirt Bra,Tüm Yaş Grupları,Askılı,"86% Poliamid, ,14% Elastan",,
83,816791796,4194,4.5,,/trendyolmilla/siyah-leopar-2-li-paket-ip-askili-dolgusuz-butun-kap-balkonet-orme-sutyen-thmss21su0141-p-816791796/yorumlar,Poliamid Karışımlı,Balenli,Sabit Kap,Siyah,2'li,Balen,Düz,Düz,,Örme,,Micro,Cool & Comfort,,Hayır,,Çıkarılamaz,Lounge/Home,Balconette,Tüm Yaş Grupları,Askılı,"86% Poliamid, ,14% Elastan",Straplez,
84,376113967,71604,4.1,,/trendyolmilla/ekru-dantel-ip-askili-kapsiz-bralet-bralette-orme-sutyen-thmaw23su00167-p-376113967/yorumlar,,Balensiz,Dikme Kap,Ekru,Tekli,Balen,Ajurlu,Düz,,Örme,,Dantel,Fashion Forward,,Hayır,Bralette,,Lounge/Home,Büstiyer,Tüm Yaş Grupları,Askılı,"63% Poliamid, ,8% Elastan, ,29% Polyester",,
85,781318431,11643,4.6,,/trendyolmilla/siyah-dantel-ip-askili-kapsiz-t-shirt-bra-orme-sutyen-thmss24su00011-p-781318431/yorumlar,,Balenli,Kapsız,Siyah,Tekli,Balen,Ajurlu,Düz,,Örme,,Dantel,Fashion Forward,,Hayır,,,Lounge/Home,T-Shirt Bra,Tüm Yaş Grupları,Askılı,"93% Polyester, ,7% Elastan",,
86,803302471,3705,4.5,,/trendyolmilla/ten-cok-renkli-3-lu-paket-poliamid-ip-askili-push-up-t-shirt-bra-orme-sutyen-thmss24su00053-p-803302471/yorumlar,,Balenli,Push Up,Çok Renkli,3'lü,Balen,Düz,Düz,,Örme,,Micro,Cool & Comfort,,,,,Lounge/Home,T-Shirt Bra,Tüm Yaş Grupları,Askılı,"86% Poliamid, ,14% Elastan",,
87,781878109,3775,4.6,,/trendyolmilla/siyah-poliamid-ip-askili-dolgulu-kapli-orme-sutyen-thmss24su00009-p-781878109/yorumlar,,Balenli,Sabit Kap,Siyah,Tekli,Balen,Düz,Düz,,Örme,,Micro,Cool & Comfort,,Hayır,,,Lounge/Home,T-Shirt Bra,Tüm Yaş Grupları,Askılı,"83% Poliamid, ,17% Elastan",,
88,737694435,21968,4.5,,/trendyolmilla/gri-seamless-dikissiz-ip-askili-kapsiz-bralette-orme-sutyen-thmaw24su00033-p-737694435/yorumlar,,Balensiz,Kapsız,Gri,Tekli,Balen,Düz,Düz,,Örme,,Seamless,Cool & Comfort,Seamless,Hayır,,,Lounge/Home,Bralette,Tüm Yaş Grupları,Askılı,"90% Poliamid, ,10% Elastan",,
89,781318482,4375,4.5,,/trendyolmilla/siyah-dantel-ip-askili-kapsiz-t-shirt-bra-orme-sutyen-thmss24su00012-p-781318482/yorumlar,,Balenli,Kapsız,Siyah,Tekli,Balen,Ajurlu,Düz,,Örme,,Dantel,Fashion Forward,,Hayır,,,Lounge/Home,T-Shirt Bra,Tüm Yaş Grupları,Askılı,"92% Polyester, ,8% Elastan",,
90,798160910,3191,4.3,,/trendyolmilla/ten-seamless-dikissiz-ip-askili-kapli-straplez-orme-sutyen-thmss24su00048-p-798160910/yorumlar,,Balensiz,Atma Kap,Bej,Tekli,,Düz,,,Örme,,Seamless,Cool & Comfort,,,,,Lounge/Home,Straplez,,,"92% Poliamid, ,8% Elastan",,
91,128143515,52412,4.6,,/trendyolmilla/siyah-dantelli-ip-askili-kapsiz-ucgen-bralette-orme-sutyen-thmaw22su0069-p-128143515/yorumlar,Poliamid Karışımlı,Bralet,Kapsız,Siyah,Tekli,Balen,Ajurlu,Düz,İç Giyim,Örme,1,Dantel,Fashion Forward,,Hayır,Bralette,Padsiz,Lounge/Home,Büstiyer,Tüm Yaş Grupları,Askılı,"63% Poliamid, ,8% Elastan, ,29% Polyester",V Yaka,
92,772192506,6680,4.4,,/trendyolmilla/lacivert-dantel-ip-askili-u-balenli-kapli-balconette-orme-sutyen-thmss23su00075-p-772192506/yorumlar,,Balenli,Sabit Kap,Lacivert,Tekli,Balen,Düz,Düz,,Dokuma,,Dantel,Fashion Forward,,Hayır,,,Lounge/Home,Wire,Tüm Yaş Grupları,Askılı,"87% Poliamid, ,13% Elastan",,
93,759048363,14872,4.7,,/trendyolmilla/siyah-poliamit-dantel-detayli-ip-askili-kapli-bralette-orme-sutyen-thmaw24su00011-p-759048363/yorumlar,,Balensiz,Dikme Kap,Siyah,Tekli,Dantel/Mesh/File,Düz,Düz,,Örme,,Micro,Cool & Comfort,,Hayır,,,Lounge/Home,Bralette,Tüm Yaş Grupları,Askılı,"93% Polyester, ,7% Elastan",,
94,781318626,5554,3.7,,/trendyolmilla/ten-micro-ip-askili-kapli-balensiz-orme-sutyen-thmss24su00013-p-781318626/yorumlar,,Balensiz,Sabit Kap,Bej,Tekli,Balen,Düz,Düz,,Örme,,Micro,Cool & Comfort,,Hayır,,,Lounge/Home,T-Shirt Bra,Tüm Yaş Grupları,Askılı,"92% Polyester, ,8% Elastan",,
95,806597279,5951,3.4,,/trendyolmilla/siyah-dantel-ip-askili-dikme-kap-bustiyer-orme-sutyen-thmss24su00060-p-806597279/yorumlar,,Balensiz,Dikme Kap,Siyah,Tekli,Balen,Ajurlu,Düz,,Örme,,Dantel,Fashion Forward,,Hayır,,,Lounge/Home,Büstiyer,Tüm Yaş Grupları,Askılı,"63% Poliamid, ,8% Elastan, ,29% Polyester",,
96,818476516,4351,4.3,,/trendyolmilla/bordo-dantel-demi-kapli-orme-sutyen-thmss24su00030-p-818476516/yorumlar,,Balenli,Sabit Kap,Bordo,Tekli,Balen,Ajurlu,Düz,,Örme,,Dantel,Fashion Forward,,Hayır,,,Lounge/Home,T-Shirt Bra,Tüm Yaş Grupları,Askılı,"90% Poliamid, ,10% Elastan",,
97,788174384,6201,4.5,,/trendyolmilla/siyah-dantel-ip-askili-kapsiz-bustiyer-orme-sutyen-thmss24su00029-p-788174384/yorumlar,,Balenli,Kapsız,Siyah,Tekli,Balen,Ajurlu,Düz,,Örme,,Dantel,Fashion Forward,,Hayır,,,Lounge/Home,Büstiyer,Tüm Yaş Grupları,Askılı,"63% Poliamid, ,8% Elastan, ,29% Polyester",,
98,798160909,4345,4.5,,/trendyolmilla/siyah-seamless-dikissiz-ip-askili-kapli-straplez-orme-sutyen-thmss24su00048-p-798160909/yorumlar,,Balensiz,Atma Kap,Siyah,Tekli,,Düz,,,Örme,,Seamless,Cool & Comfort,,,,,Lounge/Home,Straplez,,,"92% Poliamid, ,8% Elastan",,
99,798162402,6691,3.8,,/trendyolmilla/siyah-poliamid-ip-askili-kapli-dekolte-orme-sutyen-thmss24su00051-p-798162402/yorumlar,,Balensiz,Sabit Kap,Siyah,Tekli,Balen,Düz,Düz,,Örme,,Micro,Cool & Comfort,,Hayır,,,Lounge/Home,Büstiyer,Tüm Yaş Grupları,Askılı,"95% Poliamid, ,5% Elastan",,
100,788428510,5517,3.6,,/trendyolmilla/premium-siyah-poliamid-push-up-cikarilabilir-ip-askili-straplez-orme-sutyen-thmss24su00023-p-788428510/yorumlar,,Balenli,Push Up,Siyah,Tekli,Balen,Düz,Düz,,Örme,,Micro,Cool & Comfort,Push up,,,,Lounge/Home,Straplez,Tüm Yaş Grupları,Askılı,"95% Poliamid, ,5% Elastan",Straplez,
101,792797955,3191,4.0,,/trendyolmilla/siyah-modal-saten-detayli-ip-askili-dolgunlastirici-etkili-kapli-orme-sutyen-thmss24su00040-p-792797955/yorumlar,Saten,Balensiz,Sabit Kap,Siyah,Tekli,Balen,Düz,Düz,,Örme,,Süprem,Cool & Comfort,Saten,Hayır,,,Lounge/Home,T-Shirt Bra,Tüm Yaş Grupları,Askılı,"49% Pamuk, ,47% Modal, ,4% Elastan",,
102,803302473,4922,4.6,,/trendyolmilla/kahverengi-cok-renkli-3-lu-paket-poliamid-ip-askili-push-up-t-shirt-bra-orme-sutyen-thmss24su00053-p-803302473/yorumlar,,Balenli,Push Up,Çok Renkli,3'lü,Balen,Düz,Düz,,Örme,,Micro,Cool & Comfort,,,,,Lounge/Home,T-Shirt Bra,Tüm Yaş Grupları,Askılı,"86% Poliamid, ,14% Elastan",,
103,785167062,28710,3.2,,/trendyolmilla/siyah-dantel-ip-askili-balen-detayli-kapsiz-bustiyer-orme-sutyen-thmss24su00017-p-785167062/yorumlar,,Balenli,Kapsız,Siyah,Tekli,Balen,Ajurlu,Düz,,Örme,,Dantel,Fashion Forward,,Hayır,,,Lounge/Home,Büstiyer,Tüm Yaş Grupları,Askılı,"89% Poliamid, ,11% Elastan",,
104,369678585,19236,4.2,,/trendyolmilla/acik-pembe-fitilli-sabit-kap-cikarilabilir-ip-askili-straplez-orme-sutyen-thmss23su00002-p-369678585/yorumlar,Pamuklu,Balenli,Sabit Kap,Pembe,Tekli,Balen,Düz,Düz,,Örme,1,Kaşkorse,Cool & Comfort,,Hayır,Balconette,,Lounge/Home,Balconette,Tüm Yaş Grupları,Askılı,"84% Poliamid, ,16% Elastan",Straplez,
105,812342070,2368,3.6,,/trendyolmilla/siyah-dantel-balenli-kapsiz-bandeu-orme-sutyen-thmss24su00064-p-812342070/yorumlar,,Balenli,Kapsız,Siyah,Tekli,Balen,Ajurlu,Düz,,Örme,,Dantel,Fashion Forward,,,,,Lounge/Home,Bandeu,Tüm Yaş Grupları,,"90% Poliamid, ,10% Elastan",,
106,781317969,3751,4.0,,/trendyolmilla/siyah-dantel-ip-askili-kapsiz-straplez-orme-sutyen-thmss24su00007-p-781317969/yorumlar,,Balenli,Kapsız,Siyah,Tekli,Balen,Ajurlu,Düz,,Örme,,Dantel,Feminine,,,,,Lounge/Home,Straplez,Tüm Yaş Grupları,Askılı,100% Poliamid,Straplez,
107,792793562,3911,3.7,,/trendyolmilla/ten-tul-butun-kapli-cikarilabilir-ip-askili-straplez-orme-sutyen-thmss24su00037-p-792793562/yorumlar,,Balenli,Sabit Kap,Bej,Tekli,Balen,Düz,Düz,,Örme,,Mesh,Cool & Comfort,,Hayır,Straplez,,Lounge/Home,Straplez,Tüm Yaş Grupları,Askılı,"66% Poliamid, ,34% Elastan",Straplez,
108,790813379,9025,4.6,,/trendyolmilla/siyah-tul-ip-askili-kapsiz-balconette-orme-sutyen-thmss24su00036-p-790813379/yorumlar,,Balenli,Kapsız,Siyah,Tekli,Balen,Düz,Düz,,Örme,,Tül,Fashion Forward,,Hayır,,,Lounge/Home,Balconette,Tüm Yaş Grupları,Askılı,"63% Poliamid, ,8% Elastan, ,29% Polyester",,
109,798160712,4897,4.1,,/trendyolmilla/siyah-seamless-dikissiz-ip-askili-kapli-bralette-orme-sutyen-thmss24su00047-p-798160712/yorumlar,,,Atma Kap,Siyah,Tekli,,Düz,Düz,,Örme,,Seamless,Cool & Comfort,,Hayır,,,Lounge/Home,Bralette,Tüm Yaş Grupları,Askılı,"93% Poliamid, ,7% Elastan",,
110,792822070,8883,4.1,,/trendyolmilla/siyah-dantel-puantiyeli-tul-detayli-ip-askili-kapsiz-orme-bustiyer-thmss24su00043-p-792822070/yorumlar,,Balenli,Kapsız,Siyah,Tekli,Balen,Ajurlu,Düz,,Örme,,Dantel,Fashion Forward,,Hayır,,,Lounge/Home,Büstiyer,Tüm Yaş Grupları,Askılı,"63% Poliamid, ,8% Elastan, ,29% Polyester",,
111,788429041,7020,4.0,,/trendyolmilla/siyah-micro-ip-askili-kapli-tshirt-bra-orme-sutyen-thmss24su00026-p-788429041/yorumlar,,Balensiz,Sabit Kap,Siyah,Tekli,Balen,Çizgili,Düz,,Örme,,Micro,Cool & Comfort,,Hayır,,,Lounge/Home,T-Shirt Bra,Tüm Yaş Grupları,Askılı,"91% Polyester, ,9% Elastan",,
112,792823984,16034,4.5,,/trendyolmilla/siyah-beyaz-ten-3-lu-paket-poliamid-ip-askili-sabit-kapli-orme-sutyen-thmss24su00042-p-792823984/yorumlar,,Balenli,Sabit Kap,Çok Renkli,3'lü,Balen,Düz,Düz,,Örme,,Micro,Cool & Comfort,,Hayır,,,Lounge/Home,T-Shirt Bra,Tüm Yaş Grupları,Askılı,"85% Poliamid, ,15% Elastan",,
113,806598948,4995,4.7,,/trendyolmilla/siyah-dantel-ip-askili-kapsiz-ucgen-orme-sutyen-thmss24su00056-p-806598948/yorumlar,,Balensiz,Kapsız,Siyah,Tekli,,Ajurlu,Düz,,Örme,,Dantel,Fashion Forward,,Hayır,,,Lounge/Home,Üçgen,Tüm Yaş Grupları,Askılı,"92% Poliamid, ,8% Elastan",,
114,734004459,10346,4.7,,/trendyolmilla/kirmizi-poliamit-dantel-detayli-ip-askili-kapli-bralette-orme-sutyen-thmaw24su00011-p-734004459/yorumlar,,Balensiz,Dikme Kap,Kırmızı,Tekli,Dantel/Mesh/File,Düz,Düz,,Örme,,Micro,Cool & Comfort,,Hayır,,,Lounge/Home,Bralette,Tüm Yaş Grupları,Askılı,"93% Polyester, ,7% Elastan",,
115,804733262,4161,4.3,,/trendyolmilla/beyaz-cok-renkli-pamuklu-kalpli-ip-askili-kapli-t-shirt-bra-orme-sutyen-thmss24su00055-p-804733262/yorumlar,,Balenli,Sabit Kap,Çok Renkli,Tekli,Balen,Kalp,Düz,,Örme,,Süprem,Feminine,,Hayır,,,Lounge/Home,T-Shirt Bra,Tüm Yaş Grupları,Askılı,"49% Pamuk, ,47% Modal, ,4% Elastan",,
116,835931378,1540,3.7,,/edit-by-trendyol/siyah-micro-kurdele-fiyonk-detayli-cikarilabilir-ip-askili-kapli-orme-sutyen-tedaw25su00001-p-835931378/yorumlar,,Balenli,Sabit Kap,Siyah,Tekli,,Düz,,,Örme,,Micro,Cool & Comfort,,,,,,Straplez,,Askılı,100% Polyester,,
117,788173986,5298,4.0,,/trendyolmilla/siyah-dantel-ip-askili-astarli-kapsiz-bustiyer-orme-sutyen-thmss24su00028-p-788173986/yorumlar,,Balensiz,Kapsız,Siyah,Tekli,Balen,Ajurlu,Düz,,Örme,,Dantel,Cool & Comfort,,Hayır,,,Lounge/Home,Büstiyer,Tüm Yaş Grupları,Askılı,"63% Poliamid, ,8% Elastan, ,29% Polyester",,
118,833528137,309,,,,,Balenli,Sabit Kap,Siyah,Tekli,,Ajurlu,,,Örme,,Dantel,Fashion Forward,,,,,Lounge/Home,Balconette,,,"90% Poliamid, ,10% Elastan",,
119,773140954,,,,,Poliamid Karışımlı,Balensiz,Dikme Kap,Sarı,Tekli,Dantel/Mesh/File,Ajurlu,Düz,,Örme,1,Dantel,Fashion Forward,,Hayır,Büstiyer,Çıkarılamaz,Lounge/Home,Büstiyer,Tüm Yaş Grupları,Askılı,"89% Poliamid, ,11% Elastan",V Yaka,
120,792797954,2712,3.5,,/trendyolmilla/ten-modal-saten-detayli-ip-askili-dolgunlastirici-etkili-kapli-orme-sutyen-thmss24su00040-p-792797954/yorumlar,Saten,Balensiz,Sabit Kap,Bej,Tekli,Balen,Düz,Düz,,Örme,,Süprem,Cool & Comfort,Saten,Hayır,,,Lounge/Home,T-Shirt Bra,Tüm Yaş Grupları,Askılı,"49% Pamuk, ,47% Modal, ,4% Elastan",,
121,446398679,70357,4.6,,/trendyolmilla/beyaz-dantel-detayli-cicek-nakisli-ip-askili-wire-bra-orme-sutyen-thmss23su00069-p-446398679/yorumlar,Polyester,Balenli,Kapsız,Beyaz,Tekli,Balen,Çiçekli,Düz,,Örme,,Dantel,Fashion Forward,,Hayır,Wire,,Lounge/Home,Büstiyer,Tüm Yaş Grupları,Askılı,"81% Poliamid, ,19% Elastan",,
122,788982521,7351,4.2,,/trendyolmilla/bride-beyaz-dantel-kapsiz-ip-askili-bustiyer-orme-sutyen-thmss24su00033-p-788982521/yorumlar,,Balenli,Kapsız,Beyaz,Tekli,Balen,Ajurlu,Düz,,Örme,,Dantel,Fashion Forward,,Hayır,,,Lounge/Home,Büstiyer,Tüm Yaş Grupları,Askılı,"63% Poliamid, ,8% Elastan, ,29% Polyester",,
123,788428853,4600,4.0,,/trendyolmilla/siyah-parlak-poliamid-ip-askili-push-up-straplaz-orme-sutyen-thmss24su00025-p-788428853/yorumlar,,Balenli,Push Up,Siyah,Tekli,Balen,Düz,Düz,,Örme,,Micro,Cool & Comfort,Push up,,,,Lounge/Home,Straplez,Tüm Yaş Grupları,Askılı,"81% Poliamid, ,6% Metalize İplik, ,13% Elastan",,
124,737426498,13274,4.2,,/trendyolmilla/siyah-tul-ve-bant-detayli-ip-askili-kapsiz-orme-sutyen-thmaw24su00025-p-737426498/yorumlar,Polyester,Balenli,Kapsız,Siyah,Tekli,Lastik,Düz,Düz,,Örme,,Micro,Fashion Forward,Ek Özellik Mevcut Değil,Hayır,,,Lounge/Home,T-Shirt Bra,Tüm Yaş Grupları,Askılı,100% Polyester,,
125,798157735,5628,4.4,,/trendyolmilla/siyah-dantel-ip-askili-kapsiz-bralette-orme-sutyen-thmss24su00045-p-798157735/yorumlar,,Balensiz,Kapsız,Siyah,Tekli,Balen,Ajurlu,Düz,,Örme,,Dantel,Fashion Forward,,Hayır,,,Lounge/Home,Bralette,Tüm Yaş Grupları,Askılı,"63% Poliamid, ,8% Elastan, ,29% Polyester",,
126,833527539,152,,,,,Balenli,Sabit Kap,Bej,Tekli,,Düz,,,Örme,,Micro,Cool & Comfort,,,,,Lounge/Home,T-Shirt Bra,,,"80% Poliamid, ,20% Elastan",,
127,781318638,2814,4.2,,/trendyolmilla/siyah-micro-dantel-detayli-kapli-balenli-orme-sutyen-thmss24su00014-p-781318638/yorumlar,,Balenli,Sabit Kap,Siyah,Tekli,Balen,Düz,Düz,,Örme,,Micro,Fashion Forward,,Hayır,,,Lounge/Home,T-Shirt Bra,Tüm Yaş Grupları,,"90% Polyester, ,10% Elastan",,
128,798159801,3048,4.1,,/trendyolmilla/ten-dantel-file-detayli-ip-askili-kapli-dekolte-bustiyer-orme-sutyen-thmss24su00046-p-798159801/yorumlar,,Balensiz,Dikme Kap,Bej,Tekli,Balen,Ajurlu,Düz,,Örme,,Dantel,Cool & Comfort,,Hayır,,,Lounge/Home,Büstiyer,Tüm Yaş Grupları,Askılı,"63% Poliamid, ,8% Elastan, ,29% Polyester",,
129,835930919,2658,4.5,,/edit-by-trendyol/beyaz-dantel-cikarilabilir-ip-askili-kapli-orme-sutyen-tedaw25su00000-p-835930919/yorumlar,,Balenli,Push Up,Beyaz,Tekli,,Ajurlu,,,Örme,,Dantel,Cool & Comfort,,,,,,T-Shirt Bra,,Askılı,100% Polyester,,
130,309280569,17218,4.4,,/trendyolmilla/siyah-dantel-kapsiz-bralette-orme-sutyen-thmaw23su00107-p-309280569/yorumlar,Polyester Karışımlı,Balensiz,Kapsız,Siyah,Tekli,Balen,Ajurlu,Düz,,Örme,1,Dantel,Feminine,,Hayır,Bralette,Padsiz,Lounge/Home,Bralette,Tüm Yaş Grupları,,"86% Polyester, ,14% Elastan",,
131,818478678,5345,3.7,,/trendyolmilla/lila-siyah-koyu-mavi-3-lu-paket-poliamid-ip-askili-kapli-straplez-orme-sutyen-thmss24su00054-p-818478678/yorumlar,,Balenli,Sabit Kap,Çok Renkli,3'lü,Balen,Düz,Düz,,Örme,,Micro,Cool & Comfort,,Hayır,,,Lounge/Home,Straplez,Tüm Yaş Grupları,Askılı,"86% Poliamid, ,14% Elastan",,
132,790813296,3443,4.8,,/trendyolmilla/siyah-tul-ip-askili-kapsiz-t-shirt-bra-orme-sutyen-thmss24su00035-p-790813296/yorumlar,,Balenli,Kapsız,Siyah,Tekli,Balen,Düz,Düz,,Örme,,Tül,Fashion Forward,,Hayır,,,Lounge/Home,T-Shirt Bra,Tüm Yaş Grupları,Askılı,"94% Polyester, ,6% Elastan",,
133,831854097,176,,,,Poliamid Karışımlı,Balenli,Push Up,Beyaz,Tekli,,Düz,Düz,,Örme,,Micro,Cool & Comfort,Push up,Hayır,,,Lounge/Home,Büstiyer,Tüm Yaş Grupları,Askılı,"86% Poliamid, ,14% Elastan",,
134,369679495,7168,4.2,,/trendyolmilla/bej-fitilli-sabit-kap-cikarilabilir-ip-askili-straplez-orme-sutyen-thmss23su00002-p-369679495/yorumlar,Pamuklu,Balenli,Sabit Kap,Bej,Tekli,Balen,Düz,Düz,,Örme,1,Kaşkorse,Cool & Comfort,,Hayır,Balconette,,Lounge/Home,Balconette,Tüm Yaş Grupları,Askılı,"84% Poliamid, ,16% Elastan",Straplez,
135,831947208,1684,,,,,Balenli,Push Up,Siyah,Tekli,Dantel/Mesh/File,Ajurlu,,,Örme,,Micro,Fashion Forward,,,,,Lounge/Home,Straplez,,,"95% Polyester, ,5% Elastan",,
136,459281602,45978,3.9,,/trendyolmilla/siyah-dantel-ip-askili-u-balenli-kapli-balconette-orme-sutyen-thmss23su00075-p-459281602/yorumlar,,Balenli,Sabit Kap,Siyah,Tekli,Balen,Düz,Düz,,Dokuma,,Dantel,Fashion Forward,,Hayır,,,Lounge/Home,Wire,Tüm Yaş Grupları,Askılı,"87% Poliamid, ,13% Elastan",,
137,792822058,10053,4.4,,/trendyolmilla/bride-beyaz-dantel-puantiyeli-tul-detayli-ip-askili-kapsiz-orme-bustiyer-thmss24su00043-p-792822058/yorumlar,,Balenli,Kapsız,Beyaz,Tekli,Balen,Ajurlu,Düz,,Örme,,Dantel,Fashion Forward,,Hayır,,,Lounge/Home,Büstiyer,Tüm Yaş Grupları,Askılı,"63% Poliamid, ,8% Elastan, ,29% Polyester",,
138,781878110,3151,4.2,,/trendyolmilla/ten-poliamid-ip-askili-dolgulu-kapli-orme-sutyen-thmss24su00009-p-781878110/yorumlar,,Balenli,Sabit Kap,Bej,Tekli,Balen,Düz,Düz,,Örme,,Micro,Cool & Comfort,,Hayır,,,Lounge/Home,T-Shirt Bra,Tüm Yaş Grupları,Askılı,"83% Poliamid, ,17% Elastan",,
139,788974046,10642,3.7,,/trendyolmilla/bride-beyaz-dantel-biyeli-ip-askili-kapsiz-orme-sutyen-thmss24su00032-p-788974046/yorumlar,,Balenli,Kapsız,Beyaz,Tekli,Balen,Ajurlu,Düz,,Örme,,Dantel,Fashion Forward,,Hayır,,,Lounge/Home,Balconette,Tüm Yaş Grupları,Askılı,"63% Poliamid, ,8% Elastan, ,29% Polyester",,
140,773147074,6567,4.4,,/trendyolmilla/nar-cicegi-ip-askili-ekstra-push-up-tshirt-bra-orme-sutyen-thmaw22su0004-p-773147074/yorumlar,Poliamid Karışımlı,Balenli,Push Up,Pembe,Tekli,,Düz,Düz,,Örme,,Micro,Cool & Comfort,Push up,Hayır,,,Lounge/Home,Wire,Tüm Yaş Grupları,Askılı,"86% Poliamid, ,14% Elastan",,
141,289275088,10686,4.6,,/trendyolmilla/ekru-dantel-ip-askili-kapsiz-bralette-orme-sutyen-thmaw22su0066-p-289275088/yorumlar,Poliamid Karışımlı,Balensiz,Kapsız,Ekru,Tekli,Dantel/Mesh/File,Ajurlu,Düz,İç Giyim,Örme,1,Dantel,Fashion Forward,Ek Özellik Mevcut Değil,Hayır,Bralette,Padsiz,Lounge/Home,Büstiyer,Tüm Yaş Grupları,Askılı,"92% Poliamid, ,8% Elastan",,
142,835931542,1078,5.0,,/edit-by-trendyol/beyaz-micro-cicek-baskili-dantel-detayli-ve-cikarilabilir-ip-askili-kapli-orme-sutyen-tedaw25su00002-p-835931542/yorumlar,,Balenli,Sabit Kap,Beyaz,Tekli,,Çiçekli,,,Örme,,Micro,Cool & Comfort,,,,,,T-Shirt Bra,,Askılı,100% Polyester,,
143,772198228,3414,4.3,,/trendyolmilla/kirmizi-dantel-biyeli-ip-askili-balenli-kapsiz-balconette-orme-sutyen-thmss23su00076-p-772198228/yorumlar,,Balenli,Kapsız,Kırmızı,Tekli,Balen,Ajurlu,Düz,,Örme,,Dantel,Fashion Forward,,Hayır,,,Lounge/Home,Wire,Tüm Yaş Grupları,Askılı,"90% Poliamid, ,10% Elastan",,
144,759198067,1659,4.9,,/trendyolmilla/antrasit-seamless-dikissiz-ip-askili-orme-bustiyer-thmaw21bs0002-p-759198067/yorumlar,,Balensiz,Kapsız,Gri,Tekli,Balen,Düz,,,Örme,,Seamless,Cool & Comfort,,,,,Lounge/Home,Straplez,Tüm Yaş Grupları,Askılı,"90% Poliamid, ,10% Elastan",,Yok
145,792819846,6507,4.2,,/trendyolmilla/siyah-tasli-ip-askili-kapsiz-balenli-orme-sutyen-thmss24su00039-p-792819846/yorumlar,,Balenli,Kapsız,Siyah,Tekli,Balen,Düz,Düz,,Örme,,Mesh,Fashion Forward,,Hayır,,,Lounge/Home,T-Shirt Bra,Tüm Yaş Grupları,Askılı,"63% Poliamid, ,8% Elastan, ,29% Polyester",,
146,288699333,17874,4.4,,/trendyolmilla/koyu-kahverengi-seamless-dikissiz-kapli-cikarilabilir-ip-askili-straplez-orme-sutyen-thmaw23su00069-p-288699333/yorumlar,Poliamid Karışımlı,Balenli,Sabit Kap,Kahverengi,Tekli,Yarım Pat,Düz,Düz,İç Giyim,Örme,1,Seamless,Cool & Comfort,Seamless,Hayır,Bralette,Çıkarılamaz,Lounge/Home,Straplez,Tüm Yaş Grupları,Askılı,"92% Poliamid, ,8% Elastan",Straplez,
147,788973839,4586,3.5,,/trendyolmilla/bride-beyaz-dantel-aksesuar-detayli-ip-askili-kapli-orme-sutyen-thmss24su00031-p-788973839/yorumlar,,Balenli,Sabit Kap,Beyaz,Tekli,Balen,Ajurlu,Düz,,Örme,,Dantel,Cool & Comfort,,Hayır,,,Lounge/Home,T-Shirt Bra,Tüm Yaş Grupları,Askılı,"63% Poliamid, ,8% Elastan, ,29% Polyester",,
148,831877858,632,2.0,,/trendyolmilla/bordo-push-up-butun-kap-cikarilabilir-ip-askili-straplez-orme-sutyen-thmaw21su0059-p-831877858/yorumlar,Poliamid Karışımlı,Balenli,Push Up,Bordo,Tekli,Balen,Düz,Düz,,Örme,,Micro,Cool & Comfort,Push up,,,,Lounge/Home,Balconette,Tüm Yaş Grupları,Askılı,"86% Poliamid, ,14% Elastan",,
149,773147079,2564,4.5,,/trendyolmilla/mavi-ip-askili-ekstra-push-up-tshirt-bra-orme-sutyen-thmaw22su0004-p-773147079/yorumlar,Poliamid Karışımlı,Balenli,Push Up,Mavi,Tekli,,Düz,Düz,,Örme,,Micro,Cool & Comfort,Push up,Hayır,,,Lounge/Home,Wire,Tüm Yaş Grupları,Askılı,"86% Poliamid, ,14% Elastan",,
150,197694154,28230,4.2,,/trendyolmilla/siyah-dantel-detayli-ip-askili-orme-bustiyer-thmss22su0049-p-197694154/yorumlar,Poliamid Karışımlı,Balenli,Sabit Kap,Siyah,Tekli,Balen,Ajurlu,Düz,,Örme,,Dantel,Fashion Forward,,Hayır,Büstiyer,,Lounge/Home,Wire,Tüm Yaş Grupları,Askılı,"63% Poliamid, ,8% Elastan, ,29% Polyester",Havuz Yaka,
151,66596415,46623,4.6,,/trendyolmilla/bordo-dantelli-biye-detayli-ip-askili-ucgen-orme-bustiyer-thmaw21su0050-p-66596415/yorumlar,Poliamid Karışımlı,Balensiz,Dikme Kap,Bordo,Tekli,Dantel/Mesh/File,Ajurlu,Düz,,Örme,1,Dantel,Fashion Forward,,Hayır,Büstiyer,Çıkarılamaz,Lounge/Home,Büstiyer,Tüm Yaş Grupları,Askılı,"89% Poliamid, ,11% Elastan",V Yaka,
152,831884178,476,,,,Poliamid Karışımlı,Balenli,Push Up,Pembe,Tekli,,Düz,Düz,,Örme,,Micro,Cool & Comfort,Push up,Hayır,,,Lounge/Home,Wire,Tüm Yaş Grupları,Askılı,"86% Poliamid, ,14% Elastan",,
153,798161806,33126,3.7,,/trendyolmilla/siyah-ten-poliamid-cift-tarafli-giyilebilen-ip-askili-kapli-orme-sutyen-thmss24su00050-p-798161806/yorumlar,,Balenli,Sabit Kap,Çok Renkli,Tekli,Balen,Düz,Düz,,Örme,,Micro,Cool & Comfort,,Hayır,,,Lounge/Home,T-Shirt Bra,Tüm Yaş Grupları,Askılı,"95% Poliamid, ,5% Elastan",,
154,835931545,603,,,,,Balenli,Sabit Kap,Siyah,Tekli,,Çiçekli,,,Örme,,Micro,Cool & Comfort,,,,,,T-Shirt Bra,,Askılı,100% Polyester,,
155,835930922,1484,3.0,,/edit-by-trendyol/siyah-dantel-cikarilabilir-ip-askili-kapli-orme-sutyen-tedaw25su00000-p-835930922/yorumlar,,Balenli,Push Up,Siyah,Tekli,,Ajurlu,,,Örme,,Dantel,Cool & Comfort,,,,,,T-Shirt Bra,,Askılı,100% Polyester,,
156,833527822,817,,,,,Balenli,Sabit Kap,Çok Renkli,Tekli,,Çizgili,,,Örme,,Micro,Cool & Comfort,,,,,Lounge/Home,T-Shirt Bra,,,"83% Polyester, ,17% Elastan",,
157,788974051,11638,3.2,,/trendyolmilla/siyah-dantel-biyeli-ip-askili-kapsiz-orme-sutyen-thmss24su00032-p-788974051/yorumlar,,Balenli,Kapsız,Siyah,Tekli,Balen,Ajurlu,Düz,,Örme,,Dantel,Fashion Forward,,Hayır,,,Lounge/Home,Balconette,Tüm Yaş Grupları,Askılı,"63% Poliamid, ,8% Elastan, ,29% Polyester",,
158,737406661,44229,4.3,,/trendyolmilla/siyah-dantel-ip-askili-balen-detayli-kapsiz-orme-sutyen-thmaw24su00034-p-737406661/yorumlar,,Balenli,Kapsız,Siyah,Tekli,Balen,Düz,Düz,,Örme,,Dantel,Fashion Forward,,Hayır,,,Lounge/Home,Wire,Tüm Yaş Grupları,Askılı,"90% Poliamid, ,10% Elastan",,
159,459283261,53282,4.6,,/trendyolmilla/siyah-dantel-biyeli-ip-askili-balenli-kapsiz-balconette-orme-sutyen-thmss23su00076-p-459283261/yorumlar,,Balenli,Kapsız,Siyah,Tekli,Balen,Ajurlu,Düz,,Örme,,Dantel,Fashion Forward,,Hayır,,,Lounge/Home,Wire,Tüm Yaş Grupları,Askılı,"90% Poliamid, ,10% Elastan",,
160,96500549,131792,4.4,,/trendyolmilla/beyaz-ip-askili-push-up-butun-kap-straplez-orme-sutyen-thmss21su0107-p-96500549/yorumlar,Poliamid Karışımlı,Balenli,Push Up,Beyaz,Tekli,Balen,Düz,Düz,İç Giyim,Örme,,Micro,Cool & Comfort,Push up,Hayır,Straplez,,Lounge/Home,Straplez,Tüm Yaş Grupları,Askılı,"86% Poliamid, ,14% Elastan",,
161,832449071,,,,,,Balensiz,Atma Kap,Çok Renkli,2'li,Dantel/Mesh/File,Düz,,,Örme,,Süprem,Cool & Comfort,,,,,Lounge/Home,Üçgen,,,"97% Pamuk, ,3% Elastan",,
