,ID,FAVORITE_COUNT,RATING_DETAIL,DELIVERY_DATE,PROFF_LINK,Yaka Tipi,Materyal,Paket İçeriği,Kol Boyu,Kol Tipi,Renk,Desen,Ürün Tipi,Kalıp,Kumaş Tipi,Dokuma Tipi,Siluet,Persona,Ortam,Sürdürülebilirlik Detayı,Boy,Yaş,Materyal Bileşeni,Koleksiyon,Ürün Detayı,Ek Özellik,Sezon
0,85630598,554832,4.4,,/trendyolmilla/siyah-beyaz-2-li-paket-fitted-vucuda-oturan-crop-halter-yaka-fitilli-esnek-orme-atlet-twoss21al0058-p-85630598/yorumlar,Halter Yaka,Örme,2'li,Kolsuz,Standart Kol,Siyah,Düz,Düz,Slim,Örme,Kaşkorse,Basic,Cool & Comfort,Casual/Günlük,Hayır,Crop,Tüm Yaş Grupları,"50% Pamuk, ,47% Polyester, ,3% Elastan",,,,
1,105021469,168254,4.4,,/trendyolmilla/siyah-beyaz-2-li-paket-pamuklu-spagetti-askili-crop-esnek-orme-atlet-twoss21al0196-p-105021469/yorumlar,Havuz Yaka,Örme,2'li,Askılı,Standart Kol,Siyah,Düz,Düz,Slim,Örme,Likralı Süprem,Basic,Cool & Comfort,Casual/Günlük,Hayır,Crop,Tüm Yaş Grupları,"97% Pamuk, ,3% Elastan",Basic,,,
2,813443917,31590,3.8,,/trendyolmilla/siyah-beyaz-bej-3-lu-paket-askili-vucuda-oturan-kare-yaka-esnek-orme-atlet-twoss24al00054-p-813443917/yorumlar,Kare Yaka,%100 Pamuk,,Askılı,Standart Kol,Çok Renkli,Düz,Düz,Slim,Örme,Likralı Süprem,Basic,Cool & Comfort,Casual/Günlük,Hayır,,Tüm Yaş Grupları,100% Pamuk,,,,
3,195194234,192079,3.9,,/trendyolmilla/beyaz-fitted-vucuda-oturan-havuz-yaka-fitilli-esnek-orme-atlet-twoss22al0042-p-195194234/yorumlar,Havuz Yaka,Örme,,Kolsuz,Standart Kol,Beyaz,Düz,Düz,Slim,Örme,Kaşkorse,Basic,Cool & Comfort,Casual/Günlük,Hayır,Regular,Tüm Yaş Grupları,"98% Pamuk, ,2% Elastan",,,,
4,195194227,77378,4.3,,/trendyolmilla/siyah-fitted-vucuda-oturan-havuz-yaka-fitilli-esnek-orme-atlet-twoss22al0042-p-195194227/yorumlar,Havuz Yaka,Örme,,Kolsuz,Standart Kol,Siyah,Düz,Düz,Slim,Örme,Kaşkorse,Basic,Cool & Comfort,Casual/Günlük,Hayır,Regular,Tüm Yaş Grupları,"98% Pamuk, ,2% Elastan",,,,
5,463400540,84895,4.5,,/trendyolmilla/siyah-pamuklu-halter-yaka-fitted-vucuda-oturan-esnek-orme-atlet-twoss23al00069-p-463400540/yorumlar,Halter Yaka,,,Kolsuz,Kalın Askılı,Siyah,Düz,Düz,Slim,Örme,Likralı Süprem,Basic,Cool & Comfort,Casual/Günlük,Hayır,Regular,Tüm Yaş Grupları,"96% Pamuk, ,4% Elastan",,Yıkamalı,Yıkamalı,
6,812174964,15726,4.0,,/trendyolmilla/siyah-beyaz-askili-regular-esnek-2-li-paket-orme-atlet-twoss24al00048-p-812174964/yorumlar,Havuz Yaka,,2'li,Askılı,Standart Kol,Çok Renkli,Düz,Düz,Slim,Örme,Likralı Süprem,Basic,Cool & Comfort,Casual/Günlük,Hayır,Regular,Tüm Yaş Grupları,"96% Pamuk, 4% Polyester",,,,
7,463400523,116726,4.2,,/trendyolmilla/tas-pamuklu-halter-yaka-fitted-vucuda-oturan-esnek-orme-atlet-twoss23al00069-p-463400523/yorumlar,Halter Yaka,,,Kolsuz,Kalın Askılı,Bej,Düz,Düz,Slim,Örme,Likralı Süprem,Basic,Cool & Comfort,Casual/Günlük,Hayır,Regular,Tüm Yaş Grupları,"96% Pamuk, ,4% Elastan",,Yıkamalı,Yıkamalı,
8,819139971,20189,4.7,,/trendyolmilla/siyah-vizon-2-li-paket-poliamid-icerikli-askili-crop-fitted-esnek-orme-atlet-twoss24al00053-p-819139971/yorumlar,Kare Yaka,,,Askılı,Standart Kol,Çok Renkli,Düz,Düz,Slim,Örme,Poliamid,Basic,Cool & Comfort,Casual/Günlük,Hayır,Regular,Tüm Yaş Grupları,"96% Poliamid, ,4% Elastan",,,,
9,812176936,21559,4.4,,/trendyolmilla/beyaz-yesil-2-li-paket-poliamid-icerikli-askili-crop-fitted-esnek-orme-atlet-twoss24al00053-p-812176936/yorumlar,Kare Yaka,,,Askılı,Standart Kol,Çok Renkli,Düz,Düz,Slim,Örme,Poliamid,Basic,Cool & Comfort,Casual/Günlük,Hayır,Regular,Tüm Yaş Grupları,"96% Poliamid, ,4% Elastan",,,,
10,691177049,42529,4.4,,/trendyolmilla/lacivert-pamuklu-halter-yaka-fitted-vucuda-oturan-esnek-orme-atlet-twoss23al00069-p-691177049/yorumlar,Halter Yaka,,,Kolsuz,Kalın Askılı,Lacivert,Düz,Düz,Slim,Örme,Likralı Süprem,Basic,Cool & Comfort,Casual/Günlük,Hayır,Regular,Tüm Yaş Grupları,"96% Pamuk, ,4% Elastan",,Yıkamalı,Yıkamalı,
11,117268869,127580,4.5,,/trendyolmilla/tarcin-ekru-2-li-paket-fitted-vucuda-oturan-crop-halter-yaka-fitilli-esnek-orme-atlet-twoss21al0058-p-117268869/yorumlar,Halter Yaka,Örme,2'li,Kolsuz,Standart Kol,Ekru,Düz,Düz,Slim,Örme,Kaşkorse,Basic,Cool & Comfort,Casual/Günlük,Hayır,Crop,Tüm Yaş Grupları,"50% Pamuk, ,47% Polyester, ,3% Elastan",,,,
12,107285942,28139,4.3,,/trendyolmilla/siyah-beyaz-2-li-paket-buzgu-detayli-havuz-yaka-fitilli-esnek-orme-atlet-twoss21al0195-p-107285942/yorumlar,Havuz Yaka,Örme,2'li,Kolsuz,Standart Kol,Siyah,Düz,Düz,Slim,Örme,Kaşkorse,Asimetrik,Cool & Comfort,Casual/Günlük,Hayır,Crop,Tüm Yaş Grupları,"99% Pamuk, ,1% Elastan",,Büzgü / Drape,,
13,367949484,161960,4.4,,/trendyolmilla/haki-bej-2-li-paket-fitted-vucuda-oturan-crop-halter-yaka-fitilli-esnek-orme-atlet-twoss21al0058-p-367949484/yorumlar,Halter Yaka,Örme,2'li,Kolsuz,Standart Kol,Haki,Düz,Düz,Slim,Örme,Kaşkorse,Basic,Cool & Comfort,Casual/Günlük,Hayır,Crop,Tüm Yaş Grupları,"50% Pamuk, ,47% Polyester, ,3% Elastan",,,,
14,370982814,69137,4.5,,/trendyolmilla/siyah-beyaz-2-li-paket-kolsuz-crop-pamuklu-esnek-orme-atlet-twoss23al00010-p-370982814/yorumlar,Bisiklet Yaka,,2'li,Kolsuz,Standart Kol,Siyah,Düz,Düz,Slim,Örme,Likralı Süprem,Basic,Cool & Comfort,Casual/Günlük,Hayır,Crop,Tüm Yaş Grupları,"72% Polyester, ,3% Elastan, ,25% Pamuk",Basic,,,
15,183243190,54398,4.5,,/trendyolmilla/kahverengi-bej-2-li-paket-pamuklu-spagetti-askili-crop-esnek-orme-atlet-twoss21al0196-p-183243190/yorumlar,Havuz Yaka,Örme,2'li,Askılı,Standart Kol,Kahverengi,Düz,Düz,Slim,Örme,Likralı Süprem,Basic,Cool & Comfort,Casual/Günlük,Hayır,Crop,Tüm Yaş Grupları,"97% Pamuk, ,3% Elastan",Basic,,,
16,813505791,17492,4.1,,/trendyolmilla/siyah-beyaz-2-li-paket-halter-yaka-vucuda-oturan-fitilli-esnek-orme-atlet-twoss24al00055-p-813505791/yorumlar,Halter Yaka,,,Kolsuz,Standart Kol,Çok Renkli,Düz,Düz,Slim,Örme,Kaşkorse,Basic,Cool & Comfort,Casual/Günlük,Hayır,Regular,Tüm Yaş Grupları,"50% Pamuk, ,50% Polyester",,,,
17,798189642,12324,4.4,,/trendyolmilla/siyah-cizgili-fitted-vucuda-oturan-havuz-yaka-fitilli-esnek-orme-atlet-twoss24al00033-p-798189642/yorumlar,Havuz Yaka,,,Kolsuz,Standart Kol,Siyah,Çizgili,Düz,Slim,Örme,Kaşkorse,Basic,Cool & Comfort,Casual/Günlük,Hayır,Regular,Tüm Yaş Grupları,"88% Polyester, ,8% Viskoz, ,4% Elastan",,,,
18,782102246,16396,4.1,,/trendyolmilla/ekru-eskitme-soluk-efektli-pamuklu-halter-yaka-fitted-esnek-orme-atlet-twoss23al00069-p-782102246/yorumlar,Halter Yaka,,,Kolsuz,Kalın Askılı,Ekru,Düz,Düz,Slim,Örme,Likralı Süprem,Basic,Cool & Comfort,Casual/Günlük,Hayır,Regular,Tüm Yaş Grupları,"96% Pamuk, ,4% Elastan",,Yıkamalı,Yıkamalı,SS
19,370982809,61006,4.6,,/trendyolmilla/kahverengi-bej-2-li-paket-kolsuz-crop-pamuklu-esnek-orme-atlet-twoss23al00010-p-370982809/yorumlar,Bisiklet Yaka,,2'li,Kolsuz,Standart Kol,Kahverengi,Düz,Düz,Slim,Örme,Likralı Süprem,Basic,Cool & Comfort,Casual/Günlük,Hayır,Crop,Tüm Yaş Grupları,"72% Polyester, ,3% Elastan, ,25% Pamuk",Basic,,,
20,781937061,13138,4.1,,/trendyolmilla/beyaz-askili-regular-esnek-orme-atlet-twoss24al00024-p-781937061/yorumlar,Kare Yaka,,,Askılı,Standart Kol,Beyaz,Düz,Düz,Slim,Örme,Likralı Süprem,Basic,Cool & Comfort,Casual/Günlük,Hayır,Regular,Tüm Yaş Grupları,"96% Pamuk, ,4% Elastan",,,,
21,35522651,116719,4.2,,/trendyolmilla/beyaz-pamuklu-spagetti-askili-fitted-vucuda-oturan-crop-esnek-orme-atlet-twoss20al0006-p-35522651/yorumlar,Havuz Yaka,Örme,,Askılı,Standart Kol,Beyaz,Düz,Düz,Slim,Örme,Likralı Süprem,Basic,Cool & Comfort,Casual/Günlük,Hayır,Crop,Tüm Yaş Grupları,"96% Pamuk, ,4% Elastan",,,,
22,782103565,6439,3.6,,/trendyolmilla/lacivert-acik-gri-melanj-2-li-paket-pamuklu-spagetti-askili-crop-esnek-orme-atlet-twoss21al0196-p-782103565/yorumlar,Havuz Yaka,Örme,2'li,Askılı,Standart Kol,Lacivert,Düz,Düz,Slim,Örme,Likralı Süprem,Basic,Cool & Comfort,Casual/Günlük,Hayır,Crop,Tüm Yaş Grupları,"97% Pamuk, ,3% Elastan",Basic,,,
23,195194238,35416,4.4,,/trendyolmilla/gri-melanj-fitted-vucuda-oturan-havuz-yaka-fitilli-esnek-orme-atlet-twoss22al0042-p-195194238/yorumlar,Havuz Yaka,Örme,,Kolsuz,Standart Kol,Gri,Düz,Düz,Slim,Örme,Kaşkorse,Basic,Cool & Comfort,Casual/Günlük,Hayır,Regular,Tüm Yaş Grupları,"98% Pamuk, ,2% Elastan",,,,
24,778325178,16283,4.5,,/trendyolmilla/ekru-vucuda-oturan-regular-boy-halter-yaka-fitilli-pamuklu-esnek-orme-atlet-twoss24al00002-p-778325178/yorumlar,Halter Yaka,,,Kolsuz,Standart Kol,Ekru,Düz,Düz,Slim,Örme,Kaşkorse,Basic,Cool & Comfort,Casual/Günlük,Hayır,Crop,Tüm Yaş Grupları,"95% Pamuk, ,5% Elastan",,Yıkamalı,Yıkamalı,
25,114815541,63800,4.6,,/trendyolmilla/haki-fitted-vucuda-oturan-crop-halter-yaka-fitilli-esnek-orme-atlet-twoss21al0050-p-114815541/yorumlar,Halter Yaka,Örme,,Kolsuz,Standart Kol,Haki,Düz,Düz,Slim,Örme,Kaşkorse,Basic,Cool & Comfort,Casual/Günlük,Hayır,Crop,Tüm Yaş Grupları,"50% Pamuk, ,47% Polyester, ,3% Elastan",Basic,,,
26,782101679,23389,4.6,,/trendyolmilla/antrasit-kar-melanj-2-li-paket-kolsuz-crop-pamuklu-esnek-orme-atlet-twoss23al00010-p-782101679/yorumlar,Bisiklet Yaka,,2'li,Kolsuz,Standart Kol,Gri,Düz,Düz,Slim,Örme,Likralı Süprem,Basic,Cool & Comfort,Casual/Günlük,Hayır,Crop,Tüm Yaş Grupları,"72% Polyester, ,3% Elastan, ,25% Pamuk",Basic,,,
27,812727763,14562,4.5,,/edit-by-trendyol/siyah-beyaz-kontrast-askili-orme-atlet-tedss24al00002-p-812727763/yorumlar,Bisiklet Yaka,,,Askılı,Standart Kol,Siyah,Düz,Düz,Fitted,Örme,Dalgıç/Scuba,Basic,Fashion Forward,Casual/Günlük,Hayır,Regular,Tüm Yaş Grupları,"95% Polyester, ,5% Elastan",,,,
28,682305929,25229,4.5,,/trendyolmilla/antrasit-pamuklu-halter-yaka-fitted-vucuda-oturan-esnek-orme-atlet-twoss23al00069-p-682305929/yorumlar,Halter Yaka,,,Kolsuz,Kalın Askılı,Gri,Düz,Düz,Slim,Örme,Likralı Süprem,Basic,Cool & Comfort,Casual/Günlük,Hayır,Regular,Tüm Yaş Grupları,"96% Pamuk, ,4% Elastan",,Yıkamalı,Yıkamalı,
29,816604208,11707,3.3,,/trendyolmilla/beyaz-fermuarli-fitilli-esnek-crop-orme-atlet-twoss24al00062-p-816604208/yorumlar,Havuz Yaka,Polyester,,Kolsuz,Standart Kol,Beyaz,Renk Bloklu,Düz,Slim,Örme,Ottoman,Basic,Cool & Comfort,Casual/Günlük,Hayır,Regular,Tüm Yaş Grupları,100% Polyester,,,,
30,799994728,7283,4.5,,/trendyolmilla/lacivert-askili-crop-tas-kalp-aksesuar-detayli-esnek-orme-atlet-twoss24al00034-p-799994728/yorumlar,Kare Yaka,,,Askılı,Standart Kol,Lacivert,Kalp,Düz,Slim,Örme,Sandy,Basic,Cool & Comfort,Casual/Günlük,Hayır,Crop,Tüm Yaş Grupları,"96% Polyester, ,4% Elastan",,İnci/Trok/Taş/Kuş Gözü,,
31,367898638,14310,4.4,,/trendyolmilla/haki-bej-2-li-paket-buzgu-detayli-havuz-yaka-fitilli-esnek-orme-atlet-twoss21al0195-p-367898638/yorumlar,Havuz Yaka,Örme,2'li,Kolsuz,Standart Kol,Haki,Düz,Düz,Slim,Örme,Kaşkorse,Asimetrik,Cool & Comfort,Casual/Günlük,Hayır,Crop,Tüm Yaş Grupları,"99% Pamuk, ,1% Elastan",,Büzgü / Drape,,
32,813505788,13792,4.0,,/trendyolmilla/gri-mint-2-li-paket-halter-yaka-vucuda-oturan-fitilli-esnek-orme-atlet-twoss24al00055-p-813505788/yorumlar,Halter Yaka,,,Kolsuz,Standart Kol,Çok Renkli,Düz,Düz,Slim,Örme,Kaşkorse,Basic,Cool & Comfort,Casual/Günlük,Hayır,Regular,Tüm Yaş Grupları,"50% Pamuk, ,50% Polyester",,,,
33,780929508,9305,4.4,,/trendyolmilla/ekru-crop-fitted-vucuda-oturan-halter-yaka-pamuklu-esnek-orme-atlet-twoss24al00000-p-780929508/yorumlar,Halter Yaka,,,Kolsuz,Standart Kol,Ekru,Düz,Düz,Slim,Örme,Kaşkorse,Basic,Cool & Comfort,Casual/Günlük,Hayır,Crop,Tüm Yaş Grupları,"97% Pamuk, ,3% Elastan",,Yıkamalı,Yıkamalı,
34,774356004,7577,4.2,,/edit-by-trendyol/siyah-askili-orme-atlet-twoaw24al00002-p-774356004/yorumlar,Bisiklet Yaka,Pamuklu,,Askılı,İnce Askılı,Siyah,Düz,Düz,Regular,Örme,Süprem,Basic,Fashion Forward,Casual/Günlük,Hayır,Regular,Tüm Yaş Grupları,100% Pamuk,,,,
35,810300129,4574,4.4,,/trendyolmilla/tas-askili-regular-esnek-orme-atlet-twoss24al00024-p-810300129/yorumlar,Kare Yaka,,,Askılı,Standart Kol,Gri,Düz,Düz,Slim,Örme,Likralı Süprem,Basic,Cool & Comfort,Casual/Günlük,Hayır,Regular,Tüm Yaş Grupları,"96% Pamuk, ,4% Elastan",,,,
36,825256519,1099,4.0,,/trendyolmilla/kirmizi-fitted-vucuda-oturan-crop-halter-yaka-fitilli-esnek-orme-atlet-twoss21al0050-p-825256519/yorumlar,Halter Yaka,Örme,,Kolsuz,Standart Kol,Kırmızı,Düz,Düz,Slim,Örme,Kaşkorse,Basic,Cool & Comfort,Casual/Günlük,Hayır,Crop,Tüm Yaş Grupları,"50% Pamuk, ,47% Polyester, ,3% Elastan",Basic,,,
37,367949486,27144,4.5,,/trendyolmilla/lacivert-yesil-2-li-paket-fitted-vucuda-oturan-crop-halter-yaka-fitilli-orme-atlet-twoss21al0058-p-367949486/yorumlar,Halter Yaka,Örme,2'li,Kolsuz,Standart Kol,Lacivert,Düz,Düz,Slim,Örme,Kaşkorse,Basic,Cool & Comfort,Casual/Günlük,Hayır,Crop,Tüm Yaş Grupları,"50% Pamuk, ,47% Polyester, ,3% Elastan",,,,
38,808846295,13310,4.3,,/trendyolmilla/siyah-kontrast-biye-detayli-havuz-yaka-vuuda-oturan-fitilli-esnek-orme-atlet-twoss24al00044-p-808846295/yorumlar,Havuz Yaka,,,Kolsuz,Standart Kol,Siyah,Düz,Düz,Slim,Örme,Kaşkorse,Basic,Cool & Comfort,Casual/Günlük,Hayır,Regular,Tüm Yaş Grupları,"97% Pamuk, ,3% Elastan",,Biyeli,,
39,806283737,5482,4.4,,/trendyolmilla/siyah-slogan-baskili-tas-detayli-yikamali-relaxed-rahat-kalip-orme-atlet-twoss24al00045-p-806283737/yorumlar,Bisiklet Yaka,Pamuklu,,Kolsuz,Standart Kol,Siyah,Baskılı,Baskılı,Regular,Örme,20/1 penye süprem,Basic,Cool & Comfort,Casual/Günlük,Hayır,Crop,Tüm Yaş Grupları,100% Pamuk,,İnci/Trok/Taş/Kuş Gözü,Yıkamalı,
40,463400519,21193,4.4,,/trendyolmilla/kahverengi-pamuklu-halter-yaka-fitted-vucuda-oturan-esnek-orme-atlet-twoss23al00069-p-463400519/yorumlar,Halter Yaka,,,Kolsuz,Kalın Askılı,Kahverengi,Düz,Düz,Slim,Örme,Likralı Süprem,Basic,Cool & Comfort,Casual/Günlük,Hayır,Regular,Tüm Yaş Grupları,"96% Pamuk, ,4% Elastan",,Yıkamalı,Yıkamalı,
41,259300603,22796,4.2,,/trendyolmilla/haki-beyaz-2-li-paket-pamuklu-spagetti-askili-crop-esnek-orme-atlet-twoss21al0196-p-259300603/yorumlar,Havuz Yaka,Örme,2'li,Askılı,Standart Kol,Haki,Düz,Düz,Slim,Örme,Likralı Süprem,Basic,Cool & Comfort,Casual/Günlük,Hayır,Crop,Tüm Yaş Grupları,"97% Pamuk, ,3% Elastan",Basic,,,
42,367949487,20444,4.3,,/trendyolmilla/kahverengi-turuncu-2-li-paket-fitted-vucuda-oturan-crop-fitilli-esnek-orme-atlet-twoss21al0058-p-367949487/yorumlar,Halter Yaka,Örme,2'li,Kolsuz,Standart Kol,Kahverengi,Düz,Düz,Slim,Örme,Kaşkorse,Basic,Cool & Comfort,Casual/Günlük,Hayır,Crop,Tüm Yaş Grupları,"50% Pamuk, ,47% Polyester, ,3% Elastan",,,,
43,778325201,7231,4.1,,/trendyolmilla/gri-melanj-fitted-regular-boy-halter-yaka-fitilli-pamuklu-esnek-orme-atlet-twoss24al00002-p-778325201/yorumlar,Halter Yaka,,,Kolsuz,Standart Kol,Gri,Düz,Düz,Slim,Örme,Kaşkorse,Basic,Cool & Comfort,Casual/Günlük,Hayır,Crop,Tüm Yaş Grupları,"95% Pamuk, ,5% Elastan",,Yıkamalı,Yıkamalı,
44,367949482,26500,4.5,,/trendyolmilla/lacivert-gri-2-li-paket-fitted-vucuda-oturan-crop-halter-yaka-fitilli-esnek-orme-atlet-twoss21al0058-p-367949482/yorumlar,Halter Yaka,Örme,2'li,Kolsuz,Standart Kol,Lacivert,Düz,Düz,Slim,Örme,Kaşkorse,Basic,Cool & Comfort,Casual/Günlük,Hayır,Crop,Tüm Yaş Grupları,"50% Pamuk, ,47% Polyester, ,3% Elastan",,,,
45,812176078,7802,3.7,,/trendyolmilla/siyah-tas-pamuklu-halter-yaka-fitted-vucuda-oturan-esnek-2-li-paket-orme-atlet-twoss24al00049-p-812176078/yorumlar,Halter Yaka,,2'li,Kolsuz,Standart Kol,Çok Renkli,Düz,Düz,Slim,Örme,Likralı Süprem,Basic,Cool & Comfort,Casual/Günlük,Hayır,Regular,Tüm Yaş Grupları,"96% Pamuk, ,4% Polyester",,,,
46,819029425,2677,4.2,,/trendyolmilla/kahverengi-fitted-vucuda-oturan-havuz-yaka-fitilli-esnek-orme-atlet-twoss22al0042-p-819029425/yorumlar,Havuz Yaka,Örme,,Kolsuz,Standart Kol,Kahverengi,Düz,Düz,Slim,Örme,Kaşkorse,Basic,Cool & Comfort,Casual/Günlük,Hayır,Regular,Tüm Yaş Grupları,"98% Pamuk, ,2% Elastan",,,,
47,778325176,5709,4.9,,/trendyolmilla/siyah-vucuda-oturan-regular-boy-halter-yaka-fitilli-pamuklu-esnek-orme-atlet-twoss24al00002-p-778325176/yorumlar,Halter Yaka,,,Kolsuz,Standart Kol,Siyah,Düz,Düz,Slim,Örme,Kaşkorse,Basic,Cool & Comfort,Casual/Günlük,Hayır,Crop,Tüm Yaş Grupları,"95% Pamuk, ,5% Elastan",,Yıkamalı,Yıkamalı,
48,825242944,771,4.2,,/trendyolmilla/siyah-gri-melanj-2-li-paket-cut-out-detayli-fitted-crop-fitilli-esnek-orme-atlet-twoss23al00006-p-825242944/yorumlar,Halter Yaka,,2'li,Kolsuz,Standart Kol,Çok Renkli,Düz,Düz,Slim,Örme,Kaşkorse,Basic,Fashion Forward,Casual/Günlük,Hayır,Crop,Tüm Yaş Grupları,"50% Pamuk, ,47% Polyester, ,3% Elastan",,Cut Out,,
49,795580007,5769,4.2,,/trendyolmilla/kirmizi-duz-slim-kare-yaka-super-crop-orme-atlet-twoss24al00031-p-795580007/yorumlar,Kare Yaka,,,Kolsuz,Standart Kol,Kırmızı,Düz,Düz,Slim,Örme,Likralı Süprem,Basic,Cool & Comfort,Casual/Günlük,Hayır,Crop,Tüm Yaş Grupları,"96% Pamuk, ,4% Elastan",,,,
50,816604210,5345,4.1,,/trendyolmilla/siyah-fermuarli-fitilli-esnek-crop-orme-atlet-twoss24al00062-p-816604210/yorumlar,Havuz Yaka,Polyester,,Kolsuz,Standart Kol,Siyah,Renk Bloklu,Düz,Slim,Örme,Ottoman,Basic,Cool & Comfort,Casual/Günlük,Hayır,Regular,Tüm Yaş Grupları,100% Polyester,,,,
51,807308751,4358,4.3,,/trendyolmilla/tas-fitted-vucuda-oturan-havuz-yaka-fitilli-esnek-orme-atlet-twoss22al0042-p-807308751/yorumlar,Havuz Yaka,Örme,,Kolsuz,Standart Kol,Gri,Düz,Düz,Slim,Örme,Kaşkorse,Basic,Cool & Comfort,Casual/Günlük,Hayır,Regular,Tüm Yaş Grupları,"98% Pamuk, ,2% Elastan",,,,
52,820173789,1523,4.6,,/trendyolmilla/mint-acik-pembe-2-li-paket-pamuklu-spagetti-askili-crop-esnek-orme-atlet-twoss21al0196-p-820173789/yorumlar,Havuz Yaka,Örme,2'li,Askılı,Standart Kol,Çok Renkli,Düz,Düz,Slim,Örme,Likralı Süprem,Basic,Cool & Comfort,Casual/Günlük,Hayır,Crop,Tüm Yaş Grupları,"97% Pamuk, ,3% Elastan",Basic,,,
53,780929537,7039,4.8,,/trendyolmilla/indigo-eskitme-soluk-efektli-crop-fitted-halter-yaka-pamuklu-esnek-orme-atlet-twoss24al00000-p-780929537/yorumlar,Halter Yaka,,,Kolsuz,Standart Kol,Lacivert,Düz,Düz,Slim,Örme,Kaşkorse,Basic,Cool & Comfort,Casual/Günlük,Hayır,Crop,Tüm Yaş Grupları,"97% Pamuk, ,3% Elastan",,Yıkamalı,Yıkamalı,
54,825242950,956,,,,Halter Yaka,,2'li,Kolsuz,Standart Kol,Çok Renkli,Düz,Düz,Slim,Örme,Kaşkorse,Basic,Fashion Forward,Casual/Günlük,Hayır,Crop,Tüm Yaş Grupları,"50% Pamuk, ,47% Polyester, ,3% Elastan",,Cut Out,,
55,798189638,5632,4.6,,/trendyolmilla/bej-cizgili-fitted-vucuda-oturan-havuz-yaka-fitilli-esnek-orme-atlet-twoss24al00033-p-798189638/yorumlar,Havuz Yaka,,,Kolsuz,Standart Kol,Bej,Çizgili,Düz,Slim,Örme,Kaşkorse,Basic,Cool & Comfort,Casual/Günlük,Hayır,Regular,Tüm Yaş Grupları,"88% Polyester, ,8% Viskoz, ,4% Elastan",,,,
56,825129400,2554,3.7,,/trendyolmilla/acik-pembe-fitted-vucuda-oturan-havuz-yaka-fitilli-esnek-orme-atlet-twoss22al0042-p-825129400/yorumlar,Havuz Yaka,Örme,,Kolsuz,Standart Kol,Lacivert,Düz,Düz,Slim,Örme,Kaşkorse,Basic,Cool & Comfort,Casual/Günlük,Hayır,Regular,Tüm Yaş Grupları,"98% Pamuk, ,2% Elastan",,,,
57,195194242,10105,4.2,,/trendyolmilla/sari-fitted-vucuda-oturan-havuz-yaka-fitilli-esnek-orme-atlet-twoss22al0042-p-195194242/yorumlar,Havuz Yaka,Örme,,Kolsuz,Standart Kol,Sarı,Düz,Düz,Slim,Örme,Kaşkorse,Basic,Cool & Comfort,Casual/Günlük,Hayır,Regular,Tüm Yaş Grupları,"98% Pamuk, ,2% Elastan",,,,
58,101733046,46175,4.5,,/trendyolmilla/siyah-buzgu-detayli-havuz-yaka-fitilli-esnek-orme-atlet-twoss21al0020-p-101733046/yorumlar,Havuz Yaka,Örme,Tekli,Kolsuz,Standart Kol,Siyah,Düz,Düz,Slim,Örme,Kaşkorse,Basic,Cool & Comfort,Casual/Günlük,Hayır,Crop,Tüm Yaş Grupları,"98% Pamuk, ,2% Elastan",,Büzgü / Drape,,
59,812055962,4775,4.1,,/trendyolmilla/siyah-beyaz-fitted-vucuda-oturan-havuz-yaka-fitilli-esnek-orme-atlet-twoss24al00050-p-812055962/yorumlar,Havuz Yaka,Pamuk Polyester,2'li,Kolsuz,Standart Kol,Siyah,Düz,Düz,Slim,Örme,Kaşkorse,Basic,Cool & Comfort,Casual/Günlük,Hayır,Regular,Tüm Yaş Grupları,"98% Pamuk, ,2% Elastan",,,,
60,790413187,15085,4.4,,/trendyolmilla/beyaz-fitilli-v-yaka-super-crop-esnek-orme-atlet-twoss24al00029-p-790413187/yorumlar,V Yaka,,,Kolsuz,Standart Kol,Beyaz,Düz,Düz,Slim,Örme,Kaşkorse,Basic,Cool & Comfort,Casual/Günlük,Hayır,Regular,Tüm Yaş Grupları,"94% Pamuk, ,6% Elastan",,,,
61,795580011,8969,3.9,,/trendyolmilla/beyaz-duz-slim-kare-yaka-super-crop-orme-atlet-twoss24al00031-p-795580011/yorumlar,Kare Yaka,,,Kolsuz,Standart Kol,Beyaz,Düz,Düz,Slim,Örme,Likralı Süprem,Basic,Cool & Comfort,Casual/Günlük,Hayır,Crop,Tüm Yaş Grupları,"96% Pamuk, ,4% Elastan",,,,
62,780936878,7426,4.4,,/trendyolmilla/mavi-dugmeli-fitted-vucuda-oturan-pamuklu-esnek-fitilli-orme-atlet-twoss24al00015-p-780936878/yorumlar,Havuz Yaka,,,Kolsuz,Standart Kol,Mavi,Düz,Düz,Slim,Örme,Kaşkorse,Basic,Cool & Comfort,Casual/Günlük,Hayır,Regular,Tüm Yaş Grupları,"97% Pamuk, ,3% Elastan",,Düğme,Ek Özellik Mevcut Değil,
63,781937062,10755,4.2,,/trendyolmilla/siyah-askili-regular-esnek-orme-atlet-twoss24al00024-p-781937062/yorumlar,Kare Yaka,,,Askılı,Standart Kol,Siyah,Düz,Düz,Slim,Örme,Likralı Süprem,Basic,Cool & Comfort,Casual/Günlük,Hayır,Regular,Tüm Yaş Grupları,"96% Pamuk, ,4% Elastan",,,,
64,801212048,11566,4.1,,/trendyolmilla/gri-kare-yaka-askili-fitted-vucuda-oturan-orme-atlet-twoss24al00036-p-801212048/yorumlar,Kare Yaka,,,Askılı,Standart Kol,Gri,Düz,Düz,Slim,Örme,Likralı Süprem,Basic,Smart/Office,Casual/Günlük,Hayır,Regular,Tüm Yaş Grupları,"95% Pamuk, ,5% Polyester",,,,
65,780936883,7108,4.3,,/trendyolmilla/gri-melanj-dugmeli-fitted-vucuda-oturan-pamuklu-esnek-fitilli-orme-atlet-twoss24al00015-p-780936883/yorumlar,Havuz Yaka,,,Kolsuz,Standart Kol,Gri,Düz,Düz,Slim,Örme,Kaşkorse,Basic,Cool & Comfort,Casual/Günlük,Hayır,Regular,Tüm Yaş Grupları,"97% Pamuk, ,3% Elastan",,Düğme,Ek Özellik Mevcut Değil,
66,784807254,2003,4.0,,/trendyolmilla/turkuaz-dokulu-askili-crop-esnek-orme-atlet-twoss24al00028-p-784807254/yorumlar,Kare Yaka,,,Askılı,Standart Kol,Turkuaz,Düz,Düz,Slim,Örme,Dokulu,Basic,Cool & Comfort,Casual/Günlük,Hayır,Crop,Tüm Yaş Grupları,"95% Polyester, ,5% Elastan",,,Ek Özellik Mevcut Değil,
67,825130131,3476,3.8,,/trendyolmilla/vizon-indigo-2-li-paket-kolsuz-crop-pamuklu-esnek-orme-atlet-twoss23al00010-p-825130131/yorumlar,Bisiklet Yaka,,2'li,Kolsuz,Standart Kol,Kahverengi,Düz,Düz,Slim,Örme,Likralı Süprem,Basic,Cool & Comfort,Casual/Günlük,Hayır,Crop,Tüm Yaş Grupları,"72% Polyester, ,3% Elastan, ,25% Pamuk",Basic,,,
68,819139986,2254,4.1,,/trendyolmilla/siyah-fusya-2-li-paket-poliamid-icerikli-askili-crop-fitted-esnek-orme-atlet-twoss24al00053-p-819139986/yorumlar,Kare Yaka,,,Askılı,Standart Kol,Çok Renkli,Düz,Düz,Slim,Örme,Poliamid,Basic,Cool & Comfort,Casual/Günlük,Hayır,Regular,Tüm Yaş Grupları,"96% Poliamid, ,4% Elastan",,,,
69,819690630,2591,4.6,,/trendyolmilla/gri-melanj-havuz-yaka-regular-boy-fitilli-esnek-vucuda-oturan-orme-atlet-twoss24al00060-p-819690630/yorumlar,Havuz Yaka,,,Askılı,Standart Kol,Gri,Slogan,Düz,Slim,Örme,Kaşkorse,Basic,Cool & Comfort,Casual/Günlük,Hayır,Regular,Tüm Yaş Grupları,100% Pamuk,,,,
70,818956164,6012,4.4,,/trendyolmilla/siyah-poliamid-havuz-yaka-vucuda-oturan-super-esnek-orme-atlet-twoss24al00065-p-818956164/yorumlar,Havuz Yaka,,,Kolsuz,Standart Kol,Siyah,Düz,Düz,Regular,Örme,Poliamid,Basic,Cool & Comfort,Casual/Günlük,Hayır,Regular,Tüm Yaş Grupları,"94% Poliamid, ,6% Elastan",,,,
71,825129401,824,4.8,,/trendyolmilla/vizon-fitted-vucuda-oturan-havuz-yaka-fitilli-esnek-orme-atlet-twoss22al0042-p-825129401/yorumlar,Havuz Yaka,Örme,,Kolsuz,Standart Kol,Kahverengi,Düz,Düz,Slim,Örme,Kaşkorse,Basic,Cool & Comfort,Casual/Günlük,Hayır,Regular,Tüm Yaş Grupları,"98% Pamuk, ,2% Elastan",,,,
72,372192363,5959,4.4,,/trendyolmilla/siyah-kare-yaka-fitted-vucuda-oturan-esnek-orme-atlet-twoss23al00037-p-372192363/yorumlar,Havuz Yaka,,Tekli,Kolsuz,Standart Kol,Siyah,Düz,Düz,Slim,Örme,Micro,Basic,Cool & Comfort,Casual/Günlük,Hayır,Regular,Tüm Yaş Grupları,"93% Polyester, ,7% Elastan",,,,
73,372192372,7146,4.2,,/trendyolmilla/ekru-kare-yaka-fitted-vucuda-oturan-esnek-orme-atlet-twoss23al00037-p-372192372/yorumlar,Havuz Yaka,,Tekli,Kolsuz,Standart Kol,Ekru,Düz,Düz,Slim,Örme,Micro,Basic,Cool & Comfort,Casual/Günlük,Hayır,Regular,Tüm Yaş Grupları,"93% Polyester, ,7% Elastan",,,,
74,780929526,3171,4.9,,/trendyolmilla/bej-eskitme-soluk-efektli-crop-fitted-halter-yaka-pamuklu-esnek-orme-orme-atlet-twoss24al00000-p-780929526/yorumlar,Halter Yaka,,,Kolsuz,Standart Kol,Bej,Düz,Düz,Slim,Örme,Kaşkorse,Basic,Cool & Comfort,Casual/Günlük,Hayır,Crop,Tüm Yaş Grupları,"97% Pamuk, ,3% Elastan",,Yıkamalı,Yıkamalı,
75,182483258,39648,4.4,,/trendyolmilla/mavi-fitted-vucuda-oturan-crop-halter-yaka-fitilli-esnek-orme-atlet-twoss21al0050-p-182483258/yorumlar,Halter Yaka,Örme,,Kolsuz,Standart Kol,Lacivert,Düz,Düz,Slim,Örme,Kaşkorse,Basic,Cool & Comfort,Casual/Günlük,Hayır,Crop,Tüm Yaş Grupları,"50% Pamuk, ,47% Polyester, ,3% Elastan",Basic,,,
76,369685262,63357,4.4,,/trendyolmilla/siyah-beyaz-2-li-paket-cut-out-detayli-fitted-crop-fitilli-esnek-orme-atlet-twoss23al00006-p-369685262/yorumlar,Halter Yaka,,2'li,Kolsuz,Standart Kol,Siyah,Düz,Düz,Slim,Örme,Kaşkorse,Basic,Fashion Forward,Casual/Günlük,Hayır,Crop,Tüm Yaş Grupları,"50% Pamuk, ,47% Polyester, ,3% Elastan",,Cut outlı,,
77,825243586,3722,3.9,,/trendyolmilla/pembe-beyaz-2-li-paket-vucuda-oturan-crop-halter-yaka-fitilli-esnek-orme-atlet-twoss21al0058-p-825243586/yorumlar,Halter Yaka,Örme,2'li,Kolsuz,Standart Kol,Pembe,Düz,Düz,Slim,Örme,Kaşkorse,Basic,Cool & Comfort,Casual/Günlük,Hayır,Crop,Tüm Yaş Grupları,"50% Pamuk, ,47% Polyester, ,3% Elastan",,,,
78,820020307,5319,3.8,,/trendyolmilla/beyaz-halter-yaka-kontrast-biye-detayli-fitilli-esnek-orme-atlet-twoss24al00027-p-820020307/yorumlar,Halter Yaka,,,Kolsuz,Standart Kol,Beyaz,Renk Bloklu,Düz,Slim,Örme,Ribana/Kaşkorse,Basic,Cool & Comfort,Casual/Günlük,Hayır,Crop,Tüm Yaş Grupları,"56% Viskoz, ,42% Polyester, ,2% Elastan",,,,
79,83301557,197643,4.6,,/trendyolmilla/siyah-fitted-vucuda-oturan-super-crop-halter-yaka-fitilli-esnek-orme-atlet-twoss21al0050-p-83301557/yorumlar,Halter Yaka,Örme,,Kolsuz,Standart Kol,Siyah,Düz,Düz,Slim,Örme,Kaşkorse,Basic,Cool & Comfort,Casual/Günlük,Hayır,Crop,Tüm Yaş Grupları,"50% Pamuk, ,47% Polyester, ,3% Elastan",Basic,,,
80,825243739,2102,5.0,,/trendyolmilla/pembe-fitted-vucuda-oturan-crop-halter-yaka-fitilli-esnek-orme-atlet-twoss21al0050-p-825243739/yorumlar,Halter Yaka,Örme,,Kolsuz,Standart Kol,Pembe,Düz,Düz,Slim,Örme,Kaşkorse,Basic,Cool & Comfort,Casual/Günlük,Hayır,Crop,Tüm Yaş Grupları,"50% Pamuk, ,47% Polyester, ,3% Elastan",Basic,,,
81,779780413,9015,4.0,,/trendyolmilla/siyah-kare-yaka-sifir-kol-pamuklu-esnek-fitted-vucuda-oturan-orme-atlet-twoss24al00013-p-779780413/yorumlar,Kare Yaka,,,Kolsuz,Standart Kol,Siyah,Düz,Düz,Slim,Örme,Likralı Süprem,Basic,Cool & Comfort,Casual/Günlük,Hayır,Regular,Tüm Yaş Grupları,"97% Pamuk, ,3% Elastan",,,,
82,812193355,9867,4.3,,/trendyolmilla/siyah-beyaz-cok-renkli-spagetti-askili-fitted-vucuda-oturan-crop-esnek-orme-atlet-twoss24al00051-p-812193355/yorumlar,Havuz Yaka,,3'lü,Askılı,Standart Kol,Çok Renkli,Düz,Düz,Slim,Örme,Likralı Süprem,Basic,Cool & Comfort,Casual/Günlük,Hayır,Crop,Tüm Yaş Grupları,"97% Pamuk, ,3% Elastan",,,,
83,806268455,3056,4.5,,/trendyolmilla/bordo-renk-bloklu-fitted-vucuda-oturan-kare-yaka-askili-orme-atlet-twoss24al00038-p-806268455/yorumlar,Kare Yaka,,,Askılı,Standart Kol,Bordo,Renk Bloklu,Düz,Slim,Örme,Likralı Süprem,Basic,Cool & Comfort,Casual/Günlük,Hayır,Regular,Tüm Yaş Grupları,"97% Pamuk, ,3% Elastan",,,,
84,778325181,7392,4.4,,/trendyolmilla/haki-soluk-efektli-vucuda-oturan-halter-yaka-fitilli-pamuklu-esnek-orme-atlet-twoss24al00002-p-778325181/yorumlar,Halter Yaka,,,Kolsuz,Standart Kol,Haki,Düz,Düz,Slim,Örme,Kaşkorse,Basic,Cool & Comfort,Casual/Günlük,Hayır,Crop,Tüm Yaş Grupları,"95% Pamuk, ,5% Elastan",,Yıkamalı,Yıkamalı,
85,817827970,4241,4.4,,/trendyolmilla/siyah-gri-melanj-2-li-paket-vucuda-oturan-crop-halter-yaka-fitilli-esnek-orme-atlet-twoss21al0058-p-817827970/yorumlar,Halter Yaka,Örme,2'li,Kolsuz,Standart Kol,Siyah,Düz,Düz,Slim,Örme,Kaşkorse,Basic,Cool & Comfort,Casual/Günlük,Hayır,Crop,Tüm Yaş Grupları,"50% Pamuk, ,47% Polyester, ,3% Elastan",,,,
86,372192338,16221,4.4,,/trendyolmilla/vizon-kare-yaka-fitted-vucuda-oturan-esnek-orme-atlet-twoss23al00037-p-372192338/yorumlar,Havuz Yaka,,Tekli,Kolsuz,Standart Kol,Kahverengi,Düz,Düz,Slim,Örme,Micro,Basic,Cool & Comfort,Casual/Günlük,Hayır,Regular,Tüm Yaş Grupları,"93% Polyester, ,7% Elastan",,,,
87,819690636,1979,4.2,,/trendyolmilla/siyah-sloganli-havuz-yaka-regular-boy-fitilli-esnek-vucuda-oturan-orme-atlet-twoss24al00060-p-819690636/yorumlar,Havuz Yaka,,,Askılı,Standart Kol,Siyah,Slogan,Düz,Slim,Örme,Kaşkorse,Basic,Cool & Comfort,Casual/Günlük,Hayır,Regular,Tüm Yaş Grupları,100% Pamuk,,,,
88,784807255,3388,4.1,,/trendyolmilla/turuncu-dokulu-askili-crop-esnek-orme-atlet-twoss24al00028-p-784807255/yorumlar,Kare Yaka,,,Askılı,Standart Kol,Turuncu,Düz,Düz,Slim,Örme,Dokulu,Basic,Cool & Comfort,Casual/Günlük,Hayır,Crop,Tüm Yaş Grupları,"95% Polyester, ,5% Elastan",,,Ek Özellik Mevcut Değil,
89,808991383,7917,3.3,,/trendyolmilla/neon-yesil-halter-yaka-fitilli-esnek-orme-atlet-twoss24al00047-p-808991383/yorumlar,Halter Yaka,Pamuk Polyester,,Kolsuz,Standart Kol,Siyah,Düz,Düz,Slim,Örme,Kaşkorse,Basic,Cool & Comfort,Casual/Günlük,Hayır,Regular,Tüm Yaş Grupları,"68% Pamuk, 32% Polyester",,,,
90,825131551,1022,3.8,,/trendyolmilla/tas-duz-slim-kare-yaka-super-crop-orme-atlet-twoss24al00031-p-825131551/yorumlar,Kare Yaka,,,Kolsuz,Standart Kol,Gri,Düz,Düz,Slim,Örme,Likralı Süprem,Basic,Cool & Comfort,Casual/Günlük,Hayır,Crop,Tüm Yaş Grupları,"96% Pamuk, ,4% Elastan",,,,
91,795580026,6147,4.3,,/trendyolmilla/siyah-duz-slim-kare-yaka-super-crop-orme-atlet-twoss24al00031-p-795580026/yorumlar,Kare Yaka,,,Kolsuz,Standart Kol,Siyah,Düz,Düz,Slim,Örme,Likralı Süprem,Basic,Cool & Comfort,Casual/Günlük,Hayır,Crop,Tüm Yaş Grupları,"96% Pamuk, ,4% Elastan",,,,
92,370736911,16360,4.6,,/trendyolmilla/antrasit-fitted-vucuda-oturan-yaka-detayli-baskili-fitilli-crop-esnek-orme-atlet-twoss23al00033-p-370736911/yorumlar,V Yaka,,Tekli,Kolsuz,Standart Kol,Gri,Slogan,Baskılı,Slim,Örme,Kaşkorse,Basic,Cool & Comfort,Casual/Günlük,Hayır,Crop,16 - 21 Yaş,"97% Pamuk, ,3% Elastan",,,,
93,114815529,157694,4.2,,/trendyolmilla/beyaz-fitted-vucuda-oturan-crop-halter-yaka-fitilli-esnek-orme-atlet-twoss21al0050-p-114815529/yorumlar,Halter Yaka,Örme,,Kolsuz,Standart Kol,Beyaz,Düz,Düz,Slim,Örme,Kaşkorse,Basic,Cool & Comfort,Casual/Günlük,Hayır,Crop,Tüm Yaş Grupları,"50% Pamuk, ,47% Polyester, ,3% Elastan",Basic,,,
94,782335104,1978,4.6,,/trendyolmilla/antrasit-halter-yaka-dokulu-esnek-orme-atlet-twoss24al00017-p-782335104/yorumlar,Havuz Yaka,,,Kolsuz,Standart Kol,Gri,Düz,Düz,Slim,Örme,Dokulu,Basic,Cool & Comfort,Casual/Günlük,Hayır,Regular,Tüm Yaş Grupları,"99% Polyester, ,1% Elastan",,,,
95,779780414,8691,3.5,,/trendyolmilla/ekru-kare-yaka-sifir-kol-pamuklu-esnek-fitted-vucuda-oturan-orme-atlet-twoss24al00013-p-779780414/yorumlar,Kare Yaka,,,Kolsuz,Standart Kol,Ekru,Düz,Düz,Slim,Örme,Likralı Süprem,Basic,Cool & Comfort,Casual/Günlük,Hayır,Regular,Tüm Yaş Grupları,"97% Pamuk, ,3% Elastan",,,,
96,36882426,40114,4.3,,/trendyolmilla/lacivert-pamuklu-spagetti-askili-fitted-vucuda-oturan-crop-esnek-orme-atlet-twoss20al0006-p-36882426/yorumlar,Havuz Yaka,Örme,,Askılı,Standart Kol,Lacivert,Düz,Düz,Slim,Örme,Likralı Süprem,Basic,Cool & Comfort,Casual/Günlük,Hayır,Crop,Tüm Yaş Grupları,"96% Pamuk, ,4% Elastan",,,,
97,778325192,8424,4.0,,/trendyolmilla/lacivert-soluk-efektli-vucuda-oturan-halter-yaka-fitilli-pamuklu-esnek-orme-atlet-twoss24al00002-p-778325192/yorumlar,Halter Yaka,,,Kolsuz,Standart Kol,Lacivert,Düz,Düz,Slim,Örme,Kaşkorse,Basic,Cool & Comfort,Casual/Günlük,Hayır,Crop,Tüm Yaş Grupları,"95% Pamuk, ,5% Elastan",,Yıkamalı,Yıkamalı,
98,780276015,2989,4.5,,/trendyolmilla/haki-fitted-vucuda-oturan-havuz-yaka-fitilli-esnek-orme-atlet-twoss22al0042-p-780276015/yorumlar,Havuz Yaka,Örme,,Kolsuz,Standart Kol,Haki,Düz,Düz,Slim,Örme,Kaşkorse,Basic,Cool & Comfort,Casual/Günlük,Hayır,Regular,Tüm Yaş Grupları,"98% Pamuk, ,2% Elastan",,,,
99,368342410,12698,4.5,,/trendyolmilla/fusya-fitted-vucuda-oturan-crop-halter-yaka-fitilli-esnek-orme-atlet-twoss21al0050-p-368342410/yorumlar,Halter Yaka,Örme,,Kolsuz,Standart Kol,Pembe,Düz,Düz,Slim,Örme,Kaşkorse,Basic,Cool & Comfort,Casual/Günlük,Hayır,Crop,Tüm Yaş Grupları,"50% Pamuk, ,47% Polyester, ,3% Elastan",Basic,,,
100,784869585,14219,3.9,,/trendyolmilla/siyah-halter-yaka-kontrast-biye-detayli-fitilli-esnek-orme-atlet-twoss24al00027-p-784869585/yorumlar,Halter Yaka,,,Kolsuz,Standart Kol,Siyah,Renk Bloklu,Düz,Slim,Örme,Ribana/Kaşkorse,Basic,Cool & Comfort,Casual/Günlük,Hayır,Crop,Tüm Yaş Grupları,"56% Viskoz, ,42% Polyester, ,2% Elastan",,,,
101,812195074,1352,4.8,,/trendyolmilla/turuncu-boyundan-baglamali-slogan-baskili-bluz-orme-atlet-twoss24al00052-p-812195074/yorumlar,Boyundan Bağlamalı,,,Kolsuz,Standart Kol,Turuncu,Baskılı,Baskılı,Regular,Örme,Likralı Süprem,Basic,Cool & Comfort,Casual/Günlük,Hayır,Regular,Tüm Yaş Grupları,"96% Pamuk, ,4% Elastan",,Büzgü / Drape,,
102,244958547,45935,4.3,,/trendyolmilla/ekru-asimetrik-super-crop-fitilli-esnek-orme-atlet-twoss22al0065-p-244958547/yorumlar,Halter Yaka,Örme,Tekli,Kolsuz,Standart Kol,Ekru,Düz,Düz,Slim,Örme,Kaşkorse,Asimetrik,Cool & Comfort,Casual/Günlük,Hayır,Crop,Tüm Yaş Grupları,"81% Polyester, ,18% Pamuk, ,1% Elastan",Young,,,
103,827150845,3111,4.8,,/trendyolmilla/siyah-halter-yaka-vucuda-oturan-regular-boy-fitilli-esnek-orme-atlet-twoss24al00064-p-827150845/yorumlar,Halter Yaka,Pamuk Polyester,,Kolsuz,Standart Kol,Siyah,Düz,Düz,Regular,Örme,Kaşkorse,Basic,Cool & Comfort,Casual/Günlük,Hayır,Regular,Tüm Yaş Grupları,"97% Pamuk, ,3% Elastan",,,,
104,806267599,6699,4.1,,/trendyolmilla/siyah-fitted-vucuda-oturan-halter-yaka-crop-orme-atlet-twoss24al00042-p-806267599/yorumlar,Halter Yaka,,,Askılı,Standart Kol,Siyah,Düz,Düz,Slim,Örme,Likralı Süprem,Basic,Cool & Comfort,Casual/Günlük,Hayır,Crop,Tüm Yaş Grupları,"96% Pamuk, ,4% Elastan",,,,
105,805660425,9596,4.1,,/trendyolmilla/lacivert-cok-renkli-kontrast-biye-detayli-fitted-vucuda-oturan-esnek-orme-atlet-twoss24al00041-p-805660425/yorumlar,Kare Yaka,,,Askılı,Standart Kol,Lacivert,Renk Bloklu,Düz,Slim,Örme,Rejenere Kaşkorse,Basic,Cool & Comfort,Casual/Günlük,Hayır,Regular,Tüm Yaş Grupları,"70% Polyester, ,28% Pamuk, ,2% Elastan",,,,
106,782522275,4194,4.3,,/trendyolmilla/beyaz-askili-crop-fitilli-esnek-orme-atlet-twoss24al00023-p-782522275/yorumlar,Havuz Yaka,,,Kolsuz,Standart Kol,Beyaz,Düz,Düz,Slim,Örme,Kaşkorse,Basic,Cool & Comfort,Casual/Günlük,Hayır,Regular,Tüm Yaş Grupları,"68% Polyester, ,6% Elastan, ,26% Pamuk",,,,
107,114815560,13229,4.6,,/trendyolmilla/gri-fitted-vucuda-oturan-crop-halter-yaka-fitilli-esnek-orme-atlet-twoss21al0050-p-114815560/yorumlar,Halter Yaka,Örme,,Kolsuz,Standart Kol,Gri,Düz,Düz,Slim,Örme,Kaşkorse,Basic,Cool & Comfort,Casual/Günlük,Hayır,Crop,Tüm Yaş Grupları,"50% Pamuk, ,47% Polyester, ,3% Elastan",Basic,,,
108,808846287,3574,4.7,,/trendyolmilla/gri-melanj-kontrast-biye-detayli-havuz-yaka-vuuda-oturan-fitilli-esnek-orme-atlet-twoss24al00044-p-808846287/yorumlar,Havuz Yaka,,,Kolsuz,Standart Kol,Gri,Düz,Düz,Slim,Örme,Kaşkorse,Basic,Cool & Comfort,Casual/Günlük,Hayır,Regular,Tüm Yaş Grupları,"97% Pamuk, ,3% Elastan",,Biyeli,,
109,784869584,6839,4.6,,/trendyolmilla/kahverengi-halter-yaka-kontrast-biye-detayli-fitilli-esnek-orme-atlet-twoss24al00027-p-784869584/yorumlar,Halter Yaka,,,Kolsuz,Standart Kol,Kahverengi,Renk Bloklu,Düz,Slim,Örme,Ribana/Kaşkorse,Basic,Cool & Comfort,Casual/Günlük,Hayır,Crop,Tüm Yaş Grupları,"56% Viskoz, ,42% Polyester, ,2% Elastan",,,,
110,782522299,8493,4.3,,/trendyolmilla/siyah-askili-crop-fitilli-esnek-orme-atlet-twoss24al00023-p-782522299/yorumlar,Havuz Yaka,,,Kolsuz,Standart Kol,Siyah,Düz,Düz,Slim,Örme,Kaşkorse,Basic,Cool & Comfort,Casual/Günlük,Hayır,Regular,Tüm Yaş Grupları,"68% Polyester, ,6% Elastan, ,26% Pamuk",,,,
111,812056182,2160,4.1,,/trendyolmilla/lacivert-gri-fitted-vucuda-oturan-havuz-yaka-fitilli-esnek-orme-atlet-twoss24al00050-p-812056182/yorumlar,Havuz Yaka,Pamuk Polyester,2'li,Kolsuz,Standart Kol,Çok Renkli,Düz,Düz,Slim,Örme,Kaşkorse,Basic,Cool & Comfort,Casual/Günlük,Hayır,Regular,Tüm Yaş Grupları,"98% Pamuk, ,2% Elastan",,,,
112,819030942,359,4.0,,/trendyolmilla/indigo-askili-regular-esnek-orme-atlet-twoss24al00024-p-819030942/yorumlar,Kare Yaka,,,Askılı,Standart Kol,Lacivert,Düz,Düz,Slim,Örme,Likralı Süprem,Basic,Cool & Comfort,Casual/Günlük,Hayır,Regular,Tüm Yaş Grupları,"96% Pamuk, ,4% Elastan",,,,
113,780936886,5390,4.4,,/trendyolmilla/siyah-dugmeli-fitted-vucuda-oturan-pamuklu-esnek-fitilli-orme-atlet-twoss24al00015-p-780936886/yorumlar,Havuz Yaka,,,Kolsuz,Standart Kol,Siyah,Düz,Düz,Slim,Örme,Kaşkorse,Basic,Cool & Comfort,Casual/Günlük,Hayır,Regular,Tüm Yaş Grupları,"97% Pamuk, ,3% Elastan",,Düğme,Ek Özellik Mevcut Değil,
114,781937060,2394,4.5,,/trendyolmilla/kirmizi-askili-regular-esnek-orme-atlet-twoss24al00024-p-781937060/yorumlar,Kare Yaka,,,Askılı,Standart Kol,Kırmızı,Düz,Düz,Slim,Örme,Likralı Süprem,Basic,Cool & Comfort,Casual/Günlük,Hayır,Regular,Tüm Yaş Grupları,"96% Pamuk, ,4% Elastan",,,,
115,819139977,5435,4.7,,/trendyolmilla/siyah-yesil-2-li-paket-poliamid-icerikli-askili-crop-fitted-esnek-orme-atlet-twoss24al00053-p-819139977/yorumlar,Kare Yaka,,,Askılı,Standart Kol,Çok Renkli,Düz,Düz,Slim,Örme,Poliamid,Basic,Cool & Comfort,Casual/Günlük,Hayır,Regular,Tüm Yaş Grupları,"96% Poliamid, ,4% Elastan",,,,
116,782102247,5020,4.3,,/trendyolmilla/haki-eskitme-soluk-efektli-pamuklu-halter-yaka-fitted-esnek-orme-atlet-twoss23al00069-p-782102247/yorumlar,Halter Yaka,,,Kolsuz,Kalın Askılı,Haki,Düz,Düz,Slim,Örme,Likralı Süprem,Basic,Cool & Comfort,Casual/Günlük,Hayır,Regular,Tüm Yaş Grupları,"96% Pamuk, ,4% Elastan",,Yıkamalı,Yıkamalı,
117,815330636,4730,3.0,,/trendyolmilla/beyaz-bisiklet-yaka-sifir-kol-orme-atlet-twoss24al00058-p-815330636/yorumlar,Bisiklet Yaka,,,Kolsuz,Standart Kol,Beyaz,Düz,Düz,Slim,Örme,Ribana/Kaşkorse,Basic,Cool & Comfort,Casual/Günlük,Hayır,Regular,Tüm Yaş Grupları,"96% Viskoz, ,4% Elastan",,,,
118,825131548,1847,5.0,,/trendyolmilla/haki-duz-slim-kare-yaka-super-crop-orme-atlet-twoss24al00031-p-825131548/yorumlar,Kare Yaka,,,Kolsuz,Standart Kol,Haki,Düz,Düz,Slim,Örme,Likralı Süprem,Basic,Cool & Comfort,Casual/Günlük,Hayır,Crop,Tüm Yaş Grupları,"96% Pamuk, ,4% Elastan",,,,
119,822265706,1888,4.8,,/trendyolmilla/siyah-beyaz-nakisli-2-li-paket-vucuda-oturan-crop-halter-yaka-fitilli-esnek-orme-atlet-twoss21al0058-p-822265706/yorumlar,Halter Yaka,Örme,2'li,Kolsuz,Standart Kol,Siyah,Düz,Düz,Slim,Örme,Kaşkorse,Basic,Cool & Comfort,Casual/Günlük,Hayır,Crop,Tüm Yaş Grupları,"50% Pamuk, ,47% Polyester, ,3% Elastan",,,,
120,809983415,1176,3.0,,/edit-by-trendyol/kadin-giyim-beyaz-bel-detayli-askli-orme-atlet-p-809983415/yorumlar,Bisiklet Yaka,Pamuklu,Tekli,Askılı,Standart Kol,Beyaz,Düz,Düz,Fitted,Örme,Süprem,Basic,Fashion Forward,Casual/Günlük,Hayır,Regular,Tüm Yaş Grupları,"95% Pamuk, ,5% Elastan",Sportswear,,,
121,368342403,11691,4.6,,/trendyolmilla/turuncu-fitted-vucuda-oturan-crop-halter-yaka-fitilli-esnek-orme-atlet-twoss21al0050-p-368342403/yorumlar,Halter Yaka,Örme,,Kolsuz,Standart Kol,Turuncu,Düz,Düz,Slim,Örme,Kaşkorse,Basic,Cool & Comfort,Casual/Günlük,Hayır,Crop,Tüm Yaş Grupları,"50% Pamuk, ,47% Polyester, ,3% Elastan",Basic,,,
122,813869774,2701,3.2,,/trendyolmilla/siyah-dantel-detayli-dokulu-tul-fitted-vucuda-oturan-esnek-orme-atlet-twoss24al00056-p-813869774/yorumlar,V Yaka,,,Askılı,Standart Kol,Siyah,Düz,Düz,Slim,Örme,Dokulu,Basic,Fashion Forward,Casual/Günlük,Hayır,Regular,Tüm Yaş Grupları,"95% Polyester, ,5% Elastan",,Dantel/Mesh/File,,
123,778531947,1808,4.3,,/trendyolmilla/siyah-file-detayli-fitted-vucuda-oturan-orme-atlet-twoss24al00004-p-778531947/yorumlar,Halter Yaka,,,Kolsuz,Standart Kol,Siyah,Düz,Düz,Regular,Örme,File,Basic,Cool & Comfort,Gündüz / Gece,Hayır,Regular,Tüm Yaş Grupları,"97% Polyester, ,3% Elastan",,Varak,,
124,810016919,1629,3.6,,/edit-by-trendyol/kirmizi-regular-orme-atlet-twoaw24al00002-p-810016919/yorumlar,Bisiklet Yaka,Pamuklu,,Askılı,İnce Askılı,Kırmızı,Düz,Düz,Regular,Örme,Süprem,Basic,Fashion Forward,Casual/Günlük,Hayır,Regular,Tüm Yaş Grupları,100% Pamuk,,,,
125,240345699,16638,4.4,,/trendyolmilla/siyah-fitted-vucuda-oturan-bisiklet-yaka-burumcuk-dokulu-orme-atlet-twoss22al00075-p-240345699/yorumlar,Bisiklet Yaka,Polyester Karışımlı,Tekli,Kolsuz,Standart Kol,Siyah,Düz,Düz,Slim,Örme,Bürümcük,Basic,Cool & Comfort,Casual/Günlük,Hayır,Regular,Tüm Yaş Grupları,"98% Polyester, ,2% Elastan",,,Ek Özellik Mevcut Değil,
126,782103008,3733,3.9,,/trendyolmilla/antrasit-pamuklu-spagetti-askili-fitted-vucuda-oturan-crop-esnek-orme-atlet-twoss20al0006-p-782103008/yorumlar,Havuz Yaka,Örme,,Askılı,Standart Kol,Gri,Düz,Düz,Slim,Örme,Likralı Süprem,Basic,Cool & Comfort,Casual/Günlük,Hayır,Crop,Tüm Yaş Grupları,"96% Pamuk, ,4% Elastan",,,,
127,780276008,2912,4.1,,/trendyolmilla/kirmizi-fitted-vucuda-oturan-havuz-yaka-fitilli-esnek-orme-atlet-twoss22al0042-p-780276008/yorumlar,Havuz Yaka,Örme,,Kolsuz,Standart Kol,Kırmızı,Düz,Düz,Slim,Örme,Kaşkorse,Basic,Cool & Comfort,Casual/Günlük,Hayır,Regular,Tüm Yaş Grupları,"98% Pamuk, ,2% Elastan",,,,
128,818956162,8002,4.5,,/trendyolmilla/vizon-poliamid-havuz-yaka-vucuda-oturan-super-esnek-orme-atlet-twoss24al00065-p-818956162/yorumlar,Havuz Yaka,,,Kolsuz,Standart Kol,Bej,Düz,Düz,Regular,Örme,Poliamid,Basic,Cool & Comfort,Casual/Günlük,Hayır,Regular,Tüm Yaş Grupları,"94% Poliamid, ,6% Elastan",,,,
129,778325179,7523,4.6,,/trendyolmilla/antrasit-soluk-efektli-vucuda-oturan-halter-yaka-fitilli-pamuklu-esnek-orme-atlet-twoss24al00002-p-778325179/yorumlar,Halter Yaka,,,Kolsuz,Standart Kol,Gri,Düz,Düz,Slim,Örme,Kaşkorse,Basic,Cool & Comfort,Casual/Günlük,Hayır,Crop,Tüm Yaş Grupları,"95% Pamuk, ,5% Elastan",,Yıkamalı,Yıkamalı,
130,809983413,2025,2.8,,/edit-by-trendyol/siyah-bel-detayli-askli-orme-atlet-tedss24al00001-p-809983413/yorumlar,Bisiklet Yaka,Pamuklu,Tekli,Askılı,Standart Kol,Siyah,Düz,Düz,Fitted,Örme,Süprem,Basic,Fashion Forward,Casual/Günlük,Hayır,Regular,Tüm Yaş Grupları,"95% Pamuk, ,5% Elastan",Sportswear,,,
131,356589594,12228,4.4,,/trendyolmilla/siyah-pembe-2-li-paket-pamuklu-spagetti-askili-crop-esnek-orme-atlet-twoss21al0196-p-356589594/yorumlar,Havuz Yaka,Örme,2'li,Askılı,Standart Kol,Siyah,Düz,Düz,Slim,Örme,Likralı Süprem,Basic,Cool & Comfort,Casual/Günlük,Hayır,Crop,Tüm Yaş Grupları,"97% Pamuk, ,3% Elastan",Basic,,,
132,378628578,18743,4.5,,/trendyolmilla/siyah-boyundan-baglamali-spagetti-askili-pamuklu-esnek-crop-orme-atlet-twoss23al00046-p-378628578/yorumlar,Boyundan Bağlamalı,,,Askılı,Standart Kol,Siyah,Düz,Düz,Slim,Örme,Likralı Süprem,Basic,Cool & Comfort,Gündüz / Gece,Hayır,Crop,Tüm Yaş Grupları,"97% Pamuk, ,3% Elastan",,Cut Out,,
133,356589577,6577,4.3,,/trendyolmilla/lacivert-kirmizi-2-li-paket-pamuklu-spagetti-askili-crop-esnek-orme-atlet-twoss21al0196-p-356589577/yorumlar,Havuz Yaka,Örme,2'li,Askılı,Standart Kol,Lacivert,Düz,Düz,Slim,Örme,Likralı Süprem,Basic,Cool & Comfort,Casual/Günlük,Hayır,Crop,Tüm Yaş Grupları,"97% Pamuk, ,3% Elastan",Basic,,,
134,819555092,1331,3.7,,/edit-by-trendyol/kirmizi-regular-orme-atlet-tedss24al00004-p-819555092/yorumlar,Bisiklet Yaka,,,Askılı,Standart Kol,Kırmızı,Düz,Düz,Regular,Örme,Kaşkorse,Basic,Fashion Forward,Casual/Günlük,Hayır,Regular,Tüm Yaş Grupları,"95% Pamuk, ,5% Elastan",,,,
135,825515031,1562,2.8,,/edit-by-trendyol/siyah-beyaz-gri-pamuklu-askili-orme-atlet-tedss24al00005-p-825515031/yorumlar,Kare Yaka,,,Askılı,Standart Kol,Çok Renkli,Düz,Düz,Fitted,Örme,Süprem,Basic,Cool & Comfort,Lounge/Home,Hayır,,Tüm Yaş Grupları,"96% Polyester, ,4% Elastan",,,,
136,796458705,4775,4.5,,/trendyolmilla/kiremit-pamuklu-halter-yaka-fitted-vucuda-oturan-esnek-orme-atlet-twoss23al00069-p-796458705/yorumlar,Halter Yaka,,,Kolsuz,Kalın Askılı,Bordo,Düz,Düz,Slim,Örme,Likralı Süprem,Basic,Cool & Comfort,Casual/Günlük,Hayır,Regular,Tüm Yaş Grupları,"96% Pamuk, ,4% Elastan",,Yıkamalı,Yıkamalı,
137,809983412,449,3.5,,/edit-by-trendyol/bej-bel-detayli-askli-orme-atlet-tedss24al00001-p-809983412/yorumlar,Bisiklet Yaka,Pamuklu,Tekli,Askılı,Standart Kol,Bej,Düz,Düz,Fitted,Örme,Süprem,Basic,Fashion Forward,Casual/Günlük,Hayır,Regular,Tüm Yaş Grupları,"95% Pamuk, ,5% Elastan",Sportswear,,,
138,829524059,1342,4.0,,/trendyolmilla/fusya-hardal-bej-3-lu-paket-askili-vucuda-oturan-kare-yaka-esnek-orme-atlet-twoss24al00054-p-829524059/yorumlar,Kare Yaka,%100 Pamuk,,Askılı,Standart Kol,Çok Renkli,Düz,Düz,Slim,Örme,Likralı Süprem,Basic,Cool & Comfort,Casual/Günlük,Hayır,,Tüm Yaş Grupları,100% Pamuk,,,,
139,815552976,1433,3.4,,/trendyolmilla/mavi-halter-yaka-fitilli-esnek-orme-atlet-twoss24al00047-p-815552976/yorumlar,Halter Yaka,Pamuk Polyester,,Kolsuz,Standart Kol,Mavi,Düz,Düz,Slim,Örme,Kaşkorse,Basic,Cool & Comfort,Casual/Günlük,Hayır,Regular,Tüm Yaş Grupları,"68% Pamuk, 32% Polyester",,,,
140,244958551,48212,4.5,,/trendyolmilla/pembe-asimetrik-super-crop-fitilli-esnek-orme-atlet-twoss22al0065-p-244958551/yorumlar,Halter Yaka,Örme,Tekli,Kolsuz,Standart Kol,Pembe,Düz,Düz,Slim,Örme,Kaşkorse,Asimetrik,Cool & Comfort,Casual/Günlük,Hayır,Crop,Tüm Yaş Grupları,"81% Polyester, ,18% Pamuk, ,1% Elastan",Young,,,
141,782335073,2829,3.7,,/trendyolmilla/beyaz-halter-yaka-dokulu-esnek-orme-atlet-twoss24al00017-p-782335073/yorumlar,Havuz Yaka,,,Kolsuz,Standart Kol,Beyaz,Düz,Düz,Slim,Örme,Dokulu,Basic,Cool & Comfort,Casual/Günlük,Hayır,Regular,Tüm Yaş Grupları,"99% Polyester, ,1% Elastan",,,,
142,815330635,2546,4.3,,/trendyolmilla/siyah-bisiklet-yaka-sifir-kol-orme-atlet-twoss24al00058-p-815330635/yorumlar,Bisiklet Yaka,,,Kolsuz,Standart Kol,Siyah,Düz,Düz,Slim,Örme,Ribana/Kaşkorse,Basic,Cool & Comfort,Casual/Günlük,Hayır,Regular,Tüm Yaş Grupları,"96% Viskoz, ,4% Elastan",,,,
143,782101745,8826,4.5,,/trendyolmilla/kirmizi-boyundan-baglamali-spagetti-askili-pamuklu-esnek-crop-orme-atlet-twoss23al00046-p-782101745/yorumlar,Boyundan Bağlamalı,,,Askılı,Standart Kol,Kırmızı,Düz,Düz,Slim,Örme,Likralı Süprem,Basic,Cool & Comfort,Gündüz / Gece,Hayır,Crop,Tüm Yaş Grupları,"97% Pamuk, ,3% Elastan",,Cut Out,,
144,782103564,2654,3.3,,/trendyolmilla/antrasit-mor-2-li-paket-pamuklu-spagetti-askili-crop-esnek-orme-atlet-twoss21al0196-p-782103564/yorumlar,Havuz Yaka,Örme,2'li,Askılı,Standart Kol,Gri,Düz,Düz,Slim,Örme,Likralı Süprem,Basic,Cool & Comfort,Casual/Günlük,Hayır,Crop,Tüm Yaş Grupları,"97% Pamuk, ,3% Elastan",Basic,,,
145,707354396,2282,3.9,,/trendyolmilla/lacivert-puantiye-baskili-pamuklu-halter-yaka-fitted-vucuda-oturan-esnek-orme-atlet-twoss23al00069-p-707354396/yorumlar,Halter Yaka,,,Kolsuz,Kalın Askılı,Lacivert,Düz,Düz,Slim,Örme,Likralı Süprem,Basic,Cool & Comfort,Casual/Günlük,Hayır,Regular,Tüm Yaş Grupları,"96% Pamuk, ,4% Elastan",,Yıkamalı,Yıkamalı,
146,810300127,1328,4.3,,/trendyolmilla/fusya-askili-regular-esnek-orme-atlet-twoss24al00024-p-810300127/yorumlar,Kare Yaka,,,Askılı,Standart Kol,Pembe,Düz,Düz,Slim,Örme,Likralı Süprem,Basic,Cool & Comfort,Casual/Günlük,Hayır,Regular,Tüm Yaş Grupları,"96% Pamuk, ,4% Elastan",,,,
147,782335088,1460,4.8,,/trendyolmilla/saks-halter-yaka-dokulu-esnek-orme-atlet-twoss24al00017-p-782335088/yorumlar,Havuz Yaka,,,Kolsuz,Standart Kol,Mavi,Düz,Düz,Slim,Örme,Dokulu,Basic,Cool & Comfort,Casual/Günlük,Hayır,Regular,Tüm Yaş Grupları,"99% Polyester, ,1% Elastan",,,,
148,801212049,2285,4.3,,/trendyolmilla/fusya-kare-yaka-askili-fitted-vucuda-oturan-orme-atlet-twoss24al00036-p-801212049/yorumlar,Kare Yaka,,,Askılı,Standart Kol,Pembe,Düz,Düz,Slim,Örme,Likralı Süprem,Basic,Smart/Office,Casual/Günlük,Hayır,Regular,Tüm Yaş Grupları,"95% Pamuk, ,5% Polyester",,,,
149,779780411,3631,3.4,,/trendyolmilla/kirmizi-kare-yaka-sifir-kol-pamuklu-esnek-fitted-vucuda-oturan-orme-atlet-twoss24al00013-p-779780411/yorumlar,Kare Yaka,,,Kolsuz,Standart Kol,Kırmızı,Düz,Düz,Slim,Örme,Likralı Süprem,Basic,Cool & Comfort,Casual/Günlük,Hayır,Regular,Tüm Yaş Grupları,"97% Pamuk, ,3% Elastan",,,,
150,378628569,22420,4.3,,/trendyolmilla/fusya-boyundan-baglamali-spagetti-askili-pamuklu-esnek-crop-orme-atlet-twoss23al00046-p-378628569/yorumlar,Boyundan Bağlamalı,,,Askılı,Standart Kol,Pembe,Düz,Düz,Slim,Örme,Likralı Süprem,Basic,Cool & Comfort,Gündüz / Gece,Hayır,Crop,Tüm Yaş Grupları,"97% Pamuk, ,3% Elastan",,Cut Out,,
151,790413185,1964,4.7,,/trendyolmilla/lime-fitilli-v-yaka-super-crop-esnek-orme-atlet-twoss24al00029-p-790413185/yorumlar,V Yaka,,,Kolsuz,Standart Kol,Yeşil,Düz,Düz,Slim,Örme,Kaşkorse,Basic,Cool & Comfort,Casual/Günlük,Hayır,Regular,Tüm Yaş Grupları,"94% Pamuk, ,6% Elastan",,,,
152,356981400,11243,4.5,,/trendyolmilla/petrol-bej-2-li-paket-pamuklu-spagetti-askili-crop-esnek-orme-atlet-twoss21al0196-p-356981400/yorumlar,Havuz Yaka,Örme,2'li,Askılı,Standart Kol,Bej,Düz,Düz,Slim,Örme,Likralı Süprem,Basic,Cool & Comfort,Casual/Günlük,Hayır,Crop,Tüm Yaş Grupları,"97% Pamuk, ,3% Elastan",Basic,,,
153,790413186,2423,4.6,,/trendyolmilla/kirmizi-fitilli-v-yaka-super-crop-esnek-orme-atlet-twoss24al00029-p-790413186/yorumlar,V Yaka,,,Kolsuz,Standart Kol,Kırmızı,Düz,Düz,Slim,Örme,Kaşkorse,Basic,Cool & Comfort,Casual/Günlük,Hayır,Regular,Tüm Yaş Grupları,"94% Pamuk, ,6% Elastan",,,,
154,815552962,4356,2.2,,/trendyolmilla/mint-halter-yaka-fitilli-esnek-orme-atlet-twoss24al00047-p-815552962/yorumlar,Halter Yaka,Pamuk Polyester,,Kolsuz,Standart Kol,Yeşil,Düz,Düz,Slim,Örme,Kaşkorse,Basic,Cool & Comfort,Casual/Günlük,Hayır,Regular,Tüm Yaş Grupları,"68% Pamuk, 32% Polyester",,,,
155,795507989,4114,3.4,,/trendyolmilla/siyah-askili-esnek-fitted-vucuda-oturan-orme-atlet-twoss24al00032-p-795507989/yorumlar,Halter Yaka,Polyester,,Kolsuz,Standart Kol,Siyah,Düz,Düz,Slim,Örme,Kaşkorse,Basic,Cool & Comfort,Casual/Günlük,Hayır,Regular,Tüm Yaş Grupları,100% Polyester,,,,
156,827150841,1347,5.0,,/trendyolmilla/gri-melanj-halter-yaka-vucuda-oturan-regular-boy-fitilli-esnek-orme-atlet-twoss24al00064-p-827150841/yorumlar,Halter Yaka,Pamuk Polyester,,Kolsuz,Standart Kol,Gri,Düz,Düz,Regular,Örme,Kaşkorse,Basic,Cool & Comfort,Casual/Günlük,Hayır,Regular,Tüm Yaş Grupları,"97% Pamuk, ,3% Elastan",,,,
157,823762194,1976,4.2,,/trendyolmilla/ekru-havuz-yaka-fitted-vucuda-oturan-esnek-orme-atlet-twoss24al00068-p-823762194/yorumlar,Havuz Yaka,,,Kolsuz,Standart Kol,Ekru,Düz,Düz,Slim,Örme,Kaşkorse,Basic,Cool & Comfort,Casual/Günlük,Hayır,Regular,Tüm Yaş Grupları,"95% Pamuk, ,5% Elastan",,,,
158,819555088,4344,4.1,,/edit-by-trendyol/siyah-regular-orme-atlet-tedss24al00004-p-819555088/yorumlar,Bisiklet Yaka,,,Askılı,Standart Kol,Siyah,Düz,Düz,Regular,Örme,Kaşkorse,Basic,Fashion Forward,Casual/Günlük,Hayır,Regular,Tüm Yaş Grupları,"95% Pamuk, ,5% Elastan",,,,
159,806278794,1273,4.6,,/trendyolmilla/siyah-cut-out-detayli-bisiklet-yaka-orme-atlet-twoss24al00043-p-806278794/yorumlar,Bisiklet Yaka,,,Kolsuz,Standart Kol,Siyah,Düz,Düz,Slim,Örme,Kaşkorse,Basic,Cool & Comfort,Casual/Günlük,Hayır,Crop,Tüm Yaş Grupları,"70% Polyester, ,28% Pamuk, ,2% Elastan",,Cut Out,,
160,798688232,2968,4.6,,/trendyolmilla/gri-tas-detayli-halter-yaka-regular-orme-atlet-twoss24al00035-p-798688232/yorumlar,Halter Yaka,,,Kolsuz,Standart Kol,Gri,Düz,Düz,Slim,Örme,Kaşkorse,Basic,Cool & Comfort,Casual/Günlük,Hayır,Regular,Tüm Yaş Grupları,"70% Polyester, ,28% Pamuk, ,2% Elastan",,İnci/Trok/Taş/Kuş Gözü,,
161,778316039,3456,4.0,,/trendyolmilla/gri-melanj-dantel-detayli-vucuda-oturan-fitilli-esnek-orme-atlet-twoss24al00010-p-778316039/yorumlar,Havuz Yaka,,,Kolsuz,Standart Kol,Gri,Düz,Düz,Slim,Örme,Kaşkorse,Basic,Fashion Forward,Casual/Günlük,Hayır,Regular,Tüm Yaş Grupları,"96% Pamuk, ,4% Elastan",,Dantel/Mesh/File,,
162,780392361,3980,4.5,,/trendyolmilla/lacivert-tas-2-li-paket-cut-out-detayli-fitted-crop-fitilli-esnek-orme-atlet-twoss23al00006-p-780392361/yorumlar,Halter Yaka,,2'li,Kolsuz,Standart Kol,Çok Renkli,Düz,Düz,Slim,Örme,Kaşkorse,Basic,Fashion Forward,Casual/Günlük,Hayır,Crop,Tüm Yaş Grupları,"50% Pamuk, ,47% Polyester, ,3% Elastan",,Cut outlı,,
163,782522284,3850,4.3,,/trendyolmilla/gri-melanj-askili-crop-fitilli-esnek-orme-atlet-twoss24al00023-p-782522284/yorumlar,Havuz Yaka,,,Kolsuz,Standart Kol,Gri,Düz,Düz,Slim,Örme,Kaşkorse,Basic,Cool & Comfort,Casual/Günlük,Hayır,Regular,Tüm Yaş Grupları,"68% Polyester, ,6% Elastan, ,26% Pamuk",,,,
164,816604753,1761,4.6,,/trendyolmilla/siyah-beyaz-2-li-paket-cizgili-askili-fitilli-orme-atlet-twoss24al00063-p-816604753/yorumlar,Bisiklet Yaka,Pamuk Polyester,,Askılı,İnce Askılı,Çok Renkli,Çizgili,Düz,Regular,Örme,Kaşkorse,Basic,Cool & Comfort,Casual/Günlük,Hayır,Regular,Tüm Yaş Grupları,"70% Polyester, 30% Pamuk",,,,
165,815552986,2329,2.8,,/trendyolmilla/mor-halter-yaka-fitilli-esnek-orme-atlet-twoss24al00047-p-815552986/yorumlar,Halter Yaka,Pamuk Polyester,,Kolsuz,Standart Kol,Mor,Düz,Düz,Slim,Örme,Kaşkorse,Basic,Cool & Comfort,Casual/Günlük,Hayır,Regular,Tüm Yaş Grupları,"68% Pamuk, 32% Polyester",,,,
166,810295186,1917,3.7,,/trendyolmilla/antrasit-fitted-vucuda-oturan-bisiklet-yaka-kul-gozu-detayli-orme-atlet-twoss24al00046-p-810295186/yorumlar,Bisiklet Yaka,,,Kolsuz,Standart Kol,Gri,Düz,Düz,Slim,Örme,Likralı Süprem,Basic,Cool & Comfort,Casual/Günlük,Hayır,Regular,Tüm Yaş Grupları,"96% Pamuk, ,4% Elastan",,İnci/Trok/Taş/Kuş Gözü,,
167,808991392,8862,3.1,,/trendyolmilla/kirmizi-halter-yaka-fitilli-esnek-orme-atlet-twoss24al00047-p-808991392/yorumlar,Halter Yaka,Pamuk Polyester,,Kolsuz,Standart Kol,Kırmızı,Düz,Düz,Slim,Örme,Kaşkorse,Basic,Cool & Comfort,Casual/Günlük,Hayır,Regular,Tüm Yaş Grupları,"68% Pamuk, 32% Polyester",,,,
168,806278792,1420,4.7,,/trendyolmilla/saks-cut-out-detayli-bisiklet-yaka-orme-atlet-twoss24al00043-p-806278792/yorumlar,Bisiklet Yaka,,,Kolsuz,Standart Kol,Mavi,Düz,Düz,Slim,Örme,Kaşkorse,Basic,Cool & Comfort,Casual/Günlük,Hayır,Crop,Tüm Yaş Grupları,"70% Polyester, ,28% Pamuk, ,2% Elastan",,Cut Out,,
169,806268454,3389,4.3,,/trendyolmilla/mavi-renk-bloklu-fitted-vucuda-oturan-kare-yaka-askili-orme-atlet-twoss24al00038-p-806268454/yorumlar,Kare Yaka,,,Askılı,Standart Kol,Mavi,Renk Bloklu,Düz,Slim,Örme,Likralı Süprem,Basic,Cool & Comfort,Casual/Günlük,Hayır,Regular,Tüm Yaş Grupları,"97% Pamuk, ,3% Elastan",,,,
170,806267604,5371,4.3,,/trendyolmilla/ekru-fitted-vucuda-oturan-halter-yaka-crop-orme-atlet-twoss24al00042-p-806267604/yorumlar,Halter Yaka,,,Askılı,Standart Kol,Ekru,Düz,Düz,Slim,Örme,Likralı Süprem,Basic,Cool & Comfort,Casual/Günlük,Hayır,Crop,Tüm Yaş Grupları,"96% Pamuk, ,4% Elastan",,,,
171,805660432,2780,4.0,,/trendyolmilla/siyah-cok-renkli-kontrast-biye-detayli-fitted-vucuda-oturan-fitilli-esnek-orme-atlet-twoss24al00041-p-805660432/yorumlar,Kare Yaka,,,Askılı,Standart Kol,Siyah,Renk Bloklu,Düz,Slim,Örme,Rejenere Kaşkorse,Basic,Cool & Comfort,Casual/Günlük,Hayır,Regular,Tüm Yaş Grupları,"70% Polyester, ,28% Pamuk, ,2% Elastan",,,,
172,805654309,2965,4.7,,/trendyolmilla/siyah-cok-renkli-2-li-paket-fitted-vucuda-oturan-crop-fitilli-esnek-orme-atlet-twoss24al00039-p-805654309/yorumlar,V Yaka,,,Kolsuz,Standart Kol,Siyah,Çizgili,Düz,Slim,Örme,Poliviskon Kaşkorse,Basic,Cool & Comfort,Casual/Günlük,Hayır,Crop,Tüm Yaş Grupları,"63% Polyester, ,34% Viskoz, ,3% Elastan",,,,
173,805654308,3219,4.5,,/trendyolmilla/beyaz-cok-renkli-2-li-paket-fitted-vucuda-oturan-crop-fitilli-esnek-orme-atlet-twoss24al00039-p-805654308/yorumlar,V Yaka,,,Kolsuz,Standart Kol,Çok Renkli,Çizgili,Düz,Slim,Örme,Poliviskon Kaşkorse,Basic,Cool & Comfort,Casual/Günlük,Hayır,Crop,Tüm Yaş Grupları,"63% Polyester, ,34% Viskoz, ,3% Elastan",,,,
174,805431264,3571,4.5,,/trendyolmilla/ekru-fitted-vucuda-oturan-dantel-seritli-fitilli-esnek-orme-atlet-twoss24al00040-p-805431264/yorumlar,Halter Yaka,,,Kolsuz,Standart Kol,Ekru,Düz,Düz,Slim,Örme,Kaşkorse,Basic,Fashion Forward,Casual/Günlük,Hayır,Regular,Tüm Yaş Grupları,"98% Pamuk, ,2% Elastan",,Dantel/Mesh/File,,
175,782526591,2596,4.6,,/trendyolmilla/gri-melanj-varak-parlak-kumasli-halter-yaka-fitlli-esnek-orme-atlet-twoss24al00022-p-782526591/yorumlar,Halter Yaka,,,Kolsuz,Standart Kol,Gri,Düz,Düz,Slim,Örme,Kaşkorse,Basic,Cool & Comfort,Casual/Günlük,Hayır,Regular,Tüm Yaş Grupları,"57% Polyester, ,25% Viskoz, ,2% Elastan, ,16% Metalize İplik",,Varak,,
176,780933010,3316,4.2,,/trendyolmilla/siyah-eskitme-soluk-efektli-pamuklu-halter-yaka-fitted-vucuda-oturan-esnek-orme-atlet-twoss23al00069-p-780933010/yorumlar,Halter Yaka,,,Kolsuz,Kalın Askılı,Siyah,Düz,Düz,Slim,Örme,Likralı Süprem,Basic,Cool & Comfort,Casual/Günlük,Hayır,Regular,Tüm Yaş Grupları,"96% Pamuk, ,4% Elastan",,Yıkamalı,Yıkamalı,
177,780929532,3459,4.5,,/trendyolmilla/siyah-eskitme-soluk-efektli-crop-fitted-halter-yaka-pamuklu-esnek-orme-atlet-twoss24al00000-p-780929532/yorumlar,Halter Yaka,,,Kolsuz,Standart Kol,Siyah,Düz,Düz,Slim,Örme,Kaşkorse,Basic,Cool & Comfort,Casual/Günlük,Hayır,Crop,Tüm Yaş Grupları,"97% Pamuk, ,3% Elastan",,Yıkamalı,Yıkamalı,
178,780929513,5423,4.5,,/trendyolmilla/gri-melanj-crop-fitted-vucuda-oturan-halter-yaka-pamuklu-esnek-orme-atlet-twoss24al00000-p-780929513/yorumlar,Halter Yaka,,,Kolsuz,Standart Kol,Gri,Düz,Düz,Slim,Örme,Kaşkorse,Basic,Cool & Comfort,Casual/Günlük,Hayır,Crop,Tüm Yaş Grupları,"97% Pamuk, ,3% Elastan",,Yıkamalı,Yıkamalı,
179,778316038,3463,3.5,,/trendyolmilla/siyah-dantel-detayli-vucuda-oturan-fitilli-esnek-orme-atlet-twoss24al00010-p-778316038/yorumlar,Havuz Yaka,,,Kolsuz,Standart Kol,Siyah,Düz,Düz,Slim,Örme,Kaşkorse,Basic,Fashion Forward,Casual/Günlük,Hayır,Regular,Tüm Yaş Grupları,"96% Pamuk, ,4% Elastan",,Dantel/Mesh/File,,
180,185948242,16539,4.5,,/trendyolmilla/pembe-mint-2-li-paket-buzgu-detayli-havuz-yaka-fitilli-esnek-orme-atlet-twoss21al0195-p-185948242/yorumlar,Havuz Yaka,Örme,2'li,Kolsuz,Standart Kol,Pembe,Düz,Düz,Slim,Örme,Kaşkorse,Asimetrik,Cool & Comfort,Casual/Günlük,Hayır,Crop,Tüm Yaş Grupları,"99% Pamuk, ,1% Elastan",,Büzgü / Drape,,
