,ID,FAVORITE_COUNT,RATING_DETAIL,DELIVERY_DATE,PROFF_LINK,Kalıp,Astar Durumu,Renk,Yaka Tipi,Ürün Tipi,Desen,Ürün Detayı,Kumaş Tipi,Boy,Siluet,Ortam,Kol Boyu,Kol Tipi,Persona,Sürdürülebilirlik Detayı,Dokuma Tipi,Paket İçeriği,Yaş,Materyal Bileşeni,Materyal,Cep,Kalınlık,Kapama Şekli,Kemer/Kuşak Durumu,Stil,Koleksiyon,Dolgu Tekniği,Dolgu Materyali,Ek Özellik
0,789622071,156631,4.6,,/trendyolmilla/siyah-duz-slim-regular-dugme-detayli-crop-yelek-twoss23ye00037-p-789622071/yorumlar,Slim,Astarsız,Siyah,V Yaka,Düz,Çizgili,Düğme,Örme,Crop,Basic,Casual/Günlük,Kolsuz,Standart Kol,Smart,Hayır,İnterlok,Tekli,21 - 40 Yaş,"69% Polyester, ,3% Elastan, ,28% Viskoz",,,,,,,,,,
1,661635733,142916,4.6,,/trendyolmilla/mavi-denim-yelek-twoss23ye00036-p-661635733/yorumlar,Fitted,Astarsız,Mavi,V Yaka,Düz,Düz,,Denim,Standart,Basic,Casual/Günlük,,Standart Kol,None Persona,Hayır,Rigid,Tekli,Tüm Yaş Grupları,100% Pamuk,Denim,,,,,,,,,
2,88917898,233287,4.6,,/trendyolmilla/siyah-fitted-dugmeli-dokuma-yelek-twoss21ye0009-p-88917898/yorumlar,Fitted,Astarlı,Siyah,V Yaka,Düz,Düz,,Dokuma,Midi,Basic,Şık / gece,Kolsuz,Standart Kol,Smart,,Finike,,,"86% Polyester, ,14% Elastan",,Çift cepli,Orta,,,,,,,
3,382210694,106020,4.4,,/trendyolmilla/bej-fitted-dugme-detayli-crop-dokuma-keten-gorunumlu-yelek-twoss23ye00016-p-382210694/yorumlar,Fitted,Astarlı,Bej,V Yaka,Düz,Düz,Düğme,Dokuma,Standart,Basic,Casual/Günlük,,Standart Kol,Fashion Forward,Hayır,Keten görünümlü,Tekli,Tüm Yaş Grupları,100% Pamuk,Keten Görünümlü,,,,,,,,,
4,782213857,96716,4.5,,/trendyolmilla/siyah-regular-onu-asimetrik-dugmeli-dokuma-yelek-twoss24ye00007-p-782213857/yorumlar,Regular,Astarlı,Siyah,V Yaka,Düz,Düz,Düğme,Dokuma,Standart,Basic,Casual/Günlük,,Standart Kol,Cool & Comfort,Hayır,Finike,Tekli,Tüm Yaş Grupları,"85% Polyester, ,15% Elastan",Polyester,,,Düğmeli,,,,,,
5,219171229,184081,4.3,,/trendyolmilla/siyah-regular-dokuma-yelek-twoss22ye0053-p-219171229/yorumlar,Regular,Astarlı,Siyah,V Yaka,Düz,Düz,,Dokuma,Crop,Basic,Business,Kolsuz,Standart Kol,Smart,Hayır,Finike,,Tüm Yaş Grupları,"86% Polyester, ,14% Elastan",,,,,,,,,,
6,690824780,102122,4.7,,/trendyolmilla/siyah-regular-dugme-detayli-cizgili-crop-yelek-twoss23ye00037-p-690824780/yorumlar,Slim,Astarsız,Siyah,V Yaka,Düz,Çizgili,Düğme,Örme,Crop,Basic,Casual/Günlük,Kolsuz,Standart Kol,Smart,Hayır,İnterlok,Tekli,21 - 40 Yaş,"69% Polyester, ,3% Elastan, ,28% Viskoz",,,,,,,,,,
7,814865649,22618,3.8,,/trendyolmilla/vizon-dugme-detayli-v-yaka-crop-regular-normal-kesim-esnek-orme-yelek-twoss23ye00037-p-814865649/yorumlar,Slim,Astarsız,Bej,V Yaka,Düz,Çizgili,Düğme,Örme,Crop,Basic,Casual/Günlük,Kolsuz,Standart Kol,Smart,Hayır,İnterlok,Tekli,21 - 40 Yaş,"69% Polyester, ,3% Elastan, ,28% Viskoz",,,,,,,,,,
8,782062373,52161,4.6,,/trendyolmilla/vizon-premium-regular-kalip-crop-dokuma-yelek-twoss24ye00017-p-782062373/yorumlar,Regular,Astarlı,Kahverengi,V Yaka,Düz,Düz,,Dokuma,Standart,Basic,Casual/Günlük,,Standart Kol,Cool & Comfort,Hayır,Finike,Tekli,Tüm Yaş Grupları,"62% Polyester, ,6% Elastan, ,32% Viskoz",Polyester,,,,,,,,,
9,195655338,86505,4.4,,/trendyolmilla/tas-fitted-dugmeli-dokuma-yelek-twoss21ye0009-p-195655338/yorumlar,Fitted,Astarlı,Gri,V Yaka,Düz,Düz,,Dokuma,Midi,Basic,Şık / gece,Kolsuz,Standart Kol,Smart,,Finike,,,"86% Polyester, ,14% Elastan",,Çift cepli,Orta,,,,,,,
10,781047129,40214,4.0,,/trendyolmilla/bej-regular-pamuk-crop-keten-dokuma-yelek-twoss24ye00024-p-781047129/yorumlar,Regular,Astarsız,Bej,Bisiklet Yaka,Düz,Düz,,Dokuma,Standart,Basic,Casual/Günlük,,Standart Kol,Cool & Comfort,Hayır,Keten görünümlü,,Tüm Yaş Grupları,"62% Viskoz, ,38% Keten",,,,,,,,,,
11,704487731,135669,4.5,,/trendyolmilla/siyah-slim-fit-straplez-dokuma-yelek-twoaw24ye00034-p-704487731/yorumlar,Fitted,Astarsız,Siyah,Straplez,Düz,Düz,,Dokuma,Standart,Basic,Casual/Günlük,,Standart Kol,Fashion Forward,Hayır,Finike,,Tüm Yaş Grupları,"87% Polyester, ,13% Elastan",,,,,,,,,,
12,794602167,30123,4.4,,/trendyolmilla/ekru-fitted-limited-edition-tek-omuz-gul-detayli-dokuma-yelek-twoss24ye00038-p-794602167/yorumlar,Fitted,Astarlı,Beyaz,Carmen Yaka,Düz,Düz,,Dokuma,Standart,Basic,Şık / gece,,Standart Kol,Fashion Forward,Hayır,Finike,Tekli,Tüm Yaş Grupları,"80% Polyester, ,20% Elastan",,,,,,,,,,
13,772274978,30539,4.2,,/trendyolmilla/ekru-regular-crop-dokuma-yelek-twoss22ye0053-p-772274978/yorumlar,Regular,Astarlı,Beyaz,V Yaka,Düz,Düz,,Dokuma,Crop,Basic,Business,Kolsuz,Standart Kol,Smart,Hayır,Finike,,Tüm Yaş Grupları,"86% Polyester, ,14% Elastan",,,,,,,,,,
14,788440413,32694,4.7,,/trendyolmilla/antrasit-fitted-vucuda-oturan-melanjli-fermuarli-dik-yaka-ay-kol-kalin-yelek-twoss24ye00011-p-788440413/yorumlar,Regular,Astarsız,Gri,Dik Yaka,Düz,Düz,Fermuar,Örme,Standart,Basic,Casual/Günlük,,Ay Kol,Cool & Comfort,Hayır,3 İplik Şardonsuz,,Tüm Yaş Grupları,"66% Polyester, ,34% Pamuk",,,,,,,,,,
15,302138100,102453,4.7,,/trendyolmilla/siyah-fitted-aksesuar-detayli-dokuma-yelek-twoaw23ye00032-p-302138100/yorumlar,Fitted,Astarlı,Siyah,Ceket Yaka,,Düz,,Dokuma,Standart,Basic,Casual/Günlük,Kolsuz,Standart Kol,Smart,,Finike,,,"86% Polyester, ,14% Elastan",,,,,,,,,,
16,773613093,46056,4.0,,/trendyolmilla/bej-fitted-fitted-dugmeli-dokuma-yelek-twoss21ye0009-p-773613093/yorumlar,Fitted,Astarlı,Bej,V Yaka,Düz,Düz,,Dokuma,Midi,Basic,Şık / gece,Kolsuz,Standart Kol,Smart,,Finike,,,"86% Polyester, ,14% Elastan",,Çift cepli,Orta,,,,,,,
17,269267238,65270,4.6,,/trendyolmilla/siyah-regular-kemerli-dokuma-yelek-twoaw23ye00021-p-269267238/yorumlar,Regular,Astarlı,Siyah,Ceket Yaka,İpliği Boyalı,Balık sırtı,Kuşaklı,Dokuma,Uzun,Basic,Business,Kolsuz,Standart Kol,Smart,Hayır,Poliviskon,,Tüm Yaş Grupları,100% Polyester,Polyester,,,,Kuşaklı,,,,,
18,814822687,9989,4.6,,/trendyolmilla/kirmizi-fitted-fitted-gul-detayli-dokuma-yelek-twoss24ye00026-p-814822687/yorumlar,Fitted,Astarlı,Kırmızı,V Yaka,Düz,Düz,,Dokuma,Crop,Basic,Şık / gece,,Standart Kol,Fashion Forward,Hayır,Finike,Tekli,Tüm Yaş Grupları,"88% Polyester, ,12% Elastan",Polyester,,,,,,,,,
19,77789262,59415,4.5,,/trendyolmilla/acik-mavi-fitted-dugmeli-dokuma-yelek-twoss21ye0009-p-77789262/yorumlar,Fitted,Astarlı,Lacivert,V Yaka,Düz,Düz,,Dokuma,Midi,Basic,Şık / gece,Kolsuz,Standart Kol,Smart,,Finike,,,"86% Polyester, ,14% Elastan",,Çift cepli,Orta,,,,,,,
20,788440416,29454,4.7,,/trendyolmilla/bej-fitted-vucuda-oturan-melanjli-fermuarli-dik-yaka-ay-kol-kalin-yelek-twoss24ye00011-p-788440416/yorumlar,Regular,Astarsız,Bej,Dik Yaka,Düz,Düz,Fermuar,Örme,Standart,Basic,Casual/Günlük,,Ay Kol,Cool & Comfort,Hayır,3 İplik Şardonsuz,,Tüm Yaş Grupları,"66% Polyester, ,34% Pamuk",,,,,,,,,,
21,781044389,60881,4.4,,/trendyolmilla/bej-cizgili-pamuk-keten-crop-dokuma-yelek-twoss24ye00025-p-781044389/yorumlar,Crop,Astarlı,Bej,Bisiklet Yaka,Düz,Çizgili,,Dokuma,Crop,Basic,Casual/Günlük,,Standart Kol,Cool & Comfort,Hayır,Keten görünümlü,Tekli,Tüm Yaş Grupları,"51% Polyester, ,44% Pamuk, ,3% Viskoz, ,2% Poliamid",Polyester,,,,,,,,,
22,316674045,62341,4.5,,/trendyol-modest/siyah-beli-yarim-kemer-kapamali-dokuma-yelek-tctaw23yl00006-p-316674045/yorumlar,Oversize,Astarlı,Siyah,Ceket Yaka,,Düz,Kemerli,Dokuma,Regular,Kruvaze,Business,Kolsuz,Standart Kol,Fashion Forward,Hayır,Finike,,Tüm Yaş Grupları,"87% Polyester, ,13% Elastan",,Çift Kapaklı,,,Kemerli,Klasik,Tesettür Giyim,Dolgusuz,Dolgusuz,
23,772237765,17089,4.5,,/trendyolmilla/koyu-bej-regular-dokuma-yelek-twoss22ye0053-p-772237765/yorumlar,Regular,Astarlı,Bej,V Yaka,Düz,Düz,,Dokuma,Crop,Basic,Business,Kolsuz,Standart Kol,Smart,Hayır,Finike,,Tüm Yaş Grupları,"86% Polyester, ,14% Elastan",,,,,,,,,,
24,800284898,25210,4.0,,/trendyolmilla/siyah-100-keten-fitted-yelek-twoss24ye00040-p-800284898/yorumlar,Fitted,Astarlı,Siyah,Ceket Yaka,Düz,Düz,Düğme,Denim,Standart,Basic,Casual/Günlük,,Standart Kol,Fashion Forward,Hayır,Rigid,Tekli,Tüm Yaş Grupları,100% Keten,Keten,,,,,,,,,
25,736127730,74541,4.5,,/trendyolmilla/siyah-premium-dugmeli-dokuma-yelek-twoaw24ye00061-p-736127730/yorumlar,Fitted,Astarlı,Siyah,V Yaka,Düz,Düz,Düğme,Dokuma,Standart,Basic,Business,,Standart Kol,Smart/Office,Hayır,Poliviskon,,Tüm Yaş Grupları,"62% Polyester, ,5% Elastan, ,33% Viskoz",Polyester,,,,,,,,,
26,835461114,6821,4.6,,/trendyolmilla/koyu-mavi-onden-baglamali-oversize-denim-yelek-twoaw25ye00063-p-835461114/yorumlar,Oversize,Astarsız,Lacivert,Bisiklet Yaka,,Düz,,Denim,Standart,Basic,Casual/Günlük,,Standart Kol,Fashion Forward,,Rigid,,,100% Pamuk,,,,,,,,,,
27,812366767,2930,4.8,,/trendyol-modest/koyu-bej-beli-yarim-kemer-kapamali-dokuma-yelek-tctaw23yl00006-p-812366767/yorumlar,Oversize,Astarlı,Bej,Ceket Yaka,,Düz,Kemerli,Dokuma,Regular,Kruvaze,Business,Kolsuz,Standart Kol,Fashion Forward,Hayır,Finike,,Tüm Yaş Grupları,"87% Polyester, ,13% Elastan",,Çift Kapaklı,,,Kemerli,Klasik,Tesettür Giyim,Dolgusuz,Dolgusuz,
28,202879256,93708,4.5,,/trendyolmilla/siyah-regular-dugmeli-dokuma-yelek-twoss22ye0046-p-202879256/yorumlar,Regular,Astarlı,Siyah,V Yaka,Düz,Düz,Düğme,Dokuma,Crop,Basic,Business,Kolsuz,Standart Kol,Smart/Office,Hayır,Jessica,,Tüm Yaş Grupları,100% Polyester,Polyester,,,,,,,,,
29,782563389,28573,4.4,,/trendyolmilla/ekru-fitted-gul-detayli-dokuma-yelek-twoss24ye00026-p-782563389/yorumlar,Fitted,Astarlı,Ekru,V Yaka,Düz,Düz,,Dokuma,Crop,Basic,Şık / gece,,Standart Kol,Fashion Forward,Hayır,Finike,Tekli,Tüm Yaş Grupları,"88% Polyester, ,12% Elastan",Polyester,,,,,,,,,
30,782563391,21840,4.4,,/trendyolmilla/siyah-fitted-gul-detayli-dokuma-yelek-twoss24ye00026-p-782563391/yorumlar,Fitted,Astarlı,Siyah,V Yaka,Düz,Düz,,Dokuma,Crop,Basic,Şık / gece,,Standart Kol,Fashion Forward,Hayır,Finike,Tekli,Tüm Yaş Grupları,"88% Polyester, ,12% Elastan",Polyester,,,,,,,,,
31,814823707,15193,3.9,,/trendyolmilla/siyah-fitted-fitted-limited-edition-tek-omuz-gul-detayli-dokuma-yelek-twoss24ye00038-p-814823707/yorumlar,Fitted,Astarlı,Siyah,Carmen Yaka,Düz,Düz,,Dokuma,Standart,Basic,Şık / gece,,Standart Kol,Fashion Forward,Hayır,Finike,Tekli,Tüm Yaş Grupları,"80% Polyester, ,20% Elastan",,,,,,,,,,
32,740914484,41300,4.7,,/trendyolmilla/koyu-mavi-denim-yelek-twoaw24ye00072-p-740914484/yorumlar,Fitted,Astarsız,Mavi,Bisiklet Yaka,Düz,Düz,,Denim,Standart,Denim,Casual/Günlük,,Standart Kol,Cool & Comfort,Evet,Rigid,Tekli,Tüm Yaş Grupları,"99% Pamuk, ,1% Elastan",Denim,,,,,,Care,,,Ek Özellik Mevcut Değil
33,822261796,16348,4.6,,/trendyolmilla/siyah-fitted-fitted-fermuarli-dik-yaka-ay-kol-kalin-yelek-twoss24ye00011-p-822261796/yorumlar,Regular,Astarsız,Siyah,Dik Yaka,Düz,Düz,Fermuar,Örme,Standart,Basic,Casual/Günlük,,Ay Kol,Cool & Comfort,Hayır,3 İplik Şardonsuz,,Tüm Yaş Grupları,"66% Polyester, ,34% Pamuk",,,,,,,,,,
34,814876710,5916,4.0,,/edit-by-trendyol/lacivert-regular-dokuma-yelek-tedss24ye00000-p-814876710/yorumlar,Regular,Astarsız,Lacivert,Ceket Yaka,Düz,Çizgili,,Dokuma,Standart,Basic,Casual/Günlük,,Standart Kol,Fashion Forward,Hayır,Finike,,Tüm Yaş Grupları,"95% Polyester, ,5% Elastan",,,,,,,,,,
35,738395570,62742,4.6,,/trendyolmilla/siyah-fitted-dokuma-yelek-twoaw24ye00068-p-738395570/yorumlar,Regular,Astarlı,Siyah,V Yaka,,Düz,,Dokuma,Standart,Basic,Casual/Günlük,,Standart Kol,Cool & Comfort,,Finike,,,"86% Polyester, ,14% Elastan",,,,,,,,,,
36,755929581,11846,4.7,,/trendyolmilla/antrasit-fitted-dugmeli-dokuma-yelek-twoss21ye0009-p-755929581/yorumlar,Fitted,Astarlı,Gri,V Yaka,Düz,Düz,,Dokuma,Midi,Basic,Şık / gece,Kolsuz,Standart Kol,Smart,,Finike,,,"86% Polyester, ,14% Elastan",,Çift cepli,Orta,,,,,,,
37,831052872,7789,5.0,,/edit-by-trendyol/siyah-regular-dokuma-yelek-tedss24ye00002-p-831052872/yorumlar,Regular,Astarlı,Siyah,Bisiklet Yaka,,Düz,,Dokuma,Crop,Basic,Business,,Standart Kol,Smart/Office,,Finike,,,"95% Polyester, ,5% Elastan",,,,,,,,,,
38,774508322,7407,4.0,,/trendyolmilla/ekru-fitted-dokuma-yelek-twoaw23ye00032-p-774508322/yorumlar,Fitted,Astarlı,Ekru,Ceket Yaka,,Düz,,Dokuma,Standart,Basic,Casual/Günlük,Kolsuz,Standart Kol,Smart,,Finike,,,"86% Polyester, ,14% Elastan",,,,,,,,,,
39,774508323,17221,4.8,,/trendyolmilla/acik-haki-aksesuar-detayli-fitted-dokuma-yelek-twoaw23ye00032-p-774508323/yorumlar,Fitted,Astarlı,Lacivert,Ceket Yaka,,Düz,,Dokuma,Standart,Basic,Casual/Günlük,Kolsuz,Standart Kol,Smart,,Finike,,,"86% Polyester, ,14% Elastan",,,,,,,,,,
40,805978858,17602,4.0,,/trendyol-modest/ekru-cizgili-keten-gorunumlu-dokuma-yelek-tctss24yl00010-p-805978858/yorumlar,Regular,Astarlı,Ekru,V Yaka,,Çizgili,,Dokuma,Regular,Basic,Casual/Günlük,,Standart Kol,Cool & Comfort,Hayır,Keten görünümlü,,Tüm Yaş Grupları,"50% Polyester, ,50% Pamuk",,,,,,,,,,
41,133093615,98581,4.6,,/trendyolmilla/koyu-mavi-gomlek-yaka-cep-detayli-100-pamuk-denim-yelek-ceket-tctaw22ck0006-p-133093615/yorumlar,Regular,Astarsız,Mavi,Gömlek Yaka,Düz,Düz,Cep,Denim,Standart,Kruvaze,Casual/Günlük,Kolsuz,Standart Kol,Cool & Comfort,Hayır,Rigid,Tekli,Tüm Yaş Grupları,100% Pamuk,%100 Pamuk,,,,,,,,,
42,828744344,2310,3.0,,/trendyolmilla/bej-slim-fit-straplez-dokuma-yelek-twoaw24ye00034-p-828744344/yorumlar,Fitted,Astarsız,Bej,Straplez,Düz,Düz,,Dokuma,Standart,Basic,Casual/Günlük,,Standart Kol,Fashion Forward,Hayır,Finike,,Tüm Yaş Grupları,"87% Polyester, ,13% Elastan",,,,,,,,,,
43,782069321,13181,4.6,,/trendyolmilla/lacivert-cizgili-poliviskon-regular-dokuma-yelek-twoss24ye00020-p-782069321/yorumlar,Regular,Astarlı,Lacivert,Ceket Yaka,Düz,Çizgili,,Dokuma,Regular,Basic,Casual/Günlük,,Standart Kol,Cool & Comfort,Hayır,Poliviskon,Tekli,Tüm Yaş Grupları,100% Polyester,Polyester,,,,,,,,,
44,447926506,31917,4.5,,/trendyol-modest/haki-kusakli-genis-omuzlu-dokuma-yelek-tctss23yl00049-p-447926506/yorumlar,Regular,Astarsız,Haki,Gömlek Yaka,,Düz,,Dokuma,Regular,Basic,Casual/Günlük,Kısa,Standart Kol,Cool & Comfort,,Gabardin,,Tüm Yaş Grupları,"97% Pamuk, 3% Viskoz",Polyester,,,,,,Tesettür Giyim,,,
45,814878301,10352,3.3,,/edit-by-trendyol/tas-regular-dokuma-yelek-tedss24ye00001-p-814878301/yorumlar,Regular,Astarsız,Bej,Ceket Yaka,Düz,Çizgili,,Dokuma,Standart,Basic,Casual/Günlük,,Standart Kol,Fashion Forward,Hayır,Finike,Tekli,Tüm Yaş Grupları,"95% Polyester, ,5% Elastan",,,,,,,,,,
46,782063864,13560,4.3,,/trendyolmilla/gri-regular-vatkali-dokuma-yelek-twoss24ye00018-p-782063864/yorumlar,Regular,Astarlı,Gri,Ceket Yaka,Düz,Düz,,Dokuma,Standart,Basic,Business,,Standart Kol,Smart/Office,Hayır,Finike,Tekli,Tüm Yaş Grupları,100% Polyester,Polyester,,,,,,,,,
47,792881912,4410,4.0,,/trendyol-modest/siyah-finike-duz-dokuma-yelek-tctss24yl00002-p-792881912/yorumlar,Regular,Astarlı,Siyah,Ceket Yaka,,Düz,,Dokuma,Uzun,Basic,Casual/Günlük,,Standart Kol,Cool & Comfort,Hayır,Finike,,Tüm Yaş Grupları,"89% Polyester, ,11% Elastan",,,,,,,,,,
48,782068826,16522,4.6,,/trendyolmilla/ekru-regular-straplez-dokuma-yelek-twoss24ye00019-p-782068826/yorumlar,Regular,Astarlı,Ekru,Carmen Yaka,Düz,Düz,,Dokuma,Standart,Basic,Şık / gece,,Standart Kol,Fashion Forward,Hayır,Finike,Tekli,Tüm Yaş Grupları,"86% Polyester, ,14% Elastan",Polyester,,,,,,,,,
49,736127652,50696,4.4,,/trendyolmilla/gri-premium-fitted-dugmeli-dokuma-yelek-twoaw24ye00061-p-736127652/yorumlar,Fitted,Astarlı,Gri,V Yaka,Düz,Düz,Düğme,Dokuma,Standart,Basic,Business,,Standart Kol,Smart/Office,Hayır,Poliviskon,,Tüm Yaş Grupları,"62% Polyester, ,5% Elastan, ,33% Viskoz",Polyester,,,,,,,,,
50,374790854,21372,4.4,,/trendyolmilla/lacivert-fitted-astarli-dugmeli-dokuma-yelek-twoss21ye0009-p-374790854/yorumlar,Fitted,Astarlı,Lacivert,V Yaka,Düz,Düz,,Dokuma,Midi,Basic,Şık / gece,Kolsuz,Standart Kol,Smart,,Finike,,,"86% Polyester, ,14% Elastan",,Çift cepli,Orta,,,,,,,
51,708370493,21043,4.6,,/trendyolmilla/bej-fitted-dokuma-aksesuar-detayli-yelek-twoaw23ye00032-p-708370493/yorumlar,Fitted,Astarlı,Bej,Ceket Yaka,,Düz,,Dokuma,Standart,Basic,Casual/Günlük,Kolsuz,Standart Kol,Smart,,Finike,,,"86% Polyester, ,14% Elastan",,,,,,,,,,
52,383637416,54036,4.7,,/trendyol-modest/lacivert-beli-baglama-detayli-dokuma-astarli-yelek-tctss23yl00029-p-383637416/yorumlar,Regular,Astarlı,Lacivert,Ceket Yaka,,Düz,,Dokuma,Regular,Basic,Casual/Günlük,Kolsuz,Standart Kol,Smart,Hayır,Finike,Tekli,Tüm Yaş Grupları,"86% Polyester, ,14% Elastan",Polyester Karışımlı,,,,Kuşaklı,Günlük,Tesettür Giyim,,Dolgusuz,Ek Özellik Mevcut Değil
53,831052874,2927,3.2,,/edit-by-trendyol/bej-yuvarlak-yakali-regular-dokuma-yelek-tedss24ye00002-p-831052874/yorumlar,Regular,Astarlı,Bej,Bisiklet Yaka,,Düz,,Dokuma,Crop,Basic,Business,,Standart Kol,Smart/Office,,Finike,,,"95% Polyester, ,5% Elastan",,,,,,,,,,
54,785188691,11281,4.8,,/trendyolmilla/koyu-mavi-more-sustainable-fitted-denim-yelek-twoss24ye00029-p-785188691/yorumlar,Fitted,Astarsız,Mavi,Ceket Yaka,Düz,Düz,,Denim,Standart,Basic,Casual/Günlük,,Standart Kol,Cool & Comfort,Hayır,Rigid,Tekli,Tüm Yaş Grupları,100% Pamuk,%100 Pamuk,,,,,,Care,,,
55,445589626,24785,4.3,,/trendyolmilla/ekru-crop-dokuma-dugun-nikah-yelek-tprss23ye00000-p-445589626/yorumlar,Fitted,Astarsız,Ekru,V Yaka,Düz,Düz,İnci/Trok/Taş/Kuş Gözü,Dokuma,Crop,Basic,Düğün/Nikah,Askılı,Standart Kol,Smart,Hayır,Finike,Tekli,Tüm Yaş Grupları,"88% Polyester, ,12% Elastan",,,,,,,,,,
56,780325693,35274,4.1,,/trendyolmilla/ekru-fitted-tek-kol-dokuma-yelek-twoss24ye00016-p-780325693/yorumlar,Fitted,Astarlı,Beyaz,Carmen Yaka,Düz,Düz,,Dokuma,Standart,Basic,Business,,Standart Kol,Smart/Office,Hayır,Finike,Tekli,Tüm Yaş Grupları,"88% Polyester, ,12% Elastan",Polyester,,,,,,,,,
57,672020479,12665,4.6,,/trendyolmilla/siyah-gomlek-yaka-cep-detayli-100-pamuk-denim-yelek-ceket-tctaw22ck0006-p-672020479/yorumlar,Regular,Astarsız,Siyah,Gömlek Yaka,Düz,Düz,Cep,Denim,Standart,Kruvaze,Casual/Günlük,Kolsuz,Standart Kol,Cool & Comfort,Hayır,Rigid,Tekli,Tüm Yaş Grupları,100% Pamuk,%100 Pamuk,,,,,,,,,
58,460437615,57439,4.7,,/trendyolmilla/x-sagaza-studio-bej-cep-detayli-yelek-tclss23ye00001-p-460437615/yorumlar,Fitted,Astarlı,Bej,V Yaka,Düz,Düz,Cep,Dokuma,Standart,Basic,Şık / gece,Kolsuz,Standart Kol,Young,Hayır,Poliviskon,Tekli,Tüm Yaş Grupları,"68% Polyester, ,6% Elastan, ,26% Viskoz",,,,,,,,,,Ek Özellik Mevcut Değil
59,805941960,4949,4.1,,/trendyol-modest/mint-astarli-dugme-kapamali-dokuma-yelek-tctss23yl00022-p-805941960/yorumlar,Regular,Astarlı,Yeşil,Ceket Yaka,,Düz,Cep,Dokuma,Regular,Basic,Casual/Günlük,Kolsuz,Standart Kol,Smart,Hayır,Finike,,Tüm Yaş Grupları,100% Polyester,Polyester,Cepsiz,Orta,Düğmeli,,Günlük,,Dolgusuz,Dolgusuz,
60,782527128,16966,3.6,,/trendyolmilla/vizon-poliviskon-premium-asimetrik-crop-dokuma-yelek-twoss24ye00028-p-782527128/yorumlar,Regular,Astarlı,Kahverengi,Bisiklet Yaka,Düz,Düz,,Dokuma,Crop,Basic,Casual/Günlük,,Standart Kol,Cool & Comfort,Hayır,Poliviskon,Tekli,Tüm Yaş Grupları,100% Polyester,Polyester,,,,,,,,,
61,133093613,116973,4.7,,/trendyolmilla/antrasit-gomlek-yaka-cep-detayli-100-pamuk-denim-yelek-ceket-tctaw22ck0006-p-133093613/yorumlar,Regular,Astarsız,Gri,Gömlek Yaka,Düz,Düz,Cep,Denim,Standart,Kruvaze,Casual/Günlük,Kolsuz,Standart Kol,Cool & Comfort,Hayır,Rigid,Tekli,Tüm Yaş Grupları,100% Pamuk,%100 Pamuk,,,,,,,,,
62,791668307,2589,4.5,,/trendyol-modest/bej-gol-dugmeli-sik-tuvit-dokuma-yelek-tctss24yl00005-p-791668307/yorumlar,Regular,Astarsız,Bej,V Yaka,,Düz,Düğme,Dokuma,Uzun,Basic,Casual/Günlük,,Standart Kol,Cool & Comfort,Hayır,Tüvit,,Tüm Yaş Grupları,"50% Polyester, 50% Pamuk",Pamuk Polyester,,,,,,,,,
63,789996968,12573,4.2,,/trendyolmilla/mavi-regular-dugmeli-ekstra-genis-kalip-oversize-dokuma-yelek-twoss24ye00035-p-789996968/yorumlar,Regular,Astarlı,Mavi,Ceket Yaka,Düz,Çizgili,Düğme,Dokuma,Uzun,Basic,Casual/Günlük,,Standart Kol,Cool & Comfort,Hayır,Krep,Tekli,Tüm Yaş Grupları,100% Polyester,Polyester,,,Düğmeli,,,,,,
64,807292397,60493,4.2,,/trendyolmilla/mavi-baglamali-fitted-denim-yelek-twoss24ye00047-p-807292397/yorumlar,Fitted,Astarsız,Mavi,Bisiklet Yaka,Düz,Düz,,Denim,Standart,Basic,Casual/Günlük,,Standart Kol,Fashion Forward,Hayır,Rigid,,Tüm Yaş Grupları,100% Pamuk,%100 Pamuk,,,,,,,,,
65,806275435,2213,4.0,,/trendyolmilla/camel-regular-keten-gorunumlu-dugmeli-dokuma-yelek-twoss24ye00046-p-806275435/yorumlar,Regular,Astarsız,Kahverengi,V Yaka,Düz,Düz,Düğme,Dokuma,Standart,Basic,Casual/Günlük,,Standart Kol,Cool & Comfort,Hayır,Keten görünümlü,Tekli,Tüm Yaş Grupları,100% Polyester,Polyester,,,,,,,,,
66,773546171,10780,4.3,,/trendyolmilla/camel-regular-kemerli-dokuma-yelek-twoaw23ye00021-p-773546171/yorumlar,Regular,Astarlı,Kahverengi,Ceket Yaka,İpliği Boyalı,Balık sırtı,Kuşaklı,Dokuma,Uzun,Basic,Business,Kolsuz,Standart Kol,Smart,Hayır,Poliviskon,,Tüm Yaş Grupları,100% Polyester,Polyester,,,,Kuşaklı,,,,,
67,790023684,10216,4.8,,/trendyolmilla/siyah-fitted-dokuma-crop-yelek-twoss24ye00032-p-790023684/yorumlar,Fitted,Astarlı,Siyah,Ceket Yaka,Düz,Düz,,Dokuma,Crop,Kruvaze,Casual/Günlük,,Standart Kol,Cool & Comfort,Hayır,Finike,Tekli,Tüm Yaş Grupları,"95% Polyester, ,5% Elastan",Polyester,,,,,,,,,
68,796380382,11809,4.7,,/trendyolmilla/siyah-fitted-poliviskon-gullu-cizgili-yelek-limited-edition-twoss24ye00039-p-796380382/yorumlar,Fitted,Astarlı,Siyah,Straplez,Düz,Çizgili,,Dokuma,Standart,Basic,Business,,Düşük Kol,Fashion Forward,Hayır,Poliviskon,Tekli,Tüm Yaş Grupları,100% Polyester,Polyester,,,,,,,,,
69,776733034,4017,4.6,,/trendyolmilla/mavi-onden-baglamali-fitted-denim-yelek-twoss24ye00010-p-776733034/yorumlar,Fitted,Astarsız,Mavi,V Yaka,Düz,Düz,,Denim,Standart,Basic,Casual/Günlük,,Standart Kol,Fashion Forward,Hayır,Rigid,Tekli,Tüm Yaş Grupları,100% Pamuk,%100 Pamuk,,,,,,,,,
70,816778145,2903,4.8,,/trendyol-modest/koyu-bej-ceket-yaka-beli-baglama-detayli-astarli-dokuma-yelek-tctaw24yl00025-p-816778145/yorumlar,Regular,Astarlı,Bej,Düğmeli Yaka,,Düz,,Dokuma,Regular,Basic,Casual/Günlük,,Standart Kol,Smart/Office,Hayır,Finike,,Tüm Yaş Grupları,"85% Polyester, ,15% Elastan",,,,,,,Tesettür Giyim,,,
71,829180088,4794,4.5,,/trendyolmilla/ekru-oversize-denim-yelek-twoaw25ye00030-p-829180088/yorumlar,Oversize,Astarsız,Ekru,Ceket Yaka,Düz,Düz,,Denim,Standart,Basic,Casual/Günlük,,Düşük Kol,Fashion Forward,Hayır,Rigid,,Tüm Yaş Grupları,100% Pamuk,Denim,,,,,,,,,
72,318040088,52014,4.6,,/trendyol-modest/siyah-zincir-kemer-detayli-dokuma-yelek-tctaw23yl00013-p-318040088/yorumlar,Regular,Astarlı,Siyah,Ceket Yaka,,Düz,Zincir,Dokuma,Regular,Basic,Business,Kolsuz,Standart Kol,Smart,Hayır,Finike,Tekli,Tüm Yaş Grupları,"86% Polyester, ,14% Elastan",Polyester,Fleto Cep,,Düğmeli,Kemerli,,Tesettür Giyim,Dolgusuz,Dolgusuz,
73,794538412,2384,4.8,,/trendyolmilla/siyah-fitted-uzun-boy-yelek-twoss24ye00036-p-794538412/yorumlar,Fitted,Astarsız,Siyah,Halter Yaka,Düz,Düz,,Dokuma,Uzun,Basic,Casual/Günlük,Uzun,Standart Kol,Cool & Comfort,Hayır,Finike,Tekli,Tüm Yaş Grupları,"88% Polyester, ,12% Elastan",,,,,,,,,,
74,738400808,25494,4.5,,/trendyolmilla/siyah-regular-baglamali-dokuma-yelek-twoaw24ye00071-p-738400808/yorumlar,Regular,Astarlı,Siyah,Ceket Yaka,Düz,Düz,,Dokuma,Standart,Basic,Casual/Günlük,,Standart Kol,Cool & Comfort,Hayır,Finike,Tekli,Tüm Yaş Grupları,"96% Polyester, ,4% Elastan",,,,,,,,,,Ek Özellik Mevcut Değil
75,820042224,,,,,Regular,Astarsız,Ekru,V Yaka,,Düz,,Triko,Regular,Basic,Casual/Günlük,,Standart Kol,Cool & Comfort,,Tek Plaka,,,"76% Akrilik, ,24% Polyester",,,Orta,,,,,,,
76,822669820,,,,,Regular,Astarsız,Gri,Bisiklet Yaka,,Düz,,Triko,Regular,Basic,Casual/Günlük,Uzun,Standart Kol,Cool & Comfort,,Çift Plaka,,,100% Akrilik,,,Orta,,,,,,,
77,746295758,15847,4.6,,/trendyol-modest/siyah-ceket-yaka-beli-baglama-detayli-astarli-dokuma-yelek-tctaw24yl00025-p-746295758/yorumlar,Regular,Astarlı,Siyah,Düğmeli Yaka,,Düz,,Dokuma,Regular,Basic,Casual/Günlük,,Standart Kol,Smart/Office,Hayır,Finike,,Tüm Yaş Grupları,"85% Polyester, ,15% Elastan",,,,,,,Tesettür Giyim,,,
78,819101742,851,4.8,,/trendyol-modest/siyah-aksesuar-detayli-kumas-dokuma-yelek-tctss24yl00011-p-819101742/yorumlar,Regular,Astarlı,Siyah,Ceket Yaka,,Düz,İnci/Trok/Taş/Kuş Gözü,Dokuma,Regular,Kruvaze,Casual/Günlük,,Standart Kol,Feminine,,Finike,,Tüm Yaş Grupları,100% Polyester,,,,,,,Tesettür Giyim,,,
79,376007719,43312,3.9,,/trendyol-modest/tas-dokuma-astarli-dugme-kapamali-yelek-tctss23yl00022-p-376007719/yorumlar,Regular,Astarlı,Gri,Ceket Yaka,,Düz,Cep,Dokuma,Regular,Basic,Casual/Günlük,Kolsuz,Standart Kol,Smart,Hayır,Finike,,Tüm Yaş Grupları,100% Polyester,Polyester,Cepsiz,Orta,Düğmeli,,Günlük,,Dolgusuz,Dolgusuz,
80,790817183,6389,4.4,,/trendyol-modest/siyah-kusak-detayli-dokuma-yelek-tctss24yl00004-p-790817183/yorumlar,Regular,Astarlı,Siyah,Ceket Yaka,,Düz,,Dokuma,Uzun,Basic,Casual/Günlük,,Standart Kol,Cool & Comfort,Hayır,Finike,,Tüm Yaş Grupları,"95% Polyester, ,5% Elastan",,,,,,,,,,
81,831753243,308,,,,Regular,Astarsız,Siyah,Gömlek Yaka,,Düz,,Dokuma,Standart,Biker,Casual/Günlük,,Standart Kol,Fashion Forward,,Suni Deri,,,"43% Polyester, ,34% Vinil, ,23% Poliüretan",,,Kalın,Fermuarlı,,,,Dolgusuz,,
82,410887877,35190,4.5,,/trendyol-modest/vizon-zincir-kemer-detayli-dokuma-yelek-tctaw23yl00013-p-410887877/yorumlar,Regular,Astarlı,Kahverengi,Ceket Yaka,,Düz,Zincir,Dokuma,Regular,Basic,Business,Kolsuz,Standart Kol,Smart,Hayır,Finike,Tekli,Tüm Yaş Grupları,"86% Polyester, ,14% Elastan",Polyester,Fleto Cep,,Düğmeli,Kemerli,,Tesettür Giyim,Dolgusuz,Dolgusuz,
83,790816974,12810,4.1,,/trendyol-modest/bej-kusak-detayli-dokuma-yelek-tctss24yl00004-p-790816974/yorumlar,Regular,Astarlı,Bej,Ceket Yaka,,Düz,,Dokuma,Uzun,Basic,Casual/Günlük,,Standart Kol,Cool & Comfort,Hayır,Finike,,Tüm Yaş Grupları,"95% Polyester, ,5% Elastan",,,,,,,,,,
84,792882157,2750,4.5,,/trendyol-modest/vizon-v-yaka-cepli-dokuma-yelek-tctss24yl00001-p-792882157/yorumlar,Regular,Astarlı,Kahverengi,V Yaka,,Düz,Cep,Dokuma,Uzun,Basic,Casual/Günlük,,Standart Kol,Smart/Office,Hayır,Finike,,Tüm Yaş Grupları,"85% Polyester, 15% Elastan",,,,,,,,,,
85,811150776,3676,4.6,,/trendyolmilla/x-yapay-zeka-siyah-slim-tul-detayli-kusakli-yelek-twoss24ye00049-p-811150776/yorumlar,Slim,Astarlı,Siyah,Ceket Yaka,Düz,Düz,,Dokuma,Standart,Kruvaze,Business,,Standart Kol,Smart/Office,Hayır,Finike,,Tüm Yaş Grupları,100% Polyester,Polyester,,,,,,,,,
86,792881275,7477,4.7,,/trendyol-modest/acik-haki-finike-duz-dokuma-yelek-tctss24yl00002-p-792881275/yorumlar,Regular,Astarlı,Haki,Ceket Yaka,,Düz,,Dokuma,Uzun,Basic,Casual/Günlük,,Standart Kol,Cool & Comfort,Hayır,Finike,,Tüm Yaş Grupları,"89% Polyester, ,11% Elastan",,,,,,,,,,
87,791633301,6398,4.0,,/trendyol-modest/siyah-onden-baglama-kapamali-dokuma-yelek-tctss24yl00003-p-791633301/yorumlar,Regular,Astarlı,Siyah,V Yaka,,Düz,,Dokuma,Uzun,Basic,Gündüz / Gece,,Standart Kol,Fashion Forward,Hayır,Finike,,Tüm Yaş Grupları,"95% Polyester, ,5% Elastan",,,,,,,,,,
88,791662245,4543,4.6,,/trendyol-modest/siyah-gold-detayli-kusakli-duz-dokuma-yelek-tctss24yl00006-p-791662245/yorumlar,Regular,Astarsız,Siyah,V Yaka,,Düz,,Dokuma,Uzun,Basic,Casual/Günlük,,Standart Kol,Cool & Comfort,Hayır,Finike,,Tüm Yaş Grupları,"88% Polyester, 12% Elastan",,,,,,,,,,
89,672082672,2182,4.5,,/trendyolmilla/haki-kapusonlu-su-itici-uzun-sisme-yelek-twoaw24ye00017-p-672082672/yorumlar,Regular,Astarlı,Haki,Kapüşonlu,Düz,Düz,,Dokuma,Uzun,Şişme,Casual/Günlük,,Standart Kol,Cool & Comfort,Hayır,Jessica,Tekli,Tüm Yaş Grupları,100% Polyester,Polyester,,Kalın,Fermuarlı,,,,Elyaflı,,Ek Özellik Mevcut Değil
90,318042137,65689,4.3,,/trendyol-modest/siyah-beli-kemerli-ceket-yaka-dokuma-yelek-tctaw23yl00014-p-318042137/yorumlar,Regular,Astarlı,Siyah,Ceket Yaka,,Düz,Zincir,Dokuma,Regular,Basic,Casual/Günlük,Kolsuz,Standart Kol,Fashion Forward,Hayır,Finike,Tekli,Tüm Yaş Grupları,"86% Polyester, ,14% Elastan",Polyester,Çift Kapaklı,,Düğmeli,Kemerli,Günlük,Tesettür Giyim,Dolgusuz,Dolgusuz,Ek Özellik Mevcut Değil
91,675210456,2877,4.5,,/trendyolmilla/siyah-vizon-oversize-kapusonlu-cift-tarafli-su-itici-uzun-sisme-yelek-twoaw24ye00020-p-675210456/yorumlar,Oversize,Astarlı,Siyah,Kapüşonlu,Düz,Düz,,Dokuma,Uzun,Şişme,Casual/Günlük,,Standart Kol,Cool & Comfort,Hayır,Micro,Tekli,Tüm Yaş Grupları,100% Polyester,Polyester,,Kalın,Fermuarlı,,,,Elyaflı,,Reversible
92,322343349,27483,4.6,,/trendyolmilla/kahverengi-sisme-yelek-twoaw23ye00059-p-322343349/yorumlar,Regular,Astarlı,Kahverengi,Dik Yaka,Düz,Düz,,Dokuma,Standart,Basic,Casual/Günlük,,Standart Kol,Cool & Comfort,Hayır,Micro,,Tüm Yaş Grupları,100% Polyester,Polyester,,Orta,Fermuarlı,,,,Elyaflı,,Su itici
93,828806341,68,,,,Regular,Astarlı,Bordo,V Yaka,Düz,Düz,Düğme,Dokuma,Crop,Basic,Business,Kolsuz,Standart Kol,Smart/Office,Hayır,Jessica,,Tüm Yaş Grupları,100% Polyester,Polyester,,,,,,,,,
94,813483192,229,2.0,,/trendyolmilla/ekru-regular-polo-yaka-yelek-twoaw25ye00011-p-813483192/yorumlar,Regular,Astarsız,Ekru,Polo Yaka,,Düz,,Triko,Regular,Basic,Casual/Günlük,,Standart Kol,Feminine,,Tek Plaka,,,100% Polyester,,,Orta,,,,,,,
95,828566504,339,,,,Regular,Astarsız,Ekru,Bisiklet Yaka,,Düz,,Triko,Regular,Basic,Casual/Günlük,Kolsuz,Standart Kol,Cool & Comfort,,Tek Plaka,,,"79% Akrilik, ,21% Polyester",,,Orta,,,,,,,
96,374790827,20379,4.4,,/trendyolmilla/camel-fitted-astarli-dugmeli-dokuma-yelek-twoss21ye0009-p-374790827/yorumlar,Fitted,Astarlı,Kahverengi,V Yaka,Düz,Düz,,Dokuma,Midi,Basic,Şık / gece,Kolsuz,Standart Kol,Smart,,Finike,,,"86% Polyester, ,14% Elastan",,Çift cepli,Orta,,,,,,,
97,672437023,4890,4.5,,/trendyolmilla/bej-oversize-kapusonlu-su-itici-sisme-yelek-twoaw24ye00019-p-672437023/yorumlar,Oversize,Astarlı,Bej,Kapüşonlu,Düz,Düz,,Dokuma,Midi,Basic,Casual/Günlük,,Standart Kol,Cool & Comfort,Hayır,Micro,Tekli,Tüm Yaş Grupları,100% Polyester,Polyester,,Kalın,Fermuarlı,,,,Elyaflı,,Su itici
98,731444542,14832,4.6,,/trendyol-modest/siyah-astarli-tek-dugmeli-dokuma-finike-kumas-yelek-tctaw24yl00017-p-731444542/yorumlar,Regular,Astarlı,Siyah,Ceket Yaka,,Düz,Düğme,Dokuma,Standart,Basic,Casual/Günlük,,Standart Kol,Smart/Office,Hayır,Finike,Tekli,Tüm Yaş Grupları,"86% Polyester, ,14% Elastan",,,,,,,,,,Ek Özellik Mevcut Değil
99,672082685,1829,4.6,,/trendyolmilla/siyah-kapusonlu-su-itici-uzun-sisme-yelek-twoaw24ye00017-p-672082685/yorumlar,Regular,Astarlı,Siyah,Kapüşonlu,Düz,Düz,,Dokuma,Uzun,Şişme,Casual/Günlük,,Standart Kol,Cool & Comfort,Hayır,Jessica,Tekli,Tüm Yaş Grupları,100% Polyester,Polyester,,Kalın,Fermuarlı,,,,Elyaflı,,Ek Özellik Mevcut Değil
100,813303728,83,,,,Regular,Astarsız,Ekru,V Yaka,,Dokulu,,Triko,Regular,Basic,Casual/Günlük,Kolsuz,Standart Kol,Cool & Comfort,,Tek Plaka,,,"91% Akrilik, ,5% Polyester, ,4% Poliamid",,,Kalın,,,,,,,
101,792876279,14561,4.7,,/trendyolmilla/siyah-oversize-cep-detayli-yelek-twoss24ye00037-p-792876279/yorumlar,Oversize,Astarlı,Siyah,Gömlek Yaka,Düz,Düz,Cep,Dokuma,Standart,Bomber,Casual/Günlük,,Standart Kol,Cool & Comfort,Hayır,Double Face,,Tüm Yaş Grupları,"95% Polyester, ,5% Elastan",Polyester,,İnce,Fermuarlı,,,,Dolgusuz,Dolgusuz,
102,814876493,5283,3.9,,/edit-by-trendyol/gri-regular-dokuma-yelek-tedss24ye00000-p-814876493/yorumlar,Regular,Astarsız,Gri,Ceket Yaka,Düz,Çizgili,,Dokuma,Standart,Basic,Casual/Günlük,,Standart Kol,Fashion Forward,Hayır,Finike,,Tüm Yaş Grupları,"95% Polyester, ,5% Elastan",,,,,,,,,,
103,806500492,262,4.0,,/trendyolmilla/koyu-mavi-oversize-kapusonlu-su-itici-sisme-yelek-twoaw24ye00019-p-806500492/yorumlar,Oversize,Astarlı,Mavi,Kapüşonlu,Düz,Düz,,Dokuma,Midi,Basic,Casual/Günlük,,Standart Kol,Cool & Comfort,Hayır,Micro,Tekli,Tüm Yaş Grupları,100% Polyester,Polyester,,Kalın,Fermuarlı,,,,Elyaflı,,Su itici
104,820170207,329,,,,Oversize,Astarlı,Siyah,Hakim Yaka,Düz,Düz,,Dokuma,Standart,Basic,Casual/Günlük,,Standart Kol,Cool & Comfort,,Peluş,,,100% Polyester,,,Orta,,,,,Dolgusuz,,
105,812364497,,,,,Regular,Astarsız,Gri,V Yaka,,Düz,,Triko,Regular,Basic,Casual/Günlük,,Standart Kol,Cool & Comfort,,Tek Plaka,,,"73% Akrilik, ,27% Polyester",,,Orta,,,,,,,
106,812364496,748,4.0,,/trendyolmilla/murdum-regular-buklet-yelek-twoaw25ye00012-p-812364496/yorumlar,Regular,Astarsız,Mor,V Yaka,,Düz,,Triko,Regular,Basic,Casual/Günlük,,Standart Kol,Cool & Comfort,,Tek Plaka,,,"73% Akrilik, ,27% Polyester",,,Orta,,,,,,,
107,828566498,301,,,,Regular,Astarsız,Bej,Bisiklet Yaka,,Düz,,Triko,Regular,Basic,Casual/Günlük,Kolsuz,Standart Kol,Cool & Comfort,,Tek Plaka,,,"79% Akrilik, ,21% Polyester",,,Orta,,,,,,,
108,806494441,,,,,Regular,Astarlı,Bej,Kapüşonlu,Düz,Düz,Kemerli,Dokuma,Midi,Basic,Casual/Günlük,Kolsuz,Standart Kol,Cool & Comfort,Hayır,Jessica,Tekli,Tüm Yaş Grupları,100% Polyester,Polyester,Çift cepli,Kalın,Çıt Çıt,Kemerli,,,Elyaflı,Polyester,Su itici
109,784449738,2320,4.5,,/trendyolmilla/kirmizi-su-itici-sisme-yelek-twoaw23ye00059-p-784449738/yorumlar,Regular,Astarlı,Kırmızı,Dik Yaka,Düz,Düz,,Dokuma,Standart,Basic,Casual/Günlük,,Standart Kol,Cool & Comfort,Hayır,Micro,,Tüm Yaş Grupları,100% Polyester,Polyester,,Orta,Fermuarlı,,,,Elyaflı,,Su itici
110,796185529,2614,3.8,,/trendyol-modest/bej-finike-kemer-detayli-dokuma-yelek-tctss24yl00008-p-796185529/yorumlar,Regular,Astarlı,Bej,Ceket Yaka,,Düz,Kemerli,Dokuma,Uzun,Basic,Casual/Günlük,,Standart Kol,Fashion Forward,Hayır,Finike,,Tüm Yaş Grupları,100% Pamuk,%100 Pamuk,,,,,,,,,
111,828566674,273,,,,Regular,Astarsız,Siyah,Bisiklet Yaka,,Çizgili,,Triko,Regular,Basic,Casual/Günlük,Kolsuz,Standart Kol,Cool & Comfort,,Tek Plaka,,,"79% Akrilik, ,21% Polyester",,,Orta,,,,,,,
112,814516959,461,,,,Regular,Astarlı,Kahverengi,Gömlek Yaka,,Düz,,Dokuma,Standart,Basic,Casual/Günlük,,Standart Kol,Cool & Comfort,,Crinkle,,,100% Polyester,,,Orta,Çıt Çıt,,,,Kapitone,,
113,672437026,7314,4.4,,/trendyolmilla/siyah-oversize-kapusonlu-su-itici-sisme-yelek-twoaw24ye00019-p-672437026/yorumlar,Oversize,Astarlı,Siyah,Kapüşonlu,Düz,Düz,,Dokuma,Midi,Basic,Casual/Günlük,,Standart Kol,Cool & Comfort,Hayır,Micro,Tekli,Tüm Yaş Grupları,100% Polyester,Polyester,,Kalın,Fermuarlı,,,,Elyaflı,,Su itici
114,773613104,17308,3.9,,/trendyolmilla/beyaz-fitted-fitted-dugmeli-dokuma-yelek-twoss21ye0009-p-773613104/yorumlar,Fitted,Astarlı,Beyaz,V Yaka,Düz,Düz,,Dokuma,Midi,Basic,Şık / gece,Kolsuz,Standart Kol,Smart,,Finike,,,"86% Polyester, ,14% Elastan",,Çift cepli,Orta,,,,,,,
115,773613111,9471,3.7,,/trendyolmilla/vizon-fitted-dugmeli-dokuma-yelek-twoss21ye0009-p-773613111/yorumlar,Fitted,Astarlı,Kahverengi,V Yaka,Düz,Düz,,Dokuma,Midi,Basic,Şık / gece,Kolsuz,Standart Kol,Smart,,Finike,,,"86% Polyester, ,14% Elastan",,Çift cepli,Orta,,,,,,,
116,812698580,225,,,,Slim,Astarsız,Siyah,V Yaka,,Renk Bloklu,,Triko,Regular,Basic,Gündüz / Gece,,Standart Kol,Feminine,,Tek Plaka,,,100% Akrilik,,,Orta,,,,,,,
117,730953840,32723,4.5,,/trendyol-modest/siyah-cep-detayli-tuvit-dokuma-yelek-tctaw24ye00000-p-730953840/yorumlar,Regular,Astarsız,Siyah,Bisiklet Yaka,Düz,Düz,Cep,Dokuma,Standart,Basic,Casual/Günlük,,Düşük Kol,Feminine,Hayır,Tüvit,Tekli,Tüm Yaş Grupları,"76% Polyester, 9% Pamuk, 5% Viskoz, 5% Akrilik, 4% Poliamid, 1% Yün",,,,,,,,,,
118,829252219,2220,3.0,,/trendyolmilla/koyu-mavi-fitted-denim-yelek-twoaw25ye00031-p-829252219/yorumlar,Fitted,Astarsız,Lacivert,V Yaka,Düz,Düz,,Denim,Standart,Denim,Casual/Günlük,,Standart Kol,Fashion Forward,,Rigid,,,100% Pamuk,,,,,,,,,,
119,782538994,4052,4.4,,/trendyolmilla/siyah-regular-kapusonlu-fermuarli-sifir-kol-yelek-twoss24ye00012-p-782538994/yorumlar,Regular,Astarsız,Siyah,Kapüşonlu,Düz,Düz,Fermuar,Örme,Regular,Basic,Casual/Günlük,Kolsuz,Standart Kol,Cool & Comfort,Hayır,3 İplik Şardonsuz,Tekli,Tüm Yaş Grupları,"49% Pamuk, 46% Polyester, 5% Viskoz",,,,Fermuarlı,,,,,,
120,791662163,2854,4.1,,/trendyol-modest/bej-gold-detayli-kusakli-duz-dokuma-yelek-tctss24yl00006-p-791662163/yorumlar,Regular,Astarsız,Bej,V Yaka,,Düz,,Dokuma,Uzun,Basic,Casual/Günlük,,Standart Kol,Cool & Comfort,Hayır,Finike,,Tüm Yaş Grupları,"88% Polyester, 12% Elastan",,,,,,,,,,
121,815366577,529,,,,Regular,Astarlı,Siyah,Erkek Yaka,Düz,Düz,Suni Deri,Dokuma,Standart,Biker,Casual/Günlük,,Standart Kol,Cool & Comfort,Hayır,Suni Deri,,Tüm Yaş Grupları,100% Polyester,Polyester,,İnce,Fermuarlı,,,,Dolgusuz,,
122,783816039,9802,4.5,,/trendyolmilla/ekru-bomber-yelek-twoss24ye00022-p-783816039/yorumlar,Bomber,Astarlı,Ekru,Dik Yaka,Düz,Düz,,Dokuma,Standart,Basic,Casual/Günlük,,Standart Kol,Cool & Comfort,Hayır,Crinkle,Tekli,Tüm Yaş Grupları,100% Polyester,Polyester,,Orta,Fermuarlı,,,,Elyaflı,,
123,796044501,12662,3.8,,/trendyolmilla/ekru-oversize-tuvit-ince-yelek-twoss24ye00034-p-796044501/yorumlar,Oversize,Astarlı,Ekru,Hakim Yaka,Düz,Düz,,Dokuma,Standart,Basic,Casual/Günlük,,Standart Kol,Fashion Forward,Hayır,Tüvit,Tekli,Tüm Yaş Grupları,100% Polyester,Polyester,,İnce,Çıt Çıt,,,,Dolgusuz,,
124,790036216,7841,4.8,,/trendyolmilla/camel-regular-premium-dugme-detayli-dokuma-keten-gorunumlu-yelek-twoss24ye00031-p-790036216/yorumlar,Regular,Astarlı,Kahverengi,V Yaka,Düz,Düz,Düğme,Dokuma,Regular,Basic,Business,,Standart Kol,Smart,Hayır,Keten görünümlü,Tekli,Tüm Yaş Grupları,100% Polyester,Polyester,,,,,,,,,
125,775985841,13905,4.0,,/trendyolmilla/koyu-mavi-fitted-denim-yelek-twoss24ye00004-p-775985841/yorumlar,Fitted,Astarsız,Mavi,Bisiklet Yaka,Düz,Düz,,Denim,Standart,Basic,Casual/Günlük,,Standart Kol,Cool & Comfort,Hayır,Comfort,Tekli,Tüm Yaş Grupları,"99% Pamuk, ,1% Elastan",Denim,,,,,,Care,,,
126,300279413,17793,4.6,,/trendyolmilla/siyah-kusakli-kapitone-sisme-yelek-twoaw23ye00038-p-300279413/yorumlar,Regular,Astarlı,Siyah,Şal Yaka,Düz,Düz,Kemerli,Dokuma,Midi,Basic,Casual/Günlük,Kolsuz,Standart Kol,Cool & Comfort,Hayır,Jessica,Tekli,Tüm Yaş Grupları,100% Polyester,Polyester,,Orta,Kapamasız,Kemerli,,,Kapitone,,
127,322343277,27577,4.4,,/trendyolmilla/tas-regular-su-itici-sisme-yelek-twoaw23ye00059-p-322343277/yorumlar,Regular,Astarlı,Gri,Dik Yaka,Düz,Düz,,Dokuma,Standart,Basic,Casual/Günlük,,Standart Kol,Cool & Comfort,Hayır,Micro,,Tüm Yaş Grupları,100% Polyester,Polyester,,Orta,Fermuarlı,,,,Elyaflı,,Su itici
128,815745688,8313,4.8,,/trendyolmilla/vizon-100-keten-fitted-yelek-twoss24ye00052-p-815745688/yorumlar,Fitted,Astarsız,Bej,Bisiklet Yaka,Düz,Düz,,Denim,Standart,Basic,Casual/Günlük,,Standart Kol,Fashion Forward,Hayır,Rigid,,Tüm Yaş Grupları,100% Keten,Denim,,,,,,,,,
129,787746047,3028,4.2,,/trendyol-modest/beyaz-cep-detayli-tuvit-dokuma-yelek-tctaw24ye00000-p-787746047/yorumlar,Regular,Astarsız,Beyaz,Bisiklet Yaka,Düz,Düz,Cep,Dokuma,Standart,Basic,Casual/Günlük,,Düşük Kol,Feminine,Hayır,Tüvit,Tekli,Tüm Yaş Grupları,"76% Polyester, 9% Pamuk, 5% Viskoz, 5% Akrilik, 4% Poliamid, 1% Yün",,,,,,,,,,
130,782297144,20024,4.3,,/trendyolmilla/bej-premium-straplez-regular-dokuma-yelek-twoss24ye00021-p-782297144/yorumlar,Regular,Astarlı,Bej,Carmen Yaka,Düz,Düz,,Dokuma,Standart,Basic,Şık / gece,,Standart Kol,Fashion Forward,Hayır,Gabardin,Tekli,Tüm Yaş Grupları,100% Pamuk,Polyester,,,,,,,,,
131,322343294,39539,4.4,,/trendyolmilla/siyah-regular-su-itici-sisme-yelek-twoaw23ye00059-p-322343294/yorumlar,Regular,Astarlı,Siyah,Dik Yaka,Düz,Düz,,Dokuma,Standart,Basic,Casual/Günlük,,Standart Kol,Cool & Comfort,Hayır,Micro,,Tüm Yaş Grupları,100% Polyester,Polyester,,Orta,Fermuarlı,,,,Elyaflı,,Su itici
132,141079772,80627,4.2,,/trendyolmilla/camel-kusakli-cift-cepli-trenckot-yelek-tctaw22yl0003-p-141079772/yorumlar,Regular,Astarlı,Kahverengi,Erkek Yaka,Düz,Düz,Cep,Dokuma,Midi,Basic,Casual/Günlük,Kısa,Standart Kol,Cool & Comfort,Hayır,Plain,Tekli,Tüm Yaş Grupları,100% Polyester,Polyester,,İnce,Düğmeli,Kuşaklı,,,Dolgusuz,,
133,125880797,117532,4.6,,/trendyolmilla/indigo-gomlek-yaka-cep-detayli-100-pamuk-denim-yelek-ceket-tctaw22ck0006-p-125880797/yorumlar,Regular,Astarsız,Lacivert,Gömlek Yaka,Düz,Düz,Cep,Denim,Standart,Kruvaze,Casual/Günlük,Kolsuz,Standart Kol,Cool & Comfort,Hayır,Rigid,Tekli,Tüm Yaş Grupları,100% Pamuk,%100 Pamuk,,,,,,,,,
134,86537426,41887,4.5,,/trendyolmilla/siyah-kapusonlu-kemerli-su-itici-sisme-yelek-twoss21ye0002-p-86537426/yorumlar,Regular,Astarlı,Siyah,Kapüşonlu,Düz,Düz,Kemerli,Dokuma,Midi,Basic,Casual/Günlük,Kolsuz,Standart Kol,Cool & Comfort,Hayır,Jessica,Tekli,Tüm Yaş Grupları,100% Polyester,Polyester,Çift cepli,Kalın,Çıt Çıt,Kemerli,,,Elyaflı,Polyester,Su itici
