,ID,FAVORITE_COUNT,RATING_DETAIL,DELIVERY_DATE,PROFF_LINK,Yaka Tipi,Kol Tipi,Kalıp,Desen,Kumaş Tipi,Renk,Ürün Detayı,Ürün Tipi,Kol Boyu,Ek Özellik,Sürdürülebilirlik Detayı,Persona,Dokuma Tipi,Ortam,Boy,Siluet,Yaş,Materyal Bileşeni,Paket İçeriği,Materyal,Alt Siluet,Kap,Koleksiyon
0,250036867,274183,4.6,,/trendyolmilla/tarcin-asimetrik-yakali-alttan-citcitli-esnek-orme-body-twoss22bd00014-p-250036867/yorumlar,Asimetrik Yaka,Tek Kol,Slim,Düz,Örme,Kahverengi,Büzgü / Drape,Düz,Kolsuz,Alttan Çıtçıtlı,Hayır,Smart,Micro,Gündüz / Gece,Regular,Basic,Tüm Yaş Grupları,"93% Polyester, ,7% Elastan",,,,,
1,37757905,658297,4.5,,/trendyolmilla/siyah-halter-yaka-vucuda-oturan-esnek-citcitli-orme-body-twoss20bd0044-p-37757905/yorumlar,Halter Yaka,Standart Kol,Slim,Düz,Örme,Siyah,Çıtçıt Kapamalı,Düz,Kolsuz,,Hayır,Cool & Comfort,Micro,Casual/Günlük,Regular,Basic,Tüm Yaş Grupları,"93% Polyester, ,7% Elastan",,,,,
2,797010698,79038,4.3,,/trendyolmilla/siyah-fitted-vucuda-oturan-sirti-detayli-kare-yaka-citcitli-esnek-orme-body-twoss24bd00026-p-797010698/yorumlar,Kare Yaka,Standart Kol,Slim,Düz,Örme,Siyah,,Düz,Kolsuz,Alttan Çıtçıtlı,Hayır,Cool & Comfort,Micro,Casual/Günlük,Regular,Basic,Tüm Yaş Grupları,"93% Polyester, ,7% Elastan",,,,,
3,283125432,76678,4.6,,/trendyolmilla/kahverengi-asimetrik-yakali-alttan-citcitli-esnek-orme-body-twoss22bd00014-p-283125432/yorumlar,Asimetrik Yaka,Tek Kol,Slim,Düz,Örme,Kahverengi,Büzgü / Drape,Düz,Kolsuz,Alttan Çıtçıtlı,Hayır,Smart,Micro,Gündüz / Gece,Regular,Basic,Tüm Yaş Grupları,"93% Polyester, ,7% Elastan",,,,,
4,37757903,335730,4.3,,/trendyolmilla/tas-halter-yaka-vucuda-oturan-esnek-citcitli-orme-body-twoss20bd0044-p-37757903/yorumlar,Halter Yaka,Standart Kol,Slim,Düz,Örme,Gri,Çıtçıt Kapamalı,Düz,Kolsuz,,Hayır,Cool & Comfort,Micro,Casual/Günlük,Regular,Basic,Tüm Yaş Grupları,"93% Polyester, ,7% Elastan",,,,,
5,250036870,102629,4.7,,/trendyolmilla/siyah-asimetrik-yakali-alttan-citcitli-esnek-orme-body-twoss22bd00014-p-250036870/yorumlar,Asimetrik Yaka,Tek Kol,Slim,Düz,Örme,Siyah,Büzgü / Drape,Düz,Kolsuz,Alttan Çıtçıtlı,Hayır,Smart,Micro,Gündüz / Gece,Regular,Basic,Tüm Yaş Grupları,"93% Polyester, ,7% Elastan",,,,,
6,73296590,150143,4.6,,/trendyolmilla/koyu-kahverengi-halter-yaka-vucuda-oturan-esnek-citcitli-orme-body-twoss20bd0044-p-73296590/yorumlar,Halter Yaka,Standart Kol,Slim,Düz,Örme,Kahverengi,Çıtçıt Kapamalı,Düz,Kolsuz,,Hayır,Cool & Comfort,Micro,Casual/Günlük,Regular,Basic,Tüm Yaş Grupları,"93% Polyester, ,7% Elastan",,,,,
7,73296606,303219,4.3,,/trendyolmilla/beyaz-halter-yaka-vucuda-oturan-esnek-citcitli-orme-body-twoss20bd0044-p-73296606/yorumlar,Halter Yaka,Standart Kol,Slim,Düz,Örme,Beyaz,Çıtçıt Kapamalı,Düz,Kolsuz,,Hayır,Cool & Comfort,Micro,Casual/Günlük,Regular,Basic,Tüm Yaş Grupları,"93% Polyester, ,7% Elastan",,,,,
8,45309276,289224,4.5,,/trendyolmilla/siyah-fermuarli-dik-yaka-fermuarli-kisa-kollu-esnek-citcitli-orme-body-twoaw21bd0009-p-45309276/yorumlar,Dik Yaka,Standart Kol,Slim,Baskılı,Örme,Siyah,Çıtçıt Kapamalı,Düz,Kısa,Alttan Çıtçıtlı,Hayır,Cool & Comfort,Micro,Casual/Günlük,Regular,Basic,Tüm Yaş Grupları,"93% Polyester, ,7% Elastan",,,,,
9,370327521,58282,4.1,,/trendyolmilla/tas-buzgu-detayli-esnek-citcitli-orme-body-twoss23bd00006-p-370327521/yorumlar,Dik Yaka,Standart Kol,Slim,Düz,Örme,Gri,Büzgü / Drape,Düz,Kolsuz,Alttan Çıtçıtlı,Hayır,Cool & Comfort,Sandy,Casual/Günlük,Regular,Basic,Tüm Yaş Grupları,"96% Polyester, ,4% Elastan",,,,,
10,283125425,51231,4.3,,/trendyolmilla/acik-tas-fitted-asimetrik-yaka-esnek-citcitli-orme-body-twoss22bd00014-p-283125425/yorumlar,Asimetrik Yaka,Tek Kol,Slim,Düz,Örme,Gri,Büzgü / Drape,Düz,Kolsuz,Alttan Çıtçıtlı,Hayır,Smart,Micro,Gündüz / Gece,Regular,Basic,Tüm Yaş Grupları,"93% Polyester, ,7% Elastan",,,,,
11,640262757,32036,4.7,,/trendyolmilla/siyah-degaje-yaka-orme-body-tprss23bd00050-p-640262757/yorumlar,Degaje Yaka,Standart Kol,Fitted,Düz,Örme,Siyah,,Düz,Kolsuz,Alttan Çıtçıtlı,Hayır,Smart,Sandy,Şık / gece,Regular,Basic,Tüm Yaş Grupları,"97% Polyester, ,3% Elastan",Tekli,,,,
12,465428325,95719,4.3,,/trendyolmilla/siyah-dik-yaka-sirt-dekolteli-esnek-citcitli-orme-body-twoss23bd00037-p-465428325/yorumlar,Boyundan Bağlamalı,Standart Kol,Slim,Düz,Örme,Siyah,Sırt Baskılı,Düz,Kolsuz,Alttan Çıtçıtlı,Hayır,Cool & Comfort,Micro,Casual/Günlük,Regular,Basic,Tüm Yaş Grupları,"93% Polyester, ,7% Elastan",,,,,
13,454796398,85040,4.5,,/trendyolmilla/siyah-asimetrik-yakali-fitted-vucuda-oturan-citcitli-orme-body-twoss23bd00060-p-454796398/yorumlar,Asimetrik Yaka,Düşük Kol,Slim,Düz,Örme,Siyah,Çıtçıt Kapamalı,Düz,Kısa,Alttan Çıtçıtlı,Hayır,Smart,Bürümcük,Gündüz / Gece,Regular,Basic,Tüm Yaş Grupları,"98% Polyester, ,2% Elastan",,,,,
14,370328121,90837,4.4,,/trendyolmilla/murdum-vatkali-kruvaze-yaka-esnek-citcitli-orme-body-twoss23bd00007-p-370328121/yorumlar,Kruvaze,Standart Kol,Slim,Düz,Örme,Mor,Çıtçıt Kapamalı,Düz,Kolsuz,Alttan Çıtçıtlı,Hayır,Smart,Sandy,Gündüz / Gece,Regular,Basic,Tüm Yaş Grupları,"96% Polyester, ,4% Elastan",,,,,
15,368360651,38657,4.7,,/trendyolmilla/fusya-asimetrik-yakali-alttan-citcitli-esnek-orme-body-twoss22bd00014-p-368360651/yorumlar,Asimetrik Yaka,Tek Kol,Slim,Düz,Örme,Pembe,Büzgü / Drape,Düz,Kolsuz,Alttan Çıtçıtlı,Hayır,Smart,Micro,Gündüz / Gece,Regular,Basic,Tüm Yaş Grupları,"93% Polyester, ,7% Elastan",,,,,
16,370788953,36294,4.6,,/trendyolmilla/yesil-asimetrik-yaka-cut-out-detayli-esnek-citcitli-orme-body-twoss23bd00014-p-370788953/yorumlar,Asimetrik Yaka,Tek Kol,Slim,Düz,Örme,Yeşil,Cut Out,Düz,Kolsuz,,Hayır,Fashion Forward,Micro,Gündüz / Gece,Regular,Basic,Tüm Yaş Grupları,"93% Polyester, ,7% Elastan",,,,,
17,797009559,43371,4.4,,/trendyolmilla/siyah-fitted-vucuda-oturan-fermuarli-yaka-citcitli-esnek-orme-body-twoss24bd00025-p-797009559/yorumlar,Fermuarlı Yaka,Standart Kol,Slim,Düz,Örme,Siyah,Fermuar,Düz,Kısa,Alttan Çıtçıtlı,Hayır,Cool & Comfort,Micro,Casual/Günlük,Regular,Basic,Tüm Yaş Grupları,"93% Polyester, ,7% Elastan",,,,,
18,781821802,9958,4.4,,/trendyolmilla/murdum-buzgu-detayli-esnek-citcitli-orme-body-twoss23bd00006-p-781821802/yorumlar,Dik Yaka,Standart Kol,Slim,Düz,Örme,Mor,Büzgü / Drape,Düz,Kolsuz,Alttan Çıtçıtlı,Hayır,Cool & Comfort,Sandy,Casual/Günlük,Regular,Basic,Tüm Yaş Grupları,"96% Polyester, ,4% Elastan",,,,,
19,634142691,101258,4.7,,/trendyolmilla/yesil-baglama-detayli-v-yaka-fitted-vucuda-oturan-esnek-citcitli-orme-body-twoss23bd00055-p-634142691/yorumlar,V Yaka,Standart Kol,Slim,Düz,Örme,Yeşil,Büzgü / Drape,Düz,Kolsuz,Alttan Çıtçıtlı,Hayır,Cool & Comfort,Sandy,Gündüz / Gece,Regular,Basic,Tüm Yaş Grupları,"96% Polyester, ,4% Elastan",Tekli,,,,
20,370788961,74262,4.6,,/trendyolmilla/siyah-asimetrik-yaka-cut-out-detayli-esnek-citcitli-orme-body-twoss23bd00014-p-370788961/yorumlar,Asimetrik Yaka,Tek Kol,Slim,Düz,Örme,Siyah,Cut Out,Düz,Kolsuz,,Hayır,Fashion Forward,Micro,Gündüz / Gece,Regular,Basic,Tüm Yaş Grupları,"93% Polyester, ,7% Elastan",,,,,
21,78167194,48476,3.9,,/trendyolmilla/tas-fermuarli-dik-yaka-fermuarli-kisa-kollu-esnek-citcitli-orme-body-twoaw21bd0009-p-78167194/yorumlar,Dik Yaka,Standart Kol,Slim,Baskılı,Örme,Gri,Çıtçıt Kapamalı,Düz,Kısa,Alttan Çıtçıtlı,Hayır,Cool & Comfort,Micro,Casual/Günlük,Regular,Basic,Tüm Yaş Grupları,"93% Polyester, ,7% Elastan",,,,,
22,807518972,19282,3.8,,/trendyolmilla/x-zeynep-tosun-siyah-pencere-detayli-orme-yilan-aksesuarli-body-tclss24bd00003-p-807518972/yorumlar,Asimetrik Yaka,Standart Kol,Fitted,Düz,Örme,Siyah,,Düz,Kolsuz,,Hayır,Fashion Forward,Nancy,,Standart,Basic,Tüm Yaş Grupları,"94% Polyester, ,6% Elastan",,,,,
23,799973847,30452,4.3,,/trendyolmilla/lacivert-kisa-kol-esnek-citcitli-orme-body-twoss24bd00034-p-799973847/yorumlar,Bisiklet Yaka,Standart Kol,Fitted,Düz,Örme,Lacivert,,Düz,Kısa,Alttan Çıtçıtlı,Hayır,Cool & Comfort,Micro,Casual/Günlük,Kısa,Basic,Tüm Yaş Grupları,"93% Polyester, ,7% Elastan",,,,,
24,73296616,133643,4.4,,/trendyolmilla/vizon-halter-yaka-vucuda-oturan-esnek-citcitli-orme-body-twoss20bd0044-p-73296616/yorumlar,Halter Yaka,Standart Kol,Slim,Düz,Örme,Kahverengi,Çıtçıt Kapamalı,Düz,Kolsuz,,Hayır,Cool & Comfort,Micro,Casual/Günlük,Regular,Basic,Tüm Yaş Grupları,"93% Polyester, ,7% Elastan",,,,,
25,794583498,9766,4.3,,/trendyolmilla/kirmizi-fitted-vucuda-oturan-kayik-yaka-esnek-citcitli-orme-body-twoss24bd00029-p-794583498/yorumlar,Kayık Yaka,Ay Kol,Slim,Düz,Örme,Kırmızı,,Düz,Kolsuz,Alttan Çıtçıtlı,Hayır,Cool & Comfort,Micro,Casual/Günlük,Regular,Basic,Tüm Yaş Grupları,"93% Polyester, ,7% Elastan",,,,,
26,78167169,48650,4.3,,/trendyolmilla/mavi-fermuarli-dik-yaka-fermuarli-kisa-kollu-esnek-citcitli-orme-body-twoaw21bd0009-p-78167169/yorumlar,Dik Yaka,Standart Kol,Slim,Baskılı,Örme,Mavi,Çıtçıt Kapamalı,Düz,Kısa,Alttan Çıtçıtlı,Hayır,Cool & Comfort,Micro,Casual/Günlük,Regular,Basic,Tüm Yaş Grupları,"93% Polyester, ,7% Elastan",,,,,
27,817265798,11038,4.5,,/trendyolmilla/tas-fitted-vucuda-oturan-kemer-detayli-esnek-citcitli-orme-body-twoss24bd00080-p-817265798/yorumlar,V Yaka,Standart Kol,Slim,Düz,Örme,Gri,Çıtçıt Kapamalı,Düz,Kolsuz,,Hayır,Fashion Forward,Micro,,Regular,Basic,Tüm Yaş Grupları,"93% Polyester, ,7% Elastan",,,,,
28,810301714,13832,4.4,,/trendyolmilla/kahverengi-fitted-vucuda-oturan-kayik-yaka-esnek-citcitli-orme-body-twoss24bd00029-p-810301714/yorumlar,Kayık Yaka,Ay Kol,Slim,Düz,Örme,Kahverengi,,Düz,Kolsuz,Alttan Çıtçıtlı,Hayır,Cool & Comfort,Micro,Casual/Günlük,Regular,Basic,Tüm Yaş Grupları,"93% Polyester, ,7% Elastan",,,,,
29,454796380,67343,4.5,,/trendyolmilla/zumrut-yesili-asimetrik-yakali-fitted-vucuda-oturan-citcitli-orme-body-twoss23bd00060-p-454796380/yorumlar,Asimetrik Yaka,Düşük Kol,Slim,Düz,Örme,Yeşil,Çıtçıt Kapamalı,Düz,Kısa,Alttan Çıtçıtlı,Hayır,Smart,Bürümcük,Gündüz / Gece,Regular,Basic,Tüm Yaş Grupları,"98% Polyester, ,2% Elastan",,,,,
30,368360730,22366,4.7,,/trendyolmilla/petrol-asimetrik-yaka-esnek-citcitli-esnek-orme-body-twoss22bd00014-p-368360730/yorumlar,Asimetrik Yaka,Tek Kol,Slim,Düz,Örme,Mavi,Büzgü / Drape,Düz,Kolsuz,Alttan Çıtçıtlı,Hayır,Smart,Micro,Gündüz / Gece,Regular,Basic,Tüm Yaş Grupları,"93% Polyester, ,7% Elastan",,,,,
31,797015894,23153,4.3,,/trendyolmilla/siyah-fitted-vucuda-oturan-asimetrik-yaka-tek-kol-citcitli-esnek-orme-body-twoss24bd00028-p-797015894/yorumlar,Asimetrik Yaka,Tek Kol,Slim,Düz,Örme,Siyah,,Düz,Kısa,Alttan Çıtçıtlı,Hayır,Cool & Comfort,Micro,Casual/Günlük,Standart,Basic,Tüm Yaş Grupları,"93% Polyester, ,7% Elastan",,,,,
32,368344082,14593,4.6,,/trendyolmilla/mor-halter-yaka-vucuda-oturan-esnek-citcitli-orme-body-twoss20bd0044-p-368344082/yorumlar,Halter Yaka,Standart Kol,Slim,Düz,Örme,Mor,Çıtçıt Kapamalı,Düz,Kolsuz,,Hayır,Cool & Comfort,Micro,Casual/Günlük,Regular,Basic,Tüm Yaş Grupları,"93% Polyester, ,7% Elastan",,,,,
33,780957077,12174,4.2,,/trendyolmilla/mavi-baglama-detayli-v-yaka-fitted-vucuda-oturan-esnek-citcitli-orme-body-twoss23bd00055-p-780957077/yorumlar,V Yaka,Standart Kol,Slim,Düz,Örme,Mavi,Büzgü / Drape,Düz,Kolsuz,Alttan Çıtçıtlı,Hayır,Cool & Comfort,Sandy,Gündüz / Gece,Regular,Basic,Tüm Yaş Grupları,"96% Polyester, ,4% Elastan",Tekli,,,,
34,370788965,41748,4.6,,/trendyolmilla/pembe-asimetrik-yaka-cut-out-detayli-esnek-citcitli-orme-body-twoss23bd00014-p-370788965/yorumlar,Asimetrik Yaka,Tek Kol,Slim,Düz,Örme,Pembe,Cut Out,Düz,Kolsuz,,Hayır,Fashion Forward,Micro,Gündüz / Gece,Regular,Basic,Tüm Yaş Grupları,"93% Polyester, ,7% Elastan",,,,,
35,250036869,58759,4.6,,/trendyolmilla/indigo-asimetrik-yakali-alttan-citcitli-esnek-orme-body-twoss22bd00014-p-250036869/yorumlar,Asimetrik Yaka,Tek Kol,Slim,Düz,Örme,Lacivert,Büzgü / Drape,Düz,Kolsuz,Alttan Çıtçıtlı,Hayır,Smart,Micro,Gündüz / Gece,Regular,Basic,Tüm Yaş Grupları,"93% Polyester, ,7% Elastan",,,,,
36,807305228,10560,4.6,,/trendyolmilla/acik-kahverengi-leopar-desenli-halter-yaka-esnek-citcitli-orme-body-twoss20bd0044-p-807305228/yorumlar,Halter Yaka,Standart Kol,Slim,Düz,Örme,Kahverengi,Çıtçıt Kapamalı,Düz,Kolsuz,,Hayır,Cool & Comfort,Micro,Casual/Günlük,Regular,Basic,Tüm Yaş Grupları,"93% Polyester, ,7% Elastan",,,,,
37,827939352,2532,4.6,,/trendyolmilla/siyah-fitted-vucuda-oturan-kisa-kollu-esnek-citcitli-orme-body-twoss24bd00034-p-827939352/yorumlar,Bisiklet Yaka,Standart Kol,Fitted,Düz,Örme,Siyah,,Düz,Kısa,Alttan Çıtçıtlı,Hayır,Cool & Comfort,Micro,Casual/Günlük,Kısa,Basic,Tüm Yaş Grupları,"93% Polyester, ,7% Elastan",,,,,
38,454735430,26308,4.5,,/trendyolmilla/premium-yesil-parlak-yuzeyli-ve-yumusak-dokulu-polo-yaka-citcitli-orme-body-twoss23bd00059-p-454735430/yorumlar,Polo Yaka,Standart Kol,Slim,Düz,Örme,Yeşil,Büzgü / Drape,Düz,Kısa,Alttan Çıtçıtlı,Hayır,Smart,Buzzy,Gündüz / Gece,Regular,Basic,Tüm Yaş Grupları,"96% Polyester, ,4% Elastan",,,,,
39,788898419,19275,4.6,,/trendyolmilla/elma-yesili-asimetrik-yaka-esnek-citcitli-orme-body-twoss22bd00014-p-788898419/yorumlar,Asimetrik Yaka,Tek Kol,Slim,Düz,Örme,Yeşil,Büzgü / Drape,Düz,Kolsuz,Alttan Çıtçıtlı,Hayır,Smart,Micro,Gündüz / Gece,Regular,Basic,Tüm Yaş Grupları,"93% Polyester, ,7% Elastan",,,,,
40,794583507,37850,4.4,,/trendyolmilla/siyah-fitted-vucuda-oturan-kayik-yaka-esnek-citcitli-orme-body-twoss24bd00029-p-794583507/yorumlar,Kayık Yaka,Ay Kol,Slim,Düz,Örme,Siyah,,Düz,Kolsuz,Alttan Çıtçıtlı,Hayır,Cool & Comfort,Micro,Casual/Günlük,Regular,Basic,Tüm Yaş Grupları,"93% Polyester, ,7% Elastan",,,,,
41,370328122,32957,4.4,,/trendyolmilla/zumrut-vatkali-kruvaze-yaka-esnek-citcitli-orme-body-twoss23bd00007-p-370328122/yorumlar,Kruvaze,Standart Kol,Slim,Düz,Örme,Yeşil,Çıtçıt Kapamalı,Düz,Kolsuz,Alttan Çıtçıtlı,Hayır,Smart,Sandy,Gündüz / Gece,Regular,Basic,Tüm Yaş Grupları,"96% Polyester, ,4% Elastan",,,,,
42,124834030,82092,4.7,,/trendyolmilla/kahverengi-balikci-yaka-kolsuz-esnek-citcitli-orme-body-twoaw22bd0006-p-124834030/yorumlar,Dik Yaka,Standart Kol,Slim,Düz,Örme,Kahverengi,Çıtçıt Kapamalı,Düz,Kolsuz,,Hayır,Cool & Comfort,Micro,Casual/Günlük,Regular,Basic,Tüm Yaş Grupları,"93% Polyester, ,7% Elastan",,,,,
43,791905610,20670,4.5,,/trendyolmilla/siyah-volan-detayli-firfirli-citcitli-orme-body-tprss24bd00014-p-791905610/yorumlar,Carmen Yaka,Standart Kol,Fitted,Düz,Örme,Siyah,Cut Out / Volan,Düz,Kısa,,Hayır,Feminine,Sandy,Şık / gece,Regular,Basic,Tüm Yaş Grupları,"96% Polyester, ,4% Elastan",,,,,
44,822149153,13035,4.3,,/trendyolmilla/beyaz-cut-out-detayli-citcili-orme-body-twoss23bd00014-p-822149153/yorumlar,Asimetrik Yaka,Tek Kol,Slim,Düz,Örme,Beyaz,Cut Out,Düz,Kolsuz,,Hayır,Fashion Forward,Micro,Gündüz / Gece,Regular,Basic,Tüm Yaş Grupları,"93% Polyester, ,7% Elastan",,,,,
45,810300208,27653,3.7,,/trendyolmilla/beyaz-fitted-vucuda-oturan-sirti-detayli-kare-yaka-citcitli-esnek-orme-body-twoss24bd00026-p-810300208/yorumlar,Kare Yaka,Standart Kol,Slim,Düz,Örme,Beyaz,,Düz,Kolsuz,Alttan Çıtçıtlı,Hayır,Cool & Comfort,Micro,Casual/Günlük,Regular,Basic,Tüm Yaş Grupları,"93% Polyester, ,7% Elastan",,,,,
46,795503063,17930,4.4,,/trendyolmilla/siyah-fitted-vucuda-oturan-v-yaka-fitilli-esnek-citcitli-orme-body-twoss24bd00032-p-795503063/yorumlar,V Yaka,Standart Kol,Slim,Düz,Örme,Siyah,Çıtçıt Kapamalı,Düz,Kolsuz,Alttan Çıtçıtlı,Hayır,Cool & Comfort,Kaşkorse,Casual/Günlük,Regular,Basic,Tüm Yaş Grupları,"97% Pamuk, ,3% Elastan",,,,,
47,467661937,54255,4.7,,/trendyolmilla/siyah-baglama-detayli-v-yaka-fitted-vucuda-oturan-esnek-citcitli-orme-body-twoss23bd00055-p-467661937/yorumlar,V Yaka,Standart Kol,Slim,Düz,Örme,Siyah,Büzgü / Drape,Düz,Kolsuz,Alttan Çıtçıtlı,Hayır,Cool & Comfort,Sandy,Gündüz / Gece,Regular,Basic,Tüm Yaş Grupları,"96% Polyester, ,4% Elastan",Tekli,,,,
48,283125421,38457,4.6,,/trendyolmilla/gul-kurusu-asimetrik-yakali-alttan-citcitli-esnek-orme-body-twoss22bd00014-p-283125421/yorumlar,Asimetrik Yaka,Tek Kol,Slim,Düz,Örme,Pembe,Büzgü / Drape,Düz,Kolsuz,Alttan Çıtçıtlı,Hayır,Smart,Micro,Gündüz / Gece,Regular,Basic,Tüm Yaş Grupları,"93% Polyester, ,7% Elastan",,,,,
49,704220383,28261,4.0,,/trendyolmilla/tas-vatkali-kruvaze-yaka-esnek-citcitli-orme-body-twoss23bd00007-p-704220383/yorumlar,Kruvaze,Standart Kol,Slim,Düz,Örme,Gri,Çıtçıt Kapamalı,Düz,Kolsuz,Alttan Çıtçıtlı,Hayır,Smart,Sandy,Gündüz / Gece,Regular,Basic,Tüm Yaş Grupları,"96% Polyester, ,4% Elastan",,,,,
50,283081347,12503,4.4,,/trendyolmilla/murdum-halter-yaka-vucuda-oturan-esnek-citcitli-orme-body-twoss20bd0044-p-283081347/yorumlar,Halter Yaka,Standart Kol,Slim,Düz,Örme,Mor,Çıtçıt Kapamalı,Düz,Kolsuz,,Hayır,Cool & Comfort,Micro,Casual/Günlük,Regular,Basic,Tüm Yaş Grupları,"93% Polyester, ,7% Elastan",,,,,
51,781821830,6010,4.2,,/trendyolmilla/lacivert-vatkali-kruvaze-yaka-esnek-citcitli-orme-body-twoss23bd00007-p-781821830/yorumlar,Kruvaze,Standart Kol,Slim,Düz,Örme,Lacivert,Çıtçıt Kapamalı,Düz,Kolsuz,Alttan Çıtçıtlı,Hayır,Smart,Sandy,Gündüz / Gece,Regular,Basic,Tüm Yaş Grupları,"96% Polyester, ,4% Elastan",,,,,
52,805665105,10678,3.2,,/trendyolmilla/siyah-renk-bloklu-fitted-vucuda-oturan-citcitli-esnek-orme-madonna-yaka-body-twoss24bd00040-p-805665105/yorumlar,Carmen Yaka,Düşük Kol,Slim,Renk Bloklu,Örme,Siyah,Çıtçıt Kapamalı,Düz,Kolsuz,Alttan Çıtçıtlı,Hayır,Fashion Forward,Micro,Gündüz / Gece,Regular,Basic,Tüm Yaş Grupları,"93% Polyester, ,7% Elastan",,,,,
53,782075136,2962,4.2,,/trendyolmilla/vizon-v-yaka-citcitli-orme-body-twoss24bd00007-p-782075136/yorumlar,V Yaka,Standart Kol,Slim,Düz,Örme,Kahverengi,,Düz,Kolsuz,Alttan Çıtçıtlı,Hayır,Smart,Scuba Krep,Casual/Günlük,Standart,Basic,Tüm Yaş Grupları,"95% Polyester, ,5% Elastan",,,,,
54,780957379,8127,4.4,,/trendyolmilla/premium-mavi-parlak-yuzeyli-ve-yumusak-dokulu-polo-yaka-citcitli-orme-body-twoss23bd00059-p-780957379/yorumlar,Polo Yaka,Standart Kol,Slim,Düz,Örme,Mavi,Büzgü / Drape,Düz,Kısa,Alttan Çıtçıtlı,Hayır,Smart,Buzzy,Gündüz / Gece,Regular,Basic,Tüm Yaş Grupları,"96% Polyester, ,4% Elastan",,,,,
55,370328116,81970,4.5,,/trendyolmilla/siyah-vatkali-kruvaze-yaka-esnek-citcitli-orme-body-twoss23bd00007-p-370328116/yorumlar,Kruvaze,Standart Kol,Slim,Düz,Örme,Siyah,Çıtçıt Kapamalı,Düz,Kolsuz,Alttan Çıtçıtlı,Hayır,Smart,Sandy,Gündüz / Gece,Regular,Basic,Tüm Yaş Grupları,"96% Polyester, ,4% Elastan",,,,,
56,779780920,16530,4.5,,/trendyolmilla/siyah-eskitme-soluk-efektli-pamuklu-esnek-havuz-yaka-esnek-citcitli-orme-body-twoss24bd00002-p-779780920/yorumlar,Havuz Yaka,Standart Kol,Slim,Düz,Örme,Siyah,Yıkamalı,Düz,Kolsuz,Yıkamalı,Hayır,Cool & Comfort,Likralı Süprem,Casual/Günlük,Standart,Basic,Tüm Yaş Grupları,"97% Pamuk, ,3% Elastan",,,,,
57,37757900,145519,4.4,,/trendyolmilla/bordo-halter-yaka-vucuda-oturan-esnek-citcitli-orme-body-twoss20bd0044-p-37757900/yorumlar,Halter Yaka,Standart Kol,Slim,Düz,Örme,Bordo,Çıtçıt Kapamalı,Düz,Kolsuz,,Hayır,Cool & Comfort,Micro,Casual/Günlük,Regular,Basic,Tüm Yaş Grupları,"93% Polyester, ,7% Elastan",,,,,
58,784760446,6576,4.4,,/trendyolmilla/siyah-dokuma-garnili-agrafli-esnek-citcitli-orme-body-twoss24bd00014-p-784760446/yorumlar,V Yaka,Standart Kol,Slim,Düz,Örme,Siyah,Dokuma Garnili,Düz,Kolsuz,Alttan Çıtçıtlı,Hayır,Fashion Forward,Micro,Gündüz / Gece,Standart,Basic,Tüm Yaş Grupları,"93% Polyester, ,7% Elastan",,,,,
59,639220276,38970,4.2,,/trendyolmilla/vizon-straplez-dugum-ve-cut-out-detayli-esnek-citcitli-orme-body-twoss23bd00075-p-639220276/yorumlar,Straplez,Standart Kol,Slim,Düz,Örme,Kahverengi,Cut Out,Düz,Kolsuz,Alttan Çıtçıtlı,Hayır,Fashion Forward,Micro,Şık / gece,Regular,Basic,Tüm Yaş Grupları,"93% Polyester, ,7% Elastan",Tekli,,,,
60,370327528,31183,4.7,,/trendyolmilla/siyah-buzgu-detayli-esnek-citcitli-orme-body-twoss23bd00006-p-370327528/yorumlar,Dik Yaka,Standart Kol,Slim,Düz,Örme,Siyah,Büzgü / Drape,Düz,Kolsuz,Alttan Çıtçıtlı,Hayır,Cool & Comfort,Sandy,Casual/Günlük,Regular,Basic,Tüm Yaş Grupları,"96% Polyester, ,4% Elastan",,,,,
61,825273787,1507,4.0,,/trendyolmilla/tas-fitted-vucuda-oturan-kayik-yaka-esnek-citcitli-orme-body-twoss24bd00029-p-825273787/yorumlar,Kayık Yaka,Ay Kol,Slim,Düz,Örme,Gri,,Düz,Kolsuz,Alttan Çıtçıtlı,Hayır,Cool & Comfort,Micro,Casual/Günlük,Regular,Basic,Tüm Yaş Grupları,"93% Polyester, ,7% Elastan",,,,,
62,779780918,5524,3.7,,/trendyolmilla/lacivert-eskitme-soluk-efektli-pamuklu-esnek-havuz-yaka-esnek-citcitli-orme-body-twoss24bd00002-p-779780918/yorumlar,Havuz Yaka,Standart Kol,Slim,Düz,Örme,Lacivert,Yıkamalı,Düz,Kolsuz,Yıkamalı,Hayır,Cool & Comfort,Likralı Süprem,Casual/Günlük,Standart,Basic,Tüm Yaş Grupları,"97% Pamuk, ,3% Elastan",,,,,
63,283125427,36380,4.5,,/trendyolmilla/hardal-asimetrik-yaka-esnek-citcitli-esnek-orme-body-twoss22bd00014-p-283125427/yorumlar,Asimetrik Yaka,Tek Kol,Slim,Düz,Örme,Kahverengi,Büzgü / Drape,Düz,Kolsuz,Alttan Çıtçıtlı,Hayır,Smart,Micro,Gündüz / Gece,Regular,Basic,Tüm Yaş Grupları,"93% Polyester, ,7% Elastan",,,,,
64,695719278,13133,4.7,,/trendyolmilla/vizon-asimetrik-yaka-cut-out-detayli-esnek-citcitli-orme-body-twoss23bd00014-p-695719278/yorumlar,Asimetrik Yaka,Tek Kol,Slim,Düz,Örme,Kahverengi,Cut Out,Düz,Kolsuz,,Hayır,Fashion Forward,Micro,Gündüz / Gece,Regular,Basic,Tüm Yaş Grupları,"93% Polyester, ,7% Elastan",,,,,
65,782298824,8197,4.4,,/trendyolmilla/acik-indigo-halter-yaka-vucuda-oturan-esnek-citcitli-orme-body-twoss20bd0044-p-782298824/yorumlar,Halter Yaka,Standart Kol,Slim,Düz,Örme,Gri,Çıtçıt Kapamalı,Düz,Kolsuz,,Hayır,Cool & Comfort,Micro,Casual/Günlük,Regular,Basic,Tüm Yaş Grupları,"93% Polyester, ,7% Elastan",,,,,
66,73296609,30903,4.4,,/trendyolmilla/pembe-halter-yaka-vucuda-oturan-esnek-citcitli-orme-body-twoss20bd0044-p-73296609/yorumlar,Halter Yaka,Standart Kol,Slim,Düz,Örme,Pembe,Çıtçıt Kapamalı,Düz,Kolsuz,,Hayır,Cool & Comfort,Micro,Casual/Günlük,Regular,Basic,Tüm Yaş Grupları,"93% Polyester, ,7% Elastan",,,,,
67,782764247,21625,3.7,,/trendyolmilla/siyah-halter-yaka-orme-body-tprss24bd00004-p-782764247/yorumlar,Halter Yaka,Standart Kol,Fitted,Düz,Örme,Siyah,,Düz,Kolsuz,,Hayır,Smart,Sandy,Şık / gece,Regular,Basic,Tüm Yaş Grupları,"96% Polyester, ,4% Elastan",,,,,
68,290047364,110744,4.7,,/trendyolmilla/siyah-dantelli-pencere-cut-out-detayli-ip-askili-citcitli-orme-body-thmaw23bd00011-p-290047364/yorumlar,V Yaka,Standart Kol,Slim,Ajurlu,Örme,Siyah,Cut Out,Düz,Askılı,,Hayır,Fashion Forward,Dantel,Lounge/Home,Regular,Basic,Tüm Yaş Grupları,"90% Poliamid, ,10% Elastan",Tekli,,,,
69,652784195,7274,3.6,,/trendyolmilla/lacivert-baglama-detayli-havuz-yaka-sirt-dekolteli-orme-body-twoss23bd00088-p-652784195/yorumlar,Havuz Yaka,Standart Kol,Slim,Düz,Örme,Lacivert,Bağlama Detay,Düz,Askılı,Alttan Çıtçıtlı,Hayır,Cool & Comfort,Micro,Casual/Günlük,Regular,Basic,Tüm Yaş Grupları,"93% Polyester, ,7% Elastan",,,,,
70,639788735,47877,4.2,,/trendyolmilla/siyah-tul-detayli-kalp-yaka-krep-citcitli-orme-body-twoss23bd00072-p-639788735/yorumlar,Kalp Yaka,Standart Kol,Slim,Düz,Örme,Siyah,Dantel/Mesh/File,Düz,Kısa,,Hayır,Smart,Scuba Krep,Business,Regular,Basic,Tüm Yaş Grupları,"98% Polyester, ,2% Elastan",Tekli,,,,
71,778505395,5105,4.6,,/trendyolmilla/ekru-soft-touch-yumusak-fitted-v-yaka-citcitli-orme-body-twoss24bd00006-p-778505395/yorumlar,V Yaka,Standart Kol,Slim,Düz,Örme,Ekru,,Düz,Kolsuz,Alttan Çıtçıtlı,Hayır,Cool & Comfort,Lycra Pes Kumaş,Casual/Günlük,Standart,Basic,Tüm Yaş Grupları,"93% Polyester, ,7% Elastan",,,,,
72,788905773,7593,4.5,,/trendyolmilla/acik-antrasit-fermuarli-dik-yaka-fermuarli-kisa-kollu-esnek-citcitli-orme-body-twoaw21bd0009-p-788905773/yorumlar,Dik Yaka,Standart Kol,Slim,Baskılı,Örme,Gri,Çıtçıt Kapamalı,Düz,Kısa,Alttan Çıtçıtlı,Hayır,Cool & Comfort,Micro,Casual/Günlük,Regular,Basic,Tüm Yaş Grupları,"93% Polyester, ,7% Elastan",,,,,
73,819817570,598,5.0,,/trendyolmilla/acik-antrasit-buzgu-detayli-esnek-citcitli-orme-body-twoss23bd00006-p-819817570/yorumlar,Dik Yaka,Standart Kol,Slim,Düz,Örme,Lacivert,Büzgü / Drape,Düz,Kolsuz,Alttan Çıtçıtlı,Hayır,Cool & Comfort,Sandy,Casual/Günlük,Regular,Basic,Tüm Yaş Grupları,"96% Polyester, ,4% Elastan",,,,,
74,807719847,5736,3.3,,/trendyolmilla/x-zeynep-tosun-siyah-orme-yilan-aksesuar-detayli-body-tclss24bd00001-p-807719847/yorumlar,Halter Yaka,Standart Kol,Fitted,Düz,Örme,Siyah,,Düz,Kolsuz,,Hayır,Fashion Forward,Sandy,,Regular,Basic,Tüm Yaş Grupları,"97% Polyester, 3% Elastan",,,,,
75,474775830,13545,4.4,,/trendyolmilla/siyah-fermuarli-havuz-yaka-biye-detayli-pamuklu-fitilli-esnek-citcitli-orme-body-twoss23bd00035-p-474775830/yorumlar,Havuz Yaka,Standart Kol,Slim,Renk Bloklu,Örme,Siyah,Fermuar,Düz,Kolsuz,,Hayır,Cool & Comfort,Kaşkorse,Casual/Günlük,Regular,Basic,Tüm Yaş Grupları,"96% Pamuk, ,4% Elastan",Tekli,,,,
76,94614057,31296,4.1,,/trendyolmilla/siyah-spagetti-askili-esnek-citcitli-orme-body-twoss21bd0067-p-94614057/yorumlar,Kare Yaka,Standart Kol,Slim,Düz,Örme,Siyah,Çıtçıt Kapamalı,Düz,Askılı,,Hayır,Cool & Comfort,Micro,Casual/Günlük,Regular,Basic,Tüm Yaş Grupları,"93% Polyester, ,7% Elastan",Tekli,,,,
77,778505397,3104,4.5,,/trendyolmilla/siyah-soft-touch-yumusak-fitted-v-yaka-citcitli-orme-body-twoss24bd00006-p-778505397/yorumlar,V Yaka,Standart Kol,Slim,Düz,Örme,Siyah,,Düz,Kolsuz,Alttan Çıtçıtlı,Hayır,Cool & Comfort,Lycra Pes Kumaş,Casual/Günlük,Standart,Basic,Tüm Yaş Grupları,"93% Polyester, ,7% Elastan",,,,,
78,4160214,326856,4.3,,/trendyolmilla/mint-saten-kumas-kruvaze-yaka-etek-ucundan-citcit-detayli-dokuma-body-tofaw19bb0678-p-4160214/yorumlar,Kruvaze,Balon Kol,Regular,Düz,Dokuma,Yeşil,,Düz,Uzun,Saten,Hayır,Smart,Saten,,Regular,Basic,21 - 40 Yaş,100% Polyester,,Polyester,,,
79,701369306,73880,4.6,,/trendyolmilla/siyah-buzgu-detayli-dik-yaka-citcitli-esnek-orme-body-twoaw24bd00014-p-701369306/yorumlar,Dik Yaka,Standart Kol,Slim,Düz,Örme,Siyah,Büzgü / Drape,Düz,Uzun,,Hayır,Smart,Micro,Business,Regular,Basic,Tüm Yaş Grupları,"93% Polyester, ,7% Elastan",,,,,
80,291995145,97299,4.3,,/trendyolmilla/siyah-orme-dantel-body-tprss22bd00009-p-291995145/yorumlar,Kalp Yaka,Standart Kol,Regular,Düz,Örme,Siyah,,Düz,Askılı,Ek Özellik Mevcut Değil,Hayır,Feminine,Kaşkorse,Şık / gece,Regular,Basic,Tüm Yaş Grupları,"95% Polyester, ,5% Elastan",Tekli,,,,
81,368396773,7273,4.6,,/trendyolmilla/fusya-balikci-yaka-kolsuz-esnek-citcitli-orme-body-twoaw22bd0006-p-368396773/yorumlar,Dik Yaka,Standart Kol,Slim,Düz,Örme,Pembe,Çıtçıt Kapamalı,Düz,Kolsuz,,Hayır,Cool & Comfort,Micro,Casual/Günlük,Regular,Basic,Tüm Yaş Grupları,"93% Polyester, ,7% Elastan",,,,,
82,788879729,5575,4.5,,/trendyolmilla/kahverengi-puskullu-tek-kol-orme-body-tprss24bd00010-p-788879729/yorumlar,Asimetrik Yaka,Tek Kol,Slim Fit,Düz,Örme,Kahverengi,Püskül,Düz,Tek Kol,,Hayır,Fashion Forward,Sandy,,Regular,Basic,Tüm Yaş Grupları,"97% Polyester, 3% Elastan",,,,,
83,799190178,3418,3.5,,/trendyolmilla/siyah-kruvaze-pariltili-citcitli-simli-orme-body-tprss24bd00017-p-799190178/yorumlar,Kruvaze,Standart Kol,Slim Fit,Düz,Örme,Siyah,Vatkalı,Düz,Kolsuz,,Hayır,Feminine,Simli Örme,Şık / gece,Regular,Basic,Tüm Yaş Grupları,"93% Poliamid, 4% Elastan, 3% Metalize",,,,,
84,782301762,7018,4.5,,/trendyolmilla/nar-cicegi-asimetrik-yaka-esnek-citcitli-esnek-orme-body-twoss22bd00014-p-782301762/yorumlar,Asimetrik Yaka,Tek Kol,Slim,Düz,Örme,Pembe,Büzgü / Drape,Düz,Kolsuz,Alttan Çıtçıtlı,Hayır,Smart,Micro,Gündüz / Gece,Regular,Basic,Tüm Yaş Grupları,"93% Polyester, ,7% Elastan",,,,,
85,134403021,141827,4.4,,/trendyolmilla/siyah-orme-derin-v-yakali-citcitli-body-tpraw22bd0084-p-134403021/yorumlar,V Yaka,Standart Kol,Fitted,Düz,Örme,Siyah,,Düz,Uzun,Ek Özellik Mevcut Değil,Hayır,Smart,Sandy,Şık / gece,Regular,Basic,Tüm Yaş Grupları,"96% Pamuk, ,4% Elastan",Tekli,,,,
86,814737678,1664,4.3,,/trendyolmilla/siyah-ayarlanabilir-askili-astarli-esnek-tul-orme-body-twoss24bd00079-p-814737678/yorumlar,Kare Yaka,Standart Kol,Slim,Düz,Örme,Siyah,Astarlı,Düz,Askılı,,Hayır,Smart,Tül,Gündüz / Gece,Regular,Basic,Tüm Yaş Grupları,"94% Polyester, ,6% Elastan",,,,,
87,744098436,45904,4.5,,/trendyolmilla/siyah-nakisli-dantel-detayli-cikarilabilir-jartiyerli-ip-askili-orme-body-thmaw24bd00002-p-744098436/yorumlar,V Yaka,İnce Askılı,Fitted,Düz,Örme,Siyah,Jartiyer,Düz,Askılı,Alttan Çıtçıtlı,Hayır,Fashion Forward,Dantel,Lounge/Home,Regular,Basic,Tüm Yaş Grupları,100% Polyester,Tekli,Polyester,Tanga,Kapsız,
88,788988725,12191,4.5,,/trendyolmilla/siyah-parlak-tasli-gul-aksesuarli-orme-body-tprss24bd00009-p-788988725/yorumlar,Asimetrik Yaka,Standart Kol,Slim Fit,Düz,Örme,Siyah,Taş Aksesuar,Düz,Kolsuz,,Hayır,Fashion Forward,Sandy,,Regular,Basic,Tüm Yaş Grupları,"96% Polyester, 4% Elastan",,,,,
89,738017466,38682,4.6,,/trendyolmilla/fusya-dantel-ip-askili-orme-body-thmaw24bd00005-p-738017466/yorumlar,V Yaka,İnce Askılı,Fitted,Düz,Örme,Mor,,Düz,Askılı,Alttan Çıtçıtlı,,Fashion Forward,Dantel,Lounge/Home,Regular,Basic,Tüm Yaş Grupları,"90% Poliamid, ,10% Elastan",,,,,
90,639410832,27000,4.5,,/trendyolmilla/siyah-bisiklet-yaka-kisa-kollu-sirt-dekolteli-esnek-citcitli-orme-body-twoss23bd00079-p-639410832/yorumlar,Bisiklet Yaka,Standart Kol,Slim,Düz,Örme,Siyah,Sırt Baskılı,Düz,Kısa,Alttan Çıtçıtlı,Hayır,Fashion Forward,Micro,Casual/Günlük,Regular,Basic,Tüm Yaş Grupları,"93% Polyester, ,7% Elastan",Tekli,,,,
91,701369318,205080,4.6,,/trendyolmilla/haki-buzgu-detayli-dik-yaka-citcitli-esnek-orme-body-twoaw24bd00014-p-701369318/yorumlar,Dik Yaka,Standart Kol,Slim,Düz,Örme,Haki,Büzgü / Drape,Düz,Uzun,,Hayır,Smart,Micro,Business,Regular,Basic,Tüm Yaş Grupları,"93% Polyester, ,7% Elastan",,,,,
92,816743144,711,4.7,,/trendyolmilla/kirmizi-gul-detayli-derin-v-yaka-orme-body-tprss24bd00024-p-816743144/yorumlar,Kruvaze,Standart Kol,Fitted,Düz,Örme,Kırmızı,Gül Detay,Düz,Kolsuz,,Hayır,Feminine,Sandy,,Standart,Basic,Tüm Yaş Grupları,"97% Polyester, ,3% Elastan",,,,,
93,825272890,595,,,,V Yaka,Standart Kol,Slim,Düz,Örme,Gri,,Düz,Kolsuz,Alttan Çıtçıtlı,Hayır,Cool & Comfort,Lycra Pes Kumaş,Casual/Günlük,Standart,Basic,Tüm Yaş Grupları,"93% Polyester, ,7% Elastan",,,,,
94,239681596,22517,4.6,,/trendyolmilla/siyah-balikci-yaka-kolsuz-esnek-citcitli-orme-body-twoaw22bd0006-p-239681596/yorumlar,Dik Yaka,Standart Kol,Slim,Düz,Örme,Siyah,Çıtçıt Kapamalı,Düz,Kolsuz,,Hayır,Cool & Comfort,Micro,Casual/Günlük,Regular,Basic,Tüm Yaş Grupları,"93% Polyester, ,7% Elastan",,,,,
95,826145969,3304,4.2,,/trendyolmilla/beyaz-inci-aksesuarli-orme-body-tprss24bd00025-p-826145969/yorumlar,Bisiklet Yaka,Standart Kol,Fitted,Düz,Örme,Beyaz,,Düz,Kolsuz,,,Fashion Forward,Sandy,,Standart,Basic,,"95% Polyester, ,5% Elastan",,,,,
96,811533097,4844,4.4,,/trendyolmilla/siyah-dantel-detayli-fitted-vucuda-oturan-esnek-orme-body-twoss24bd00042-p-811533097/yorumlar,V Yaka,Standart Kol,Slim,Düz,Örme,Siyah,Dantel/Mesh/File,Düz,Kolsuz,Alttan Çıtçıtlı,Hayır,Smart,Sandy,Gündüz / Gece,Regular,Basic,Tüm Yaş Grupları,"96% Polyester, ,4% Elastan",,,,,
97,825282560,2282,4.5,,/trendyolmilla/siyah-dantel-detayli-tul-orme-body-thmss24bd00004-p-825282560/yorumlar,V Yaka,Standart Kol,Slim,Ajurlu,Örme,Siyah,,Düz,Askılı,,Hayır,Fashion Forward,Tül,,Standart,Basic,Tüm Yaş Grupları,"90% Naylon, ,10% Elastan",Tekli,,,,
98,803420249,13593,4.4,,/trendyolmilla/siyah-buzgu-detayli-kayik-yaka-esnek-citcitli-orme-body-twoss24bd00020-p-803420249/yorumlar,Bisiklet Yaka,Standart Kol,Slim,Düz,Örme,Siyah,Büzgü / Drape,Düz,Kolsuz,Alttan Çıtçıtlı,Hayır,Fashion Forward,Sandy,Casual/Günlük,Regular,Basic,Tüm Yaş Grupları,"96% Polyester, ,4% Elastan",,,,,
99,41511035,99563,4.5,,/trendyolmilla/mint-halter-yaka-vucuda-oturan-esnek-citcitli-orme-body-twoss20bd0044-p-41511035/yorumlar,Halter Yaka,Standart Kol,Slim,Düz,Örme,Yeşil,Çıtçıt Kapamalı,Düz,Kolsuz,,Hayır,Cool & Comfort,Micro,Casual/Günlük,Regular,Basic,Tüm Yaş Grupları,"93% Polyester, ,7% Elastan",,,,,
100,825273790,1266,4.0,,/trendyolmilla/pembe-fitted-vucuda-oturan-kayik-yaka-esnek-citcitli-orme-body-twoss24bd00029-p-825273790/yorumlar,Kayık Yaka,Ay Kol,Slim,Düz,Örme,Pembe,,Düz,Kolsuz,Alttan Çıtçıtlı,Hayır,Cool & Comfort,Micro,Casual/Günlük,Regular,Basic,Tüm Yaş Grupları,"93% Polyester, ,7% Elastan",,,,,
101,696674081,20342,4.3,,/trendyolmilla/tarcin-vatkali-kruvaze-yaka-esnek-citcitli-orme-body-twoss23bd00007-p-696674081/yorumlar,Kruvaze,Standart Kol,Slim,Düz,Örme,Kahverengi,Çıtçıt Kapamalı,Düz,Kolsuz,Alttan Çıtçıtlı,Hayır,Smart,Sandy,Gündüz / Gece,Regular,Basic,Tüm Yaş Grupları,"96% Polyester, ,4% Elastan",,,,,
102,799035952,12138,4.3,,/trendyolmilla/mint-fitted-vucuda-oturan-degaje-yaka-sifir-kol-citcitli-esnek-orme-body-twoss24bd00038-p-799035952/yorumlar,Degaje Yaka,Standart Kol,Slim,Düz,Örme,Yeşil,,Düz,Kolsuz,Alttan Çıtçıtlı,Hayır,Smart,Sandy,Gündüz / Gece,Regular,Basic,Tüm Yaş Grupları,"96% Polyester, ,4% Elastan",,,,,
103,778460421,11755,4.2,,/trendyolmilla/siyah-kare-yaka-fitted-vucuda-oturan-soft-touch-yumusak-citcitli-esnek-orme-body-twoss24bd00001-p-778460421/yorumlar,Kare Yaka,Standart Kol,Slim,Düz,Örme,Siyah,,Düz,Kolsuz,Alttan Çıtçıtlı,Hayır,Cool & Comfort,Lycra Pes Kumaş,Casual/Günlük,Regular,Basic,Tüm Yaş Grupları,"95% Polyester, ,5% Elastan",,,,,
104,706111542,54179,4.6,,/trendyolmilla/haki-saten-kumas-kruvaze-yaka-etek-ucundan-citcit-detayli-dokuma-body-tofaw19bb0678-p-706111542/yorumlar,Kruvaze,Balon Kol,Regular,Düz,Dokuma,Haki,,Düz,Uzun,Saten,Hayır,Smart,Saten,,Regular,Basic,21 - 40 Yaş,100% Polyester,,Polyester,,,
105,816030070,3050,4.5,,/trendyolmilla/indigo-asimetrik-yakali-fitted-vucuda-oturan-citcitli-orme-body-twoss23bd00060-p-816030070/yorumlar,Asimetrik Yaka,Düşük Kol,Slim,Düz,Örme,Mavi,Çıtçıt Kapamalı,Düz,Kısa,Alttan Çıtçıtlı,Hayır,Smart,Bürümcük,Gündüz / Gece,Regular,Basic,Tüm Yaş Grupları,"98% Polyester, ,2% Elastan",,,,,
106,794595407,3579,4.3,,/trendyolmilla/siyah-fitted-vucuda-oturan-sifir-kol-v-yaka-esnek-citcitli-orme-body-twoss24bd00031-p-794595407/yorumlar,V Yaka,Ay Kol,Slim,Düz,Örme,Siyah,,Düz,Kolsuz,Alttan Çıtçıtlı,Hayır,Smart,Micro,Gündüz / Gece,Regular,Basic,Tüm Yaş Grupları,"93% Polyester, ,7% Elastan",,,,,
107,795268619,5029,4.0,,/trendyolmilla/siyah-kruvaze-parlak-tasli-orme-body-tprss24bd00015-p-795268619/yorumlar,Kruvaze,Standart Kol,Slim Fit,Düz,Örme,Siyah,Taş Aksesuar,Düz,Uzun,,Hayır,Fashion Forward,Sandy,Şık / gece,Regular,Basic,Tüm Yaş Grupları,"96% Polyester, 4% Elastan",,,,,
108,818408264,3029,3.6,,/edit-by-trendyol/beyaz-regular-orme-body-tedss24bd00000-p-818408264/yorumlar,Bisiklet Yaka,Standart Kol,Regular,Düz,Örme,Beyaz,,Düz,Askılı,,,Fashion Forward,Sandy,,Standart,Basic,,"95% Polyester, ,5% Elastan",,,,,
109,364361061,20412,4.7,,/trendyolmilla/saks-buzgulu-orme-body-tprss21bd0126-p-364361061/yorumlar,V Yaka,Standart Kol,Fitted,Düz,Örme,Lacivert,,Düz,Kolsuz,,Hayır,Smart,Sandy,Şık / gece,Regular,Basic,Tüm Yaş Grupları,"96% Polyester, ,4% Elastan",,,,,Glam
110,788901084,9673,4.6,,/trendyolmilla/acik-haki-dik-yaka-sirt-dekolteli-esnek-citcitli-orme-body-twoss23bd00037-p-788901084/yorumlar,Boyundan Bağlamalı,Standart Kol,Slim,Düz,Örme,Lacivert,Sırt Baskılı,Düz,Kolsuz,Alttan Çıtçıtlı,Hayır,Cool & Comfort,Micro,Casual/Günlük,Regular,Basic,Tüm Yaş Grupları,"93% Polyester, ,7% Elastan",,,,,
111,822149810,2332,4.2,,/trendyolmilla/mint-fitted-vucuda-oturan-sirti-detayli-kare-yaka-citcitli-esnek-orme-body-twoss24bd00026-p-822149810/yorumlar,Kare Yaka,Standart Kol,Slim,Düz,Örme,Yeşil,,Düz,Kolsuz,Alttan Çıtçıtlı,Hayır,Cool & Comfort,Micro,Casual/Günlük,Regular,Basic,Tüm Yaş Grupları,"93% Polyester, ,7% Elastan",,,,,
112,777585563,1761,4.0,,/trendyolmilla/siyah-yaka-detayli-orme-body-tprss24bd00000-p-777585563/yorumlar,V Yaka,Standart Kol,Slim Fit,Düz,Örme,Siyah,Cut Out,Düz,Kolsuz,,Hayır,Smart,Sandy,Şık / gece,Regular,Basic,Tüm Yaş Grupları,"97% Polyester, 3% Elastan",,,,,
113,275223068,41173,4.6,,/trendyolmilla/siyah-dantelli-ip-askili-citcitli-orme-body-thmaw23bd00008-p-275223068/yorumlar,Bisiklet Yaka,Standart Kol,Regular,Ajurlu,Örme,Siyah,,Düz,Askılı,,Hayır,Fashion Forward,Dantel,Lounge/Home,Regular,Basic,Tüm Yaş Grupları,"75% Poliamid, ,25% Polyester",Tekli,,,,
114,183300663,18578,4.5,,/trendyolmilla/lila-halter-yaka-vucuda-oturan-esnek-citcitli-orme-body-twoss20bd0044-p-183300663/yorumlar,Halter Yaka,Standart Kol,Slim,Düz,Örme,Mor,Çıtçıt Kapamalı,Düz,Kolsuz,,Hayır,Cool & Comfort,Micro,Casual/Günlük,Regular,Basic,Tüm Yaş Grupları,"93% Polyester, ,7% Elastan",,,,,
115,788628959,2653,4.5,,/trendyolmilla/siyah-pencere-cut-out-detayli-gul-aksesuarli-orme-body-tprss24bd00011-p-788628959/yorumlar,Halter Yaka,Standart Kol,Slim Fit,Düz,Örme,Siyah,Gül Detay,Düz,Kolsuz,Cut Out,Hayır,Fashion Forward,Sandy,,Regular,Basic,Tüm Yaş Grupları,"98% Polyester, 2% Elastan",,,,,
116,773148725,7089,4.6,,/trendyolmilla/ekru-dantelli-pencere-cut-out-detayli-ip-askili-citcitli-orme-body-thmaw23bd00019-p-773148725/yorumlar,V Yaka,Askılı,Slim,Ajurlu,Örme,Ekru,Cut Out,Düz,Askılı,Cut Out,Hayır,Fashion Forward,Dantel,Lounge/Home,Regular,Basic,Tüm Yaş Grupları,"86% Poliamid, ,14% Elastan",Tekli,,,,
117,788176598,4896,4.6,,/trendyolmilla/siyah-dantel-bacak-bantli-ip-askili-citcitli-orme-body-thmss24bd00001-p-788176598/yorumlar,V Yaka,Standart Kol,Fitted,Düz,Örme,Siyah,,Düz,Askılı,,Hayır,Fashion Forward,Dantel,Lounge/Home,Standart,Basic,Tüm Yaş Grupları,"90% Poliamid, ,10% Elastan",,,,,
118,708184034,14063,4.7,,/trendyolmilla/koyu-kirmizi-dantelli-pencere-cut-out-detayli-ip-askili-citcitli-orme-body-thmaw23bd00026-p-708184034/yorumlar,V Yaka,Standart Kol,Slim,Ajurlu,Örme,Kırmızı,Cut Out,Düz,Askılı,,Hayır,Fashion Forward,Dantel,Lounge/Home,Regular,Basic,Tüm Yaş Grupları,"90% Poliamid, ,10% Elastan",Tekli,,,,
119,355096585,141147,4.7,,/trendyolmilla/koyu-bordo-anvelop-citcitli-orme-body-tprss21bd0029-p-355096585/yorumlar,Kruvaze,Balon Kol,Fitted,Düz,Örme,Bordo,Vatkalı,Düz,Uzun,Ek Özellik Mevcut Değil,Hayır,Smart,Sandy,Şık / gece,Regular,Basic,Tüm Yaş Grupları,"96% Polyester, ,4% Elastan",Tekli,,,,
120,184662079,17273,4.4,,/trendyolmilla/pembe-fermuarli-dik-yaka-fermuarli-kisa-kollu-esnek-citcitli-orme-body-twoaw21bd0009-p-184662079/yorumlar,Dik Yaka,Standart Kol,Slim,Baskılı,Örme,Pembe,Çıtçıt Kapamalı,Düz,Kısa,Alttan Çıtçıtlı,Hayır,Cool & Comfort,Micro,Casual/Günlük,Regular,Basic,Tüm Yaş Grupları,"93% Polyester, ,7% Elastan",,,,,
121,659840804,12529,4.5,,/trendyolmilla/visne-curugu-asimetrik-yaka-cut-out-detayli-esnek-citcitli-orme-body-twoss23bd00014-p-659840804/yorumlar,Asimetrik Yaka,Tek Kol,Slim,Düz,Örme,Kırmızı,Cut Out,Düz,Kolsuz,,Hayır,Fashion Forward,Micro,Gündüz / Gece,Regular,Basic,Tüm Yaş Grupları,"93% Polyester, ,7% Elastan",,,,,
122,701339723,157527,4.6,,/trendyolmilla/siyah-fermuar-yaka-detayli-citcitli-esnek-orme-body-twoaw24bd00005-p-701339723/yorumlar,Fermuarlı Yaka,Standart Kol,Slim,Düz,Örme,Siyah,Fermuar,Düz,Uzun,Alttan Çıtçıtlı,Hayır,Cool & Comfort,Micro,Casual/Günlük,Regular,Basic,Tüm Yaş Grupları,"93% Polyester, ,7% Elastan",,,,,
123,825269381,810,3.8,,/trendyolmilla/zumrut-yesili-halter-yaka-vucuda-oturan-esnek-citcitli-orme-body-twoss20bd0044-p-825269381/yorumlar,Halter Yaka,Standart Kol,Slim,Düz,Örme,Yeşil,Çıtçıt Kapamalı,Düz,Kolsuz,,Hayır,Cool & Comfort,Micro,Casual/Günlük,Regular,Basic,Tüm Yaş Grupları,"93% Polyester, ,7% Elastan",,,,,
124,827939191,583,4.7,,/trendyolmilla/antrasit-vatkali-kruvaze-yaka-esnek-citcitli-orme-body-twoss23bd00007-p-827939191/yorumlar,Kruvaze,Standart Kol,Slim,Düz,Örme,Gri,Çıtçıt Kapamalı,Düz,Kolsuz,Alttan Çıtçıtlı,Hayır,Smart,Sandy,Gündüz / Gece,Regular,Basic,Tüm Yaş Grupları,"96% Polyester, ,4% Elastan",,,,,
125,652784189,3197,4.6,,/trendyolmilla/fusya-baglama-detayli-havuz-yaka-sirt-dekolteli-orme-body-twoss23bd00088-p-652784189/yorumlar,Havuz Yaka,Standart Kol,Slim,Düz,Örme,Pembe,Bağlama Detay,Düz,Askılı,Alttan Çıtçıtlı,Hayır,Cool & Comfort,Micro,Casual/Günlük,Regular,Basic,Tüm Yaş Grupları,"93% Polyester, ,7% Elastan",,,,,
126,368344030,14092,4.6,,/trendyolmilla/sari-halter-yaka-vucuda-oturan-esnek-citcitli-orme-body-twoss20bd0044-p-368344030/yorumlar,Halter Yaka,Standart Kol,Slim,Düz,Örme,Sarı,Çıtçıt Kapamalı,Düz,Kolsuz,,Hayır,Cool & Comfort,Micro,Casual/Günlük,Regular,Basic,Tüm Yaş Grupları,"93% Polyester, ,7% Elastan",,,,,
127,772194803,5987,4.5,,/trendyolmilla/kirmizi-dantelli-ip-askili-citcitli-orme-body-thmaw23bd00008-p-772194803/yorumlar,Bisiklet Yaka,Standart Kol,Regular,Ajurlu,Örme,Kırmızı,,Düz,Askılı,,Hayır,Fashion Forward,Dantel,Lounge/Home,Regular,Basic,Tüm Yaş Grupları,"75% Poliamid, ,25% Polyester",Tekli,,,,
128,807891157,1831,3.2,,/trendyolmilla/kirmizi-tek-kol-esnek-citcitli-orme-body-twoss24bd00041-p-807891157/yorumlar,Asimetrik Yaka,Tek Kol,Slim,Düz,Örme,Kırmızı,,Düz,Askılı,Ek Özellik Mevcut Değil,Hayır,Cool & Comfort,Micro,Gündüz / Gece,Regular,Basic,Tüm Yaş Grupları,"93% Polyester, ,7% Elastan",,,,,
129,832448004,524,,,,V Yaka,Standart Kol,Slim,Düz,Örme,Siyah,Biyeli,,Askılı,,,Fashion Forward,Micro,Lounge/Home,Uzun,Basic,,"95% Polyester, ,5% Elastan",Tekli,,Tanga,Dikme Kap,
130,781300370,4510,4.4,,/trendyolmilla/kirmizi-asimetrik-yakali-fitted-vucuda-oturan-citcitli-orme-body-twoss23bd00060-p-781300370/yorumlar,Asimetrik Yaka,Düşük Kol,Slim,Düz,Örme,Kırmızı,Çıtçıt Kapamalı,Düz,Kısa,Alttan Çıtçıtlı,Hayır,Smart,Bürümcük,Gündüz / Gece,Regular,Basic,Tüm Yaş Grupları,"98% Polyester, ,2% Elastan",,,,,
131,788905777,4833,4.2,,/trendyolmilla/koyu-indigo-fermuarli-dik-yaka-fermuarli-kisa-kollu-esnek-citcitli-orme-body-twoaw21bd0009-p-788905777/yorumlar,Dik Yaka,Standart Kol,Slim,Baskılı,Örme,Lacivert,Çıtçıt Kapamalı,Düz,Kısa,Alttan Çıtçıtlı,Hayır,Cool & Comfort,Micro,Casual/Günlük,Regular,Basic,Tüm Yaş Grupları,"93% Polyester, ,7% Elastan",,,,,
132,641058585,32540,4.4,,/trendyolmilla/siyah-aksesuarli-pencere-cut-out-detayli-citcitli-orme-body-tprss23bd00044-p-641058585/yorumlar,Halter Yaka,Standart Kol,Fitted,Düz,Örme,Siyah,Birden Fazla Cut-Out,Düz,Kolsuz,Cut Out,Hayır,Fashion Forward,Sandy,Şık / gece,Regular,Basic,Tüm Yaş Grupları,"95% Polyester, ,5% Elastan",Tekli,,,,
133,822067978,135,,,,Kruvaze,Standart Kol,Slim,Düz,Örme,Beyaz,Çıtçıt Kapamalı,Düz,Kolsuz,Alttan Çıtçıtlı,Hayır,Smart,Sandy,Gündüz / Gece,Regular,Basic,Tüm Yaş Grupları,"96% Polyester, ,4% Elastan",,,,,
134,832448078,562,,,,V Yaka,Standart Kol,Slim,Ajurlu,Örme,Siyah,Jartiyer,,Askılı,,,Fashion Forward,Dantel,Lounge/Home,Uzun,Basic,,"86% Poliamid, ,14% Elastan",Tekli,,Tanga,Kapsız,
135,816743145,866,4.0,,/trendyolmilla/siyah-gul-aksesuarli-detayli-derin-v-yaka-orme-body-tprss24bd00024-p-816743145/yorumlar,Kruvaze,Standart Kol,Fitted,Düz,Örme,Siyah,Gül Detay,Düz,Kolsuz,,Hayır,Feminine,Sandy,,Standart,Basic,Tüm Yaş Grupları,"97% Polyester, ,3% Elastan",,,,,
136,660277351,33457,4.4,,/trendyolmilla/x-zeynep-tosun-siyah-zincir-detayli-yuksek-paca-body-tclss23bd00004-p-660277351/yorumlar,Kare Yaka,Standart Kol,Regular,Düz,Örme,Siyah,,Düz,Askılı,Ek Özellik Mevcut Değil,Hayır,Sexy,Sandy,,Regular,Basic,Tüm Yaş Grupları,"96% Polyester, ,4% Elastan",,,,,
137,818226005,1104,4.6,,/trendyolmilla/kahverengi-kurdele-baglama-detayli-fitted-vucuda-oturan-esnek-citcitli-orme-body-twoss24bd00081-p-818226005/yorumlar,Havuz Yaka,Standart Kol,Slim,Düz,Örme,Kahverengi,,Düz,Kolsuz,,Hayır,Cool & Comfort,Micro,,Regular,Basic,Tüm Yaş Grupları,"93% Polyester, ,7% Elastan",,,,,
138,800158253,4741,3.8,,/trendyolmilla/siyah-transparan-orme-tul-body-tprss24bd00018-p-800158253/yorumlar,Kalp Yaka,Standart Kol,Slim Fit,Düz,Örme,Siyah,,Düz,Askılı,,Hayır,Feminine,Sandy,Şık / gece,Regular,Basic,Tüm Yaş Grupları,"96% Polyester, 4% Elastan",,,,,
139,388180769,31198,4.4,,/trendyolmilla/siyah-astarli-drapeli-citcitli-orme-body-tprss23bd00027-p-388180769/yorumlar,Straplez,Standart Kol,Slim Fit,Düz,Örme,Siyah,Taş Aksesuar,Düz,Kolsuz,,Hayır,Smart,Sandy,Şık / gece,Regular,Basic,Tüm Yaş Grupları,"97% Polyester, ,3% Elastan",Tekli,,,,
140,815846520,3766,3.4,,/trendyolmilla/acik-pembe-volanli-orme-body-tprss24bd00022-p-815846520/yorumlar,Asimetrik Yaka,Standart Kol,Slim Fit,Düz,Örme,Pembe,Cut Out / Volan,Düz,Kolsuz,,,Fashion Forward,Sandy,,Regular,Basic,Tüm Yaş Grupları,"96% Polyester, ,4% Elastan",,,,,
141,794595400,1733,4.6,,/trendyolmilla/kiremit-fitted-vucuda-oturan-sifir-kol-v-yaka-esnek-citcitli-orme-body-twoss24bd00031-p-794595400/yorumlar,V Yaka,Ay Kol,Slim,Düz,Örme,Turuncu,,Düz,Kolsuz,Alttan Çıtçıtlı,Hayır,Smart,Micro,Gündüz / Gece,Regular,Basic,Tüm Yaş Grupları,"93% Polyester, ,7% Elastan",,,,,
142,745792931,97686,4.1,,/trendyolmilla/lacivert-kare-yaka-alttan-citcitli-premium-orme-body-twoaw24bd00062-p-745792931/yorumlar,Kare Yaka,Standart Kol,Slim,Düz,Örme,Lacivert,,Düz,Uzun,Alttan Çıtçıtlı,Hayır,Cool & Comfort,Viskon Süprem,Casual/Günlük,Regular,Basic,,"97% Viskoz, ,3% Elastan",,,,,
143,814672381,4035,4.4,,/trendyolmilla/mavi-etek-ucu-cit-cit-detayli-regular-normal-kalip-dokuma-gomlek-body-twoss24bd00076-p-814672381/yorumlar,Gömlek Yaka,Standart Kol,Regular,Düz,Dokuma,Mavi,,Düz,Uzun,,Hayır,Cool & Comfort,Poplin,,Regular,Basic,Tüm Yaş Grupları,"68% Pamuk, 32% Polyester",,Pamuk Polyester,,,
144,803243432,10350,4.8,,/trendyolmilla/siyah-dantel-pencere-cut-out-detayli-ip-askili-orme-body-thmss24bd00003-p-803243432/yorumlar,V Yaka,Standart Kol,Regular,Ajurlu,Örme,Siyah,,Düz,Askılı,,Hayır,Fashion Forward,Dantel,Lounge/Home,Regular,Basic,Tüm Yaş Grupları,"90% Poliamid, ,10% Elastan",,,,,
145,767161116,2850,4.9,,/trendyolmilla/gri-pariltili-tasli-body-tpraw24bd00044-p-767161116/yorumlar,Asimetrik Yaka,Tek Kol,Slim Fit,Düz,Örme,Gri,,Düz,Uzun,,Hayır,Fashion Forward,Sandy,Şık / gece,Regular,Basic,Tüm Yaş Grupları,"96% Polyester, 4% Elastan",,,,,
146,823586763,2938,3.4,,/trendyolmilla/beyaz-carmen-yaka-firfir-detayli-citcitli-orme-body-tprss24bd00014-p-823586763/yorumlar,Carmen Yaka,Standart Kol,Fitted,Düz,Örme,Beyaz,Cut Out / Volan,Düz,Kısa,,Hayır,Feminine,Sandy,Şık / gece,Regular,Basic,Tüm Yaş Grupları,"96% Polyester, ,4% Elastan",,,,,
147,799035959,5340,4.4,,/trendyolmilla/siyah-fitted-vucuda-oturan-degaje-yaka-sifir-kol-citcitli-esnek-orme-body-twoss24bd00038-p-799035959/yorumlar,Degaje Yaka,Standart Kol,Slim,Düz,Örme,Siyah,,Düz,Kolsuz,Alttan Çıtçıtlı,Hayır,Smart,Sandy,Gündüz / Gece,Regular,Basic,Tüm Yaş Grupları,"96% Polyester, ,4% Elastan",,,,,
148,782072372,4595,4.7,,/trendyolmilla/siyah-micro-dantel-detayli-ip-askili-citcitli-orme-body-thmss24bd00000-p-782072372/yorumlar,V Yaka,Askılı,Regular,Düz,Örme,Siyah,,Düz,Askılı,,Hayır,Fashion Forward,Micro,Lounge/Home,Regular,Basic,Tüm Yaş Grupları,"93% Polyester, ,7% Elastan",,,,,
149,164606863,6196,4.6,,/trendyolmilla/antrasit-dik-yaka-citcitli-orme-body-twoaw21bd0008-p-164606863/yorumlar,Dik Yaka,Standart Kol,Slim,Düz,Dokuma,Gri,,Düz,Uzun,Alttan Çıtçıtlı,Hayır,Cool & Comfort,Likralı Süprem,Casual/Günlük,Regular,Basic,Tüm Yaş Grupları,"94% Pamuk, ,6% Elastan",,,,,
150,730873647,2543,4.5,,/trendyolmilla/fusya-balikci-yaka-citcitli-orme-body-twoaw21bd0008-p-730873647/yorumlar,Dik Yaka,Standart Kol,Slim,Düz,Dokuma,Pembe,,Düz,Uzun,Alttan Çıtçıtlı,Hayır,Cool & Comfort,Likralı Süprem,Casual/Günlük,Regular,Basic,Tüm Yaş Grupları,"94% Pamuk, ,6% Elastan",,,,,
151,446408595,11177,4.7,,/trendyolmilla/siyah-dantelli-ip-askili-citcitli-orme-body-thmss23bd00012-p-446408595/yorumlar,V Yaka,Askılı,Regular,Ajurlu,Örme,Siyah,Fiyonk,Düz,Askılı,,Hayır,Fashion Forward,Dantel,Lounge/Home,Regular,Basic,Tüm Yaş Grupları,"51% Poliamid, ,8% Elastan, ,41% Polyester",Tekli,,,,
152,810300207,3015,4.4,,/trendyolmilla/tarcin-fitted-vucuda-oturan-sirti-detayli-kare-yaka-citcitli-esnek-orme-body-twoss24bd00026-p-810300207/yorumlar,Kare Yaka,Standart Kol,Slim,Düz,Örme,Kahverengi,,Düz,Kolsuz,Alttan Çıtçıtlı,Hayır,Cool & Comfort,Micro,Casual/Günlük,Regular,Basic,Tüm Yaş Grupları,"93% Polyester, ,7% Elastan",,,,,
153,811509137,2054,4.8,,/trendyolmilla/x-yapay-zeka-siyah-transparan-detayli-orme-tul-body-tprss24bd00020-p-811509137/yorumlar,V Yaka,Standart Kol,Slim Fit,Düz,Örme,Siyah,,Düz,Kısa,,Hayır,Fashion Forward,Tül,,Regular,Basic,Tüm Yaş Grupları,"94% Polyester, ,6% Elastan",,,,,
154,797010699,5003,4.3,,/trendyolmilla/lime-fitted-vucuda-oturan-sirt-detayli-kare-yaka-citcitli-esnek-orme-body-twoss24bd00026-p-797010699/yorumlar,Kare Yaka,Standart Kol,Slim,Düz,Örme,Yeşil,,Düz,Kolsuz,Alttan Çıtçıtlı,Hayır,Cool & Comfort,Micro,Casual/Günlük,Regular,Basic,Tüm Yaş Grupları,"93% Polyester, ,7% Elastan",,,,,
155,54690341,240608,4.5,,/trendyolmilla/siyah-fermuarli-dik-yaka-uzun-kollu-esnek-citcitli-orme-body-twoaw21bd0070-p-54690341/yorumlar,Dik Yaka,Standart Kol,Slim,Düz,Örme,Siyah,Çıtçıt Kapamalı,Düz,Uzun,Alttan Çıtçıtlı,Hayır,Cool & Comfort,Micro,Casual/Günlük,Regular,Basic,Tüm Yaş Grupları,"93% Polyester, ,7% Elastan",Tekli,Polyester Karışımlı,,Kapsız,Basic
156,822149811,1916,4.6,,/trendyolmilla/kirmizi-fitted-vucuda-oturan-sirti-detayli-kare-yaka-citcitli-esnek-orme-body-twoss24bd00026-p-822149811/yorumlar,Kare Yaka,Standart Kol,Slim,Düz,Örme,Kırmızı,,Düz,Kolsuz,Alttan Çıtçıtlı,Hayır,Cool & Comfort,Micro,Casual/Günlük,Regular,Basic,Tüm Yaş Grupları,"93% Polyester, ,7% Elastan",,,,,
157,131152975,357300,4.6,,/trendyolmilla/siyah-asimetrik-yaka-uzun-kollu-esnek-citcitli-orme-body-twoaw22bd0080-p-131152975/yorumlar,Asimetrik Yaka,Düşük Kol,Slim,Düz,Örme,Siyah,Büzgü / Drape,Düz,Uzun,Alttan Çıtçıtlı,Hayır,Smart,Micro,Gündüz / Gece,Regular,Basic,21 - 40 Yaş,"93% Polyester, ,7% Elastan",,,,,
158,309322400,240376,4.7,,/trendyolmilla/siyah-orme-drapeli-citcitli-body-tpraw23bd00048-p-309322400/yorumlar,Dik Yaka,Standart Kol,Fitted,Düz,Örme,Siyah,Vatkalı,Düz,Uzun,,Hayır,Smart,Sandy,Şık / gece,Regular,Basic,Tüm Yaş Grupları,"96% Polyester, ,4% Elastan",,,,,
159,788907462,2699,4.5,,/trendyolmilla/koyu-indigo-balikci-yaka-kolsuz-esnek-citcitli-orme-body-twoaw22bd0006-p-788907462/yorumlar,Dik Yaka,Standart Kol,Slim,Düz,Örme,Gri,Çıtçıt Kapamalı,Düz,Kolsuz,,Hayır,Cool & Comfort,Micro,Casual/Günlük,Regular,Basic,Tüm Yaş Grupları,"93% Polyester, ,7% Elastan",,,,,
160,805666868,1351,4.7,,/trendyolmilla/kirmizi-fitted-vucuda-oturan-firfir-detayli-v-yaka-citcitli-esnek-orme-body-twoss24bd00039-p-805666868/yorumlar,V Yaka,Standart Kol,Slim,Düz,Örme,Kırmızı,Fırfır,Düz,Kolsuz,Alttan Çıtçıtlı,Hayır,Feminine,Micro,Gündüz / Gece,Regular,Basic,Tüm Yaş Grupları,"93% Polyester, ,7% Elastan",,,,,
161,807305192,1247,4.2,,/trendyolmilla/koyu-kahverengi-leopar-fermuarli-yaka-fermuarli-kisa-kollu-esnek-citcitli-orme-body-twoaw21bd0009-p-807305192/yorumlar,Dik Yaka,Standart Kol,Slim,Baskılı,Örme,Kahverengi,Çıtçıt Kapamalı,Düz,Kısa,Alttan Çıtçıtlı,Hayır,Cool & Comfort,Micro,Casual/Günlük,Regular,Basic,Tüm Yaş Grupları,"93% Polyester, ,7% Elastan",,,,,
162,639466212,1727,4.3,,/trendyolmilla/siyah-orme-citcitli-biyeli-body-tprss23bd00055-p-639466212/yorumlar,Asimetrik Yaka,Standart Kol,Slim Fit,Düz,Örme,Siyah,Biyeli,Düz,Kolsuz,Ek Özellik Mevcut Değil,Hayır,Smart,Sandy,Şık / gece,Regular,Basic,Tüm Yaş Grupları,"89% Polyester, 11% Elastan",Tekli,,,,
163,700351736,6728,4.7,,/trendyolmilla/kahverengi-asimetrik-yaka-cut-out-detayli-esnek-citcitli-orme-body-twoss23bd00014-p-700351736/yorumlar,Asimetrik Yaka,Tek Kol,Slim,Düz,Örme,Kahverengi,Cut Out,Düz,Kolsuz,,Hayır,Fashion Forward,Micro,Gündüz / Gece,Regular,Basic,Tüm Yaş Grupları,"93% Polyester, ,7% Elastan",,,,,
164,786509663,2165,4.3,,/trendyolmilla/pembe-cicek-desenli-v-yaka-esnek-citcitli-orme-body-twoss24bd00021-p-786509663/yorumlar,V Yaka,Standart Kol,Slim,Çiçekli,Örme,Pembe,Büzgü / Drape,Düz,Askılı,Alttan Çıtçıtlı,Hayır,Fashion Forward,Micro,Casual/Günlük,Regular,Basic,Tüm Yaş Grupları,"91% Polyester, ,9% Elastan",,,,,
165,778505396,2181,4.1,,/trendyolmilla/kirmizi-soft-touch-yumusak-fitted-v-yaka-citcitli-orme-body-twoss24bd00006-p-778505396/yorumlar,V Yaka,Standart Kol,Slim,Düz,Örme,Kırmızı,,Düz,Kolsuz,Alttan Çıtçıtlı,Hayır,Cool & Comfort,Lycra Pes Kumaş,Casual/Günlük,Standart,Basic,Tüm Yaş Grupları,"93% Polyester, ,7% Elastan",,,,,
166,245051534,24715,4.6,,/trendyolmilla/siyah-drape-detayli-fitted-vucuda-oturan-askili-esnek-citcitli-orme-body-twoss22bd00013-p-245051534/yorumlar,Kalp Yaka,Standart Kol,Slim,Düz,Örme,Siyah,Büzgü / Drape,Düz,Kolsuz,Ek Özellik Mevcut Değil,Hayır,Cool & Comfort,Sandy,Casual/Günlük,Regular,Basic,Tüm Yaş Grupları,"96% Polyester, ,4% Elastan",Tekli,Polyester Karışımlı,,,
167,818408265,2551,4.8,,/edit-by-trendyol/siyah-regular-orme-body-tedss24bd00000-p-818408265/yorumlar,Bisiklet Yaka,Standart Kol,Regular,Düz,Örme,Siyah,,Düz,Askılı,,,Fashion Forward,Sandy,,Standart,Basic,,"95% Polyester, ,5% Elastan",,,,,
168,674896060,35691,4.3,,/trendyolmilla/x-zeynep-tosun-pembe-zincir-detayli-cut-out-body-tclss23bd00003-p-674896060/yorumlar,Halter Yaka,Standart Kol,Slim Fit,Düz,Örme,Pembe,,Düz,Askılı,Alttan Çıtçıtlı,Hayır,Young,Nancy,,Regular,Basic,Tüm Yaş Grupları,"95% Polyester, 5% Elastan",,,,,
169,795505574,3777,4.0,,/trendyolmilla/pembe-citcitli-esnek-fitted-vucuda-oturan-orme-body-twoss24bd00033-p-795505574/yorumlar,Bisiklet Yaka,Standart Kol,Slim,Düz,Örme,Pembe,,Düz,Uzun,,Hayır,Cool & Comfort,Sandy,,Regular,Basic,Tüm Yaş Grupları,"97% Polyester, ,3% Elastan",,,,,
170,242026365,53670,4.7,,/trendyolmilla/x-sagaza-studio-siyah-orme-body-tprss22bd00001-p-242026365/yorumlar,Bisiklet Yaka,Standart Kol,Regular,Düz,Örme,Siyah,,Düz,Kısa,Ek Özellik Mevcut Değil,Hayır,Fashion Forward,Süprem,Party,Regular,Basic,Tüm Yaş Grupları,"96% Pamuk, ,4% Elastan",Tekli,Pamuklu,,,
171,780957076,4842,4.8,,/trendyolmilla/kiremit-baglama-detayli-v-yaka-fitted-vucuda-oturan-esnek-citcitli-orme-body-twoss23bd00055-p-780957076/yorumlar,V Yaka,Standart Kol,Slim,Düz,Örme,Kahverengi,Büzgü / Drape,Düz,Kolsuz,Alttan Çıtçıtlı,Hayır,Cool & Comfort,Sandy,Gündüz / Gece,Regular,Basic,Tüm Yaş Grupları,"96% Polyester, ,4% Elastan",Tekli,,,,
172,782621492,11163,4.3,,/trendyolmilla/siyah-parlak-tasli-aksesuarli-orme-body-tprss24bd00003-p-782621492/yorumlar,V Yaka,Standart Kol,Slim Fit,Düz,Örme,Siyah,Taş Baskı,Düz,Kolsuz,,Hayır,Fashion Forward,Tül,Şık / gece,Regular,Basic,Tüm Yaş Grupları,"96% Polyester, ,4% Elastan",,,,,
173,701369331,101463,4.6,,/trendyolmilla/kahverengi-buzgu-detayli-dik-yaka-citcitli-esnek-orme-body-twoaw24bd00014-p-701369331/yorumlar,Dik Yaka,Standart Kol,Slim,Düz,Örme,Kahverengi,Büzgü / Drape,Düz,Uzun,,Hayır,Smart,Micro,Business,Regular,Basic,Tüm Yaş Grupları,"93% Polyester, ,7% Elastan",,,,,
174,134403023,134423,4.4,,/trendyolmilla/bordo-orme-derin-v-yakali-citcitli-body-tpraw22bd0084-p-134403023/yorumlar,V Yaka,Standart Kol,Fitted,Düz,Örme,Bordo,,Düz,Uzun,Ek Özellik Mevcut Değil,Hayır,Smart,Sandy,Şık / gece,Regular,Basic,Tüm Yaş Grupları,"96% Pamuk, ,4% Elastan",Tekli,,,,
175,164606865,38414,4.2,,/trendyolmilla/ekru-dik-yaka-citcitli-orme-body-twoaw21bd0008-p-164606865/yorumlar,Dik Yaka,Standart Kol,Slim,Düz,Dokuma,Ekru,,Düz,Uzun,Alttan Çıtçıtlı,Hayır,Cool & Comfort,Likralı Süprem,Casual/Günlük,Regular,Basic,Tüm Yaş Grupları,"94% Pamuk, ,6% Elastan",,,,,
176,807891158,3954,4.7,,/trendyolmilla/lacivert-tek-kol-esnek-citcitli-orme-body-twoss24bd00041-p-807891158/yorumlar,Asimetrik Yaka,Tek Kol,Slim,Düz,Örme,Lacivert,,Düz,Askılı,Ek Özellik Mevcut Değil,Hayır,Cool & Comfort,Micro,Gündüz / Gece,Regular,Basic,Tüm Yaş Grupları,"93% Polyester, ,7% Elastan",,,,,
177,794591261,2429,4.5,,/trendyolmilla/saks-fitted-vucuda-oturan-polo-yaka-esnek-citcitli-orme-body-twoss24bd00030-p-794591261/yorumlar,Polo Yaka,Standart Kol,Slim,Düz,Örme,Mavi,,Düz,Kolsuz,Alttan Çıtçıtlı,Hayır,Smart,Micro,Casual/Günlük,Regular,Basic,Tüm Yaş Grupları,"93% Polyester, ,7% Elastan",,,,,
178,756382179,6042,4.6,,/trendyolmilla/saks-cut-out-pencere-detayli-orme-body-tpraw24bd00000-p-756382179/yorumlar,Bisiklet Yaka,Standart Kol,Slim Fit,Düz,Örme,Lacivert,Cut Out,Düz,Uzun,Cut Out,Hayır,Smart,Sandy,Şık / gece,Regular,Basic,Tüm Yaş Grupları,"97% Polyester, 3% Elastan",Tekli,,,,
179,290097196,31551,4.7,,/trendyolmilla/siyah-dantelli-pencere-cut-out-detayli-ip-askili-citcitli-orme-body-thmaw23bd00026-p-290097196/yorumlar,V Yaka,Standart Kol,Slim,Ajurlu,Örme,Siyah,Cut Out,Düz,Askılı,,Hayır,Fashion Forward,Dantel,Lounge/Home,Regular,Basic,Tüm Yaş Grupları,"90% Poliamid, ,10% Elastan",Tekli,,,,
180,372185609,29826,4.2,,/trendyolmilla/bordo-citcitli-orme-body-tprss23bd00018-p-372185609/yorumlar,V Yaka,Standart Kol,Fitted,Düz,Örme,Bordo,İnci/Trok/Taş/Kuş Gözü,Düz,Askılı,,Hayır,Smart,Sandy,Şık / gece,Regular,Basic,Tüm Yaş Grupları,"96% Polyester, ,4% Elastan",,,,,
181,772190581,13150,4.3,,/trendyolmilla/ekru-dantelli-pencere-cut-out-detayli-ip-askili-citcitli-orme-body-thmaw23bd00011-p-772190581/yorumlar,V Yaka,Standart Kol,Slim,Ajurlu,Örme,Ekru,Cut Out,Düz,Askılı,,Hayır,Fashion Forward,Dantel,Lounge/Home,Regular,Basic,Tüm Yaş Grupları,"90% Poliamid, ,10% Elastan",Tekli,,,,
182,795171855,10369,3.9,,/trendyolmilla/siyah-kruvaze-parlak-tasli-orme-body-tprss24bd00016-p-795171855/yorumlar,Kruvaze,Standart Kol,Fitted,Düz,Örme,Siyah,Taş Aksesuar,Düz,Kolsuz,,Hayır,Smart,Sandy,Şık / gece,Standart,Kruvaze,Tüm Yaş Grupları,"96% Polyester, ,4% Elastan",,,,,
183,784793926,2614,4.2,,/trendyolmilla/siyah-orme-body-twoss24bd00015-p-784793926/yorumlar,Kare Yaka,Standart Kol,Slim,Düz,Örme,Siyah,Büzgü / Drape,Düz,Askılı,Alttan Çıtçıtlı,Hayır,Cool & Comfort,Micro,Casual/Günlük,Regular,Basic,Tüm Yaş Grupları,"93% Polyester, ,7% Elastan",,,,,
184,778650530,2018,4.4,,/trendyolmilla/gri-parlak-kumasli-askili-citcitli-orme-body-twoss24bd00011-p-778650530/yorumlar,Havuz Yaka,Standart Kol,Slim,Düz,Örme,Gri,Varak,Düz,Askılı,Alttan Çıtçıtlı,Hayır,Cool & Comfort,Sandy,Gündüz / Gece,Regular,Basic,Tüm Yaş Grupları,100% Polyester,,Polyester,,,
185,811964139,6848,3.4,,/trendyolmilla/siyah-yaka-detayli-orme-poplin-body-tprss24bd00019-p-811964139/yorumlar,V Yaka,Standart Kol,Slim Fit,Düz,Örme,Siyah,Fırfırlı,Düz,Kolsuz,,Hayır,Feminine,Sandy,,Regular,Basic,Tüm Yaş Grupları,"77% Polyester, 23% Pamuk",,,,,
186,799509864,10260,4.2,,/trendyolmilla/mavi-baskili-v-yaka-esnek-citcitli-orme-body-twoss24bd00037-p-799509864/yorumlar,V Yaka,Standart Kol,Slim,Baskılı,Örme,Mavi,Büzgü / Drape,Baskılı,Kolsuz,Alttan Çıtçıtlı,Hayır,Cool & Comfort,Micro,Casual/Günlük,Regular,Basic,Tüm Yaş Grupları,"93% Polyester, ,7% Elastan",,,,,
187,827555195,2075,4.3,,/trendyolmilla/ekru-halter-yaka-vucuda-oturan-esnek-citcitli-orme-body-twoss20bd0044-p-827555195/yorumlar,Halter Yaka,Standart Kol,Slim,Düz,Örme,Ekru,Çıtçıt Kapamalı,Düz,Kolsuz,,Hayır,Cool & Comfort,Micro,Casual/Günlük,Regular,Basic,Tüm Yaş Grupları,"93% Polyester, ,7% Elastan",,,,,
188,768951508,1804,4.7,,/trendyolmilla/kahverengi-vucuda-oturan-buzgulu-orme-body-tprss21bd0126-p-768951508/yorumlar,V Yaka,Standart Kol,Fitted,Düz,Örme,Kahverengi,,Düz,Kolsuz,,Hayır,Smart,Sandy,Şık / gece,Regular,Basic,Tüm Yaş Grupları,"96% Polyester, ,4% Elastan",,,,,Glam
189,788963844,5667,2.7,,/trendyolmilla/siyah-vatkali-kruvaze-orme-parlak-tasli-citcitli-body-tprss24bd00008-p-788963844/yorumlar,Kruvaze,Standart Kol,Slim Fit,Düz,Örme,Siyah,Taş Baskı,Düz,Kolsuz,,Hayır,Fashion Forward,Sandy,,Regular,Basic,Tüm Yaş Grupları,"96% Polyester, 4% Elastan",,,,,
190,721217903,47047,4.4,,/trendyolmilla/siyah-slim-citcitli-havuz-yaka-uzun-kollu-yumusak-kumasli-esnek-orme-body-twoaw24bd00031-p-721217903/yorumlar,Havuz Yaka,Standart Kol,Slim,Düz,Örme,Siyah,Dantel/Mesh/File,Düz,Uzun,Ek Özellik Mevcut Değil,Hayır,Cool & Comfort,Likralı Süprem,,Regular,Basic,Tüm Yaş Grupları,"95% Polyester, ,5% Elastan",,,,,
191,640264106,22430,4.6,,/trendyolmilla/siyah-vucuda-oturan-pariltili-aksesuarli-citcitli-orme-body-tprss23bd00052-p-640264106/yorumlar,Straplez,Standart Kol,Slim Fit,Düz,Örme,Siyah,Birden Fazla Cut-Out,Düz,Kolsuz,Alttan Çıtçıtlı,Hayır,Feminine,Sandy,Şık / gece,Regular,Basic,Tüm Yaş Grupları,"96% Polyester, 4% Elastan",,,,,
192,790452383,13556,3.3,,/trendyolmilla/siyah-ozel-dokulu-tul-slim-kisa-kollu-dik-yaka-orme-body-twoss24bd00023-p-790452383/yorumlar,Dik Yaka,Standart Kol,Slim,Düz,Örme,Siyah,,Düz,Kısa,Alttan Çıtçıtlı,Hayır,Cool & Comfort,Ribana/Kaşkorse,Casual/Günlük,Regular,Basic,Tüm Yaş Grupları,"95% Polyester, ,5% Elastan",,,,,
193,738767539,134681,4.6,,/trendyolmilla/siyah-slim-tul-detayli-citcitli-uzun-kollu-dik-yaka-esnek-orme-body-twoaw24bd00049-p-738767539/yorumlar,Dik Yaka,Standart Kol,Slim,Düz,Örme,Siyah,Dantel/Mesh/File,Düz,Uzun,,Hayır,Smart/Office,Sandy,Gündüz / Gece,Regular,Basic,Tüm Yaş Grupları,"96% Polyester, ,4% Elastan",,,,,
194,831920259,98,,,,Dik Yaka,Ay Kol,Slim,Düz,Örme,Siyah,,,Kısa,Alttan Çıtçıtlı,Hayır,Cool & Comfort,Lycra Pes Kumaş,Casual/Günlük,Regular,Basic,,"93% Polyester, ,7% Elastan",,,,,
195,832448001,364,,,,V Yaka,Standart Kol,Slim,Düz,Örme,Bordo,Biyeli,,Askılı,,,Fashion Forward,Micro,Lounge/Home,Uzun,Basic,,"95% Polyester, ,5% Elastan",Tekli,,Tanga,Dikme Kap,
196,453378068,97381,3.7,,/trendyolmilla/siyah-astarli-citcitli-orme-tul-body-tprss23bd00038-p-453378068/yorumlar,Kalp Yaka,Standart Kol,Fitted,Düz,Örme,Siyah,Cut Out,Düz,Askılı,,Hayır,Fashion Forward,Tül,Şık / gece,Regular,Basic,Tüm Yaş Grupları,100% Polyester,Tekli,Polyester,,,
197,318896760,47111,4.4,,/trendyolmilla/siyah-orme-pencere-cut-out-detayli-citcitli-body-tpraw23bd00059-p-318896760/yorumlar,Bisiklet Yaka,Standart Kol,Fitted,Düz,Örme,Siyah,Cut Out,Düz,Uzun,Cut Out,Hayır,Fashion Forward,Sandy,Şık / gece,Regular,Basic,Tüm Yaş Grupları,"96% Polyester, ,4% Elastan",,,,,Glam
198,782024703,2570,4.0,,/trendyolmilla/siyah-gul-detayli-esnek-citcitli-orme-body-twoss24bd00016-p-782024703/yorumlar,Halter Yaka,Standart Kol,Slim,Düz,Örme,Siyah,Aksesuar Detaylı,Düz,Kolsuz,Alttan Çıtçıtlı,Hayır,Fashion Forward,Sandy,Gündüz / Gece,Regular,Basic,Tüm Yaş Grupları,"96% Polyester, ,4% Elastan",,,,,
199,381376434,68836,4.5,,/trendyolmilla/mavi-desenli-tul-sirti-transparan-fitted-vucuda-oturan-esnek-citcitli-orme-body-twoss23bd00024-p-381376434/yorumlar,Asimetrik Yaka,Düşük Kol,Slim,Baskılı,Örme,Mavi,Astarlı,Baskılı,Uzun,Alttan Çıtçıtlı,Hayır,Fashion Forward,Tül,Gündüz / Gece,Regular,Basic,Tüm Yaş Grupları,"95% Polyester, ,5% Elastan",,,,,
200,740932943,48196,4.6,,/trendyolmilla/siyah-agrafli-orme-body-tpraw24bd00019-p-740932943/yorumlar,V Yaka,Standart Kol,Fitted,Düz,Örme,Siyah,,Düz,Uzun,,Hayır,Smart,Sandy,Şık / gece,Regular,Shift,Tüm Yaş Grupları,"94% Polyester, ,6% Elastan",,,,,
201,372185618,31178,4.2,,/trendyolmilla/siyah-citcitli-orme-body-tprss23bd00018-p-372185618/yorumlar,V Yaka,Standart Kol,Fitted,Düz,Örme,Siyah,İnci/Trok/Taş/Kuş Gözü,Düz,Askılı,,Hayır,Smart,Sandy,Şık / gece,Regular,Basic,Tüm Yaş Grupları,"96% Polyester, ,4% Elastan",,,,,
202,794591265,5091,4.1,,/trendyolmilla/siyah-fitted-vucuda-oturan-polo-yaka-esnek-citcitli-orme-body-twoss24bd00030-p-794591265/yorumlar,Polo Yaka,Standart Kol,Slim,Düz,Örme,Siyah,,Düz,Kolsuz,Alttan Çıtçıtlı,Hayır,Smart,Micro,Casual/Günlük,Regular,Basic,Tüm Yaş Grupları,"93% Polyester, ,7% Elastan",,,,,
203,701339770,160953,4.7,,/trendyolmilla/lacivert-fermuar-yaka-detayli-citcitli-esnek-orme-body-twoaw24bd00005-p-701339770/yorumlar,Fermuarlı Yaka,Standart Kol,Slim,Düz,Örme,Lacivert,Fermuar,Düz,Uzun,Alttan Çıtçıtlı,Hayır,Cool & Comfort,Micro,Casual/Günlük,Regular,Basic,Tüm Yaş Grupları,"93% Polyester, ,7% Elastan",,,,,
204,795505584,9155,3.3,,/trendyolmilla/sari-citcitli-esnek-fitted-vucuda-oturan-orme-body-twoss24bd00033-p-795505584/yorumlar,Bisiklet Yaka,Standart Kol,Slim,Düz,Örme,Sarı,,Düz,Uzun,,Hayır,Cool & Comfort,Sandy,,Regular,Basic,Tüm Yaş Grupları,"97% Polyester, ,3% Elastan",,,,,
205,792399963,11951,4.6,,/trendyolmilla/siyah-vucuda-oturan-citcitli-orme-body-tprss24bd00012-p-792399963/yorumlar,Dik Yaka,Standart Kol,Fitted,Düz,Örme,Siyah,Vatkalı,Düz,Kolsuz,,Hayır,Smart,Sandy,Şık / gece,Regular,Basic,Tüm Yaş Grupları,"96% Polyester, ,4% Elastan",,,,,
206,809690847,5897,4.8,,/trendyolmilla/siyah-gri-pariltili-aksesuarli-orme-body-tprss23bd00052-p-809690847/yorumlar,Straplez,Standart Kol,Slim Fit,Düz,Örme,Siyah,Birden Fazla Cut-Out,Düz,Kolsuz,Alttan Çıtçıtlı,Hayır,Feminine,Sandy,Şık / gece,Regular,Basic,Tüm Yaş Grupları,"96% Polyester, 4% Elastan",,,,,
207,831921078,,,,,Havuz Yaka,Standart Kol,Slim,Düz,Örme,Bordo,,,Uzun,Alttan Çıtçıtlı,Hayır,Cool & Comfort,Micro,Casual/Günlük,Regular,Basic,,"93% Polyester, ,7% Elastan",,,,,
208,766755112,21242,4.4,,/trendyolmilla/tas-buzgu-detayli-dik-yaka-citcitli-esnek-orme-body-twoaw24bd00014-p-766755112/yorumlar,Dik Yaka,Standart Kol,Slim,Düz,Örme,Gri,Büzgü / Drape,Düz,Uzun,,Hayır,Smart,Micro,Business,Regular,Basic,Tüm Yaş Grupları,"93% Polyester, ,7% Elastan",,,,,
209,816730607,2836,2.0,,/trendyolmilla/siyah-carmen-yaka-orme-tul-body-tprss24bd00021-p-816730607/yorumlar,Carmen Yaka,Standart Kol,Slim Fit,Düz,Örme,Siyah,,Düz,Kısa,,Hayır,Smart,Tül,,Regular,Basic,Tüm Yaş Grupları,"94% Polyester, ,6% Elastan",,,,,
210,792826706,6606,4.6,,/trendyolmilla/bride-beyaz-brode-tul-ve-dantel-detayli-ip-askili-citcitli-orme-body-thmss24bd00002-p-792826706/yorumlar,V Yaka,İnce Askılı,Regular,Düz,Örme,Beyaz,,Düz,Askılı,,Hayır,Fashion Forward,Dantel,Lounge/Home,Regular,Basic,Tüm Yaş Grupları,"93% Polyester, ,7% Elastan",,,,,
211,731620189,18964,4.7,,/trendyolmilla/haki-asimetrik-yaka-uzun-kollu-esnek-citcitli-orme-body-twoaw22bd0080-p-731620189/yorumlar,Asimetrik Yaka,Düşük Kol,Slim,Düz,Örme,Haki,Büzgü / Drape,Düz,Uzun,Alttan Çıtçıtlı,Hayır,Smart,Micro,Gündüz / Gece,Regular,Basic,21 - 40 Yaş,"93% Polyester, ,7% Elastan",,,,,
212,797017132,6359,3.4,,/trendyolmilla/pembe-fitted-vucuda-oturan-kare-yaka-citcitli-esnek-orme-body-twoss24bd00027-p-797017132/yorumlar,Kare Yaka,Standart Kol,Slim,Düz,Örme,Pembe,,Düz,Kolsuz,Alttan Çıtçıtlı,Hayır,Smart,Micro,Casual/Günlük,Regular,Basic,Tüm Yaş Grupları,"93% Polyester, ,7% Elastan",,,,,
213,816730601,1190,2.7,,/trendyolmilla/murdum-carmen-yaka-orme-tul-body-tprss24bd00021-p-816730601/yorumlar,Carmen Yaka,Standart Kol,Slim Fit,Düz,Örme,Mor,,Düz,Kısa,,Hayır,Smart,Tül,,Regular,Basic,Tüm Yaş Grupları,"94% Polyester, ,6% Elastan",,,,,
214,713008196,8782,4.3,,/trendyolmilla/siyah-dik-yaka-fermuarli-citcitli-triko-body-twoaw24bd00025-p-713008196/yorumlar,Dik Yaka,Standart Kol,Slim,Düz,Triko,Siyah,Fermuar,Düz,Uzun,Alttan Çıtçıtlı,Hayır,Cool & Comfort,Selanik,Casual/Günlük,Regular,Basic,Tüm Yaş Grupları,100% Akrilik,,Akrilik,,,
215,745930661,10271,4.3,,/trendyolmilla/siyah-vucuda-oturan-orme-body-tpraw24bd00031-p-745930661/yorumlar,Dik Yaka,Standart Kol,Slim Fit,Düz,Örme,Siyah,,Düz,Uzun,Alttan Çıtçıtlı,Hayır,Fashion Forward,Sandy,Şık / gece,Regular,Basic,Tüm Yaş Grupları,"94% Polyester, 6% Elastan",,,,,
216,797009305,3816,4.7,,/trendyolmilla/indigo-fitted-vucuda-oturan-fermuarli-yaka-citcitli-esnek-orme-body-twoss24bd00025-p-797009305/yorumlar,Fermuarlı Yaka,Standart Kol,Slim,Düz,Örme,Mavi,Fermuar,Düz,Kısa,Alttan Çıtçıtlı,Hayır,Cool & Comfort,Micro,Casual/Günlük,Regular,Basic,Tüm Yaş Grupları,"93% Polyester, ,7% Elastan",,,,,
217,52288058,236136,4.5,,/trendyolmilla/siyah-fermuarli-polo-yaka-fitted-vucuda-oturan-esnek-citcitli-orme-body-twoaw21bd0066-p-52288058/yorumlar,Dik Yaka,Standart Kol,Slim,Düz,Örme,Siyah,Örme Garni,Düz,Uzun,Alttan Çıtçıtlı,Hayır,Cool & Comfort,Likralı Süprem,Casual/Günlük,Regular,Basic,Tüm Yaş Grupları,"97% Pamuk, ,3% Elastan",Tekli,Polyester Karışımlı,,,
218,704178699,43124,4.2,,/trendyolmilla/lacivert-derin-v-yakali-citcitli-orme-body-tpraw22bd0084-p-704178699/yorumlar,V Yaka,Standart Kol,Fitted,Düz,Örme,Lacivert,,Düz,Uzun,Ek Özellik Mevcut Değil,Hayır,Smart,Sandy,Şık / gece,Regular,Basic,Tüm Yaş Grupları,"96% Pamuk, ,4% Elastan",Tekli,,,,
219,309322404,116111,4.7,,/trendyolmilla/saks-orme-drapeli-citcitli-body-tpraw23bd00048-p-309322404/yorumlar,Dik Yaka,Standart Kol,Fitted,Düz,Örme,Lacivert,Vatkalı,Düz,Uzun,,Hayır,Smart,Sandy,Şık / gece,Regular,Basic,Tüm Yaş Grupları,"96% Polyester, ,4% Elastan",,,,,
220,778460413,2087,4.9,,/trendyolmilla/saks-kare-yaka-fitted-vucuda-oturan-soft-touch-yumusak-citcitli-esnek-orme-body-twoss24bd00001-p-778460413/yorumlar,Kare Yaka,Standart Kol,Slim,Düz,Örme,Mavi,,Düz,Kolsuz,Alttan Çıtçıtlı,Hayır,Cool & Comfort,Lycra Pes Kumaş,Casual/Günlük,Regular,Basic,Tüm Yaş Grupları,"95% Polyester, ,5% Elastan",,,,,
221,782384267,7302,3.7,,/trendyolmilla/siyah-aksesuarli-orme-body-tprss24bd00002-p-782384267/yorumlar,Asimetrik Yaka,Standart Kol,Slim Fit,Düz,Örme,Siyah,,Düz,Kolsuz,,Hayır,Smart,Sandy,Şık / gece,Regular,Basic,Tüm Yaş Grupları,"97% Polyester, 3% Elastan",,,,,
222,784760445,2444,4.2,,/trendyolmilla/ekru-dokuma-garnili-agrafli-esnek-citcitli-orme-body-twoss24bd00014-p-784760445/yorumlar,V Yaka,Standart Kol,Slim,Düz,Örme,Ekru,Dokuma Garnili,Düz,Kolsuz,Alttan Çıtçıtlı,Hayır,Fashion Forward,Micro,Gündüz / Gece,Standart,Basic,Tüm Yaş Grupları,"93% Polyester, ,7% Elastan",,,,,
223,702000543,4224,4.6,,/trendyolmilla/siyah-v-yaka-dantel-detayli-esnek-citcitli-orme-body-twoaw24bd00020-p-702000543/yorumlar,V Yaka,Standart Kol,Slim,Düz,Örme,Siyah,Dantel/Mesh/File,Düz,Uzun,Alttan Çıtçıtlı,Hayır,Feminine,Micro,Gündüz / Gece,Regular,Basic,Tüm Yaş Grupları,"93% Polyester, ,7% Elastan",,,,,
224,782350204,4469,4.1,,/trendyolmilla/siyah-vatkali-sifir-kol-esnek-orme-body-twoss24bd00012-p-782350204/yorumlar,Bisiklet Yaka,Standart Kol,Slim,Düz,Örme,Siyah,Vatkalı,Düz,Kolsuz,Alttan Çıtçıtlı,Hayır,Cool & Comfort,Viskon Süprem,Casual/Günlük,Standart,Basic,Tüm Yaş Grupları,"98% Viskoz, ,2% Elastan",,,,,
225,734376602,4283,4.6,,/trendyolmilla/zumrut-yesili-slim-buzgu-detayli-citcitli-esnek-orme-body-twoaw20bd0052-p-734376602/yorumlar,Dik Yaka,Standart Kol,Slim,Düz,Örme,Yeşil,Büzgü / Drape,Düz,Uzun,,Hayır,Cool & Comfort,Sandy,Casual/Günlük,Regular,Basic,Tüm Yaş Grupları,"96% Polyester, ,4% Elastan",Tekli,,,,
226,797017131,6920,4.1,,/trendyolmilla/acik-tas-fitted-vucuda-oturan-kare-yaka-citcitli-esnek-orme-body-twoss24bd00027-p-797017131/yorumlar,Kare Yaka,Standart Kol,Slim,Düz,Örme,Bej,,Düz,Kolsuz,Alttan Çıtçıtlı,Hayır,Smart,Micro,Casual/Günlük,Regular,Basic,Tüm Yaş Grupları,"93% Polyester, ,7% Elastan",,,,,
227,368344136,5679,4.8,,/trendyolmilla/yesil-halter-yaka-vucuda-oturan-esnek-citcitli-orme-body-twoss20bd0044-p-368344136/yorumlar,Halter Yaka,Standart Kol,Slim,Düz,Örme,Yeşil,Çıtçıt Kapamalı,Düz,Kolsuz,,Hayır,Cool & Comfort,Micro,Casual/Günlük,Regular,Basic,Tüm Yaş Grupları,"93% Polyester, ,7% Elastan",,,,,
228,792399958,5449,3.0,,/trendyolmilla/bridal-beyaz-vucuda-oturan-citcitli-orme-body-tprss24bd00012-p-792399958/yorumlar,Dik Yaka,Standart Kol,Fitted,Düz,Örme,Beyaz,Vatkalı,Düz,Kolsuz,,Hayır,Smart,Sandy,Şık / gece,Regular,Basic,Tüm Yaş Grupları,"96% Polyester, ,4% Elastan",,,,,
229,832726436,586,3.0,,/trendyolmilla/cok-renkli-orme-kruvaze-v-yakali-leopar-body-tpraw22bd0161-p-832726436/yorumlar,Kruvaze,Standart Kol,Fitted,Düz,Örme,Çok Renkli,Vatkalı,Düz,Uzun,,Hayır,Smart,Sandy,Şık / gece,Regular,Basic,Tüm Yaş Grupları,"96% Polyester, ,4% Elastan",,,,,
230,290045277,24723,4.5,,/trendyolmilla/siyah-dantelli-ip-askili-citcitli-orme-body-thmaw23bd00009-p-290045277/yorumlar,V Yaka,Standart Kol,Fitted,Ajurlu,Örme,Siyah,,Düz,Askılı,,Hayır,Fashion Forward,Dantel,Lounge/Home,Regular,Basic,Tüm Yaş Grupları,"90% Poliamid, ,10% Elastan",Tekli,,,,
231,260094129,54178,4.6,,/trendyolmilla/saks-orme-kruvaze-v-yakali-body-tpraw22bd0161-p-260094129/yorumlar,Kruvaze,Standart Kol,Fitted,Düz,Örme,Lacivert,Vatkalı,Düz,Uzun,,Hayır,Smart,Sandy,Şık / gece,Regular,Basic,Tüm Yaş Grupları,"96% Polyester, ,4% Elastan",,,,,
232,797015893,4063,4.1,,/trendyolmilla/fusya-fitted-vucuda-oturan-asimetrik-yaka-tek-kol-citcitli-esnek-orme-body-twoss24bd00028-p-797015893/yorumlar,Asimetrik Yaka,Tek Kol,Slim,Düz,Örme,Pembe,,Düz,Kısa,Alttan Çıtçıtlı,Hayır,Cool & Comfort,Micro,Casual/Günlük,Standart,Basic,Tüm Yaş Grupları,"93% Polyester, ,7% Elastan",,,,,
233,814737677,1352,4.2,,/trendyolmilla/bordo-ayarlanabilir-askili-astarli-esnek-tul-orme-body-twoss24bd00079-p-814737677/yorumlar,Kare Yaka,Standart Kol,Slim,Düz,Örme,Bordo,Astarlı,Düz,Askılı,,Hayır,Smart,Tül,Gündüz / Gece,Regular,Basic,Tüm Yaş Grupları,"94% Polyester, ,6% Elastan",,,,,
234,778460419,2612,4.2,,/trendyolmilla/yesil-kare-yaka-fitted-vucuda-oturan-soft-touch-yumusak-citcitli-esnek-orme-body-twoss24bd00001-p-778460419/yorumlar,Kare Yaka,Standart Kol,Slim,Düz,Örme,Yeşil,,Düz,Kolsuz,Alttan Çıtçıtlı,Hayır,Cool & Comfort,Lycra Pes Kumaş,Casual/Günlük,Regular,Basic,Tüm Yaş Grupları,"95% Polyester, ,5% Elastan",,,,,
235,704220151,38193,4.6,,/trendyolmilla/bordo-orme-drapeli-citcitli-body-tpraw23bd00048-p-704220151/yorumlar,Dik Yaka,Standart Kol,Fitted,Düz,Örme,Bordo,Vatkalı,Düz,Uzun,,Hayır,Smart,Sandy,Şık / gece,Regular,Basic,Tüm Yaş Grupları,"96% Polyester, ,4% Elastan",,,,,
236,811533078,4393,3.8,,/trendyolmilla/tas-dantel-detayli-fitted-vucuda-oturan-esnek-orme-body-twoss24bd00042-p-811533078/yorumlar,V Yaka,Standart Kol,Slim,Düz,Örme,Gri,Dantel/Mesh/File,Düz,Kolsuz,Alttan Çıtçıtlı,Hayır,Smart,Sandy,Gündüz / Gece,Regular,Basic,Tüm Yaş Grupları,"96% Polyester, ,4% Elastan",,,,,
237,731509576,28791,4.5,,/trendyolmilla/kirmizi-vucuda-oturan-yaka-detayli-body-tpraw24bd00008-p-731509576/yorumlar,Dik Yaka,Düşük Kol,Fitted,Düz,Örme,Kırmızı,Vatkalı,Düz,Uzun,,Hayır,Feminine,Sandy,Şık / gece,Standart,Basic,Tüm Yaş Grupları,"96% Polyester, ,4% Elastan",,,,,
238,773697373,12576,4.5,,/trendyolmilla/vizon-saten-kumas-kruvaze-yaka-etek-ucundan-citcit-detayli-dokuma-body-tofaw19bb0678-p-773697373/yorumlar,Kruvaze,Balon Kol,Regular,Düz,Dokuma,Kahverengi,,Düz,Uzun,Saten,Hayır,Smart,Saten,,Regular,Basic,21 - 40 Yaş,100% Polyester,,Polyester,,,
239,756433680,50460,4.6,,/trendyolmilla/kahverengi-fermuar-yaka-detayli-alttan-citcitli-esnek-orme-body-twoaw24bd00005-p-756433680/yorumlar,Fermuarlı Yaka,Standart Kol,Slim,Düz,Örme,Kahverengi,Fermuar,Düz,Uzun,Alttan Çıtçıtlı,Hayır,Cool & Comfort,Micro,Casual/Günlük,Regular,Basic,Tüm Yaş Grupları,"93% Polyester, ,7% Elastan",,,,,
240,799973844,2998,4.4,,/trendyolmilla/kirmizi-kisa-kol-esnek-citcitli-orme-body-twoss24bd00034-p-799973844/yorumlar,Bisiklet Yaka,Standart Kol,Fitted,Düz,Örme,Kırmızı,,Düz,Kısa,Alttan Çıtçıtlı,Hayır,Cool & Comfort,Micro,Casual/Günlük,Kısa,Basic,Tüm Yaş Grupları,"93% Polyester, ,7% Elastan",,,,,
241,739206858,50935,4.3,,/trendyolmilla/siyah-pariltili-tasli-body-tpraw24bd00024-p-739206858/yorumlar,Kalp Yaka,Standart Kol,Fitted,Düz,Örme,Siyah,Taş Aksesuar,Düz,Uzun,,Hayır,Fashion Forward,Sandy,Şık / gece,Standart,Basic,Tüm Yaş Grupları,"96% Polyester, ,4% Elastan",,,,,
242,291997274,5848,4.3,,/trendyolmilla/pudra-tas-aksesuar-detayli-orme-body-tprss22bd00006-p-291997274/yorumlar,Asimetrik Yaka,Standart Kol,Regular,Düz,Dokuma,Pembe,,Düz,Uzun,Cut Out,Hayır,Fashion Forward,Simli Örme,Casual/Günlük,Regular,Basic,Tüm Yaş Grupları,"98% Polyester, 2% Elastan",Tekli,,,,
243,781929223,1125,4.5,,/trendyolmilla/yesil-baskili-tul-citcitli-transparan-orme-body-twoaw24bd00051-p-781929223/yorumlar,Bisiklet Yaka,Standart Kol,Slim,Baskılı,Örme,Yeşil,,Baskılı,Uzun,,Hayır,Fashion Forward,Tül,Gündüz / Gece,Regular,Basic,Tüm Yaş Grupları,"94% Polyester, ,6% Elastan",,,,,
244,713008191,28714,4.3,,/trendyolmilla/tas-dik-yaka-fermuarli-citcitli-triko-body-twoaw24bd00025-p-713008191/yorumlar,Dik Yaka,Standart Kol,Slim,Düz,Triko,Gri,Fermuar,Düz,Uzun,Alttan Çıtçıtlı,Hayır,Cool & Comfort,Selanik,Casual/Günlük,Regular,Basic,Tüm Yaş Grupları,100% Akrilik,,Akrilik,,,
245,799509863,6064,4.5,,/trendyolmilla/siyah-v-yaka-esnek-citcitli-orme-body-twoss24bd00037-p-799509863/yorumlar,V Yaka,Standart Kol,Slim,Baskılı,Örme,Siyah,Büzgü / Drape,Baskılı,Kolsuz,Alttan Çıtçıtlı,Hayır,Cool & Comfort,Micro,Casual/Günlük,Regular,Basic,Tüm Yaş Grupları,"93% Polyester, ,7% Elastan",,,,,
246,790452382,5868,3.1,,/trendyolmilla/ekru-ozel-dokulu-tul-slim-kisa-kollu-dik-yaka-orme-body-twoss24bd00023-p-790452382/yorumlar,Dik Yaka,Standart Kol,Slim,Düz,Örme,Ekru,,Düz,Kısa,Alttan Çıtçıtlı,Hayır,Cool & Comfort,Ribana/Kaşkorse,Casual/Günlük,Regular,Basic,Tüm Yaş Grupları,"95% Polyester, ,5% Elastan",,,,,
247,811554523,5382,3.3,,/trendyolmilla/x-zeynep-tosun-vizon-aksesuar-detayli-body-tclss24bd00002-p-811554523/yorumlar,V Yaka,Standart Kol,Slim,Düz,Örme,Bej,,Düz,Uzun,,Hayır,Fashion Forward,Simli Örme,,Regular,Basic,Tüm Yaş Grupları,100% Polyester,,Polyester,,,
248,831920251,230,,,,Dik Yaka,Ay Kol,Slim,Düz,Örme,Ekru,,,Kısa,Alttan Çıtçıtlı,Hayır,Cool & Comfort,Lycra Pes Kumaş,Casual/Günlük,Regular,Basic,,"93% Polyester, ,7% Elastan",,,,,
249,782021447,2985,4.6,,/trendyolmilla/lacivert-kruvaze-yaka-tul-esnek-citcitli-orme-body-twoss24bd00018-p-782021447/yorumlar,V Yaka,Standart Kol,Slim,Soyut,Örme,Lacivert,Büzgü / Drape,Düz,Kolsuz,Alttan Çıtçıtlı,Hayır,Cool & Comfort,Tül,Casual/Günlük,Standart,Basic,Tüm Yaş Grupları,"95% Polyester, ,5% Elastan",,,,,
250,805665100,3448,2.8,,/trendyolmilla/kirmizi-fitted-vucuda-oturan-citcitli-esnek-orme-madonna-yaka-body-twoss24bd00040-p-805665100/yorumlar,Carmen Yaka,Düşük Kol,Slim,Renk Bloklu,Örme,Kırmızı,Çıtçıt Kapamalı,Düz,Kolsuz,Alttan Çıtçıtlı,Hayır,Fashion Forward,Micro,Gündüz / Gece,Regular,Basic,Tüm Yaş Grupları,"93% Polyester, ,7% Elastan",,,,,
251,721217927,8264,4.3,,/trendyolmilla/mor-fitted-vucuda-oturan-havuz-yaka-yumusak-kumasli-esnek-citcitli-orme-body-twoaw24bd00031-p-721217927/yorumlar,Havuz Yaka,Standart Kol,Slim,Düz,Örme,Mor,Dantel/Mesh/File,Düz,Uzun,Ek Özellik Mevcut Değil,Hayır,Cool & Comfort,Likralı Süprem,,Regular,Basic,Tüm Yaş Grupları,"95% Polyester, ,5% Elastan",,,,,
252,831920256,95,,,,Dik Yaka,Ay Kol,Slim,Düz,Örme,Bordo,,,Kısa,Alttan Çıtçıtlı,Hayır,Cool & Comfort,Lycra Pes Kumaş,Casual/Günlük,Regular,Basic,,"93% Polyester, ,7% Elastan",,,,,
253,731619571,2659,4.4,,/trendyolmilla/kirmizi-kalp-yaka-uzun-kollu-fitilli-esnek-citcitli-orme-body-twoaw22bd0018-p-731619571/yorumlar,Kalp Yaka,Standart Kol,Slim,Düz,Örme,Kırmızı,Çıtçıt Kapamalı,Düz,Uzun,Alttan Çıtçıtlı,Hayır,Cool & Comfort,Kaşkorse,Casual/Günlük,Regular,Basic,Tüm Yaş Grupları,"60% Polyester, ,38% Pamuk, ,2% Elastan",,,,,
254,692200144,7505,4.6,,/trendyolmilla/kirmizi-pamuklu-balikci-yaka-uzun-kollu-citcitli-orme-body-thmaw23bd00033-p-692200144/yorumlar,Balıkçı Yaka,Standart Kol,Regular,Düz,Örme,Kırmızı,,Düz,Uzun,,Hayır,Cool & Comfort,Süprem,Lounge/Home,Regular,Basic,Tüm Yaş Grupları,"95% Pamuk, ,5% Elastan",Tekli,,,,
255,708175299,3537,4.5,,/trendyolmilla/mor-dantelli-pencere-cut-out-detayli-ip-askili-citcitli-orme-body-thmaw23bd00010-p-708175299/yorumlar,V Yaka,Askılı,Slim,Ajurlu,Örme,Mor,Cut Out,Düz,Askılı,Cut Out,Hayır,Fashion Forward,Dantel,Lounge/Home,Regular,Basic,Tüm Yaş Grupları,"86% Poliamid, ,14% Elastan",Tekli,,,,
256,831637719,469,,,,Havuz Yaka,Standart Kol,Slim,Düz,Örme,Siyah,Aksesuar Detay,,Uzun,Alttan Çıtçıtlı,Hayır,Smart,Micro,Gündüz / Gece,Regular,Basic,,"93% Polyester, ,7% Elastan",,,,,
257,831637680,429,,,,Kayık Yaka,Standart Kol,Slim,Düz,Örme,Gri,Biyeli,,Uzun,Alttan Çıtçıtlı,Hayır,Cool & Comfort,Micro,Casual/Günlük,Regular,Basic,,"93% Polyester, ,7% Elastan",,,,,
258,819593443,7547,3.3,,/trendyolmilla/x-zeynep-tosun-siyah-orme-cut-out-pencere-detayli-body-tclss24bd00004-p-819593443/yorumlar,Asimetrik Yaka,Standart Kol,Slim,Düz,Örme,Siyah,,Düz,Kolsuz,,Hayır,Fashion Forward,Sandy,,Regular,Basic,Tüm Yaş Grupları,"96% Polyester, ,4% Elastan",,,,,
259,807518979,27509,3.3,,/trendyolmilla/x-zeynep-tosun-haki-pencere-detayli-orme-yilan-aksesuarli-body-tclss24bd00003-p-807518979/yorumlar,Asimetrik Yaka,Standart Kol,Fitted,Düz,Örme,Haki,,Düz,Kolsuz,,Hayır,Fashion Forward,Nancy,,Standart,Basic,Tüm Yaş Grupları,"94% Polyester, ,6% Elastan",,,,,
260,807305259,1846,4.6,,/trendyolmilla/koyu-kahverengi-baskili-asimetrik-yaka-esnek-citcitli-orme-bodytwoss22bd00014-p-807305259/yorumlar,Asimetrik Yaka,Tek Kol,Slim,Düz,Örme,Kahverengi,Büzgü / Drape,Düz,Kolsuz,Alttan Çıtçıtlı,Hayır,Smart,Micro,Gündüz / Gece,Regular,Basic,Tüm Yaş Grupları,"93% Polyester, ,7% Elastan",,,,,
261,786509188,1527,3.9,,/trendyolmilla/mavi-cicek-desenli-buzgu-detayli-kayik-yaka-esnek-citcitli-orme-body-twoss24bd00020-p-786509188/yorumlar,Bisiklet Yaka,Standart Kol,Slim,Düz,Örme,Mavi,Büzgü / Drape,Düz,Kolsuz,Alttan Çıtçıtlı,Hayır,Fashion Forward,Sandy,Casual/Günlük,Regular,Basic,Tüm Yaş Grupları,"96% Polyester, ,4% Elastan",,,,,
262,784793944,2277,4.5,,/trendyolmilla/fusya-buzgulu-ve-kalin-askili-esnek-citcitli-orme-body-twoss24bd00015-p-784793944/yorumlar,Kare Yaka,Standart Kol,Slim,Düz,Örme,Pembe,Büzgü / Drape,Düz,Askılı,Alttan Çıtçıtlı,Hayır,Cool & Comfort,Micro,Casual/Günlük,Regular,Basic,Tüm Yaş Grupları,"93% Polyester, ,7% Elastan",,,,,
263,784173089,,,,,V Yaka,Standart Kol,Fitted,Düz,Örme,Siyah,,Düz,Askılı,,Hayır,Fashion Forward,Tül,Şık / gece,Regular,Basic,Tüm Yaş Grupları,"94% Polyester, 6% Elastan",,,,,
264,783841634,4137,4.4,,/trendyolmilla/saks-orme-citcitli-body-tprss23bd00018-p-783841634/yorumlar,V Yaka,Standart Kol,Fitted,Düz,Örme,Lacivert,İnci/Trok/Taş/Kuş Gözü,Düz,Askılı,,Hayır,Smart,Sandy,Şık / gece,Regular,Basic,Tüm Yaş Grupları,"96% Polyester, ,4% Elastan",,,,,
265,782075137,2768,4.3,,/trendyolmilla/siyah-v-yaka-citcitli-orme-body-twoss24bd00007-p-782075137/yorumlar,V Yaka,Standart Kol,Slim,Düz,Örme,Siyah,,Düz,Kolsuz,Alttan Çıtçıtlı,Hayır,Smart,Scuba Krep,Casual/Günlük,Standart,Basic,Tüm Yaş Grupları,"95% Polyester, ,5% Elastan",,,,,
266,778214465,3022,4.3,,/trendyolmilla/lacivert-desenli-tek-omuzlu-fitted-vucuda-oturan-citcitli-orme-body-twoss24bd00010-p-778214465/yorumlar,Asimetrik Yaka,Tek Kol,Slim,Soyut,Örme,Lacivert,,Düz,Uzun,Alttan Çıtçıtlı,,Cool & Comfort,Tül,Casual/Günlük,Standart,Basic,Tüm Yaş Grupları,"94% Polyester, ,6% Elastan",,,,,
267,741638594,4796,4.6,,/trendyolmilla/cok-renkli-melek-baskili-tul-citcitli-orme-orme-body-twoaw24bd00051-p-741638594/yorumlar,Bisiklet Yaka,Standart Kol,Slim,Baskılı,Örme,Çok Renkli,,Baskılı,Uzun,,Hayır,Fashion Forward,Tül,Gündüz / Gece,Regular,Basic,Tüm Yaş Grupları,"94% Polyester, ,6% Elastan",,,,,
268,741175525,8948,4.3,,/trendyolmilla/cok-renkli-baskili-kalp-yaka-citcitli-orme-body-twoaw24bd00052-p-741175525/yorumlar,Kalp Yaka,Standart Kol,Slim,Animal,Örme,Çok Renkli,,Baskılı,Uzun,Alttan Çıtçıtlı,Hayır,Smart/Office,Micro,Gündüz / Gece,Regular,Basic,Tüm Yaş Grupları,"93% Polyester, ,7% Elastan",,,,,
269,738496914,17064,4.6,,/trendyolmilla/antrasit-eskitme-soluk-efektli-pamuklu-uzun-kol-esnek-citcitli-orme-body-twoaw24bd00044-p-738496914/yorumlar,Havuz Yaka,Standart Kol,Slim,Düz,Örme,Gri,Yıkamalı,Düz,Uzun,Yıkamalı,Hayır,Cool & Comfort,Likralı Süprem,,Regular,Basic,Tüm Yaş Grupları,"95% Pamuk, ,5% Elastan",,,,,
270,738496904,12764,4.4,,/trendyolmilla/kahverengi-eskitme-soluk-efektli-pamuklu-uzun-kol-esnek-citcitli-orme-body-twoaw24bd00044-p-738496904/yorumlar,Havuz Yaka,Standart Kol,Slim,Düz,Örme,Kahverengi,Yıkamalı,Düz,Uzun,Yıkamalı,Hayır,Cool & Comfort,Likralı Süprem,,Regular,Basic,Tüm Yaş Grupları,"95% Pamuk, ,5% Elastan",,,,,
271,734030421,21673,4.7,,/trendyolmilla/siyah-kemer-detayli-tek-omuzlu-fitted-vucuda-oturan-citcitli-esnek-orme-body-twoaw24bd00040-p-734030421/yorumlar,Asimetrik Yaka,Tek Kol,Slim,Düz,Örme,Siyah,Kemerli,Düz,Uzun,,Hayır,Smart,Sandy,Gündüz / Gece,Regular,Basic,,"96% Polyester, ,4% Elastan",,,,,
272,732902612,37811,4.4,,/trendyolmilla/bordo-kruvaze-yaka-aksesuarli-body-tpraw24bd00012-p-732902612/yorumlar,Kruvaze,Standart Kol,Fitted,Düz,Örme,Bordo,Gül Detay,,Uzun,Alttan Çıtçıtlı,,Fashion Forward,Sandy,Şık / gece,Standart,Basic,,"97% Polyester, ,3% Elastan",,,,,
273,732886329,56889,4.5,,/trendyolmilla/kahverengi-cut-out-pencere-detayli-orme-body-tpraw24bd00001-p-732886329/yorumlar,Bisiklet Yaka,Standart Kol,Slim Fit,Düz,Örme,Kahverengi,Cut outlı,Düz,Uzun,Cut Out,Hayır,Smart,Sandy,Şık / gece,Regular,Basic,Tüm Yaş Grupları,"97% Polyester, 3% Elastan",Tekli,,,,
274,732886325,47688,4.4,,/trendyolmilla/siyah-cut-out-pencere-detayli-orme-body-tpraw24bd00000-p-732886325/yorumlar,Bisiklet Yaka,Standart Kol,Slim Fit,Düz,Örme,Siyah,Cut Out,Düz,Uzun,Cut Out,Hayır,Smart,Sandy,Şık / gece,Regular,Basic,Tüm Yaş Grupları,"97% Polyester, 3% Elastan",Tekli,,,,
275,731620185,23224,4.5,,/trendyolmilla/fusya-asimetrik-yaka-uzun-kollu-esnek-citcitli-orme-body-twoaw22bd0080-p-731620185/yorumlar,Asimetrik Yaka,Düşük Kol,Slim,Düz,Örme,Pembe,Büzgü / Drape,Düz,Uzun,Alttan Çıtçıtlı,Hayır,Smart,Micro,Gündüz / Gece,Regular,Basic,21 - 40 Yaş,"93% Polyester, ,7% Elastan",,,,,
276,730873648,9099,4.7,,/trendyolmilla/kahverengi-balikci-yaka-citcitli-orme-body-twoaw21bd0008-p-730873648/yorumlar,Dik Yaka,Standart Kol,Slim,Düz,Dokuma,Kahverengi,,Düz,Uzun,Alttan Çıtçıtlı,Hayır,Cool & Comfort,Likralı Süprem,Casual/Günlük,Regular,Basic,Tüm Yaş Grupları,"94% Pamuk, ,6% Elastan",,,,,
277,727853772,18255,4.7,,/trendyolmilla/kahverengi-vatkali-drape-detayli-fitted-vucuda-oturan-esnek-citcitli-orme-body-twoaw22bd0156-p-727853772/yorumlar,Kruvaze,Standart Kol,Slim,Düz,Örme,Kahverengi,Vatkalı,Düz,Uzun,,Hayır,Smart,Sandy,Gündüz / Gece,Regular,Basic,21 - 40 Yaş,"96% Polyester, ,4% Elastan",,,,,
278,712363006,20995,4.5,,/trendyolmilla/siyah-tul-detayli-citcitli-esnek-orme-body-twoaw24bd00021-p-712363006/yorumlar,Bisiklet Yaka,Standart Kol,Slim,Düz,Örme,Siyah,Dantel/Mesh/File,Düz,Uzun,Alttan Çıtçıtlı,Hayır,Cool & Comfort,Micro,Casual/Günlük,Regular,Basic,Tüm Yaş Grupları,"93% Polyester, ,7% Elastan",,,,,
279,712363000,27843,4.7,,/trendyolmilla/kahverengi-tul-detayli-citcitli-esnek-orme-body-twoaw24bd00021-p-712363000/yorumlar,Bisiklet Yaka,Standart Kol,Slim,Düz,Örme,Kahverengi,Dantel/Mesh/File,Düz,Uzun,Alttan Çıtçıtlı,Hayır,Cool & Comfort,Micro,Casual/Günlük,Regular,Basic,Tüm Yaş Grupları,"93% Polyester, ,7% Elastan",,,,,
280,706111551,8393,4.4,,/trendyolmilla/lila-kruvaze-yaka-saten-dokuma-body-tofaw19bb0678-p-706111551/yorumlar,Kruvaze,Balon Kol,Regular,Düz,Dokuma,Mor,,Düz,Uzun,Saten,Hayır,Smart,Saten,,Regular,Basic,21 - 40 Yaş,100% Polyester,,Polyester,,,
281,701855806,12740,4.5,,/trendyolmilla/siyah-premium-parlak-yuzeyli-yumusak-dokulu-fitted-vucuda-oturan-citcitli-orme-body-twoaw24bd00023-p-701855806/yorumlar,Asimetrik Yaka,Standart Kol,Slim,Düz,Örme,Siyah,,Düz,Uzun,,Hayır,Cool & Comfort,Buzzy,Casual/Günlük,Regular,Basic,Tüm Yaş Grupları,"95% Polyester, ,5% Elastan",,,,,
282,701361539,24268,4.5,,/trendyolmilla/siyah-bisiklet-yaka-tul-dekolteli-citcitli-esnek-orme-body-twoaw24bd00012-p-701361539/yorumlar,Bisiklet Yaka,Standart Kol,Slim,Düz,Örme,Siyah,Dantel/Mesh/File,Düz,Uzun,Alttan Çıtçıtlı,Hayır,Cool & Comfort,Micro,Casual/Günlük,Regular,Basic,Tüm Yaş Grupları,"93% Polyester, ,7% Elastan",,,,,
283,701339694,14148,4.5,,/trendyolmilla/bej-fermuar-yaka-detayli-citcitli-esnek-orme-body-twoaw24bd00005-p-701339694/yorumlar,Fermuarlı Yaka,Standart Kol,Slim,Düz,Örme,Bej,Fermuar,Düz,Uzun,Alttan Çıtçıtlı,Hayır,Cool & Comfort,Micro,Casual/Günlük,Regular,Basic,Tüm Yaş Grupları,"93% Polyester, ,7% Elastan",,,,,
284,666033521,31115,4.7,,/trendyolmilla/pembe-desenli-tul-sirti-transparan-fitted-vucuda-oturan-esnek-citcitli-orme-body-twoss23bd00024-p-666033521/yorumlar,Asimetrik Yaka,Düşük Kol,Slim,Baskılı,Örme,Pembe,Astarlı,Baskılı,Uzun,Alttan Çıtçıtlı,Hayır,Fashion Forward,Tül,Gündüz / Gece,Regular,Basic,Tüm Yaş Grupları,"95% Polyester, ,5% Elastan",,,,,
285,388180766,14518,4.4,,/trendyolmilla/ekru-astarli-drapeli-citcitli-orme-body-tprss23bd00027-p-388180766/yorumlar,Straplez,Standart Kol,Slim Fit,Düz,Örme,Ekru,Taş Aksesuar,Düz,Kolsuz,,Hayır,Smart,Sandy,Şık / gece,Regular,Basic,Tüm Yaş Grupları,"97% Polyester, ,3% Elastan",Tekli,,,,
286,369808425,23347,4.5,,/trendyolmilla/siyah-tek-kol-pamuklu-esnek-citcitli-orme-body-twoss23bd00013-p-369808425/yorumlar,Asimetrik Yaka,Tek Kol,Slim,Düz,Örme,Siyah,Çıtçıt Kapamalı,Düz,Uzun,,Hayır,Cool & Comfort,Likralı Süprem,Casual/Günlük,Regular,Basic,Tüm Yaş Grupları,"97% Pamuk, ,3% Elastan",Tekli,,,,
287,292759122,15582,4.6,,/trendyolmilla/kahverengi-renk-bloklu-animal-desenli-kruvaze-yaka-esnek-citcitli-orme-body-twoaw21bd0012-p-292759122/yorumlar,Kruvaze,Standart Kol,Slim,Renk Bloklu,Örme,Kahverengi,Çıtçıt Kapamalı,,Uzun,,,Smart,Sandy,Şık / gece,Regular,Basic,21 - 40 Yaş,"96% Polyester, ,4% Elastan",,,,,
288,290045272,22937,4.3,,/trendyolmilla/pudra-dantelli-ip-askili-citcitli-orme-body-thmaw23bd00009-p-290045272/yorumlar,V Yaka,Standart Kol,Fitted,Ajurlu,Örme,Pembe,,Düz,Askılı,,Hayır,Fashion Forward,Dantel,Lounge/Home,Regular,Basic,Tüm Yaş Grupları,"90% Poliamid, ,10% Elastan",Tekli,,,,
289,285554298,104840,4.3,,/trendyolmilla/siyah-beyaz-2-li-paket-slim-citcitli-dik-yaka-fitilli-esnek-orme-body-twoaw23bd00030-p-285554298/yorumlar,Dik Yaka,Standart Kol,Slim,Düz,Örme,Siyah,Çıtçıt Kapamalı,Düz,Uzun,,Hayır,Cool & Comfort,Rejenere Kaşkorse,Casual/Günlük,Regular,Basic,Tüm Yaş Grupları,"98% Pamuk, ,2% Elastan",2'li,,,,
290,270858942,21732,4.5,,/trendyolmilla/bordo-asimetrik-yaka-uzun-kollu-esnek-citcitli-orme-body-twoaw22bd0080-p-270858942/yorumlar,Asimetrik Yaka,Düşük Kol,Slim,Düz,Örme,Bordo,Büzgü / Drape,Düz,Uzun,Alttan Çıtçıtlı,Hayır,Smart,Micro,Gündüz / Gece,Regular,Basic,21 - 40 Yaş,"93% Polyester, ,7% Elastan",,,,,
291,270858927,348671,4.6,,/trendyolmilla/kahverengi-asimetrik-yaka-uzun-kollu-esnek-citcitli-orme-body-twoaw22bd0080-p-270858927/yorumlar,Asimetrik Yaka,Düşük Kol,Slim,Düz,Örme,Kahverengi,Büzgü / Drape,Düz,Uzun,Alttan Çıtçıtlı,Hayır,Smart,Micro,Gündüz / Gece,Regular,Basic,21 - 40 Yaş,"93% Polyester, ,7% Elastan",,,,,
292,270851076,7704,4.1,,/trendyolmilla/kirmizi-are-yaka-uzun-kollu-fitilli-esnek-citcitli-orme-body-twoaw21bd0022-p-270851076/yorumlar,Kare Yaka,Standart Kol,Slim,Düz,Örme,Kırmızı,Çıtçıt Kapamalı,Düz,Uzun,Alttan Çıtçıtlı,Hayır,Cool & Comfort,Kaşkorse,Casual/Günlük,Regular,Basic,Tüm Yaş Grupları,"60% Polyester, ,38% Pamuk, ,2% Elastan",,,,,
293,164726695,32328,4.7,,/trendyolmilla/indigo-asimetrik-yaka-uzun-kollu-esnek-citcitli-orme-body-twoaw22bd0080-p-164726695/yorumlar,Asimetrik Yaka,Düşük Kol,Slim,Düz,Örme,Lacivert,Büzgü / Drape,Düz,Uzun,Alttan Çıtçıtlı,Hayır,Smart,Micro,Gündüz / Gece,Regular,Basic,21 - 40 Yaş,"93% Polyester, ,7% Elastan",,,,,
294,164726690,95011,4.3,,/trendyolmilla/ekru-asimetrik-yaka-uzun-kollu-esnek-citcitli-orme-body-twoaw22bd0080-p-164726690/yorumlar,Asimetrik Yaka,Düşük Kol,Slim,Düz,Örme,Ekru,Büzgü / Drape,Düz,Uzun,Alttan Çıtçıtlı,Hayır,Smart,Micro,Gündüz / Gece,Regular,Basic,21 - 40 Yaş,"93% Polyester, ,7% Elastan",,,,,
295,164688620,20528,4.6,,/trendyolmilla/kahverengi-kare-yaka-uzun-kollu-fitilli-esnek-citcitli-orme-body-twoaw21bd0022-p-164688620/yorumlar,Kare Yaka,Standart Kol,Slim,Düz,Örme,Kahverengi,Çıtçıt Kapamalı,Düz,Uzun,Alttan Çıtçıtlı,Hayır,Cool & Comfort,Kaşkorse,Casual/Günlük,Regular,Basic,Tüm Yaş Grupları,"60% Polyester, ,38% Pamuk, ,2% Elastan",,,,,
296,144904566,57856,4.6,,/trendyolmilla/siyah-slim-citcitli-asimetrik-yaka-esnek-orme-body-twoaw22bd0178-p-144904566/yorumlar,Asimetrik Yaka,Standart Kol,Slim,Düz,Örme,Siyah,Çıtçıt Kapamalı,Düz,Uzun,,Hayır,Smart,Sandy,Gündüz / Gece,Regular,Basic,Tüm Yaş Grupları,"96% Polyester, ,4% Elastan",,,,,
297,140087045,183867,4.7,,/trendyolmilla/siyah-orme-kruvaze-v-yakali-body-tpraw22bd0161-p-140087045/yorumlar,Kruvaze,Standart Kol,Fitted,Düz,Örme,Siyah,Vatkalı,Düz,Uzun,,Hayır,Smart,Sandy,Şık / gece,Regular,Basic,Tüm Yaş Grupları,"96% Polyester, ,4% Elastan",,,,,
298,136131774,300659,4.7,,/trendyolmilla/siyah-vatkali-drape-detayli-fitted-vucuda-oturan-esnek-citcitli-orme-body-twoaw22bd0156-p-136131774/yorumlar,Kruvaze,Standart Kol,Slim,Düz,Örme,Siyah,Vatkalı,Düz,Uzun,,Hayır,Smart,Sandy,Gündüz / Gece,Regular,Basic,21 - 40 Yaş,"96% Polyester, ,4% Elastan",,,,,
299,135206889,90436,4.4,,/trendyolmilla/siyah-orme-pencere-cut-out-detayli-asimetrik-yakali-body-tpraw22bd0118-p-135206889/yorumlar,Asimetrik Yaka,Standart Kol,Regular,Düz,Örme,Siyah,,Düz,Uzun,Cut Out,Hayır,Fashion Forward,Sandy,Party,Regular,Basic,Tüm Yaş Grupları,"95% Polyester, 5% Elastan",Tekli,Polyester Karışımlı,,,
300,131153399,84805,4.6,,/trendyolmilla/tarcin-asimetrik-yaka-uzun-kollu-esnek-citcitli-orme-body-twoaw22bd0080-p-131153399/yorumlar,Asimetrik Yaka,Düşük Kol,Slim,Düz,Örme,Kahverengi,Büzgü / Drape,Düz,Uzun,Alttan Çıtçıtlı,Hayır,Smart,Micro,Gündüz / Gece,Regular,Basic,21 - 40 Yaş,"93% Polyester, ,7% Elastan",,,,,
301,129410602,20346,4.3,,/trendyolmilla/bordo-dik-yaka-citcitli-orme-body-twoaw21bd0008-p-129410602/yorumlar,Dik Yaka,Standart Kol,Slim,Düz,Dokuma,Bordo,,Düz,Uzun,Alttan Çıtçıtlı,Hayır,Cool & Comfort,Likralı Süprem,Casual/Günlük,Regular,Basic,Tüm Yaş Grupları,"94% Pamuk, ,6% Elastan",,,,,
302,127442108,21859,4.4,,/trendyolmilla/siyah-kalp-yaka-uzun-kollu-fitilli-esnek-citcitli-orme-body-twoaw22bd0018-p-127442108/yorumlar,Kalp Yaka,Standart Kol,Slim,Düz,Örme,Siyah,Çıtçıt Kapamalı,Düz,Uzun,Alttan Çıtçıtlı,Hayır,Cool & Comfort,Kaşkorse,Casual/Günlük,Regular,Basic,Tüm Yaş Grupları,"60% Polyester, ,38% Pamuk, ,2% Elastan",,,,,
303,125482946,19580,4.4,,/trendyolmilla/kahverengi-slim-buzgu-detayli-citcitli-esnek-orme-body-twoaw20bd0052-p-125482946/yorumlar,Dik Yaka,Standart Kol,Slim,Düz,Örme,Kahverengi,Büzgü / Drape,Düz,Uzun,,Hayır,Cool & Comfort,Sandy,Casual/Günlük,Regular,Basic,Tüm Yaş Grupları,"96% Polyester, ,4% Elastan",Tekli,,,,
304,125482939,42849,4.2,,/trendyolmilla/indigo-slim-buzgulu-citcitli-esnek-orme-body-twoaw20bd0052-p-125482939/yorumlar,Dik Yaka,Standart Kol,Slim,Düz,Örme,Lacivert,Büzgü / Drape,Düz,Uzun,,Hayır,Cool & Comfort,Sandy,Casual/Günlük,Regular,Basic,Tüm Yaş Grupları,"96% Polyester, ,4% Elastan",Tekli,,,,
305,73226809,158949,4.7,,/trendyolmilla/siyah-anvelop-orme-citcitli-body-tprss21bd0029-p-73226809/yorumlar,Kruvaze,Balon Kol,Fitted,Düz,Örme,Siyah,Vatkalı,Düz,Uzun,Ek Özellik Mevcut Değil,Hayır,Smart,Sandy,Şık / gece,Regular,Basic,Tüm Yaş Grupları,"96% Polyester, ,4% Elastan",Tekli,,,,
306,51821502,112755,4.3,,/trendyolmilla/siyah-slim-citcitli-carmen-yaka-fitilli-esnek-orme-body-twoaw21bd0053-p-51821502/yorumlar,Carmen Yaka,Standart Kol,Slim,Düz,Örme,Siyah,Çıtçıt Kapamalı,Düz,Uzun,,Hayır,Cool & Comfort,Sandy,Casual/Günlük,Regular,Basic,Tüm Yaş Grupları,"98% Pamuk, ,2% Polyester",,,,,
307,46272333,17702,4.1,,/trendyolmilla/bej-dik-yaka-citcitli-orme-body-twoaw21bd0008-p-46272333/yorumlar,Dik Yaka,Standart Kol,Slim,Düz,Dokuma,Bej,,Düz,Uzun,Alttan Çıtçıtlı,Hayır,Cool & Comfort,Likralı Süprem,Casual/Günlük,Regular,Basic,Tüm Yaş Grupları,"94% Pamuk, ,6% Elastan",,,,,
308,46272295,329923,4.3,,/trendyolmilla/siyah-kare-yaka-uzun-kollu-fitilli-esnek-citcitli-orme-body-twoaw21bd0022-p-46272295/yorumlar,Kare Yaka,Standart Kol,Slim,Düz,Örme,Siyah,Çıtçıt Kapamalı,Düz,Uzun,Alttan Çıtçıtlı,Hayır,Cool & Comfort,Kaşkorse,Casual/Günlük,Regular,Basic,Tüm Yaş Grupları,"60% Polyester, ,38% Pamuk, ,2% Elastan",,,,,
309,44715904,116276,4.7,,/trendyolmilla/siyah-renk-bloklu-animal-desenli-kruvaze-yaka-esnek-citcitli-orme-body-twoaw21bd0012-p-44715904/yorumlar,Kruvaze,Standart Kol,Slim,Renk Bloklu,Örme,Siyah,Çıtçıt Kapamalı,,Uzun,,,Smart,Sandy,Şık / gece,Regular,Basic,21 - 40 Yaş,"96% Polyester, ,4% Elastan",,,,,
310,32386239,73050,4.3,,/trendyolmilla/siyah-slim-buzgu-detayli-citcitli-esnek-orme-body-twoaw20bd0052-p-32386239/yorumlar,Dik Yaka,Standart Kol,Slim,Düz,Örme,Siyah,Büzgü / Drape,Düz,Uzun,,Hayır,Cool & Comfort,Sandy,Casual/Günlük,Regular,Basic,Tüm Yaş Grupları,"96% Polyester, ,4% Elastan",Tekli,,,,
311,30583409,158933,3.9,,/trendyolmilla/beyaz-slim-citcitli-dik-yaka-fitilli-esnek-orme-body-twoaw20bd0011-p-30583409/yorumlar,Dik Yaka,Standart Kol,Slim,Düz,Örme,Beyaz,Çıtçıt Kapamalı,Düz,Uzun,,Hayır,Cool & Comfort,Kaşkorse,Casual/Günlük,Regular,Basic,Tüm Yaş Grupları,"98% Pamuk, ,2% Elastan",,,,,
312,30583359,141447,4.1,,/trendyolmilla/siyah-slim-citcitli-dik-yaka-fitilli-esnek-orme-body-twoaw20bd0011-p-30583359/yorumlar,Dik Yaka,Standart Kol,Slim,Düz,Örme,Siyah,Çıtçıt Kapamalı,Düz,Uzun,,Hayır,Cool & Comfort,Kaşkorse,Casual/Günlük,Regular,Basic,Tüm Yaş Grupları,"98% Pamuk, ,2% Elastan",,,,,
313,18362859,108307,4.3,,/trendyolmilla/siyah-slim-citcitli-kruvaze-yaka-esnek-orme-body-twoaw20bd0035-p-18362859/yorumlar,Kruvaze,Standart Kol,Slim,Animal,Örme,Siyah,Çıtçıt Kapamalı,Düz,Uzun,,Hayır,Smart,Sandy,Gündüz / Gece,Regular,Basic,21 - 40 Yaş,"96% Polyester, ,4% Elastan",,,,,
314,4160213,91532,4.1,,/trendyolmilla/bordo-saten-kruvaze-yaka-dokuma-body-tofaw19bb0678-p-4160213/yorumlar,Kruvaze,Balon Kol,Regular,Düz,Dokuma,Bordo,,Düz,Uzun,Saten,Hayır,Smart,Saten,,Regular,Basic,21 - 40 Yaş,100% Polyester,,Polyester,,,
315,831637681,,,,,Kayık Yaka,Standart Kol,Slim,Düz,Örme,Gri,Biyeli,,Uzun,Alttan Çıtçıtlı,Hayır,Cool & Comfort,Micro,Casual/Günlük,Regular,Basic,,"93% Polyester, ,7% Elastan",,,,,
