,ID,FAVORITE_COUNT,RATING_DETAIL,DELIVERY_DATE,PROFF_LINK,Kalıp,Astar Durumu,Materyal,Model,Stil,Kumaş Tipi,Renk,Yaka Tipi,Desen,Ürün Detayı,Ürün Tipi,Cep,Kalınlık,Boy,Siluet,Ortam,Koleksiyon,Kol Boyu,Kol Tipi,Ek Özellik,Dolgu Tekniği,Persona,Kapama Şekli,Baskı/Nakış Tekniği,Dolgu Materyali,Kemer/Kuşak Durumu,Sürdürülebilirlik Detayı,Dokuma Tipi,Paket İçeriği,Yaş,Materyal Bileşeni
0,356769149,309913,4.2,,/trendyolmilla/siyah-oversize-genis-kesim-uzun-yunlu-kase-kaban-twoaw21kb0038-p-356769149/yorumlar,Oversize,Astarlı,Yünlü,Kaşe,Günlük,Dokuma,Siyah,Erkek Yaka,Düz,Düğme,Düz,Çift cepli,Orta,Uzun,Basic,Casual/Günlük,Basic,Uzun,Düşük Kol,Ek Özellik Mevcut Değil,Dolgusuz,Smart/Office,Kruvaze,Baskısız,Dolgusuz,Kemersiz,Hayır,Kaşe,Tekli,Tüm Yaş Grupları,"62% Polyester, ,3% Viskoz, ,3% Pamuk, ,19% Akrilik, ,13% Yün"
1,828046900,2998,,,,Regular,,,,,Örme,Bordo,Erkek Yaka,Düz,,,,,Standart,Kruvaze,Casual/Günlük,,,Düşük Kol,,,Cool & Comfort,Mono Kapama,,,,,Kaşe,,,"61% Polyester, ,36% Pamuk, ,3% Elastan"
2,8791143,72043,4.1,,/trendyolmilla/siyah-kusakli-uzun-yunlu-kase-kaban-twoaw20kb0033-p-8791143/yorumlar,Regular,Astarlı,Yünlü,Kaşe,,Dokuma,Siyah,Erkek Yaka,Düz,Kuşaklı,Düz,Çift cepli,,Uzun,Basic,Casual/Günlük,,Uzun,Standart Kol,,Dolgusuz,Cool & Comfort,Kapamasız,Baskısız,Dolgusuz,Kuşaklı,Hayır,Kaşe,Tekli,Tüm Yaş Grupları,"62% Polyester, ,3% Viskoz, ,3% Pamuk, ,19% Akrilik, ,13% Yün"
3,251172700,159650,4.0,,/trendyolmilla/tas-oversize-genis-kesim-uzun-yunlu-kase-kaban-twoaw21kb0038-p-251172700/yorumlar,Oversize,Astarlı,Yünlü,Kaşe,Günlük,Dokuma,Gri,Erkek Yaka,Düz,Düğme,Düz,Çift cepli,Orta,Uzun,Basic,Casual/Günlük,Basic,Uzun,Düşük Kol,Ek Özellik Mevcut Değil,Dolgusuz,Smart/Office,Kruvaze,Baskısız,Dolgusuz,Kemersiz,Hayır,Kaşe,Tekli,Tüm Yaş Grupları,"62% Polyester, ,3% Viskoz, ,3% Pamuk, ,19% Akrilik, ,13% Yün"
4,681222742,11128,4.4,,/trendyolmilla/siyah-oversize-genis-kesim-kase-kaban-twoaw24kb00051-p-681222742/yorumlar,Oversize,Astarlı,Polyester,Kaşe,,Dokuma,Siyah,Erkek Yaka,Düz,Astarlı,Düz,,,Standart,Kruvaze,Casual/Günlük,,,Düşük Kol,Ek Özellik Mevcut Değil,Dolgusuz,Cool & Comfort,Kruvaze,,,,Hayır,Buklet,Tekli,Tüm Yaş Grupları,100% Polyester
5,721928328,26020,4.7,,/trendyolmilla/antrasit-oversize-genis-kesim-kase-kaban-twoaw24kb00165-p-721928328/yorumlar,Oversize,Astarlı,,Kaşe,,Dokuma,Siyah,Erkek Yaka,Balık sırtı,Astarlı,Düz,,,Midi,Kruvaze,Casual/Günlük,,,Düşük Kol,Ek Özellik Mevcut Değil,Dolgusuz,Cool & Comfort,Kruvaze,,,,Hayır,Kaşe,Tekli,Tüm Yaş Grupları,"30% Pamuk, ,29% Polyester, ,24% Akrilik, ,17% Viskoz"
6,31450708,84428,4.3,,/trendyolmilla/tas-toka-detayli-kusakli-regular-kaban-twoaw20kb0029-p-31450708/yorumlar,Regular,Astarlı,Yünlü,Kruvaze,,Dokuma,Gri,Erkek Yaka,Düz,Kemerli,Düz,Çift cepli,Orta,Uzun,Basic,Casual/Günlük,,Uzun,Düşük Kol,,Dolgusuz,Cool & Comfort,Kapamasız,Baskısız,Dolgusuz,Kemerli,Hayır,Kaşe,Tekli,Tüm Yaş Grupları,"62% Polyester, ,3% Viskoz, ,3% Pamuk, ,19% Akrilik, ,13% Yün"
7,719387359,21423,4.1,,/trendyolmilla/siyah-oversize-genis-kesim-kircilli-kase-kaban-twoaw24kb00176-p-719387359/yorumlar,Oversize,Astarlı,,Kaşe,,Dokuma,Siyah,Erkek Yaka,Kırçıllı,Astarlı,Düz,,,Midi,Kruvaze,Casual/Günlük,,,Standart Kol,Ek Özellik Mevcut Değil,Dolgusuz,Cool & Comfort,Kruvaze,,,,Hayır,Balıksırtı,Tekli,Tüm Yaş Grupları,"30% Akrilik,30% Pamuk,25% Polyester,15% Yün"
8,778813639,17097,4.2,,/trendyolmilla/siyah-nakis-detayli-kaban-twoaw24kb00221-p-778813639/yorumlar,Regular,Astarsız,Pamuklu,,,Dokuma,Siyah,Bisiklet Yaka,Nakışlı / İşlemeli,,Düz,,,Standart,Basic,Casual/Günlük,,,Standart Kol,,,Fashion Forward,Mono Kapama,,,,Hayır,Kaşe,Tekli,Tüm Yaş Grupları,100% Pamuk
9,43275654,540191,4.4,,/trendyolmilla/antrasit-oversize-genis-kesim-uzun-yunlu-kase-kaban-twoaw21kb0038-p-43275654/yorumlar,Oversize,Astarlı,Yünlü,Kaşe,Günlük,Dokuma,Gri,Erkek Yaka,Düz,Düğme,Düz,Çift cepli,Orta,Uzun,Basic,Casual/Günlük,Basic,Uzun,Düşük Kol,Ek Özellik Mevcut Değil,Dolgusuz,Smart/Office,Kruvaze,Baskısız,Dolgusuz,Kemersiz,Hayır,Kaşe,Tekli,Tüm Yaş Grupları,"62% Polyester, ,3% Viskoz, ,3% Pamuk, ,19% Akrilik, ,13% Yün"
10,701356615,2644,4.1,,/trendyol-man/tas-unisex-regular-fit-yun-karisimli-kase-kislik-kaban-tmnaw24kb00004-p-701356615/yorumlar,Regular,Astarsız,,,,Dokuma,Gri,Gömlek Yaka,Düz,,Düz,,Kalın,Uzun,Basic,Casual/Günlük,,Uzun,Reglan Kol,,,Cool & Comfort,,Baskısız,,,Hayır,Kaşe,Tekli,21 - 40 Yaş,"40% Akrilik, ,7% Pamuk, ,24% Polyester, ,15% Yün, ,14% Viskoz"
11,814579391,730,,,,Oversize,Astarlı,Yünlü,Kaşe,Günlük,Dokuma,Ekru,Erkek Yaka,Düz,Düğme,Düz,Çift cepli,Orta,Uzun,Basic,Casual/Günlük,Basic,Uzun,Düşük Kol,Ek Özellik Mevcut Değil,Dolgusuz,Smart/Office,Kruvaze,Baskısız,Dolgusuz,Kemersiz,Hayır,Kaşe,Tekli,Tüm Yaş Grupları,"62% Polyester, ,3% Viskoz, ,3% Pamuk, ,19% Akrilik, ,13% Yün"
12,679742891,11429,4.3,,/trendyolmilla/ekru-oversize-genis-kesim-uzun-buklet-kaban-twoaw24kb00037-p-679742891/yorumlar,Oversize,Astarlı,Polyester,,,Dokuma,Ekru,Erkek Yaka,Düz,Astarlı,Düz,,,Uzun,Kruvaze,Casual/Günlük,,Uzun,Düşük Kol,Ek Özellik Mevcut Değil,Dolgusuz,Smart/Office,Kruvaze,,,,Hayır,Buklet,Tekli,Tüm Yaş Grupları,100% Polyester
13,701357588,9263,4.1,,/trendyol-man/antrasit-unisex-regular-fit-yun-karisimli-kase-kislik-kaban-tmnaw24kb00004-p-701357588/yorumlar,Regular,Astarsız,,,,Dokuma,Gri,Gömlek Yaka,Düz,,Düz,,Kalın,Uzun,Basic,Casual/Günlük,,Uzun,Reglan Kol,,,Cool & Comfort,,Baskısız,,,Hayır,Kaşe,Tekli,21 - 40 Yaş,"40% Akrilik, ,7% Pamuk, ,24% Polyester, ,15% Yün, ,14% Viskoz"
14,717890541,5867,4.6,,/trendyolmilla/kahverengi-oversize-genis-kesim-baliksirti-desenli-uzun-kase-kaban-twoaw24kb00147-p-717890541/yorumlar,Oversize,Astarlı,,Kaşe,,Dokuma,Kahverengi,Erkek Yaka,Balık sırtı,Astarlı,Düz,,,Uzun,Kruvaze,Casual/Günlük,,Uzun,Düşük Kol,Ek Özellik Mevcut Değil,Dolgusuz,Cool & Comfort,Kruvaze,,,,Hayır,Balıksırtı,Tekli,Tüm Yaş Grupları,"52% Polyester, 16% Pamuk, 15% Yün, 11% Akrilik, 4% Viskoz, 2% Poliamid"
15,57423033,44203,4.1,,/trendyolmilla/siyah-fitted-midi-yunlu-kase-kaban-twoaw21kb0016-p-57423033/yorumlar,Fitted,Astarlı,Pamuk Polyester,Kaşe,,Dokuma,Siyah,Erkek Yaka,Düz,Düğme,Düz,Çift cepli,,Midi,Basic,Casual/Günlük,,Uzun,Standart Kol,,Dolgusuz,Cool & Comfort,Kruvaze,Baskısız,Dolgusuz,Kemersiz,Hayır,Kaşe,Tekli,Tüm Yaş Grupları,"62% Polyester, ,3% Viskoz, ,3% Pamuk, ,19% Akrilik, ,13% Yün"
16,828049023,153,,,,Regular,,,,,Dokuma,Kahverengi,Gömlek Yaka,Düz,,,,,Midi,Shackets,Casual/Günlük,,,Standart Kol,,,Cool & Comfort,Mono Kapama,,,,,Buklet,,,100% Polyester
17,799839179,2329,4.0,,/trendyolmilla/beyaz-oversize-genis-kesim-pelus-kaban-twoss24kb00005-p-799839179/yorumlar,Oversize,Astarlı,Polyester,,,Dokuma,Beyaz,Erkek Yaka,Düz,Astarlı,Düz,,,Midi,Basic,Şık / gece,,,Standart Kol,,,Fashion Forward,Mono Kapama,,,,Hayır,Peluş,Tekli,Tüm Yaş Grupları,100% Polyester
18,828046233,,,,,Regular,,,,,Dokuma,Gri,Erkek Yaka,Düz,,,,,Midi,Kruvaze,Casual/Günlük,,,Standart Kol,,,Fashion Forward,Mono Kapama,,,,,Kaşe,,,"73% Polyester, ,27% Yün"
19,44147610,19434,4.2,,/trendyolmilla/siyah-fitted-yunlu-kase-kaban-twoaw21kb0013-p-44147610/yorumlar,Fitted,Astarlı,Pamuk Polyester,Kaşe,,Dokuma,Siyah,Erkek Yaka,Düz,Düğme,Düz,Çift cepli,,Regular,Kruvaze,Casual/Günlük,,Uzun,Standart Kol,,Dolgusuz,Cool & Comfort,Kruvaze,Baskısız,Dolgusuz,Kemersiz,Hayır,Kaşe,Tekli,Tüm Yaş Grupları,"40% Akrilik, ,9% Yün, ,6% Diğer Elyaflar, ,30% Polyester, ,15% Pamuk"
20,655290324,12760,4.0,,/trendyolmilla/siyah-oversize-genis-kesim-kusakli-bomber-kol-detayli-uzun-kase-kaban-twoaw24kb00003-p-655290324/yorumlar,Oversize,Astarlı,Polyester,,,Dokuma,Siyah,Erkek Yaka,Düz,Astarlı,Düz,,,Uzun,Bomber,Casual/Günlük,,Uzun,Düşük Kol,Ek Özellik Mevcut Değil,Dolum,Fashion Forward,Kapamasız,,,Kuşaklı,Hayır,Kaşe,Tekli,Tüm Yaş Grupları,100% Polyester
21,649657599,8849,4.5,,/trendyolmilla/mint-oversize-genis-kesim-kemerli-uzun-yunlu-kase-kaban-twoaw22kb0015-p-649657599/yorumlar,Oversize,Astarlı,Yünlü,Kaşe,Günlük,Dokuma,Yeşil,Erkek Yaka,Düz,Kemerli,Düz,Çift cepli,,Uzun,Kruvaze,Casual/Günlük,Basic,Uzun,Düşük Kol,,Dolgusuz,Cool & Comfort,Mono Kapama,Baskısız,Dolgusuz,Kemerli,Hayır,Kaşe,Tekli,Tüm Yaş Grupları,"80% Akrilik, ,20% Yün"
22,692050852,13151,4.2,,/trendyolmilla/antrasit-oversize-genis-kesim-kase-kaban-twoaw24kb00091-p-692050852/yorumlar,Oversize,Astarlı,,Kaşe,,Dokuma,Gri,Erkek Yaka,Balık sırtı,Astarlı,Düz,,,Midi,Kruvaze,Casual/Günlük,,,Düşük Kol,Ek Özellik Mevcut Değil,Dolgusuz,Cool & Comfort,Kruvaze,,,,Hayır,Kaşe,Tekli,Tüm Yaş Grupları,"51% Polyester, 29% Akrilik, 15% Pamuk, 5% Viskoz"
23,743318685,6885,3.9,,/trendyolmilla/tas-oversize-genis-kesim-yunlu-kaban-twoaw24kb00162-p-743318685/yorumlar,Oversize,Astarlı,,,,Dokuma,Beyaz,Erkek Yaka,Düz,Astarlı,Düz,,,Uzun,Kruvaze,Casual/Günlük,,,Düşük Kol,,Dolgusuz,Cool & Comfort,Kruvaze,,,,Hayır,Kaşe,Tekli,Tüm Yaş Grupları,"62% Akrilik, 21% Yün, 15% Polyester, 2% Poliamid"
24,652837205,7734,4.6,,/trendyolmilla/siyah-oversize-genis-kesim-uzun-kase-kaban-twoaw24kb00002-p-652837205/yorumlar,Oversize,Astarsız,,Kaşe,,Dokuma,Siyah,Dik Yaka,Düz,,Düz,,,Midi,Basic,Business,,Uzun,Düşük Kol,Ek Özellik Mevcut Değil,Dolgusuz,Smart/Office,Mono Kapama,,,,Hayır,Kaşe,Tekli,Tüm Yaş Grupları,"63% Polyester, 37% Yün"
25,251075247,83637,4.4,,/trendyolmilla/gri-yunlu-kase-kaban-twoaw21kb0017-p-251075247/yorumlar,Regular,Astarlı,Yünlü,Kaşe,,Dokuma,Gri,Erkek Yaka,Düz,Düğme,Düz,Çift cepli,,Midi,Basic,Casual/Günlük,,Uzun,Reglan Kol,,Dolgusuz,Cool & Comfort,Kruvaze,Baskısız,Dolgusuz,,Hayır,Kaşe,Tekli,Tüm Yaş Grupları,"62% Polyester, ,3% Viskoz, ,3% Pamuk, ,19% Akrilik, ,13% Yün"
26,799839181,1389,4.7,,/trendyolmilla/bej-oversize-genis-kesim-pelus-kaban-twoss24kb00005-p-799839181/yorumlar,Oversize,Astarlı,Polyester,,,Dokuma,Bej,Erkek Yaka,Düz,Astarlı,Düz,,,Midi,Basic,Şık / gece,,,Standart Kol,,,Fashion Forward,Mono Kapama,,,,Hayır,Peluş,Tekli,Tüm Yaş Grupları,100% Polyester
27,696198208,7887,4.0,,/trendyolmilla/siyah-premium-kusakli-kurk-yaka-detayli-uzun-kase-kaban-twoaw24kb00104-p-696198208/yorumlar,Regular,Astarlı,Polyester,Kaşe,,Dokuma,Siyah,Şal Yaka,Düz,Astarlı,Düz,,,Uzun,Kruvaze,Casual/Günlük,,Uzun,Standart Kol,Ek Özellik Mevcut Değil,Dolgusuz,Fashion Forward,Kapamasız,,,Kuşaklı,Hayır,Kaşe,Tekli,Tüm Yaş Grupları,100% Polyester
28,769299123,643,4.7,,/trendyolmilla/vizon-oversize-genis-kesim-kusakli-kaban-twoaw24kb00214-p-769299123/yorumlar,Oversize,Astarlı,Pamuklu,,,Dokuma,Bej,Erkek Yaka,Düz,Astarlı,Düz,,,Uzun,Kruvaze,Şık / gece,,,Standart Kol,,,Fashion Forward,Kruvaze,,,Kuşaklı,Hayır,Kaşe,Tekli,Tüm Yaş Grupları,100% Pamuk
29,769298342,836,4.6,,/trendyolmilla/siyah-kurk-yaka-detayli-kusakli-kaban-twoaw24kb00213-p-769298342/yorumlar,Oversize,Astarlı,Polyester,,,Dokuma,Siyah,Şal Yaka,Düz,Astarlı,Düz,,,Uzun,Kruvaze,Şık / gece,,,Standart Kol,,,Fashion Forward,Kruvaze,,,Kuşaklı,Hayır,Kaşe,Tekli,Tüm Yaş Grupları,100% Polyester
30,716465848,6515,4.4,,/trendyolmilla/bej-premium-kusakli-kurk-yaka-detayli-uzun-kase-kaban-twoaw24kb00104-p-716465848/yorumlar,Regular,Astarlı,Polyester,Kaşe,,Dokuma,Bej,Şal Yaka,Düz,Astarlı,Düz,,,Uzun,Kruvaze,Casual/Günlük,,Uzun,Standart Kol,Ek Özellik Mevcut Değil,Dolgusuz,Fashion Forward,Kapamasız,,,Kuşaklı,Hayır,Kaşe,Tekli,Tüm Yaş Grupları,100% Polyester
31,660421007,7883,4.2,,/trendyolmilla/tas-regular-midi-kaban-twoaw24kb00021-p-660421007/yorumlar,Regular,Astarlı,Pamuk Polyester,Kaşe,,Dokuma,Gri,Erkek Yaka,Düz,Düğme,Düz,Çift cepli,,Midi,Basic,Casual/Günlük,,Uzun,Reglan Kol,Ek Özellik Mevcut Değil,Dolgusuz,Smart/Office,Kruvaze,Baskısız,Dolgusuz,,Hayır,Kaşe,Tekli,Tüm Yaş Grupları,"52% Polyester, 16% Pamuk, 15% Yün, 11% Akrilik, 4% Viskoz, 2% Poliamid"
32,717670271,4328,4.5,,/trendyolmilla/lacivert-fermuar-kapamali-cepli-kase-kabantwoaw24kb00127-p-717670271/yorumlar,Regular,Astarlı,Polyester,Kaşe,,Dokuma,Lacivert,Erkek Yaka,Düz,Fermuar,Düz,,,Midi,Kruvaze,Casual/Günlük,,,Standart Kol,Ek Özellik Mevcut Değil,,Cool & Comfort,Kruvaze,,,,Hayır,Kaşe,Tekli,Tüm Yaş Grupları,100% Polyester
33,666575676,1453,3.6,,/trendyolmilla/camel-kusakli-uzun-yunlu-kase-kaban-twoaw24kb00054-p-666575676/yorumlar,Regular,Astarlı,,Kaşe,,Dokuma,Kahverengi,Erkek Yaka,Düz,Astarlı,Düz,,,Uzun,Kruvaze,Casual/Günlük,,Uzun,Standart Kol,Ek Özellik Mevcut Değil,,Cool & Comfort,,,,Kuşaklı,Hayır,Kaşe,Tekli,Tüm Yaş Grupları,"52% Polyester, 25% Pamuk, 11% Viskoz, 8% Akrilik, 3% Poliamid, 1% Yün"
34,664347046,2884,4.3,,/trendyolmilla/gri-oversize-genis-kesim-uzun-kase-kaban-twoaw24kb00002-p-664347046/yorumlar,Oversize,Astarsız,,Kaşe,,Dokuma,Gri,Dik Yaka,Düz,,Düz,,,Midi,Basic,Business,,Uzun,Düşük Kol,Ek Özellik Mevcut Değil,Dolgusuz,Smart/Office,Mono Kapama,,,,Hayır,Kaşe,Tekli,Tüm Yaş Grupları,"63% Polyester, 37% Yün"
35,688470980,8640,4.1,,/trendyolmilla/antrasit-kusakli-vatkali-uzun-yunlu-kase-kaban-twoaw24kb00067-p-688470980/yorumlar,Regular,Astarlı,,Kaşe,,Dokuma,Gri,Erkek Yaka,Düz,Astarlı,Düz,,,Uzun,Kruvaze,Business,,Uzun,Standart Kol,Ek Özellik Mevcut Değil,Dolgusuz,Smart/Office,Kruvaze,,,Kuşaklı,Hayır,Kaşe,Tekli,Tüm Yaş Grupları,"45% Polyester, 31% Akrilik, 24% Yün"
36,734446128,4991,4.4,,/trendyolmilla/siyah-yuvarlak-yaka-detayli-tuvit-ceket-kaban-twoaw24kb00177-p-734446128/yorumlar,Regular,Astarlı,Polyester,,,Dokuma,Siyah,Bisiklet Yaka,Düz,Astarlı,Düz,,,Midi,Basic,Casual/Günlük,,,Standart Kol,Ek Özellik Mevcut Değil,Dolgusuz,Smart/Office,Mono Kapama,,,,Hayır,Tüvit,Tekli,Tüm Yaş Grupları,100% Polyester
37,776870393,1689,3.4,,/trendyolmilla/ekru-nakis-detayli-uzun-kaban-twoaw24kb00222-p-776870393/yorumlar,Regular,Astarsız,Pamuklu,,,Dokuma,Ekru,Bisiklet Yaka,Nakışlı / İşlemeli,,Düz,,,Uzun,Basic,Casual/Günlük,,Uzun,Standart Kol,,,Fashion Forward,Mono Kapama,,,Kuşaklı,Hayır,Kaşe,Tekli,Tüm Yaş Grupları,100% Pamuk
38,675142398,5883,4.8,,/trendyolmilla/camel-uzun-buklet-kaban-twoaw24kb00007-p-675142398/yorumlar,Regular,Astarlı,Polyester,,,Dokuma,Kahverengi,Erkek Yaka,Düz,Astarlı,Düz,,,Uzun,Kruvaze,Business,,Uzun,Standart Kol,Ek Özellik Mevcut Değil,Dolgusuz,Smart/Office,Kruvaze,,,,Hayır,Buklet,Tekli,Tüm Yaş Grupları,100% Polyester
39,814603421,,,,,Regular,Astarlı,,,,Örme,Gri,Gömlek Yaka,Düz,Cep,Düz,,,Midi,Kruvaze,Casual/Günlük,,,Standart Kol,,,Smart/Office,Kruvaze,,,,Hayır,Kaşe,,Tüm Yaş Grupları,"61% Polyester, ,36% Pamuk, ,3% Elastan"
40,814572512,81,,,,Regular,Astarlı,,,,Örme,Siyah,Gömlek Yaka,Düz,Cep,Düz,,,Midi,Kruvaze,Casual/Günlük,,,Standart Kol,,,Smart/Office,Kruvaze,,,,Hayır,Kaşe,,Tüm Yaş Grupları,"61% Polyester, ,36% Pamuk, ,3% Elastan"
41,670411887,4694,4.2,,/trendyolmilla/haki-kusakli-uzun-yunlu-kase-kaban-twoaw20kb0033-p-670411887/yorumlar,Regular,Astarlı,Yünlü,Kaşe,,Dokuma,Haki,Erkek Yaka,Düz,Kuşaklı,Düz,Çift cepli,,Uzun,Basic,Casual/Günlük,,Uzun,Standart Kol,,Dolgusuz,Cool & Comfort,Kapamasız,Baskısız,Dolgusuz,Kuşaklı,Hayır,Kaşe,Tekli,Tüm Yaş Grupları,"62% Polyester, ,3% Viskoz, ,3% Pamuk, ,19% Akrilik, ,13% Yün"
42,652675249,12997,4.1,,/trendyolmilla/tas-fitted-yunlu-kisa-kase-kaban-twoaw24kb00018-p-652675249/yorumlar,Fitted,Astarlı,Pamuk Polyester,Kaşe,,Dokuma,Ekru,Erkek Yaka,Düz,Düğme,Düz,Çift cepli,,Kısa,Kruvaze,Casual/Günlük,,Uzun,Standart Kol,Ek Özellik Mevcut Değil,Dolgusuz,Cool & Comfort,Kruvaze,Baskısız,Dolgusuz,,Hayır,Kaşe,Tekli,Tüm Yaş Grupları,"55% Polyester, ,8% Akrilik, ,6% Pamuk, ,2% Poliamid, ,15% Yün, ,14% Viskoz"
43,822932092,94,,,,Oversize,Astarlı,%100 Pamuk,,,Dokuma,Siyah,Gömlek Yaka,Kazayağı,Astarlı,Düz,,,Standart,Kruvaze,Casual/Günlük,,,Düşük Kol,,,Cool & Comfort,Mono Kapama,,,,Hayır,Kaşe,,Tüm Yaş Grupları,"47% Polyester, ,3% Yün, ,3% Akrilik, ,28% Pamuk, ,19% Viskoz"
44,652675611,3115,4.3,,/trendyolmilla/tas-fitted-uzun-yunlu-kase-kaban-twoaw24kb00019-p-652675611/yorumlar,Fitted,Astarlı,Pamuk Polyester,,,Dokuma,Ekru,Erkek Yaka,Düz,Düğme,Düz,Çift cepli,,Midi,Basic,Casual/Günlük,,Uzun,Standart Kol,Ek Özellik Mevcut Değil,Dolgusuz,Cool & Comfort,Kruvaze,Baskısız,Dolgusuz,,Hayır,Kaşe,Tekli,Tüm Yaş Grupları,"52% Polyester, ,8% Akrilik, ,3% Poliamid, ,25% Pamuk, ,11% Viskoz, ,1% Yün"
45,717598372,6008,4.1,,/trendyolmilla/antrasit-kusakli-uzun-kase-kaban-twoaw24kb00121-p-717598372/yorumlar,Regular,Astarlı,Polyester,Kaşe,,Dokuma,Gri,Erkek Yaka,Düz,Astarlı,Düz,,,Midi,Kruvaze,Casual/Günlük,,,Düşük Kol,Ek Özellik Mevcut Değil,Dolgusuz,Cool & Comfort,Kruvaze,,,Kuşaklı,Hayır,Kaşe,Tekli,Tüm Yaş Grupları,100% Polyester
46,666580339,1911,3.9,,/trendyolmilla/gri-kusakli-uzun-yunlu-kase-kaban-twoaw24kb00054-p-666580339/yorumlar,Regular,Astarlı,,Kaşe,,Dokuma,Gri,Erkek Yaka,Düz,Astarlı,Düz,,,Uzun,Kruvaze,Casual/Günlük,,Uzun,Standart Kol,Ek Özellik Mevcut Değil,,Cool & Comfort,,,,Kuşaklı,Hayır,Kaşe,Tekli,Tüm Yaş Grupları,"52% Polyester, 25% Pamuk, 11% Viskoz, 8% Akrilik, 3% Poliamid, 1% Yün"
47,696197926,3669,4.3,,/trendyolmilla/bej-premium-kurk-yaka-detayli-gold-dugmeli-kase-kaban-twoaw24kb00100-p-696197926/yorumlar,Regular,Astarlı,,Kaşe,,Dokuma,Bej,Erkek Yaka,Düz,Düğme,Düz,,,Midi,Kruvaze,Casual/Günlük,,,Standart Kol,Ek Özellik Mevcut Değil,Dolgusuz,Fashion Forward,Kruvaze,,,,Hayır,Kaşe,Tekli,Tüm Yaş Grupları,"68% Polyester, 32% Yün"
48,652837713,31277,4.6,,/trendyolmilla/siyah-kusakli-gold-dugme-detayli-kase-kaban-twoaw24kb00006-p-652837713/yorumlar,Regular,Astarlı,Polyester,Kaşe,,Dokuma,Siyah,Dik Yaka,Düz,Astarlı,Düz,,,Midi,Kruvaze,Casual/Günlük,,,Düşük Kol,Ek Özellik Mevcut Değil,Dolgusuz,Smart/Office,Kruvaze,,,Kuşaklı,Hayır,Kaşe,Tekli,Tüm Yaş Grupları,100% Polyester
49,8630999,51787,4.1,,/trendyolmilla/siyah-fitted-kusakli-yunlu-kase-kaban-twoaw20kb0032-p-8630999/yorumlar,Fitted,Astarlı,Pamuk Polyester,Kaşe,,Dokuma,Siyah,Erkek Yaka,Düz,Kuşaklı,Düz,Çift cepli,,Midi,Basic,Casual/Günlük,,Uzun,Standart Kol,,Dolgusuz,Cool & Comfort,Kapamasız,Baskısız,Dolgusuz,Kuşaklı,Hayır,Kaşe,Tekli,Tüm Yaş Grupları,"49% Akrilik, ,6% Pamuk, ,29% Polyester, ,2% Yün, ,14% Yün/viskon"
50,650145377,25399,4.2,,/trendyolmilla/lacivert-oversize-genis-kesim-uzun-yunlu-kase-kaban-twoaw21kb0038-p-650145377/yorumlar,Oversize,Astarlı,Yünlü,Kaşe,Günlük,Dokuma,Lacivert,Erkek Yaka,Düz,Düğme,Düz,Çift cepli,Orta,Uzun,Basic,Casual/Günlük,Basic,Uzun,Düşük Kol,Ek Özellik Mevcut Değil,Dolgusuz,Smart/Office,Kruvaze,Baskısız,Dolgusuz,Kemersiz,Hayır,Kaşe,Tekli,Tüm Yaş Grupları,"62% Polyester, ,3% Viskoz, ,3% Pamuk, ,19% Akrilik, ,13% Yün"
51,691713905,3453,4.8,,/trendyolmilla/gri-kusakli-kruvaze-kapamali-midi-kase-kaban-twoaw24kb00085-p-691713905/yorumlar,Kruvaze,Astarlı,Polyester,Kruvaze,,Dokuma,Gri,Kruvaze,Düz,Astarlı,Düz,,,Midi,Kruvaze,Casual/Günlük,,Uzun,Düşük Kol,Ek Özellik Mevcut Değil,Dolgusuz,Cool & Comfort,Kruvaze,,,Kuşaklı,Hayır,Kaşe,Tekli,Tüm Yaş Grupları,100% Polyester
52,133168651,68530,4.1,,/trendyolmilla/siyah-yunlu-kase-kaban-twoaw21kb0017-p-133168651/yorumlar,Regular,Astarlı,Yünlü,Kaşe,,Dokuma,Siyah,Erkek Yaka,Düz,Düğme,Düz,Çift cepli,,Midi,Basic,Casual/Günlük,,Uzun,Reglan Kol,,Dolgusuz,Cool & Comfort,Kruvaze,Baskısız,Dolgusuz,,Hayır,Kaşe,Tekli,Tüm Yaş Grupları,"62% Polyester, ,3% Viskoz, ,3% Pamuk, ,19% Akrilik, ,13% Yün"
53,47896191,84077,3.9,,/trendyolmilla/siyah-kusakli-yunlu-kisa-kase-kaban-twoaw21kb0032-p-47896191/yorumlar,Regular,Astarlı,,,,Dokuma,Siyah,Dik Yaka,Düz,Kuşaklı,Düz,Çift cepli,,Midi,Kruvaze,Casual/Günlük,,Uzun,Standart Kol,,Dolgusuz,Smart/Office,Mono Kapama,Baskısız,Dolgusuz,Kuşaklı,,Kaşe,,Tüm Yaş Grupları,"40% Akrilik, ,9% Yün, ,6% Diğer Elyaflar, ,30% Polyester, ,15% Pamuk"
54,814604923,298,,,,Regular,Astarlı,Polyester,,,Dokuma,Kırmızı,Dik Yaka,Düz,Astarlı,Düz,,,Uzun,Kruvaze,Casual/Günlük,,,Standart Kol,,,Cool & Comfort,Mono Kapama,,,,Hayır,Kaşe,,Tüm Yaş Grupları,"70% Polyester, ,30% Yün"
55,807701736,194,5.0,,/trendyolmilla/haki-fitted-kusakli-gold-dugmeli-uzun-yunlu-kase-kaban-twoaw23kb00018-p-807701736/yorumlar,Fitted,Astarlı,Yünlü,Kaşe,,Dokuma,Haki,Erkek Yaka,Düz,Astarlı,Düz,Çift cepli,,Uzun,Basic,Casual/Günlük,,Uzun,Standart Kol,,Dolgusuz,Cool & Comfort,Düğmeli,Baskısız,Dolgusuz,Kuşaklı,Hayır,Kaşe,Tekli,Tüm Yaş Grupları,"40% Akrilik, ,9% Yün, ,6% Diğer Elyaflar, ,30% Polyester, ,15% Pamuk"
56,678330888,21874,4.5,,/trendyolmilla/vizon-genis-kesim-crop-kase-kaban-twoaw24kb00026-p-678330888/yorumlar,Regular,Astarlı,Polyester,Kaşe,,Örme,Kahverengi,Erkek Yaka,Düz,Astarlı,Düz,,,Standart,Kruvaze,Casual/Günlük,,,Reglan Kol,,Dolgusuz,Cool & Comfort,Kruvaze,,,,Hayır,Kaşe,Tekli,Tüm Yaş Grupları,100% Polyester
57,251053413,19156,4.1,,/trendyolmilla/koyu-kahverengi-oversize-genis-kesim-kemerli-uzun-yunlu-kase-kaban-twoaw22kb0015-p-251053413/yorumlar,Oversize,Astarlı,Yünlü,Kaşe,Günlük,Dokuma,Kahverengi,Erkek Yaka,Düz,Kemerli,Düz,Çift cepli,,Uzun,Kruvaze,Casual/Günlük,Basic,Uzun,Düşük Kol,,Dolgusuz,Cool & Comfort,Mono Kapama,Baskısız,Dolgusuz,Kemerli,Hayır,Kaşe,Tekli,Tüm Yaş Grupları,"80% Akrilik, ,20% Yün"
58,818184490,289,,,,Oversize,Astarlı,,,,Dokuma,Lacivert,Kruvaze,Düz,Yırtmaçlı,Düz,,,Uzun,Kruvaze,Casual/Günlük,,,Düşük Kol,,,Cool & Comfort,Kapamasız,,,Kuşaklı,Hayır,Kaşe,,,"80% Akrilik, ,20% Yün"
59,43338521,60031,4.3,,/trendyolmilla/siyah-toka-detayli-kusakli-regular-kaban-twoaw20kb0029-p-43338521/yorumlar,Regular,Astarlı,Yünlü,Kruvaze,,Dokuma,Siyah,Erkek Yaka,Düz,Kemerli,Düz,Çift cepli,Orta,Uzun,Basic,Casual/Günlük,,Uzun,Düşük Kol,,Dolgusuz,Cool & Comfort,Kapamasız,Baskısız,Dolgusuz,Kemerli,Hayır,Kaşe,Tekli,Tüm Yaş Grupları,"62% Polyester, ,3% Viskoz, ,3% Pamuk, ,19% Akrilik, ,13% Yün"
60,807701476,469,,,,Regular,Astarlı,Polyester,Kaşe,,Örme,Kahverengi,Erkek Yaka,Düz,Astarlı,Düz,,,Standart,Kruvaze,Casual/Günlük,,,Reglan Kol,,Dolgusuz,Cool & Comfort,Kruvaze,,,,Hayır,Kaşe,Tekli,Tüm Yaş Grupları,100% Polyester
61,333545665,31380,4.4,,/trendyolmilla/saks-oversize-genis-kesim-uzun-yunlu-kase-kaban-twoaw21kb0038-p-333545665/yorumlar,Oversize,Astarlı,Yünlü,Kaşe,Günlük,Dokuma,Lacivert,Erkek Yaka,Düz,Düğme,Düz,Çift cepli,Orta,Uzun,Basic,Casual/Günlük,Basic,Uzun,Düşük Kol,Ek Özellik Mevcut Değil,Dolgusuz,Smart/Office,Kruvaze,Baskısız,Dolgusuz,Kemersiz,Hayır,Kaşe,Tekli,Tüm Yaş Grupları,"62% Polyester, ,3% Viskoz, ,3% Pamuk, ,19% Akrilik, ,13% Yün"
62,799839176,4178,4.4,,/trendyolmilla/ekru-oversize-genis-kesim-pelus-kaban-twoss24kb00005-p-799839176/yorumlar,Oversize,Astarlı,Polyester,,,Dokuma,Ekru,Erkek Yaka,Düz,Astarlı,Düz,,,Midi,Basic,Şık / gece,,,Standart Kol,,,Fashion Forward,Mono Kapama,,,,Hayır,Peluş,Tekli,Tüm Yaş Grupları,100% Polyester
63,372134163,45955,4.1,,/trendyolmilla/haki-oversize-genis-kesim-uzun-yunlu-kase-kaban-twoaw21kb0038-p-372134163/yorumlar,Oversize,Astarlı,Yünlü,Kaşe,Günlük,Dokuma,Haki,Erkek Yaka,Düz,Düğme,Düz,Çift cepli,Orta,Uzun,Basic,Casual/Günlük,Basic,Uzun,Düşük Kol,Ek Özellik Mevcut Değil,Dolgusuz,Smart/Office,Kruvaze,Baskısız,Dolgusuz,Kemersiz,Hayır,Kaşe,Tekli,Tüm Yaş Grupları,"62% Polyester, ,3% Viskoz, ,3% Pamuk, ,19% Akrilik, ,13% Yün"
64,814579568,440,,,,Oversize,Astarlı,Yünlü,Kaşe,Günlük,Dokuma,Kırmızı,Erkek Yaka,Düz,Düğme,Düz,Çift cepli,Orta,Uzun,Basic,Casual/Günlük,Basic,Uzun,Düşük Kol,Ek Özellik Mevcut Değil,Dolgusuz,Smart/Office,Kruvaze,Baskısız,Dolgusuz,Kemersiz,Hayır,Kaşe,Tekli,Tüm Yaş Grupları,"62% Polyester, ,3% Viskoz, ,3% Pamuk, ,19% Akrilik, ,13% Yün"
65,814571362,276,,,,Regular,Astarlı,Polyester,,,Dokuma,Ekru,Erkek Yaka,Düz,Astarlı,Düz,,,Midi,Basic,Casual/Günlük,,,Standart Kol,,,Smart/Office,Kruvaze,,,,Hayır,Kaşe,,Tüm Yaş Grupları,"80% Akrilik, ,20% Yün"
66,652837711,6569,4.7,,/trendyolmilla/camel-kusakli-gold-dugme-detayli-kase-kaban-twoaw24kb00006-p-652837711/yorumlar,Regular,Astarlı,Polyester,Kaşe,,Dokuma,Kahverengi,Dik Yaka,Düz,Astarlı,Düz,,,Midi,Kruvaze,Casual/Günlük,,,Düşük Kol,Ek Özellik Mevcut Değil,Dolgusuz,Smart/Office,Kruvaze,,,Kuşaklı,Hayır,Kaşe,Tekli,Tüm Yaş Grupları,100% Polyester
67,819973062,145,,,,Regular,,,,,Örme,Gri,Erkek Yaka,Düz,,Düz,,,Midi,Basic,Casual/Günlük,,,Standart Kol,,,Cool & Comfort,Kapamasız,,,,Hayır,Kaşe,,,"61% Polyester, ,36% Pamuk, ,3% Elastan"
68,818381773,408,,,,Oversize,Astarlı,,,,Örme,Siyah,Erkek Yaka,Düz,Cep,Düz,,,Uzun,Kruvaze,Casual/Günlük,,,Düşük Kol,,,Cool & Comfort,Kapamasız,,,,Hayır,Kaşe,,Tüm Yaş Grupları,"61% Polyester, ,36% Pamuk, ,3% Elastan"
69,818185326,303,,,,Regular,Astarlı,,,,Dokuma,Gri,Erkek Yaka,Düz,Astarlı,Düz,,,Uzun,Kruvaze,Casual/Günlük,,,Standart Kol,,,Smart/Office,Mono Kapama,,,,Hayır,Kaşe,,,100% Pamuk
70,814574383,370,,,,Oversize,Astarlı,Polyester,,,Dokuma,Ekru,Gömlek Yaka,Düz,Astarlı,Düz,,,Uzun,Kruvaze,Casual/Günlük,,,Düşük Kol,,,Cool & Comfort,Kruvaze,,,,Hayır,Peluş,,Tüm Yaş Grupları,100% Polyester
71,814572066,107,,,,Oversize,,,,,Örme,Bordo,Gömlek Yaka,Düz,,Düz,,,Uzun,Kruvaze,Casual/Günlük,,,Düşük Kol,,,Fashion Forward,Mono Kapama,,,,Hayır,Kaşe,,Tüm Yaş Grupları,"61% Polyester, ,36% Pamuk, ,3% Elastan"
72,734441228,17150,4.3,,/trendyolmilla/ekru-oversize-genis-kesim-kusakli-balon-kol-detayli-uzun-kase-kaban-twoaw24kb00173-p-734441228/yorumlar,Oversize,Astarlı,Polyester,Kaşe,,Örme,Ekru,Erkek Yaka,Düz,Astarlı,Düz,,,Uzun,Kruvaze,Casual/Günlük,,Uzun,Reglan Kol,Ek Özellik Mevcut Değil,Dolgusuz,Cool & Comfort,Kapamasız,,,Kuşaklı,Hayır,Kaşe,Tekli,Tüm Yaş Grupları,100% Polyester
73,808016781,148,,,,Oversize,Astarlı,Yünlü,Kaşe,Günlük,Dokuma,Gri,Erkek Yaka,Düz,Kemerli,Düz,Çift cepli,,Uzun,Kruvaze,Casual/Günlük,Basic,Uzun,Düşük Kol,,Dolgusuz,Cool & Comfort,Mono Kapama,Baskısız,Dolgusuz,Kemerli,Hayır,Kaşe,Tekli,Tüm Yaş Grupları,"80% Akrilik, ,20% Yün"
74,818380760,140,,,,Regular,Astarlı,Pamuk Polyester,,,Dokuma,Siyah,Erkek Yaka,Çizgili,Astarlı,Düz,,,Uzun,Kruvaze,Casual/Günlük,,,Standart Kol,,,Smart/Office,Mono Kapama,,,,Hayır,Kaşe,,Tüm Yaş Grupları,"80% Polyester, ,20% Pamuk"
75,814571395,190,,,,Regular,Astarlı,Polyester,,,Dokuma,Lacivert,Erkek Yaka,Düz,Astarlı,Düz,,,Midi,Basic,Casual/Günlük,,,Standart Kol,,,Smart/Office,Kruvaze,,,,Hayır,Kaşe,,Tüm Yaş Grupları,"80% Akrilik, ,20% Yün"
76,808017626,174,,,,Regular,Astarlı,Yünlü,Kaşe,,Dokuma,Gri,Erkek Yaka,Düz,Kuşaklı,Düz,Çift cepli,,Uzun,Basic,Casual/Günlük,,Uzun,Standart Kol,,Dolgusuz,Cool & Comfort,Kapamasız,Baskısız,Dolgusuz,Kuşaklı,Hayır,Kaşe,Tekli,Tüm Yaş Grupları,"62% Polyester, ,3% Viskoz, ,3% Pamuk, ,19% Akrilik, ,13% Yün"
77,683441192,44726,4.7,,/trendyolmilla/ekru-midi-buklet-kaban-twoaw24kb00089-p-683441192/yorumlar,Regular,Astarlı,Polyester,,,Dokuma,Ekru,Erkek Yaka,Düz,Astarlı,Düz,,,Midi,Basic,Casual/Günlük,,,Standart Kol,Ek Özellik Mevcut Değil,Dolgusuz,Cool & Comfort,Kruvaze,,,,Hayır,Buklet,Tekli,Tüm Yaş Grupları,100% Polyester
78,808017045,118,,,,Regular,Astarlı,Yünlü,Kaşe,,Dokuma,Gri,Erkek Yaka,Düz,Düğme,Düz,Çift cepli,,Midi,Basic,Casual/Günlük,,Uzun,Reglan Kol,,Dolgusuz,Cool & Comfort,Kruvaze,Baskısız,Dolgusuz,,Hayır,Kaşe,Tekli,Tüm Yaş Grupları,"62% Polyester, ,3% Viskoz, ,3% Pamuk, ,19% Akrilik, ,13% Yün"
79,819973057,240,,,,Regular,,,,,Örme,Siyah,Erkek Yaka,Düz,,Düz,,,Midi,Basic,Casual/Günlük,,,Standart Kol,,,Cool & Comfort,Kapamasız,,,,Hayır,Kaşe,,,"61% Polyester, ,36% Pamuk, ,3% Elastan"
80,652838298,3315,4.4,,/trendyolmilla/gri-uzun-buklet-kaban-twoaw24kb00007-p-652838298/yorumlar,Regular,Astarlı,Polyester,,,Dokuma,Gri,Erkek Yaka,Düz,Astarlı,Düz,,,Uzun,Kruvaze,Business,,Uzun,Standart Kol,Ek Özellik Mevcut Değil,Dolgusuz,Smart/Office,Kruvaze,,,,Hayır,Buklet,Tekli,Tüm Yaş Grupları,100% Polyester
81,814570879,135,,,,Regular,Astarlı,Polyester,,,Dokuma,Kahverengi,Erkek Yaka,Düz,Astarlı,Düz,,,Uzun,Kruvaze,Casual/Günlük,,,Standart Kol,,,Cool & Comfort,Kruvaze,,,,Hayır,Kaşe,,Tüm Yaş Grupları,"80% Akrilik, ,20% Yün"
82,814570407,210,,,,Regular,Astarlı,Polyester,,,Dokuma,Siyah,Erkek Yaka,Düz,Astarlı,Düz,,,Uzun,Kruvaze,Casual/Günlük,,,Standart Kol,,,Cool & Comfort,Kruvaze,,,,Hayır,Kaşe,,Tüm Yaş Grupları,"80% Akrilik, ,20% Yün"
83,320103864,11770,4.1,,/trendyolmilla/vizon-fitted-kusakli-gold-dugmeli-uzun-yunlu-kase-kaban-twoaw23kb00018-p-320103864/yorumlar,Fitted,Astarlı,Yünlü,Kaşe,,Dokuma,Kahverengi,Erkek Yaka,Düz,Astarlı,Düz,Çift cepli,,Uzun,Basic,Casual/Günlük,,Uzun,Standart Kol,,Dolgusuz,Cool & Comfort,Düğmeli,Baskısız,Dolgusuz,Kuşaklı,Hayır,Kaşe,Tekli,Tüm Yaş Grupları,"40% Akrilik, ,9% Yün, ,6% Diğer Elyaflar, ,30% Polyester, ,15% Pamuk"
84,676160816,28963,4.3,,/trendyol-modest/acik-bej-kusakli-uzun-astarli-kase-kaban-tctaw24ab00035-p-676160816/yorumlar,Regular,Astarlı,,,,Dokuma,Bej,Ceket Yaka,Düz,,,,,Uzun,Basic,Casual/Günlük,Tesettür Giyim,,Standart Kol,,,Cool & Comfort,,,,,Hayır,,,Tüm Yaş Grupları,"46% Polyester, ,9% Viskoz, ,4% Poliamid, ,4% Akrilik, ,37% Pamuk"
85,660428827,8808,4.4,,/trendyolmilla/tas-fitted-kusakli-gold-dugmeli-uzun-yunlu-kase-kaban-twoaw24kb00022-p-660428827/yorumlar,Fitted,Astarlı,Pamuk Polyester,,,Dokuma,Gri,Erkek Yaka,Düz,Düğme,Düz,Çift cepli,,Uzun,Basic,Casual/Günlük,,Uzun,Standart Kol,Ek Özellik Mevcut Değil,Dolgusuz,Cool & Comfort,Kruvaze,Baskısız,Dolgusuz,Kuşaklı,Hayır,Kaşe,Tekli,Tüm Yaş Grupları,"40% Akrilik, ,9% Pamuk, ,22% Polyester, ,15% Yün, ,14% Viskoz"
86,656818665,4257,4.5,,/trendyolmilla/camel-oversize-genis-kesim-standart-beden-kapusonlu-kusakli-uzun-kase-kaban-twoaw24kb00017-p-656818665/yorumlar?boutiqueId=665552&merchantId=968&v=standart,Oversize,Astarsız,Polyester,,,Dokuma,Kahverengi,Kapüşonlu,Düz,,Düz,,,Uzun,Kruvaze,Casual/Günlük,,Uzun,Düşük Kol,Ek Özellik Mevcut Değil,Dolgusuz,Cool & Comfort,Kapamasız,,,Kuşaklı,Hayır,Kaşe,Tekli,Tüm Yaş Grupları,100% Polyester
87,683441211,11579,4.6,,/trendyolmilla/siyah-midi-buklet-kaban-twoaw24kb00089-p-683441211/yorumlar,Regular,Astarlı,Polyester,,,Dokuma,Siyah,Erkek Yaka,Düz,Astarlı,Düz,,,Midi,Basic,Casual/Günlük,,,Standart Kol,Ek Özellik Mevcut Değil,Dolgusuz,Cool & Comfort,Kruvaze,,,,Hayır,Buklet,Tekli,Tüm Yaş Grupları,100% Polyester
88,655289006,3452,2.6,,/trendyolmilla/lacivert-gold-dugme-detayli-yunlu-kase-ceket-kaban-twoaw24kb00004-p-655289006/yorumlar,Regular,Astarlı,,Kaşe,,Dokuma,Lacivert,Erkek Yaka,Düz,Astarlı,Düz,,,Midi,Kruvaze,Business,,,Standart Kol,Ek Özellik Mevcut Değil,Dolgusuz,Smart/Office,Kruvaze,,,,Hayır,Kaşe,Tekli,Tüm Yaş Grupları,"52% Polyester, 25% Pamuk, 11% Viskoz, 8% Akrilik, 3% Poliamid, 1% Yün"
89,808017213,446,5.0,,/trendyolmilla/gri-toka-detayli-kusakli-regular-kaban-twoaw20kb0029-p-808017213/yorumlar,Regular,Astarlı,Yünlü,Kruvaze,,Dokuma,Gri,Erkek Yaka,Düz,Kemerli,Düz,Çift cepli,Orta,Uzun,Basic,Casual/Günlük,,Uzun,Düşük Kol,,Dolgusuz,Cool & Comfort,Kapamasız,Baskısız,Dolgusuz,Kemerli,Hayır,Kaşe,Tekli,Tüm Yaş Grupları,"62% Polyester, ,3% Viskoz, ,3% Pamuk, ,19% Akrilik, ,13% Yün"
90,251053415,33530,4.2,,/trendyolmilla/antrasit-oversize-genis-kesim-kemerli-uzun-yunlu-kase-kaban-twoaw22kb0015-p-251053415/yorumlar,Oversize,Astarlı,Yünlü,Kaşe,Günlük,Dokuma,Gri,Erkek Yaka,Düz,Kemerli,Düz,Çift cepli,,Uzun,Kruvaze,Casual/Günlük,Basic,Uzun,Düşük Kol,,Dolgusuz,Cool & Comfort,Mono Kapama,Baskısız,Dolgusuz,Kemerli,Hayır,Kaşe,Tekli,Tüm Yaş Grupları,"80% Akrilik, ,20% Yün"
91,136660042,61965,4.2,,/trendyolmilla/gri-oversize-genis-kesim-kemerli-uzun-yunlu-kase-kaban-twoaw22kb0015-p-136660042/yorumlar,Oversize,Astarlı,Yünlü,Kaşe,Günlük,Dokuma,Gri,Erkek Yaka,Düz,Kemerli,Düz,Çift cepli,,Uzun,Kruvaze,Casual/Günlük,Basic,Uzun,Düşük Kol,,Dolgusuz,Cool & Comfort,Mono Kapama,Baskısız,Dolgusuz,Kemerli,Hayır,Kaşe,Tekli,Tüm Yaş Grupları,"80% Akrilik, ,20% Yün"
92,717282447,17791,4.2,,/trendyolmilla/ekru-kemerli-uzun-kase-kaban-twoaw24kb00151-p-717282447/yorumlar,Regular,Astarlı,Polyester,Kaşe,,Dokuma,Ekru,Erkek Yaka,Düz,Kemerli,Düz,,,Uzun,Kruvaze,Casual/Günlük,,Uzun,Standart Kol,Ek Özellik Mevcut Değil,Dolgusuz,Fashion Forward,Kruvaze,,,Kemerli,Hayır,Kaşe,Tekli,Tüm Yaş Grupları,100% Polyester
93,273391471,45028,4.2,,/trendyolmilla/antrasit-uzun-yunlu-oversize-kase-kaban-twoaw23kb00168-p-273391471/yorumlar,Oversize,Astarlı,Yünlü,Kaşe,,Dokuma,Gri,Erkek Yaka,Kırçıllı,Astarlı,Düz,Çift cepli,,Uzun,Basic,Casual/Günlük,,Uzun,Düşük Kol,Ek Özellik Mevcut Değil,Dolgusuz,Cool & Comfort,Kruvaze,Baskısız,Dolgusuz,Kemersiz,Hayır,Kaşe,Tekli,Tüm Yaş Grupları,100% Polyester
94,819979685,418,5.0,,/trendyolmilla/gri-yaka-detayli-oversize-yunlu-kaban-twoaw25kb00038-p-819979685/yorumlar,Oversize,,,,,Dokuma,Gri,Ceket Yaka,Düz,,Düz,,,Uzun,Basic,Casual/Günlük,,,Standart Kol,,,Cool & Comfort,Mono Kapama,,,,,Kaşe,,,"80% Akrilik, ,20% Yün"
95,734441673,8025,4.1,,/trendyolmilla/kahverengi-oversize-genis-kesim-kusakli-uzun-kase-kaban-twoaw24kb00175-p-734441673/yorumlar,Oversize,Astarlı,Polyester,Kaşe,,Örme,Kahverengi,Erkek Yaka,Düz,Astarlı,Düz,,,Uzun,Kruvaze,Casual/Günlük,,Uzun,Düşük Kol,Ek Özellik Mevcut Değil,Dolgusuz,Cool & Comfort,Kruvaze,,,Kuşaklı,Hayır,Kaşe,Tekli,Tüm Yaş Grupları,100% Polyester
96,650451661,8072,4.7,,/trendyolmilla/mavi-uzun-regular-kase-kaban-twoaw24kb00013-p-650451661/yorumlar,Regular,Astarlı,Polyester,Kaşe,,Dokuma,Mavi,Erkek Yaka,Düz,Astarlı,Düz,,,Regular,Basic,Casual/Günlük,,Uzun,Standart Kol,,Dolgusuz,Cool & Comfort,Kruvaze,,,,Hayır,Kaşe,Tekli,Tüm Yaş Grupları,100% Polyester
97,650451665,8360,4.0,,/trendyolmilla/vizon-uzun-regular-kase-kaban-twoaw24kb00013-p-650451665/yorumlar,Regular,Astarlı,Polyester,Kaşe,,Dokuma,Kahverengi,Erkek Yaka,Düz,Astarlı,Düz,,,Regular,Basic,Casual/Günlük,,Uzun,Standart Kol,,Dolgusuz,Cool & Comfort,Kruvaze,,,,Hayır,Kaşe,Tekli,Tüm Yaş Grupları,100% Polyester
98,692063785,3640,4.4,,/trendyolmilla/camel-baliksirti-desenli-oversize-genis-kesim-uzun-kase-kaban-twoaw24kb00092-p-692063785/yorumlar,Oversize,Astarlı,,Kaşe,,Dokuma,Kahverengi,Erkek Yaka,Düz,Astarlı,Düz,,,Uzun,Kruvaze,Casual/Günlük,,Uzun,Reglan Kol,Ek Özellik Mevcut Değil,Dolgusuz,Cool & Comfort,Kruvaze,,,,Hayır,Balıksırtı,Tekli,Tüm Yaş Grupları,"30% Pamuk, ,29% Polyester, ,24% Akrilik, ,17% Viskoz"
99,681217460,7307,4.7,,/trendyolmilla/siyah-oversize-genis-kesim-kusakli-buklet-kaban-twoaw24kb00057-p-681217460/yorumlar,Oversize,Astarlı,Polyester,,,Dokuma,Siyah,Erkek Yaka,Düz,Astarlı,Düz,,,Midi,Kruvaze,Casual/Günlük,,,Standart Kol,Ek Özellik Mevcut Değil,Dolgusuz,Cool & Comfort,Kapamasız,,,Kuşaklı,Hayır,Buklet,Tekli,Tüm Yaş Grupları,100% Polyester
100,717277055,8088,4.1,,/trendyolmilla/antrasit-oversize-genis-kesim-sal-yaka-kase-kaban-twoaw24kb00143-p-717277055/yorumlar,Oversize,Astarlı,Polyester,Kaşe,,Dokuma,Gri,Şal Yaka,Düz,Astarlı,Düz,,,Regular,Kruvaze,Casual/Günlük,,,Düşük Kol,Ek Özellik Mevcut Değil,Dolgusuz,Smart/Office,Kruvaze,,,,Hayır,Kaşe,Tekli,Tüm Yaş Grupları,100% Polyester
101,46757886,117761,4.0,,/trendyolmilla/tas-yunlu-kase-kaban-twoaw21kb0017-p-46757886/yorumlar,Regular,Astarlı,Yünlü,Kaşe,,Dokuma,Gri,Erkek Yaka,Düz,Düğme,Düz,Çift cepli,,Midi,Basic,Casual/Günlük,,Uzun,Reglan Kol,,Dolgusuz,Cool & Comfort,Kruvaze,Baskısız,Dolgusuz,,Hayır,Kaşe,Tekli,Tüm Yaş Grupları,"62% Polyester, ,3% Viskoz, ,3% Pamuk, ,19% Akrilik, ,13% Yün"
102,316616763,130865,4.0,,/trendyolmilla/vizon-oversize-genis-kesim-uzun-yunlu-kase-kaban-twoaw21kb0038-p-316616763/yorumlar,Oversize,Astarlı,Yünlü,Kaşe,Günlük,Dokuma,Kahverengi,Erkek Yaka,Düz,Düğme,Düz,Çift cepli,Orta,Uzun,Basic,Casual/Günlük,Basic,Uzun,Düşük Kol,Ek Özellik Mevcut Değil,Dolgusuz,Smart/Office,Kruvaze,Baskısız,Dolgusuz,Kemersiz,Hayır,Kaşe,Tekli,Tüm Yaş Grupları,"62% Polyester, ,3% Viskoz, ,3% Pamuk, ,19% Akrilik, ,13% Yün"
103,819979681,351,,,,Oversize,,,,,Dokuma,Siyah,Ceket Yaka,Düz,,Düz,,,Uzun,Basic,Casual/Günlük,,,Standart Kol,,,Cool & Comfort,Mono Kapama,,,,,Kaşe,,,"80% Akrilik, ,20% Yün"
104,814605962,1012,,,,Oversize,Astarlı,,,,Örme,Gri,Erkek Yaka,Düz,Astarlı,Düz,,,Uzun,Kruvaze,Casual/Günlük,,,Düşük Kol,,,Cool & Comfort,Kapamasız,,,Kuşaklı,Hayır,Kaşe,,Tüm Yaş Grupları,"61% Polyester, ,36% Pamuk, ,3% Elastan"
105,814604013,538,,,,Oversize,Astarlı,Polyester,,,Dokuma,Mavi,Gömlek Yaka,Düz,Astarlı,Düz,,,Uzun,Kruvaze,Casual/Günlük,,,Düşük Kol,,,Cool & Comfort,Kruvaze,,,,Hayır,Buklet,,Tüm Yaş Grupları,100% Polyester
106,819519259,294,,,,Oversize,Astarlı,,,,Dokuma,Siyah,Erkek Yaka,Düz,Astarlı,,,,Uzun,Basic,Casual/Günlük,,,Düşük Kol,,,Fashion Forward,Mono Kapama,,,Kuşaklı,,Kaşe,,,"38% Akrilik, ,5% Viskoz, ,34% Polyester, ,13% Pamuk, ,10% Yün"
107,778813468,7251,3.8,,/trendyolmilla/siyah-nakis-detayli-uzun-kaban-twoaw24kb00222-p-778813468/yorumlar,Regular,Astarsız,Pamuklu,,,Dokuma,Siyah,Bisiklet Yaka,Nakışlı / İşlemeli,,Düz,,,Uzun,Basic,Casual/Günlük,,Uzun,Standart Kol,,,Fashion Forward,Mono Kapama,,,Kuşaklı,Hayır,Kaşe,Tekli,Tüm Yaş Grupları,100% Pamuk
108,129302199,100218,4.0,,/trendyolmilla/vizon-oversize-genis-kesim-kemerli-uzun-yunlu-kase-kaban-twoaw22kb0015-p-129302199/yorumlar,Oversize,Astarlı,Yünlü,Kaşe,Günlük,Dokuma,Kahverengi,Erkek Yaka,Düz,Kemerli,Düz,Çift cepli,,Uzun,Kruvaze,Casual/Günlük,Basic,Uzun,Düşük Kol,,Dolgusuz,Cool & Comfort,Mono Kapama,Baskısız,Dolgusuz,Kemerli,Hayır,Kaşe,Tekli,Tüm Yaş Grupları,"80% Akrilik, ,20% Yün"
109,721922784,13361,4.3,,/trendyolmilla/bej-oversize-genis-kesim-kase-kaban-twoaw24kb00132-p-721922784/yorumlar,Oversize,Astarlı,Polyester,Kaşe,,Dokuma,Bej,Erkek Yaka,Düz,Astarlı,Düz,,,Midi,Kruvaze,Casual/Günlük,,,Düşük Kol,Ek Özellik Mevcut Değil,Dolgusuz,Cool & Comfort,Kruvaze,,,,Hayır,Kaşe,Tekli,Tüm Yaş Grupları,100% Polyester
110,243930499,23008,4.0,,/trendyolmilla/siyah-dugme-kapamali-kase-kaban-twoaw23kb00029-p-243930499/yorumlar,Regular,Astarlı,,,,Dokuma,Siyah,Erkek Yaka,Düz,,Düz,Çift cepli,,Midi,Basic,Casual/Günlük,,Uzun,Standart Kol,,Dolgusuz,Cool & Comfort,Kruvaze,Baskısız,Dolgusuz,,,Kaşe,,,"40% Akrilik, ,9% Yün, ,6% Diğer Elyaflar, ,30% Polyester, ,15% Pamuk"
111,243933955,31019,3.7,,/trendyolmilla/vizon-oversize-genis-kesim-kase-kaban-twoaw23kb00056-p-243933955/yorumlar,Oversize,Astarlı,Pamuk Polyester,Kaşe,,Dokuma,Bej,Erkek Yaka,Düz,Astarlı,Düz,Çift cepli,,Midi,Basic,Casual/Günlük,,Uzun,Düşük Kol,Ek Özellik Mevcut Değil,Dolgusuz,Cool & Comfort,Kruvaze,Baskısız,Dolgusuz,Kemersiz,Hayır,Kaşe,Tekli,Tüm Yaş Grupları,"40% Pamuk, 40% Akrilik, 20% Polyester"
112,650145376,20948,4.3,,/trendyolmilla/mavi-oversize-genis-kesim-uzun-yunlu-kase-kaban-twoaw21kb0038-p-650145376/yorumlar,Oversize,Astarlı,Yünlü,Kaşe,Günlük,Dokuma,Mavi,Erkek Yaka,Düz,Düğme,Düz,Çift cepli,Orta,Uzun,Basic,Casual/Günlük,Basic,Uzun,Düşük Kol,Ek Özellik Mevcut Değil,Dolgusuz,Smart/Office,Kruvaze,Baskısız,Dolgusuz,Kemersiz,Hayır,Kaşe,Tekli,Tüm Yaş Grupları,"62% Polyester, ,3% Viskoz, ,3% Pamuk, ,19% Akrilik, ,13% Yün"
113,243927073,7871,4.1,,/trendyolmilla/siyah-kusakli-genis-kesim-oversize-baglama-detayli-kase-kaban-twoaw23kb00034-p-243927073/yorumlar,Regular,Astarlı,Pamuk Polyester,Kaşe,,Dokuma,Siyah,Ceket Yaka,Düz,Astarlı,Düz,Çift cepli,,Uzun,Parka,Casual/Günlük,,Uzun,Standart Kol,Ek Özellik Mevcut Değil,Dolgusuz,Cool & Comfort,Düğmeli,Baskısız,Dolgusuz,Kuşaklı,Hayır,Kaşe,Tekli,Tüm Yaş Grupları,100% Polyester
114,828046951,1735,,,,Regular,,,,,Örme,Bej,Erkek Yaka,Düz,,,,,Standart,Kruvaze,Casual/Günlük,,,Düşük Kol,,,Cool & Comfort,Mono Kapama,,,,,Kaşe,,,"61% Polyester, ,36% Pamuk, ,3% Elastan"
115,818381770,301,,,,Oversize,Astarlı,,,,Örme,Ekru,Erkek Yaka,Düz,Cep,Düz,,,Uzun,Kruvaze,Casual/Günlük,,,Düşük Kol,,,Cool & Comfort,Kapamasız,,,,Hayır,Kaşe,,Tüm Yaş Grupları,"61% Polyester, ,36% Pamuk, ,3% Elastan"
116,814605640,433,,,,Oversize,Astarlı,,,,Örme,Gri,Erkek Yaka,Düz,Astarlı,Düz,,,Uzun,Kruvaze,Casual/Günlük,,,Düşük Kol,,,Cool & Comfort,Kapamasız,,,Kuşaklı,Hayır,Kaşe,,Tüm Yaş Grupları,"61% Polyester, ,36% Pamuk, ,3% Elastan"
117,798080168,1217,,,,Regular,Astarsız,Triko,,,Triko,Kahverengi,Dik Yaka,Düz,,Düz,,,Uzun,Basic,Casual/Günlük,,,Standart Kol,,,Fashion Forward,Mono Kapama,,,,Hayır,Triko görünümlü,Tekli,Tüm Yaş Grupları,"73% Akrilik, ,27% Polyester"
118,745134711,33142,4.5,,/trendyolmilla/antrasit-oversize-midi-kaban-twoaw24kb00204-p-745134711/yorumlar,Oversize,Astarlı,,,,Dokuma,Gri,Erkek Yaka,Düz,Astarlı,Düz,,,Standart,Kruvaze,Casual/Günlük,,,Standart Kol,,Dolgusuz,Cool & Comfort,Kruvaze,,,,Hayır,Kaşe,Tekli,Tüm Yaş Grupları,"46% Akrilik, ,6% Viskoz, ,35% Polyester, ,13% Pamuk"
119,717274131,14970,4.3,,/trendyolmilla/mint-oversize-genis-kesim-kase-kaban-twoaw24kb00142-p-717274131/yorumlar,Oversize,Astarlı,Polyester,Kaşe,,Dokuma,Yeşil,Erkek Yaka,Düz,Astarlı,Düz,,,Regular,Kruvaze,Casual/Günlük,,,Düşük Kol,Ek Özellik Mevcut Değil,Dolgusuz,Smart/Office,Kruvaze,,,,Hayır,Kaşe,Tekli,Tüm Yaş Grupları,100% Polyester
120,696122347,10536,4.3,,/trendyolmilla/siyah-mono-kapamali-yunlu-kase-kaban-twoaw24kb00084-p-696122347/yorumlar,Regular,Astarlı,,Kaşe,,Dokuma,Siyah,Erkek Yaka,Düz,Astarlı,Düz,,,Midi,Kruvaze,Casual/Günlük,,,Standart Kol,Ek Özellik Mevcut Değil,Dolgusuz,Cool & Comfort,Mono Kapama,,,,Hayır,Kaşe,Tekli,Tüm Yaş Grupları,"46% Polyester, ,9% Viskoz, ,4% Poliamid, ,4% Akrilik, ,37% Pamuk"
121,692092480,7818,4.1,,/trendyolmilla/ekru-oversize-genis-kesim-uzun-kase-kaban-twoaw24kb00099-p-692092480/yorumlar,Oversize,Astarlı,Polyester,Kaşe,,Örme,Ekru,Erkek Yaka,Düz,Astarlı,Düz,,,Uzun,Kruvaze,Casual/Günlük,,Uzun,Düşük Kol,Ek Özellik Mevcut Değil,Dolgusuz,Cool & Comfort,Kruvaze,,,,Hayır,Kaşe,Tekli,Tüm Yaş Grupları,100% Polyester
122,333545669,20871,4.3,,/trendyolmilla/fusya-oversize-genis-kesim-uzun-yunlu-kase-kaban-twoaw21kb0038-p-333545669/yorumlar,Oversize,Astarlı,Yünlü,Kaşe,Günlük,Dokuma,Pembe,Erkek Yaka,Düz,Düğme,Düz,Çift cepli,Orta,Uzun,Basic,Casual/Günlük,Basic,Uzun,Düşük Kol,Ek Özellik Mevcut Değil,Dolgusuz,Smart/Office,Kruvaze,Baskısız,Dolgusuz,Kemersiz,Hayır,Kaşe,Tekli,Tüm Yaş Grupları,"62% Polyester, ,3% Viskoz, ,3% Pamuk, ,19% Akrilik, ,13% Yün"
123,273350717,36841,4.3,,/trendyolmilla/siyah-baliksirti-desenli-uzun-kase-kaban-twoaw23kb00149-p-273350717/yorumlar,Regular,Astarlı,Yünlü,Kaşe,,Dokuma,Siyah,Erkek Yaka,Balık sırtı,Astarlı,Düz,Çift cepli,,Uzun,Kruvaze,Casual/Günlük,,Uzun,Standart Kol,Ek Özellik Mevcut Değil,Dolgusuz,Smart/Office,Kruvaze,Baskısız,Dolgusuz,Kemersiz,Hayır,Balıksırtı,Tekli,Tüm Yaş Grupları,100% Polyester
124,273350700,14352,4.1,,/trendyolmilla/kahverengi-baliksirti-desenli-uzun-kase-kaban-twoaw23kb00149-p-273350700/yorumlar,Regular,Astarlı,Yünlü,Kaşe,,Dokuma,Kahverengi,Erkek Yaka,Balık sırtı,Astarlı,Düz,Çift cepli,,Uzun,Kruvaze,Casual/Günlük,,Uzun,Standart Kol,Ek Özellik Mevcut Değil,Dolgusuz,Smart/Office,Kruvaze,Baskısız,Dolgusuz,Kemersiz,Hayır,Balıksırtı,Tekli,Tüm Yaş Grupları,100% Polyester
125,243935308,34257,4.0,,/trendyolmilla/siyah-fitted-kusakli-gold-dugmeli-uzun-yunlu-kase-kaban-twoaw23kb00018-p-243935308/yorumlar,Fitted,Astarlı,Yünlü,Kaşe,,Dokuma,Siyah,Erkek Yaka,Düz,Astarlı,Düz,Çift cepli,,Uzun,Basic,Casual/Günlük,,Uzun,Standart Kol,,Dolgusuz,Cool & Comfort,Düğmeli,Baskısız,Dolgusuz,Kuşaklı,Hayır,Kaşe,Tekli,Tüm Yaş Grupları,"40% Akrilik, ,9% Yün, ,6% Diğer Elyaflar, ,30% Polyester, ,15% Pamuk"
126,129302208,236874,4.2,,/trendyolmilla/siyah-oversize-genis-kesim-kemerli-uzun-yunlu-kase-kaban-twoaw22kb0015-p-129302208/yorumlar,Oversize,Astarlı,Yünlü,Kaşe,Günlük,Dokuma,Siyah,Erkek Yaka,Düz,Kemerli,Düz,Çift cepli,,Uzun,Kruvaze,Casual/Günlük,Basic,Uzun,Düşük Kol,,Dolgusuz,Cool & Comfort,Mono Kapama,Baskısız,Dolgusuz,Kemerli,Hayır,Kaşe,Tekli,Tüm Yaş Grupları,"80% Akrilik, ,20% Yün"
