,ID,FAVORITE_COUNT,RATING_DETAIL,DELIVERY_DATE,PROFF_LINK,Kalıp,Renk,Kumaş Tipi,Boy,Ortam,Desen,Yaka Tipi,Kol Boyu,Kol Tipi,Dokuma Tipi,Persona,Astar Durumu,Materyal Bileşeni,Sürdürülebilirlik Detayı,Yaş,Siluet,Materyal,Kemer/Kuşak Durumu,Ek Özellik,Paket İçeriği,Koleksiyon,Ürün Detayı
0,338765835,608532,4.5,,/trendyolmilla/vizon-regular-astarli-dokuma-blazer-ceket-twoaw23bc00132-p-338765835/yorumlar,Regular,Kahverengi,Dokuma,Regular,Business,Düz,Ceket Yaka,Uzun,Standart Kol,Poliviskon,Smart,Astarlı,"81% Polyester, ,6% Elastan, ,13% Modal",,,,,,,,,
1,746344742,183227,4.0,,/trendyolmilla/siyah-dokuma-ekstra-oversize-blazer-ceket-twoaw24bc00107-p-746344742/yorumlar,Oversize,Siyah,Dokuma,Regular,Business,Düz,Ceket Yaka,Uzun,Standart Kol,Finike,Smart/Office,,"86% Polyester, ,14% Elastan",,,,,,,,,
2,342702116,158752,4.4,,/trendyolmilla/siyah-regular-astarli-kruvaze-kapama-dokuma-blazer-ceket-twoss20ce0059-p-342702116/yorumlar,Regular,Siyah,Dokuma,Regular,Business,Düz,Ceket Yaka,Uzun,Standart Kol,Finike,Smart,Astarlı,"86% Polyester, ,14% Elastan",,,,,,,,,
3,796379223,30984,4.4,,/trendyolmilla/tas-baglama-detayli-poliviskon-limited-edition-blazer-ceket-twoss24bc00037-p-796379223/yorumlar,Oversize,Bej,Dokuma,Uzun,Business,Düz,Kruvaze,Uzun,Standart Kol,Poliviskon,Fashion Forward,,"81% Polyester, ,6% Elastan, ,13% Modal",Hayır,Tüm Yaş Grupları,Kruvaze,,,,,,
4,55321629,125245,4.4,,/trendyolmilla/gri-regular-astar-detayli-dokuma-blazer-ceket-twoaw20ce0316-p-55321629/yorumlar,Regular,Gri,Dokuma,Regular,Business,Düz,Ceket Yaka,Uzun,Standart Kol,Finike,Smart/Office,Astarlı,"86% Polyester, ,14% Elastan",,,,,,,,,
5,50310610,176861,4.3,,/trendyolmilla/siyah-regular-astarli-dugmeli-dokuma-blazer-ceket-twoaw21ce0272-p-50310610/yorumlar,Regular,Siyah,Dokuma,Regular,Business,Düz,Ceket Yaka,Uzun,Standart Kol,Finike,Smart/Office,Astarlı,"95% Polyester, ,5% Elastan",Hayır,Tüm Yaş Grupları,Blazer,Polyester,,,,,
6,744586240,28610,4.5,,/trendyolmilla/siyah-limited-edition-fitted-astarli-dokuma-blazer-ceket-twoaw24bc00096-p-744586240/yorumlar,Regular,Siyah,Dokuma,Regular,Business,Düz,Ceket Yaka,Uzun,Standart Kol,Poliviskon,Smart/Office,Astarlı,"87% Polyester, ,13% Elastan",,Tüm Yaş Grupları,,,,,,,
7,136141690,302870,4.5,,/trendyolmilla/siyah-crop-astarli-dokuma-blazer-ceket-twoaw22ce0086-p-136141690/yorumlar,Regular,Siyah,Dokuma,Crop,Casual/Günlük,Düz,Ceket Yaka,Uzun,Standart Kol,Finike,Fashion Forward,Astarlı,"88% Polyester, ,12% Elastan",Hayır,Tüm Yaş Grupları,Crop,,Kemersiz,,,,
8,738090586,23727,4.2,,/trendyolmilla/siyah-fitted-astarli-dokuma-blazer-ceket-twoaw24bc00047-p-738090586/yorumlar,Fitted,Siyah,Dokuma,Uzun,Şık / gece,Düz,Ceket Yaka,Uzun,Standart Kol,Finike,Fashion Forward,Astarlı,"86% Polyester, ,14% Elastan",Hayır,Tüm Yaş Grupları,Fitted,,,Ek Özellik Mevcut Değil,,,
9,782050579,41796,4.4,,/trendyolmilla/vizon-premium-dokuma-trenckot-blazer-ceket-twoss24bc00010-p-782050579/yorumlar,Regular,Kahverengi,Dokuma,Crop,Business,Düz,Ceket Yaka,Uzun,Standart Kol,Poliviskon,Smart/Office,,"63% Polyester, ,35% Viskoz, ,2% Elastan",Hayır,Tüm Yaş Grupları,Crop,,,,,,
10,781045701,51028,4.0,,/trendyolmilla/bej-kruvaze-kapama-pamuk-keten-dokuma-blazer-ceket-twoss24bc00018-p-781045701/yorumlar,Oversize,Bej,Dokuma,Regular,Casual/Günlük,Düz,Ceket Yaka,Uzun,Standart Kol,Keten görünümlü,Cool & Comfort,,"80% Pamuk, ,20% Keten",Hayır,Tüm Yaş Grupları,Oversize,,,,,,
11,774506814,38762,4.5,,/trendyolmilla/pembe-regular-astarli-dokuma-blazer-ceket-twoaw23bc00132-p-774506814/yorumlar,Regular,Pembe,Dokuma,Regular,Business,Düz,Ceket Yaka,Uzun,Standart Kol,Poliviskon,Smart,Astarlı,"81% Polyester, ,6% Elastan, ,13% Modal",,,,,,,,,
12,137893827,218608,4.2,,/trendyolmilla/acik-haki-oversize-astarli-dugmeli-dokuma-blazer-ceket-twoaw22ce0167-p-137893827/yorumlar,Regular,Lacivert,Dokuma,Regular,Business,Düz,Ceket Yaka,Uzun,Standart Kol,Finike,Smart,Astarlı,"95% Polyester, ,5% Elastan",Hayır,Tüm Yaş Grupları,,Dokuma,,,,,
13,34412115,170779,4.3,,/trendyolmilla/lacivert-oversize-astarli-kruvaze-kapama-dokuma-blazer-ceket-twoss20ce0024-p-34412115/yorumlar,Oversize,Lacivert,Dokuma,Uzun,Business,Düz,Ceket Yaka,Uzun,Standart Kol,Krep,Smart,Astarlı,100% Polyester,Hayır,Tüm Yaş Grupları,Oversize,Polyester,,,,,
14,125895860,90502,4.3,,/trendyolmilla/siyah-regular-astarli-dugmeli-dokuma-blazer-ceket-twoaw22ce0168-p-125895860/yorumlar,Regular,Siyah,Dokuma,Regular,Business,Düz,Ceket Yaka,Uzun,Standart Kol,Finike,Smart,Astarlı,"86% Polyester, ,14% Elastan",Hayır,Tüm Yaş Grupları,Blazer,Polyester,,,,,
15,177282077,323566,4.2,,/trendyolmilla/vizon-oversize-astarli-kruvaze-kapama-dokuma-blazer-ceket-twoss22ce0077-p-177282077/yorumlar,Oversize,Kahverengi,Dokuma,Regular,Casual/Günlük,Düz,Ceket Yaka,Uzun,Standart Kol,Finike,Cool & Comfort,Astarlı,"86% Polyester, ,14% Elastan",Hayır,Tüm Yaş Grupları,Kruvaze,Polyester,,,Tekli,,
16,789861870,6661,4.6,,/trendyolmilla/siyah-basic-crop-oversize-dokuma-blazer-ceket-twoss24bc00032-p-789861870/yorumlar,Regular,Siyah,Dokuma,Crop,Business,Düz,Ceket Yaka,Uzun,Standart Kol,Finike,Smart,,"86% Polyester, 14% Elastan",Hayır,Tüm Yaş Grupları,Crop,,,,,,
17,140882266,103247,4.3,,/trendyolmilla/kirmizi-regular-astarli-kruvaze-kapama-dokuma-blazer-ceket-twoss20ce0059-p-140882266/yorumlar,Regular,Kırmızı,Dokuma,Regular,Business,Düz,Ceket Yaka,Uzun,Standart Kol,Finike,Smart,Astarlı,"86% Polyester, ,14% Elastan",,,,,,,,,
18,774506815,24719,4.4,,/trendyolmilla/mint-regular-astarli-dokuma-blazer-ceket-twoaw23bc00132-p-774506815/yorumlar,Regular,Yeşil,Dokuma,Regular,Business,Düz,Ceket Yaka,Uzun,Standart Kol,Poliviskon,Smart,Astarlı,"81% Polyester, ,6% Elastan, ,13% Modal",,,,,,,,,
19,383926059,91438,4.4,,/trendyolmilla/siyah-dokuma-oversize-suni-deri-blazer-ceket-twoss23bc00049-p-383926059/yorumlar,Oversize,Siyah,Dokuma,Uzun,Casual/Günlük,Düz,Ceket Yaka,Uzun,Düşük Kol,Suni Deri,Smart,Astarlı,100% Polyester,,,,,,,,,
20,77789260,142879,4.5,,/trendyolmilla/yesil-regular-astarli-dokuma-blazer-ceket-twoss21ce0137-p-77789260/yorumlar,Regular,Yeşil,Dokuma,Regular,Business,Düz,Ceket Yaka,Uzun,Standart Kol,Finike,Smart,Astarsız,"95% Polyester, ,5% Elastan",Hayır,Tüm Yaş Grupları,Kruvaze,,,,,,
21,788680135,31616,4.5,,/trendyolmilla/camel-oversize-duz-kesim-basic-kruvaze-dokuma-blazer-ceket-twoss24bc00028-p-788680135/yorumlar,Oversize,Kahverengi,Dokuma,Uzun,Business,Düz,Ceket Yaka,Uzun,Standart Kol,Finike,Cool & Comfort,,"88% Polyester, ,12% Elastan",Hayır,Tüm Yaş Grupları,Oversize,,,,,,
22,88456352,340254,4.4,,/trendyolmilla/siyah-regular-astarli-dokuma-blazer-ceket-twoss21ce0137-p-88456352/yorumlar,Regular,Siyah,Dokuma,Regular,Business,Düz,Ceket Yaka,Uzun,Standart Kol,Finike,Smart,Astarsız,"95% Polyester, ,5% Elastan",Hayır,Tüm Yaş Grupları,Kruvaze,,,,,,
23,782205374,5296,4.6,,/trendyolmilla/siyah-dokuma-bel-detayli-ayarlanabilir-blazer-ceket-twoss24bc00004-p-782205374/yorumlar,Regular,Siyah,Dokuma,Regular,Business,Düz,Ceket Yaka,Uzun,Standart Kol,Finike,Smart/Office,,"85% Polyester, 15% Elastan",Hayır,Tüm Yaş Grupları,,,,,,,
24,805524553,8958,4.0,,/trendyolmilla/vizon-crop-dokuma-blazer-ceket-twoss24bc00040-p-805524553/yorumlar,Slim Fit,Gri,Dokuma,Crop,Casual/Günlük,Düz,Ceket Yaka,Uzun,Standart Kol,Aerobin,Cool & Comfort,,"66% Viskoz, ,19% Poliamid, ,15% Polyester",Hayır,Tüm Yaş Grupları,Crop,,,,,,
25,788690096,31533,3.8,,/trendyolmilla/ekru-oversize-basic-dokuma-blazer-ceket-twoss24bc00029-p-788690096/yorumlar,Oversize,Beyaz,Dokuma,Uzun,Casual/Günlük,Düz,Ceket Yaka,Uzun,Standart Kol,Finike,Cool & Comfort,,"86% Polyester, ,14% Elastan",Hayır,Tüm Yaş Grupları,Oversize,,,,,,
26,383894324,65849,4.6,,/trendyolmilla/lacivert-regular-astar-detayli-dokuma-blazer-ceket-twoaw20ce0316-p-383894324/yorumlar,Regular,Lacivert,Dokuma,Regular,Business,Düz,Ceket Yaka,Uzun,Standart Kol,Finike,Smart/Office,Astarlı,"86% Polyester, ,14% Elastan",,,,,,,,,
27,782564200,13442,3.6,,/trendyolmilla/antrasit-crop-ince-cizgili-poliviskon-dokuma-blazer-ceket-twoss24bc00020-p-782564200/yorumlar,Regular,Gri,Dokuma,Crop,Business,Çizgili,Ceket Yaka,Uzun,Standart Kol,Poliviskon,Smart/Office,,"64% Polyester, 33% Viskoz, 3% Elastan",Hayır,Tüm Yaş Grupları,Crop,,,,,,
28,338921993,228172,4.6,,/trendyolmilla/siyah-regular-astarli-dokuma-cizgili-blazer-ceket-twoaw23bc00135-p-338921993/yorumlar,Regular,Siyah,Dokuma,Regular,Casual/Günlük,Çizgili,Ceket Yaka,Uzun,Standart Kol,Poliviskon,Smart,Astarlı,100% Polyester,Hayır,Tüm Yaş Grupları,,Polyester,,,Tekli,Business,
29,71515425,147644,4.2,,/trendyolmilla/tas-oversize-astarli-kruvaze-kapama-dokuma-blazer-ceket-twoss20ce0024-p-71515425/yorumlar,Oversize,Gri,Dokuma,Uzun,Business,Düz,Ceket Yaka,Uzun,Standart Kol,Krep,Smart,Astarlı,100% Polyester,Hayır,Tüm Yaş Grupları,Oversize,Polyester,,,,,
30,379997677,112264,4.4,,/trendyolmilla/tas-regular-crop-dokuma-cizgili-blazer-ceket-twoss23bc00029-p-379997677/yorumlar,Regular,Gri,Dokuma,Crop,Business,Çizgili,Ceket Yaka,Uzun,Standart Kol,Krep,Smart,Astarlı,"95% Polyester, ,5% Elastan",Hayır,Tüm Yaş Grupları,Crop,Polyester,,,,,
31,788680136,52970,4.2,,/trendyolmilla/tas-oversize-duz-kesim-basic-kruvaze-dokuma-blazer-ceket-twoss24bc00028-p-788680136/yorumlar,Oversize,Bej,Dokuma,Uzun,Business,Düz,Ceket Yaka,Uzun,Standart Kol,Finike,Cool & Comfort,,"88% Polyester, ,12% Elastan",Hayır,Tüm Yaş Grupları,Oversize,,,,,,
32,809122102,19324,3.8,,/trendyolmilla/kahverengi-oversize-duz-kesim-basic-kruvaze-dokuma-blazer-ceket-twoss24bc00028-p-809122102/yorumlar,Oversize,Kahverengi,Dokuma,Uzun,Business,Düz,Ceket Yaka,Uzun,Standart Kol,Finike,Cool & Comfort,,"88% Polyester, ,12% Elastan",Hayır,Tüm Yaş Grupları,Oversize,,,,,,
33,31973300,402071,4.5,,/trendyolmilla/siyah-regular-astar-detayli-dokuma-blazer-ceket-twoaw20ce0316-p-31973300/yorumlar,Regular,Siyah,Dokuma,Regular,Business,Düz,Ceket Yaka,Uzun,Standart Kol,Finike,Smart/Office,Astarlı,"86% Polyester, ,14% Elastan",,,,,,,,,
34,318906877,119379,4.7,,/trendyolmilla/siyah-crop-astarli-kruvaze-kapama-dokuma-blazer-ceket-twoaw23bc00076-p-318906877/yorumlar,Regular,Siyah,Dokuma,Crop,Business,Düz,Ceket Yaka,Uzun,Standart Kol,Finike,Fashion Forward,Astarlı,"86% Polyester, ,14% Elastan",,,,,,,,,
35,77789261,52461,4.5,,/trendyolmilla/acik-mavi-regular-astarli-dokuma-blazer-ceket-twoss21ce0137-p-77789261/yorumlar,Regular,Lacivert,Dokuma,Regular,Business,Düz,Ceket Yaka,Uzun,Standart Kol,Finike,Smart,Astarsız,"95% Polyester, ,5% Elastan",Hayır,Tüm Yaş Grupları,Kruvaze,,,,,,
36,775931737,6575,3.4,,/trendyolmilla/bej-regular-astarli-dugmeli-dokuma-blazer-ceket-twoaw23bc00017-p-775931737/yorumlar,Regular,Bej,Dokuma,Regular,Casual/Günlük,Düz,Ceket Yaka,Uzun,Standart Kol,Poliviskon,Smart,Astarlı,"68% Polyester, ,5% Elastan, ,27% Viskoz",Hayır,Tüm Yaş Grupları,,Polyester,,,Tekli,,
37,789863594,15627,4.4,,/trendyolmilla/tas-oversize-saten-dokuma-blazer-ceket-twoss24bc00033-p-789863594/yorumlar,Oversize,Gri,Dokuma,Uzun,Business,Düz,Ceket Yaka,Uzun,Standart Kol,Saten,Fashion Forward,,100% Polyester,Hayır,Tüm Yaş Grupları,Oversize,Polyester,,,,,
38,704964627,60927,4.3,,/trendyolmilla/siyah-oversize-astarli-dugmeli-dokuma-blazer-ceket-twoaw22ce0167-p-704964627/yorumlar,Regular,Siyah,Dokuma,Regular,Business,Düz,Ceket Yaka,Uzun,Standart Kol,Finike,Smart,Astarlı,"95% Polyester, ,5% Elastan",Hayır,Tüm Yaş Grupları,,Dokuma,,,,,
39,782417649,27973,4.6,,/trendyolmilla/antrasit-kolu-manset-detayli-dokuma-blazer-ceket-twoss24bc00015-p-782417649/yorumlar,Oversize,Gri,Dokuma,Regular,Casual/Günlük,Düz,Ceket Yaka,Uzun,Standart Kol,Poliviskon,Smart,,"64% Polyester, ,34% Viskoz, ,2% Elastan",Hayır,Tüm Yaş Grupları,Oversize,,,,,,
40,782212077,3846,3.8,,/trendyolmilla/gri-dokuma-bel-detayli-ayarlanabilir-blazer-ceket-twoss24bc00004-p-782212077/yorumlar,Regular,Gri,Dokuma,Regular,Business,Düz,Ceket Yaka,Uzun,Standart Kol,Finike,Smart/Office,,"85% Polyester, 15% Elastan",Hayır,Tüm Yaş Grupları,,,,,,,
41,125577748,57811,4.4,,/trendyolmilla/bordo-regular-astarli-dokuma-blazer-ceket-twoss21ce0137-p-125577748/yorumlar,Regular,Bordo,Dokuma,Regular,Business,Düz,Ceket Yaka,Uzun,Standart Kol,Finike,Smart,Astarsız,"95% Polyester, ,5% Elastan",Hayır,Tüm Yaş Grupları,Kruvaze,,,,,,
42,782417940,6312,4.7,,/trendyolmilla/siyah-crop-kisa-kollu-dokuma-blazer-ceket-twoss24bc00014-p-782417940/yorumlar,Oversize,Siyah,Dokuma,Crop,Casual/Günlük,Düz,Ceket Yaka,Kısa,Standart Kol,Finike,Smart,,"86% Polyester, ,14% Elastan",Hayır,Tüm Yaş Grupları,Crop,,,,,,
43,708419235,40187,4.4,,/trendyolmilla/acik-haki-regular-astarli-kruvaze-kapama-dokuma-blazer-ceket-twoss20ce0059-p-708419235/yorumlar,Regular,Lacivert,Dokuma,Regular,Business,Düz,Ceket Yaka,Uzun,Standart Kol,Finike,Smart,Astarlı,"86% Polyester, ,14% Elastan",,,,,,,,,
44,141646627,81704,4.3,,/trendyolmilla/camel-crop-dokuma-astarli-blazer-ceket-twoaw22ce0086-p-141646627/yorumlar,Regular,Kahverengi,Dokuma,Crop,Casual/Günlük,Düz,Ceket Yaka,Uzun,Standart Kol,Finike,Fashion Forward,Astarlı,"88% Polyester, ,12% Elastan",Hayır,Tüm Yaş Grupları,Crop,,Kemersiz,,,,
45,774623862,2062,4.0,,/trendyolmilla/acik-sari-kruvaze-kapama-dokuma-astarli-suni-deri-blazer-ceket-twoaw21ce0156-p-774623862/yorumlar,Regular,Sarı,Dokuma,Regular,Casual/Günlük,Düz,Ceket Yaka,Uzun,Standart Kol,Suni Deri,Smart,Astarsız,100% Poliüretan,Hayır,Tüm Yaş Grupları,Kruvaze,Poliüretan,,Ek Özellik Mevcut Değil,Tekli,,Suni Deri
46,203096143,86843,4.3,,/trendyolmilla/tas-regular-astarli-dokuma-blazer-ceket-twoss22ce0104-p-203096143/yorumlar,Regular,Gri,Dokuma,Regular,Business,Düz,Ceket Yaka,Uzun,Standart Kol,Finike,Smart/Office,Astarlı,"86% Polyester, ,14% Elastan",Hayır,Tüm Yaş Grupları,Blazer,,,,,,
47,379067998,68903,4.5,,/trendyolmilla/koyu-mavi-regular-astar-detayli-dokuma-blazer-ceket-twoaw20ce0316-p-379067998/yorumlar,Regular,Mavi,Dokuma,Regular,Business,Düz,Ceket Yaka,Uzun,Standart Kol,Finike,Smart/Office,Astarlı,"86% Polyester, ,14% Elastan",,,,,,,,,
48,141785636,39115,4.3,,/trendyolmilla/tas-regular-astar-detayli-dokuma-blazer-ceket-twoaw20ce0316-p-141785636/yorumlar,Regular,Gri,Dokuma,Regular,Business,Düz,Ceket Yaka,Uzun,Standart Kol,Finike,Smart/Office,Astarlı,"86% Polyester, ,14% Elastan",,,,,,,,,
49,708468432,13468,4.6,,/trendyolmilla/acik-haki-oversize-astarli-dokuma-blazer-ceket-twoss22ce0077-p-708468432/yorumlar,Oversize,Lacivert,Dokuma,Regular,Casual/Günlük,Düz,Ceket Yaka,Uzun,Standart Kol,Finike,Cool & Comfort,Astarlı,"86% Polyester, ,14% Elastan",Hayır,Tüm Yaş Grupları,Kruvaze,Polyester,,,Tekli,,
50,304177383,164597,4.4,,/trendyolmilla/acik-haki-regular-astarli-kruvaze-kapama-dokuma-blazer-ceket-twoaw21ce0264-p-304177383/yorumlar,Regular,Lacivert,Dokuma,Regular,Casual/Günlük,Düz,Ceket Yaka,Uzun,Standart Kol,Finike,Smart,Astarlı,"95% Polyester, ,5% Elastan",Hayır,Tüm Yaş Grupları,Blazer,,,,,,
51,774506595,11562,4.5,,/trendyolmilla/acik-mavi-regular-astar-detayli-dokuma-blazer-ceket-twoaw20ce0316-p-774506595/yorumlar,Regular,Lacivert,Dokuma,Regular,Business,Düz,Ceket Yaka,Uzun,Standart Kol,Finike,Smart/Office,Astarlı,"86% Polyester, ,14% Elastan",,,,,,,,,
52,52199861,92549,4.6,,/trendyolmilla/siyah-kusakli-regular-astarli-kruvaze-kapama-dokuma-blazer-ceket-twoaw21ce0320-p-52199861/yorumlar,Regular,Siyah,Dokuma,Regular,Business,Düz,Ceket Yaka,Uzun,Standart Kol,Finike,Smart,Astarlı,"86% Polyester, ,14% Elastan",Hayır,Tüm Yaş Grupları,Kruvaze,Polyester,,Ek Özellik Mevcut Değil,,,
53,379118079,36386,4.4,,/trendyolmilla/lacivert-oversize-astarli-dokuma-blazer-ceket-twoss22ce0077-p-379118079/yorumlar,Oversize,Lacivert,Dokuma,Regular,Casual/Günlük,Düz,Ceket Yaka,Uzun,Standart Kol,Finike,Cool & Comfort,Astarlı,"86% Polyester, ,14% Elastan",Hayır,Tüm Yaş Grupları,Kruvaze,Polyester,,,Tekli,,
54,195050324,70272,4.5,,/trendyolmilla/pembe-regular-astarli-dokuma-blazer-ceket-twoss21ce0137-p-195050324/yorumlar,Regular,Mor,Dokuma,Regular,Business,Düz,Ceket Yaka,Uzun,Standart Kol,Finike,Smart,Astarsız,"95% Polyester, ,5% Elastan",Hayır,Tüm Yaş Grupları,Kruvaze,,,,,,
55,193753250,93589,4.5,,/trendyolmilla/indigo-regular-astarli-kruvaze-kapama-dokuma-blazer-ceket-twoaw21ce0264-p-193753250/yorumlar,Regular,Lacivert,Dokuma,Regular,Casual/Günlük,Düz,Ceket Yaka,Uzun,Standart Kol,Finike,Smart,Astarlı,"95% Polyester, ,5% Elastan",Hayır,Tüm Yaş Grupları,Blazer,,,,,,
56,34412116,126847,4.3,,/trendyolmilla/kirmizi-oversize-dokuma-astarli-kruvaze-kapama-dugme-detayli-ceket-twoss20ce0024-p-34412116/yorumlar,Oversize,Kırmızı,Dokuma,Uzun,Business,Düz,Ceket Yaka,Uzun,Standart Kol,Krep,Smart,Astarlı,100% Polyester,Hayır,Tüm Yaş Grupları,Oversize,Polyester,,,,,
57,69555254,158460,4.5,,/trendyolmilla/haki-regular-astarli-kruvaze-kapama-dokuma-blazer-ceket-twoss21ce0029-p-69555254/yorumlar,Regular,Haki,Dokuma,Regular,Business,Düz,Ceket Yaka,Uzun,Standart Kol,Finike,Office,Astarlı,"85% Polyester, ,15% Elastan",Hayır,Tüm Yaş Grupları,Kruvaze,Polyester,,,,,
58,444513178,28819,4.4,,/trendyolmilla/tas-crop-dokuma-blazer-ceket-twoss23bc00101-p-444513178/yorumlar,Regular,Gri,Dokuma,Regular,Şık / gece,Düz,Ceket Yaka,Uzun,Standart Kol,Aerobin,Fashion Forward,Astarsız,"65% Pamuk, ,35% Polyester",Hayır,Tüm Yaş Grupları,Crop,Pamuk Polyester,,,Tekli,,
59,744374858,56379,4.1,,/trendyolmilla/siyah-regular-dokuma-astarli-tas-detayli-blazer-ceket-twoaw24bc00078-p-744374858/yorumlar,Regular,Siyah,Dokuma,Regular,Şık / gece,Düz,Ceket Yaka,Uzun,Standart Kol,Finike,Fashion Forward,Astarlı,"95% Polyester, ,5% Elastan",Hayır,Tüm Yaş Grupları,,,,Ek Özellik Mevcut Değil,,,
60,774509897,2214,4.4,,/trendyolmilla/acik-turuncu-regular-astarli-dugmeli-dokuma-blazer-ceket-twoaw22ce0168-p-774509897/yorumlar,Regular,Lacivert,Dokuma,Regular,Business,Düz,Ceket Yaka,Uzun,Standart Kol,Finike,Smart,Astarlı,"86% Polyester, ,14% Elastan",Hayır,Tüm Yaş Grupları,Blazer,Polyester,,,,,
61,788692636,8459,4.1,,/trendyolmilla/antrasit-poliviskon-zincir-detayli-regular-kalip-dokuma-premium-blazer-ceket-twoss24bc00031-p-788692636/yorumlar,Regular,Siyah,Dokuma,Regular,Casual/Günlük,Düz,Ceket Yaka,Uzun,Standart Kol,Poliviskon,Smart/Office,,"81% Polyester, 13% Modal, 6% Elastan",Hayır,Tüm Yaş Grupları,,,,,,,
62,774506813,20368,4.2,,/trendyolmilla/gri-regular-astarli-dokuma-blazer-ceket-twoaw23bc00132-p-774506813/yorumlar,Regular,Gri,Dokuma,Regular,Business,Düz,Ceket Yaka,Uzun,Standart Kol,Poliviskon,Smart,Astarlı,"81% Polyester, ,6% Elastan, ,13% Modal",,,,,,,,,
63,737577543,57055,4.3,,/trendyolmilla/antrasit-premium-oversize-astarli-dokuma-blazer-ceket-twoaw24bc00046-p-737577543/yorumlar,Regular,Gri,Dokuma,Regular,Business,Düz,Ceket Yaka,Uzun,Standart Kol,Poliviskon,Smart/Office,,"62% Polyester, ,5% Elastan, ,33% Viskoz",Hayır,Tüm Yaş Grupları,,,,,,,
64,782040945,14860,3.5,,/trendyolmilla/siyah-dokuma-blazer-ceket-twoss24bc00017-p-782040945/yorumlar,Regular,Siyah,Dokuma,Regular,Business,Düz,Ceket Yaka,Uzun,Standart Kol,Finike,Smart/Office,,"95% Polyester, ,5% Elastan",Hayır,Tüm Yaş Grupları,,,,,,,
65,729612653,14042,4.2,,/trendyolmilla/lacivert-crop-dokuma-blazer-ceket-twoaw24bc00023-p-729612653/yorumlar,Regular,Lacivert,Dokuma,Crop,Business,Düz,Ceket Yaka,Uzun,Standart Kol,Finike,Smart/Office,,"87% Polyester, ,13% Elastan",Hayır,Tüm Yaş Grupları,Crop,,,Ek Özellik Mevcut Değil,,,
66,773284661,14552,4.3,,/trendyolmilla/beyaz-oversize-astarli-dugmeli-dokuma-blazer-ceket-twoaw22ce0167-p-773284661/yorumlar,Regular,Beyaz,Dokuma,Regular,Business,Düz,Ceket Yaka,Uzun,Standart Kol,Finike,Smart,Astarlı,"95% Polyester, ,5% Elastan",Hayır,Tüm Yaş Grupları,,Dokuma,,,,,
67,774533134,14307,4.7,,/trendyolmilla/mint-regular-astarli-kruvaze-kapama-dokuma-blazer-ceket-twoss20ce0059-p-774533134/yorumlar,Regular,Yeşil,Dokuma,Regular,Business,Düz,Ceket Yaka,Uzun,Standart Kol,Finike,Smart,Astarlı,"86% Polyester, ,14% Elastan",,,,,,,,,
68,789941824,10031,4.3,,/trendyolmilla/lacivert-nakis-detayli-dokuma-regular-blazer-ceket-twoss24bc00027-p-789941824/yorumlar,Oversize,Lacivert,Dokuma,Uzun,Casual/Günlük,Düz,Ceket Yaka,Uzun,Standart Kol,Finike,Cool & Comfort,,"86% Polyester, ,14% Elastan",Hayır,Tüm Yaş Grupları,Oversize,,,,,,
69,773574038,8143,4.6,,/trendyolmilla/nar-cicegi-regular-astarli-kruvaze-kapama-dokuma-blazer-ceket-twoss21ce0137-p-773574038/yorumlar,Regular,Pembe,Dokuma,Regular,Business,Düz,Ceket Yaka,Uzun,Standart Kol,Finike,Smart,Astarsız,"95% Polyester, ,5% Elastan",Hayır,Tüm Yaş Grupları,Kruvaze,,,,,,
70,74506731,59861,4.4,,/trendyolmilla/lacivert-regular-astarli-kruvaze-kapama-dokuma-blazer-ceket-twoss20ce0059-p-74506731/yorumlar,Regular,Lacivert,Dokuma,Regular,Business,Düz,Ceket Yaka,Uzun,Standart Kol,Finike,Smart,Astarlı,"86% Polyester, ,14% Elastan",,,,,,,,,
71,820059421,8570,3.0,,/trendyolmilla/ekru-premium-kalite-kemerli-dokuma-blazer-ceket-twoss24bc00042-p-820059421/yorumlar,Regular,Beyaz,Dokuma,Regular,Business,Düz,Ceket Yaka,Uzun,Standart Kol,Poliviskon,Smart/Office,,"70% Polyester, ,6% Elastan, ,24% Viskoz",Hayır,Tüm Yaş Grupları,,,,,,,
72,305051739,176208,3.4,,/trendyolmilla/gri-regular-astarli-dugmeli-dokuma-blazer-ceket-twoaw23bc00017-p-305051739/yorumlar,Regular,Gri,Dokuma,Regular,Casual/Günlük,Düz,Ceket Yaka,Uzun,Standart Kol,Poliviskon,Smart,Astarlı,"68% Polyester, ,5% Elastan, ,27% Viskoz",Hayır,Tüm Yaş Grupları,,Polyester,,,Tekli,,
73,151847855,36984,4.5,,/trendyolmilla/zumrut-yesili-regular-astarli-baglamali-dokuma-blazer-ceket-twoaw21ce0320-p-151847855/yorumlar,Regular,Yeşil,Dokuma,Regular,Business,Düz,Ceket Yaka,Uzun,Standart Kol,Finike,Smart,Astarlı,"86% Polyester, ,14% Elastan",Hayır,Tüm Yaş Grupları,Kruvaze,Polyester,,Ek Özellik Mevcut Değil,,,
74,379068010,21061,4.7,,/trendyolmilla/turuncu-regular-astar-detayli-dokuma-blazer-ceket-twoaw20ce0316-p-379068010/yorumlar,Regular,Turuncu,Dokuma,Regular,Business,Düz,Ceket Yaka,Uzun,Standart Kol,Finike,Smart/Office,Astarlı,"86% Polyester, ,14% Elastan",,,,,,,,,
75,708419275,21556,4.6,,/trendyolmilla/koyu-mavi-regular-astarli-kruvaze-kapama-dokuma-blazer-ceket-twoss20ce0059-p-708419275/yorumlar,Regular,Mavi,Dokuma,Regular,Business,Düz,Ceket Yaka,Uzun,Standart Kol,Finike,Smart,Astarlı,"86% Polyester, ,14% Elastan",,,,,,,,,
76,774506591,7165,4.7,,/trendyolmilla/nar-cicegi-regular-astar-detayli-dokuma-blazer-ceket-twoaw20ce0316-p-774506591/yorumlar,Regular,Pembe,Dokuma,Regular,Business,Düz,Ceket Yaka,Uzun,Standart Kol,Finike,Smart/Office,Astarlı,"86% Polyester, ,14% Elastan",,,,,,,,,
77,774623722,8123,4.5,,/trendyolmilla/ekru-crop-dokuma-astarli-blazer-ceket-twoaw22ce0086-p-774623722/yorumlar,Regular,Beyaz,Dokuma,Crop,Casual/Günlük,Düz,Ceket Yaka,Uzun,Standart Kol,Finike,Fashion Forward,Astarlı,"88% Polyester, ,12% Elastan",Hayır,Tüm Yaş Grupları,Crop,,Kemersiz,,,,
78,727892480,6148,3.8,,/trendyolmilla/siyah-regular-astarli-dokuma-blazer-ceket-twoaw24bc00014-p-727892480/yorumlar,Regular,Siyah,Dokuma,Regular,Business,Düz,Ceket Yaka,Uzun,Standart Kol,Finike,Smart/Office,Astarlı,"95% Polyester, 5% Elastan",Hayır,Tüm Yaş Grupları,,,,Ek Özellik Mevcut Değil,,,
79,705187573,19920,4.4,,/trendyolmilla/saks-regular-astarli-kruvaze-kapama-dokuma-blazer-ceket-twoss21ce0137-p-705187573/yorumlar,Regular,Lacivert,Dokuma,Regular,Business,Düz,Ceket Yaka,Uzun,Standart Kol,Finike,Smart,Astarsız,"95% Polyester, ,5% Elastan",Hayır,Tüm Yaş Grupları,Kruvaze,,,,,,
80,773140957,19355,4.4,,/trendyolmilla/pembe-regular-astarli-kruvaze-kapama-dokuma-blazer-ceket-twoaw21ce0264-p-773140957/yorumlar,Regular,Pembe,Dokuma,Regular,Casual/Günlük,Düz,Ceket Yaka,Uzun,Standart Kol,Finike,Smart,Astarlı,"95% Polyester, ,5% Elastan",Hayır,Tüm Yaş Grupları,Blazer,,,,,,
81,782194056,28421,4.4,,/trendyolmilla/tas-dokuma-aksesuar-detayli-regular-blazer-ceket-twoss24bc00012-p-782194056/yorumlar,Regular,Bej,Dokuma,Regular,Business,Düz,Ceket Yaka,Uzun,Standart Kol,Finike,Smart/Office,,"86% Polyester, ,14% Elastan",Hayır,Tüm Yaş Grupları,,,,,,,
82,341077439,54815,4.4,,/trendyolmilla/fusya-regular-astarli-kruvaze-kapama-dokuma-blazer-ceket-twoss20ce0059-p-341077439/yorumlar,Regular,Pembe,Dokuma,Regular,Business,Düz,Ceket Yaka,Uzun,Standart Kol,Finike,Smart,Astarlı,"86% Polyester, ,14% Elastan",,,,,,,,,
83,85767270,113938,4.2,,/trendyolmilla/bej-regular-astarli-kruvaze-kapama-dokuma-blazer-ceket-twoss21ce0107-p-85767270/yorumlar,Regular,Bej,Dokuma,Regular,Business,Düz,Ceket Yaka,Uzun,Standart Kol,Finike,Smart,Astarlı,"95% Polyester, ,5% Elastan",Hayır,Tüm Yaş Grupları,Kruvaze,Polyester,,,,,
84,195050239,152524,4.3,,/trendyolmilla/tas-regular-astarli-dokuma-blazer-ceket-twoss21ce0137-p-195050239/yorumlar,Regular,Gri,Dokuma,Regular,Business,Düz,Ceket Yaka,Uzun,Standart Kol,Finike,Smart,Astarsız,"95% Polyester, ,5% Elastan",Hayır,Tüm Yaş Grupları,Kruvaze,,,,,,
85,704346450,14091,4.4,,/trendyolmilla/gri-crop-astarli-dokuma-blazer-ceket-twoaw22ce0086-p-704346450/yorumlar,Regular,Gri,Dokuma,Crop,Casual/Günlük,Düz,Ceket Yaka,Uzun,Standart Kol,Finike,Fashion Forward,Astarlı,"88% Polyester, ,12% Elastan",Hayır,Tüm Yaş Grupları,Crop,,Kemersiz,,,,
86,787834367,8515,3.6,,/trendyolmilla/lacivert-cep-detayli-crop-dokuma-blazer-ceket-twoss24bc00035-p-787834367/yorumlar,Regular,Lacivert,Dokuma,Crop,Casual/Günlük,Düz,Ceket Yaka,Uzun,Standart Kol,Paraşüt,Fashion Forward,,100% Polyester,Hayır,Tüm Yaş Grupları,Crop,Polyester,,,,,
87,773574064,9889,4.5,,/trendyolmilla/acik-kahverengi-regular-astarli-kruvaze-kapama-dokuma-blazer-ceket-twoss21ce0137-p-773574064/yorumlar,Regular,Lacivert,Dokuma,Regular,Business,Düz,Ceket Yaka,Uzun,Standart Kol,Finike,Smart,Astarsız,"95% Polyester, ,5% Elastan",Hayır,Tüm Yaş Grupları,Kruvaze,,,,,,
88,743273233,15902,4.7,,/trendyolmilla/koyu-mor-regular-astar-detayli-dokuma-blazer-ceket-twoaw20ce0316-p-743273233/yorumlar,Regular,Mor,Dokuma,Regular,Business,Düz,Ceket Yaka,Uzun,Standart Kol,Finike,Smart/Office,Astarlı,"86% Polyester, ,14% Elastan",,,,,,,,,
89,774623861,7341,4.7,,/trendyolmilla/mint-kruvaze-kapama-dokuma-astarli-suni-deri-blazer-ceket-twoaw21ce0156-p-774623861/yorumlar,Regular,Yeşil,Dokuma,Regular,Casual/Günlük,Düz,Ceket Yaka,Uzun,Standart Kol,Suni Deri,Smart,Astarsız,100% Poliüretan,Hayır,Tüm Yaş Grupları,Kruvaze,Poliüretan,,Ek Özellik Mevcut Değil,Tekli,,Suni Deri
90,140533743,57257,4.2,,/trendyolmilla/bej-regular-astarli-kruvaze-kapama-dokuma-blazer-ceket-twoaw21ce0264-p-140533743/yorumlar,Regular,Bej,Dokuma,Regular,Casual/Günlük,Düz,Ceket Yaka,Uzun,Standart Kol,Finike,Smart,Astarlı,"95% Polyester, ,5% Elastan",Hayır,Tüm Yaş Grupları,Blazer,,,,,,
91,141683647,32375,4.3,,/trendyolmilla/kahverengi-regular-astarli-dugmeli-dokuma-ceket-twoaw22ce0622-p-141683647/yorumlar,Regular,Kahverengi,Dokuma,Regular,Business,Balık sırtı,Ceket Yaka,Uzun,Standart Kol,Kaşe,Smart/Office,,"91% Akrilik, ,9% Yün",Hayır,Tüm Yaş Grupları,Regular,,,,,,
92,42725350,100264,4.2,,/trendyolmilla/gri-oversize-astarli-kruvaze-kapama-dokuma-blazer-ceket-twoaw20ce0130-p-42725350/yorumlar,Oversize,Gri,Dokuma,Regular,Business,Düz,Kruvaze,Uzun,Standart Kol,Finike,Smart,Astarlı,"86% Polyester, ,14% Elastan",Hayır,Tüm Yaş Grupları,Oversize,Dokuma,,,,,
93,774489164,11185,4.5,,/trendyolmilla/mavi-regular-astarli-dokuma-blazer-ceket-twoss22ce0104-p-774489164/yorumlar,Regular,Mavi,Dokuma,Regular,Business,Düz,Ceket Yaka,Uzun,Standart Kol,Finike,Smart/Office,Astarlı,"86% Polyester, ,14% Elastan",Hayır,Tüm Yaş Grupları,Blazer,,,,,,
94,738091158,16257,4.9,,/trendyolmilla/gri-premium-yun-gorunumlu-regular-astarli-dokuma-ekose-blazer-ceket-twoaw24bc00048-p-738091158/yorumlar,Regular,Gri,Dokuma,Regular,Casual/Günlük,Ekose / Kareli,Ceket Yaka,Uzun,Standart Kol,Kaşe,Cool & Comfort,Astarlı,"46% Polyester, ,3% Poliamid, ,29% Pamuk, ,12% Viskoz, ,10% Akrilik",Hayır,,,,,Ek Özellik Mevcut Değil,,,
95,773660419,11227,4.3,,/trendyolmilla/ekru-regular-crop-cizgili-dokuma-blazer-ceket-twoss23bc00029-p-773660419/yorumlar,Regular,Ekru,Dokuma,Crop,Business,Çizgili,Ceket Yaka,Uzun,Standart Kol,Krep,Smart,Astarlı,"95% Polyester, ,5% Elastan",Hayır,Tüm Yaş Grupları,Crop,Polyester,,,,,
96,43534644,118763,4.4,,/trendyolmilla/camel-regular-astar-detayli-dokuma-blazer-ceket-twoaw20ce0316-p-43534644/yorumlar,Regular,Kahverengi,Dokuma,Regular,Business,Düz,Ceket Yaka,Uzun,Standart Kol,Finike,Smart/Office,Astarlı,"86% Polyester, ,14% Elastan",,,,,,,,,
97,782194057,12647,4.7,,/trendyolmilla/siyah-dokuma-aksesuar-detayli-regular-blazer-ceket-twoss24bc00012-p-782194057/yorumlar,Regular,Siyah,Dokuma,Regular,Business,Düz,Ceket Yaka,Uzun,Standart Kol,Finike,Smart/Office,,"86% Polyester, ,14% Elastan",Hayır,Tüm Yaş Grupları,,,,,,,
98,774489166,13337,4.3,,/trendyolmilla/vizon-regular-astarli-dokuma-blazer-ceket-twoss22ce0104-p-774489166/yorumlar,Regular,Gri,Dokuma,Regular,Business,Düz,Ceket Yaka,Uzun,Standart Kol,Finike,Smart/Office,Astarlı,"86% Polyester, ,14% Elastan",Hayır,Tüm Yaş Grupları,Blazer,,,,,,
99,781034479,25622,4.5,,/trendyolmilla/bej-cizgili-kruvaze-kapama-pamuk-keten-dokuma-blazer-ceket-twoss24bc00016-p-781034479/yorumlar,Oversize,Bej,Dokuma,Regular,Casual/Günlük,Çizgili,Ceket Yaka,Uzun,Standart Kol,Keten görünümlü,Cool & Comfort,,"51% Polyester, 44% Pamuk, 3% Viskoz, 2% Poliamid",Hayır,Tüm Yaş Grupları,Oversize,,,,,,
100,774534736,14651,4.2,,/trendyolmilla/acik-mor-regular-astarli-kruvaze-kapama-dokuma-blazer-ceket-twoss20ce0059-p-774534736/yorumlar,Regular,Lacivert,Dokuma,Regular,Business,Düz,Ceket Yaka,Uzun,Standart Kol,Finike,Smart,Astarlı,"86% Polyester, ,14% Elastan",,,,,,,,,
101,151875079,20867,4.3,,/trendyolmilla/yesil-regular-astarli-kruvaze-kapama-dokuma-blazer-ceket-twoss20ce0059-p-151875079/yorumlar,Regular,Yeşil,Dokuma,Regular,Business,Düz,Ceket Yaka,Uzun,Standart Kol,Finike,Smart,Astarlı,"86% Polyester, ,14% Elastan",,,,,,,,,
102,830481977,,,,,Regular,Kahverengi,Dokuma,Regular,Casual/Günlük,Düz,Ceket Yaka,Uzun,Standart Kol,Finike,Smart,Astarlı,"95% Polyester, ,5% Elastan",Hayır,Tüm Yaş Grupları,Blazer,,,,,,
103,383953754,24590,4.3,,/trendyolmilla/gri-oversize-astarli-dokuma-blazer-ceket-twoss23bc00067-p-383953754/yorumlar,Oversize,Gri,Dokuma,Uzun,Business,Düz,Ceket Yaka,Uzun,Standart Kol,Finike,Smart,Astarlı,"86% Polyester, ,14% Elastan",,,,,,,,,
104,283925512,26387,4.6,,/trendyolmilla/siyah-crop-astarli-dokuma-blazer-ceket-twoaw23ce00051-p-283925512/yorumlar,Regular,Siyah,Dokuma,Crop,Business,Düz,Ceket Yaka,Uzun,Standart Kol,Finike,Fashion Forward,Astarlı,"86% Polyester, ,14% Elastan",Hayır,Tüm Yaş Grupları,Crop,Polyester,Kemersiz,Ek Özellik Mevcut Değil,Tekli,,
105,371774799,24897,4.6,,/trendyolmilla/acik-kahverengi-regular-astarli-kruvaze-kapama-dugme-detayli-dokuma-blazer-ceket-twoaw21ce0264-p-371774799/yorumlar,Regular,Lacivert,Dokuma,Regular,Casual/Günlük,Düz,Ceket Yaka,Uzun,Standart Kol,Finike,Smart,Astarlı,"95% Polyester, ,5% Elastan",Hayır,Tüm Yaş Grupları,Blazer,,,,,,
106,774506596,11433,4.5,,/trendyolmilla/koyu-bej-regular-astar-detayli-dokuma-blazer-ceket-twoaw20ce0316-p-774506596/yorumlar,Regular,Bej,Dokuma,Regular,Business,Düz,Ceket Yaka,Uzun,Standart Kol,Finike,Smart/Office,Astarlı,"86% Polyester, ,14% Elastan",,,,,,,,,
107,738395083,7799,4.6,,/trendyolmilla/antrasit-premium-regular-astarli-dokuma-blazer-ceket-twoaw24bc00052-p-738395083/yorumlar,Regular,Gri,Dokuma,Regular,Şık / gece,Düz,Ceket Yaka,Uzun,Standart Kol,Poliviskon,Fashion Forward,Astarlı,"64% Polyester, ,4% Elastan, ,32% Viskoz",Hayır,Tüm Yaş Grupları,,,,Ek Özellik Mevcut Değil,,,
108,741799973,8259,4.4,,/trendyolmilla/haki-oversize-astarli-dokuma-blazer-ceket-twoaw24bc00070-p-741799973/yorumlar,Regular,Haki,Dokuma,Regular,Business,Düz,Ceket Yaka,Uzun,Standart Kol,Finike,Smart/Office,,"86% Polyester, ,14% Elastan",,,,,,,,,
109,131070430,48655,4.2,,/trendyolmilla/siyah-regular-astarli-dugmeli-dokuma-blazer-ceket-twoaw22ce0046-p-131070430/yorumlar,Regular,Siyah,Dokuma,Regular,Casual/Günlük,Düz,Ceket Yaka,Uzun,Standart Kol,Finike,Office,Astarlı,"95% Polyester, ,5% Elastan",Hayır,Tüm Yaş Grupları,Blazer,Polyester,,,,,
110,806508266,2421,3.8,,/trendyolmilla/bej-bolero-detayli-dokuma-blazer-ceket-twoss24bc00019-p-806508266/yorumlar,Fitted,Bej,Dokuma,Regular,Business,Düz,Ceket Yaka,Uzun,Standart Kol,Finike,Smart/Office,,"88% Polyester, 12% Elastan",Hayır,Tüm Yaş Grupları,Fitted,,,,,,
111,186441842,59014,4.5,,/trendyolmilla/siyah-dugmeli-ekose-dokuma-blazer-ceket-twoss22ce0088-p-186441842/yorumlar,Regular,Siyah,Dokuma,Regular,Business,Ekose / Kareli,Ceket Yaka,Uzun,Standart Kol,Tüvit,Smart/Office,,"34% Polyester, ,5% Yün, ,5% Poliamid, ,24% Viskoz, ,20% Akrilik, ,12% Pamuk",Hayır,Tüm Yaş Grupları,Blazer,,,,,,
112,379068011,27396,4.7,,/trendyolmilla/yesil-regular-astar-detayli-dokuma-blazer-ceket-twoaw20ce0316-p-379068011/yorumlar,Regular,Yeşil,Dokuma,Regular,Business,Düz,Ceket Yaka,Uzun,Standart Kol,Finike,Smart/Office,Astarlı,"86% Polyester, ,14% Elastan",,,,,,,,,
113,743273109,6544,4.4,,/trendyolmilla/acik-haki-regular-astar-detayli-dokuma-blazer-ceket-twoaw20ce0316-p-743273109/yorumlar,Regular,Lacivert,Dokuma,Regular,Business,Düz,Ceket Yaka,Uzun,Standart Kol,Finike,Smart/Office,Astarlı,"86% Polyester, ,14% Elastan",,,,,,,,,
114,737458427,13950,4.5,,/trendyolmilla/kahverengi-premium-kalite-regular-normal-kalip-astarli-kase-kumas-dokuma-blazer-ceket-twoaw24bc00039-p-737458427/yorumlar,Regular,Kahverengi,Dokuma,Uzun,Casual/Günlük,Ekose / Kareli,Ceket Yaka,Uzun,Standart Kol,Kaşe,Fashion Forward,Astarlı,"45% Pamuk, 44% Polyester, 11% Viskoz",Hayır,Tüm Yaş Grupları,,,,Ek Özellik Mevcut Değil,,,
115,704823181,16031,4.2,,/trendyolmilla/koyu-gri-regular-astarli-kruvaze-kapama-dokuma-blazer-ceket-twoaw21ce0264-p-704823181/yorumlar,Regular,Gri,Dokuma,Regular,Casual/Günlük,Düz,Ceket Yaka,Uzun,Standart Kol,Finike,Smart,Astarlı,"95% Polyester, ,5% Elastan",Hayır,Tüm Yaş Grupları,Blazer,,,,,,
116,316423427,73631,4.7,,/trendyolmilla/siyah-crop-dokuma-astarli-kruvaze-kapama-blazer-ceket-twoaw23bc00100-p-316423427/yorumlar,Regular,Siyah,Dokuma,Regular,Casual/Günlük,Düz,Ceket Yaka,Uzun,Standart Kol,Finike,Smart,Astarlı,"85% Polyester, ,15% Elastan",,,,,,,,,
117,773284665,7475,4.3,,/trendyolmilla/gul-kurusu-oversize-astarli-dugmeli-dokuma-blazer-ceket-twoaw22ce0167-p-773284665/yorumlar,Regular,Pembe,Dokuma,Regular,Business,Düz,Ceket Yaka,Uzun,Standart Kol,Finike,Smart,Astarlı,"95% Polyester, ,5% Elastan",Hayır,Tüm Yaş Grupları,,Dokuma,,,,,
118,771901205,16624,3.6,,/trendyolmilla/beyaz-oversize-astarli-dokuma-blazer-ceket-twoss22ce0077-p-771901205/yorumlar,Oversize,Beyaz,Dokuma,Regular,Casual/Günlük,Düz,Ceket Yaka,Uzun,Standart Kol,Finike,Cool & Comfort,Astarlı,"86% Polyester, ,14% Elastan",Hayır,Tüm Yaş Grupları,Kruvaze,Polyester,,,Tekli,,
119,736127372,16515,4.1,,/trendyolmilla/gri-premium-regular-astarli-dokuma-blazer-ceket-twoaw24bc00033-p-736127372/yorumlar,Regular,Gri,Dokuma,Uzun,Business,Düz,Ceket Yaka,Uzun,Standart Kol,Poliviskon,Smart/Office,Astarlı,"62% Polyester, ,5% Elastan, ,33% Viskoz",Hayır,Tüm Yaş Grupları,,,,Ek Özellik Mevcut Değil,,,
120,705187567,14405,4.2,,/trendyolmilla/fistik-yesil-regular-astarli-kruvaze-kapama-dokuma-blazer-ceket-twoss21ce0137-p-705187567/yorumlar,Regular,Yeşil,Dokuma,Regular,Business,Düz,Ceket Yaka,Uzun,Standart Kol,Finike,Smart,Astarsız,"95% Polyester, ,5% Elastan",Hayır,Tüm Yaş Grupları,Kruvaze,,,,,,
121,830484200,106,,,,Oversize,Kahverengi,Dokuma,Regular,Business,Düz,Kruvaze,Uzun,Standart Kol,Finike,Smart,Astarlı,"86% Polyester, ,14% Elastan",Hayır,Tüm Yaş Grupları,Oversize,Dokuma,,,,,
122,379128253,28935,4.4,,/trendyolmilla/acik-kahverengi-regular-astarli-dokuma-blazer-ceket-twoss21ce0029-p-379128253/yorumlar,Regular,Lacivert,Dokuma,Regular,Business,Düz,Ceket Yaka,Uzun,Standart Kol,Finike,Office,Astarlı,"85% Polyester, ,15% Elastan",Hayır,Tüm Yaş Grupları,Kruvaze,Polyester,,,,,
123,194985460,40434,4.6,,/trendyolmilla/indigo-regular-baglamali-dokuma-blazer-ceket-twoss22ce0175-p-194985460/yorumlar,Regular,Lacivert,Dokuma,Regular,Business,Düz,Ceket Yaka,Uzun,Standart Kol,Finike,Smart,Astarsız,"95% Polyester, ,5% Elastan",Hayır,Tüm Yaş Grupları,Blazer,,,,Tekli,,
124,787835035,5198,4.8,,/trendyolmilla/ekru-premium-kalite-ederli-crop-dokuma-blazer-ceket-twoss24bc00036-p-787835035/yorumlar,Regular,Beyaz,Dokuma,Crop,Casual/Günlük,Düz,Ceket Yaka,Uzun,Standart Kol,Finike,Smart,,"87% Polyester, 13% Elastan",Hayır,Tüm Yaş Grupları,Crop,,,,,,
125,782234121,7633,4.6,,/trendyolmilla/gri-poliviskon-cizgili-crop-premium-dokuma-blazer-ceket-twoss24bc00025-p-782234121/yorumlar,Fitted,Gri,Dokuma,Crop,Casual/Günlük,Düz,Ceket Yaka,Uzun,Standart Kol,Poliviskon,Cool & Comfort,,"62% Polyester, 32% Viskoz, 6% Elastan",Hayır,Tüm Yaş Grupları,Fitted,,,,,,
126,708475373,9465,4.4,,/trendyolmilla/zumrut-yesili-oversize-astarli-kruvaze-kapama-dokuma-blazer-ceket-twoss20ce0024-p-708475373/yorumlar,Oversize,Yeşil,Dokuma,Uzun,Business,Düz,Ceket Yaka,Uzun,Standart Kol,Krep,Smart,Astarlı,100% Polyester,Hayır,Tüm Yaş Grupları,Oversize,Polyester,,,,,
127,782292710,5329,4.2,,/trendyolmilla/camel-kisa-kollu-dokuma-keten-gorunumlu-blazer-ceket-twoss24bc00023-p-782292710/yorumlar,Oversize,Kahverengi,Dokuma,Crop,Casual/Günlük,Düz,Ceket Yaka,Kısa,Standart Kol,Keten görünümlü,Cool & Comfort,,"82% Viskoz, ,18% Poliamid",Hayır,Tüm Yaş Grupları,Crop,,,,,,
128,782292748,6382,4.6,,/trendyolmilla/haki-dokuma-kisa-kollu-keten-gorunumlu-blazer-ceket-twoss24bc00023-p-782292748/yorumlar,Oversize,Haki,Dokuma,Crop,Casual/Günlük,Düz,Ceket Yaka,Kısa,Standart Kol,Keten görünümlü,Cool & Comfort,,"82% Viskoz, ,18% Poliamid",Hayır,Tüm Yaş Grupları,Crop,,,,,,
129,443804230,8925,4.5,,/trendyolmilla/siyah-regular-astarli-dokuma-blazer-ceket-twoss23bc00113-p-443804230/yorumlar,Regular,Siyah,Dokuma,Regular,Business,Düz,Ceket Yaka,Uzun,Standart Kol,Finike,Smart,Astarlı,"87% Polyester, ,13% Elastan",Hayır,Tüm Yaş Grupları,,Polyester,,,Tekli,,
130,830475994,,,,,Regular,Kahverengi,Dokuma,Regular,Casual/Günlük,Düz,Ceket Yaka,Uzun,Standart Kol,Finike,Office,Astarlı,"95% Polyester, ,5% Elastan",Hayır,Tüm Yaş Grupları,Blazer,Polyester,,,,,
131,823655805,5695,3.3,,/edit-by-trendyol/siyah-dokuma-blazer-ceket-tedss24bc00000-p-823655805/yorumlar,Regular,Siyah,Dokuma,Regular,Casual/Günlük,Düz,Ceket Yaka,Uzun,Standart Kol,Finike,Fashion Forward,,"95% Polyester, ,5% Elastan",,,,,,,,,
132,359465857,14381,4.6,,/trendyolmilla/turuncu-crop-astarli-dokuma-blazer-ceket-twoaw22ce0086-p-359465857/yorumlar,Regular,Turuncu,Dokuma,Crop,Casual/Günlük,Düz,Ceket Yaka,Uzun,Standart Kol,Finike,Fashion Forward,Astarlı,"88% Polyester, ,12% Elastan",Hayır,Tüm Yaş Grupları,Crop,,Kemersiz,,,,
133,828805114,375,,,,Regular,Kahverengi,Dokuma,Crop,Business,Çizgili,Ceket Yaka,Uzun,Standart Kol,Krep,Smart,Astarlı,"95% Polyester, ,5% Elastan",Hayır,Tüm Yaş Grupları,Crop,Polyester,,,,,
134,774533098,3640,4.4,,/trendyolmilla/acik-turuncu-regular-astarli-dokuma-kruvaze-kapama-blazer-ceket-twoss20ce0059-p-774533098/yorumlar,Regular,Lacivert,Dokuma,Regular,Business,Düz,Ceket Yaka,Uzun,Standart Kol,Finike,Smart,Astarlı,"86% Polyester, ,14% Elastan",,,,,,,,,
135,708182106,12851,4.4,,/trendyolmilla/tas-regular-astarli-dokuma-blazer-ceket-twoaw21ce0320-p-708182106/yorumlar,Regular,Gri,Dokuma,Regular,Business,Düz,Ceket Yaka,Uzun,Standart Kol,Finike,Smart,Astarlı,"86% Polyester, ,14% Elastan",Hayır,Tüm Yaş Grupları,Kruvaze,Polyester,,Ek Özellik Mevcut Değil,,,
136,744585644,22692,4.8,,/trendyolmilla/gri-limited-edition-crop-dokuma-blazer-ceket-twoaw24bc00090-p-744585644/yorumlar,Fitted,Gri,Dokuma,Crop,Şık / gece,Düz,Ceket Yaka,Uzun,Standart Kol,Poliviskon,Fashion Forward,,"64% Polyester, ,4% Elastan, ,32% Viskoz",,Tüm Yaş Grupları,Fitted,,,,,,
137,304159818,18175,4.5,,/trendyolmilla/siyah-regular-astarli-dugmeli-dokuma-blazer-ceket-twoaw23bc00023-p-304159818/yorumlar,Regular,Siyah,Dokuma,Regular,Business,Düz,Ceket Yaka,Uzun,Standart Kol,Finike,Smart/Office,Astarlı,"85% Polyester, ,15% Elastan",,,,,,,,,
138,774509898,4102,4.5,,/trendyolmilla/mint-regular-astarli-dugmeli-dokuma-blazer-ceket-twoaw22ce0168-p-774509898/yorumlar,Regular,Yeşil,Dokuma,Regular,Business,Düz,Ceket Yaka,Uzun,Standart Kol,Finike,Smart,Astarlı,"86% Polyester, ,14% Elastan",Hayır,Tüm Yaş Grupları,Blazer,Polyester,,,,,
139,144427789,35160,4.3,,/trendyolmilla/ekru-tuvit-oversize-dokuma-ekose-blazer-ceket-twoaw21ce0105-p-144427789/yorumlar,Oversize,Beyaz,Dokuma,Regular,Business,Çizgili,Ceket Yaka,Uzun,Standart Kol,Tüvit,Smart/Office,Astarlı,"69% Polyester, ,3% Akrilik, ,14% Viskoz, ,14% Pamuk",,,,,Kemersiz,,,,
140,773140956,5820,4.8,,/trendyolmilla/mor-regular-astarli-kruvaze-kapama-dokuma-blazer-ceket-twoaw21ce0264-p-773140956/yorumlar,Regular,Mor,Dokuma,Regular,Casual/Günlük,Düz,Ceket Yaka,Uzun,Standart Kol,Finike,Smart,Astarlı,"95% Polyester, ,5% Elastan",Hayır,Tüm Yaş Grupları,Blazer,,,,,,
141,738484910,20121,4.7,,/trendyolmilla/siyah-crop-dokuma-cizgili-blazer-ceket-twoaw24bc00055-p-738484910/yorumlar,Fitted,Siyah,Dokuma,Crop,Casual/Günlük,Çizgili,Ceket Yaka,Uzun,Standart Kol,Poliviskon,Cool & Comfort,,"65% Polyester, ,33% Viskoz, ,2% Elastan",Hayır,,,,,Ek Özellik Mevcut Değil,,,
142,782054649,6019,4.1,,/trendyolmilla/tas-premium-dokuma-blazer-ceket-twoss24bc00011-p-782054649/yorumlar,Regular,Gri,Dokuma,Crop,Business,Çizgili,Ceket Yaka,Uzun,Standart Kol,Poliviskon,Smart/Office,,"63% Polyester, 35% Viskoz, 2% Elastan",Hayır,Tüm Yaş Grupları,Crop,,,,,,
143,359466001,20544,4.5,,/trendyolmilla/yesil-crop-dokuma-astarli-blazer-ceket-twoaw22ce0086-p-359466001/yorumlar,Regular,Lacivert,Dokuma,Crop,Casual/Günlük,Düz,Ceket Yaka,Uzun,Standart Kol,Finike,Fashion Forward,Astarlı,"88% Polyester, ,12% Elastan",Hayır,Tüm Yaş Grupları,Crop,,Kemersiz,,,,
144,708138913,7706,4.5,,/trendyolmilla/mor-oversize-astarli-dokuma-blazer-ceket-twoaw20ce0130-p-708138913/yorumlar,Oversize,Mor,Dokuma,Regular,Business,Düz,Kruvaze,Uzun,Standart Kol,Finike,Smart,Astarlı,"86% Polyester, ,14% Elastan",Hayır,Tüm Yaş Grupları,Oversize,Dokuma,,,,,
145,774478985,6070,4.6,,/trendyolmilla/acik-haki-oversize-astarli-kruvaze-kapama-dokuma-blazer-ceket-twoss20ce0024-p-774478985/yorumlar,Oversize,Yeşil,Dokuma,Uzun,Business,Düz,Ceket Yaka,Uzun,Standart Kol,Krep,Smart,Astarlı,100% Polyester,Hayır,Tüm Yaş Grupları,Oversize,Polyester,,,,,
146,371774788,45959,4.6,,/trendyolmilla/petrol-regular-astarli-dugme-detayli-dokuma-blazer-ceket-twoaw21ce0264-p-371774788/yorumlar,Regular,Mavi,Dokuma,Regular,Casual/Günlük,Düz,Ceket Yaka,Uzun,Standart Kol,Finike,Smart,Astarlı,"95% Polyester, ,5% Elastan",Hayır,Tüm Yaş Grupları,Blazer,,,,,,
147,379098629,22978,4.5,,/trendyolmilla/mor-regular-astarli-kruvaze-kapama-dokuma-blazer-ceket-twoss20ce0059-p-379098629/yorumlar,Regular,Mor,Dokuma,Regular,Business,Düz,Ceket Yaka,Uzun,Standart Kol,Finike,Smart,Astarlı,"86% Polyester, ,14% Elastan",,,,,,,,,
148,788690097,24887,3.1,,/trendyolmilla/gri-oversize-basic-dokuma-blazer-ceket-twoss24bc00029-p-788690097/yorumlar,Oversize,Gri,Dokuma,Uzun,Casual/Günlük,Düz,Ceket Yaka,Uzun,Standart Kol,Finike,Cool & Comfort,,"86% Polyester, ,14% Elastan",Hayır,Tüm Yaş Grupları,Oversize,,,,,,
149,444511946,71533,4.6,,/trendyolmilla/gri-crop-astarli-kruvaze-kapama-dokuma-cizgili-poliviskon-blazer-ceket-twoss23bc00123-p-444511946/yorumlar,Oversize,Gri,Dokuma,Uzun,Şık / gece,Çizgili,Ceket Yaka,Uzun,Standart Kol,Poliviskon,Fashion Forward,Astarlı,"63% Polyester, ,35% Viskoz, ,2% Elastan",Hayır,Tüm Yaş Grupları,Crop,Polyester,,,Tekli,,
150,782216897,14827,4.9,,/trendyolmilla/lacivert-poliviskon-cizgili-crop-premium-dokuma-blazer-ceket-twoss24bc00009-p-782216897/yorumlar,Regular,Lacivert,Dokuma,Crop,Casual/Günlük,Çizgili,Ceket Yaka,Uzun,Standart Kol,Poliviskon,Cool & Comfort,,"63% Polyester, ,35% Viskoz, ,2% Elastan",Hayır,Tüm Yaş Grupları,Crop,,,,,,
151,147419755,18451,4.5,,/trendyolmilla/antrasit-regular-astarli-dugmeli-dokuma-blazer-ceket-twoaw22ce0667-p-147419755/yorumlar,Regular,Gri,Dokuma,Regular,Business,Düz,Ceket Yaka,Uzun,Standart Kol,Kaşe,Smart/Office,Astarlı,100% Polyester,Hayır,Tüm Yaş Grupları,,Polyester,,Ek Özellik Mevcut Değil,,,
152,292770150,46052,4.6,,/trendyolmilla/fusya-suni-deri-kruvaze-kapama-astarli-dokuma-blazer-ceket-twoaw21ce0156-p-292770150/yorumlar,Regular,Pembe,Dokuma,Regular,Casual/Günlük,Düz,Ceket Yaka,Uzun,Standart Kol,Suni Deri,Smart,Astarsız,100% Poliüretan,Hayır,Tüm Yaş Grupları,Kruvaze,Poliüretan,,Ek Özellik Mevcut Değil,Tekli,,Suni Deri
153,823655809,4419,4.3,,/edit-by-trendyol/bej-dokuma-blazer-ceket-tedss24bc00000-p-823655809/yorumlar,Regular,Bej,Dokuma,Regular,Casual/Günlük,Düz,Ceket Yaka,Uzun,Standart Kol,Finike,Fashion Forward,,"95% Polyester, ,5% Elastan",,,,,,,,,
154,828805117,,,,,Regular,Lacivert,Dokuma,Crop,Business,Çizgili,Ceket Yaka,Uzun,Standart Kol,Krep,Smart,Astarlı,"95% Polyester, ,5% Elastan",Hayır,Tüm Yaş Grupları,Crop,Polyester,,,,,
155,312882703,19541,4.6,,/trendyolmilla/fusya-tuvit-regular-astarli-kruvaze-kapama-dokuma-kazayagi-blazer-ceket-twoaw23ce00160-p-312882703/yorumlar,Regular,Pembe,Dokuma,Regular,Casual/Günlük,Kazayağı,Ceket Yaka,Uzun,Standart Kol,Tüvit,None Persona,Astarlı,100% Polyester,Hayır,Tüm Yaş Grupları,Kruvaze,Dokuma,,Ek Özellik Mevcut Değil,Tekli,Basic,
156,34613957,55130,4.4,,/trendyolmilla/lacivert-regular-astarli-dokuma-blazer-ceket-twoss20ce0126-p-34613957/yorumlar,Regular,Lacivert,Dokuma,Regular,Casual/Günlük,Düz,Ceket Yaka,Uzun,Standart Kol,Finike,Cool & Comfort,Astarlı,"86% Polyester, ,14% Elastan",Hayır,Tüm Yaş Grupları,Blazer,,,,Tekli,,
157,285549446,56054,4.2,,/trendyolmilla/kahverengi-regular-astarli-kruvaze-kapama-cizgili-dokuma-blazer-ceket-twoaw23ce00100-p-285549446/yorumlar,Regular,Kahverengi,Dokuma,Regular,Business,Çizgili,Ceket Yaka,Uzun,Standart Kol,Krep,Smart/Office,Astarlı,100% Polyester,Hayır,Tüm Yaş Grupları,Kruvaze,Polyester,,Ek Özellik Mevcut Değil,,,
158,316423445,46204,4.7,,/trendyolmilla/kahverengi-crop-dokuma-astarli-kruvaze-kapama-blazer-ceket-twoaw23bc00100-p-316423445/yorumlar,Regular,Kahverengi,Dokuma,Regular,Casual/Günlük,Düz,Ceket Yaka,Uzun,Standart Kol,Finike,Smart,Astarlı,"85% Polyester, ,15% Elastan",,,,,,,,,
159,814877436,1397,2.7,,/edit-by-trendyol/pudra-keten-gorunumlu-dokuma-blazer-ceket-tedss24bc00001-p-814877436/yorumlar,Regular,Pembe,Dokuma,Regular,Casual/Günlük,Düz,Ceket Yaka,Uzun,Standart Kol,Keten görünümlü,Fashion Forward,,"95% Polyester, ,5% Elastan",,,,,,,,,
160,830362723,190,,,,Regular,Lacivert,Dokuma,Regular,Business,Düz,Ceket Yaka,Uzun,Standart Kol,Finike,Smart,Astarlı,"95% Polyester, ,5% Elastan",Hayır,Tüm Yaş Grupları,Kruvaze,Polyester,,,,,
161,774479813,5476,4.1,,/trendyolmilla/bej-crop-dokuma-astarli-kruvaze-kapama-blazer-ceket-twoaw23bc00100-p-774479813/yorumlar,Regular,Bej,Dokuma,Regular,Casual/Günlük,Düz,Ceket Yaka,Uzun,Standart Kol,Finike,Smart,Astarlı,"85% Polyester, ,15% Elastan",,,,,,,,,
162,177277003,21801,4.4,,/trendyolmilla/siyah-regular-astarli-dokuma-blazer-ceket-twoss22ce0074-p-177277003/yorumlar,Regular,Siyah,Dokuma,Regular,Business,Düz,Ceket Yaka,Uzun,Standart Kol,Finike,Smart,Astarlı,"84% Polyester, ,16% Elastan",Hayır,Tüm Yaş Grupları,Blazer,Polyester,,,Tekli,,
163,304166700,15224,4.3,,/trendyolmilla/siyah-regular-astarli-dugmeli-dokuma-blazer-ceket-twoaw23bc00025-p-304166700/yorumlar,Regular,Siyah,Dokuma,Regular,Business,Düz,Ceket Yaka,Uzun,Standart Kol,Finike,None Persona,Astarlı,"85% Polyester, ,15% Elastan",Hayır,Tüm Yaş Grupları,Blazer,Finike,,Ek Özellik Mevcut Değil,Tekli,,
164,304157943,16817,4.1,,/trendyolmilla/siyah-dokuma-astarli-kruvaze-kapama-blazer-ceket-twoaw23bc00022-p-304157943/yorumlar,Fitted,Siyah,Dokuma,Regular,Business,Düz,Ceket Yaka,Uzun,Standart Kol,Finike,Smart,Astarlı,"85% Polyester, ,15% Elastan",Hayır,Tüm Yaş Grupları,Kruvaze,Finike,,Ek Özellik Mevcut Değil,Tekli,,
165,359458131,22003,4.6,,/trendyolmilla/fusya-crop-dokuma-astarli-ceket-twoaw22ce0086-p-359458131/yorumlar,Regular,Pembe,Dokuma,Crop,Casual/Günlük,Düz,Ceket Yaka,Uzun,Standart Kol,Finike,Fashion Forward,Astarlı,"88% Polyester, ,12% Elastan",Hayır,Tüm Yaş Grupları,Crop,,Kemersiz,,,,
166,292770223,32338,4.6,,/trendyolmilla/bordo-suni-deri-kruvaze-kapama-astarli-dokuma-blazer-ceket-twoaw21ce0156-p-292770223/yorumlar,Regular,Bordo,Dokuma,Regular,Casual/Günlük,Düz,Ceket Yaka,Uzun,Standart Kol,Suni Deri,Smart,Astarsız,100% Poliüretan,Hayır,Tüm Yaş Grupları,Kruvaze,Poliüretan,,Ek Özellik Mevcut Değil,Tekli,,Suni Deri
167,774623721,4824,4.7,,/trendyolmilla/kirmizi-crop-dokuma-astarli-ceket-twoaw22ce0086-p-774623721/yorumlar,Regular,Kırmızı,Dokuma,Crop,Casual/Günlük,Düz,Ceket Yaka,Uzun,Standart Kol,Finike,Fashion Forward,Astarlı,"88% Polyester, ,12% Elastan",Hayır,Tüm Yaş Grupları,Crop,,Kemersiz,,,,
168,773140958,10489,4.3,,/trendyolmilla/antrasit-regular-astarli-kruvaze-kapama-dokuma-blazer-ceket-twoaw21ce0272-p-773140958/yorumlar,Regular,Gri,Dokuma,Regular,Business,Düz,Ceket Yaka,Uzun,Standart Kol,Finike,Smart/Office,Astarlı,"95% Polyester, ,5% Elastan",Hayır,Tüm Yaş Grupları,Blazer,Polyester,,,,,
169,383892795,16557,4.5,,/trendyolmilla/siyah-regular-astar-detayli-dokuma-blazer-ceket-twoss23bc00060-p-383892795/yorumlar,Regular,Siyah,Dokuma,Regular,Casual/Günlük,Düz,Ceket Yaka,Uzun,Düşük Kol,Finike,Smart,Astarlı,"86% Polyester, ,14% Elastan",Hayır,Tüm Yaş Grupları,Blazer,Polyester,,,Tekli,,
170,302127218,51066,4.6,,/trendyolmilla/kirmizi-dokuma-astarli-kruvaze-kapama-blazer-ceket-twoaw23bc00019-p-302127218/yorumlar,Regular,Kırmızı,Dokuma,Regular,Business,Düz,Ceket Yaka,Uzun,Standart Kol,Finike,Smart,Astarlı,"86% Polyester, ,14% Elastan",,,,,,,,,
171,286034630,25241,4.3,,/trendyolmilla/mint-ekose-regular-astarli-ekose-dokuma-ceket-twoaw23ce00094-p-286034630/yorumlar,Regular,Yeşil,Dokuma,Regular,Business,Ekose / Kareli,Ceket Yaka,Uzun,Standart Kol,Tüvit,Smart/Office,Astarlı,"70% Pamuk, ,30% Polyester",Hayır,Tüm Yaş Grupları,,Kumaş,,Ek Özellik Mevcut Değil,Tekli,,
172,141785644,83310,4.5,,/trendyolmilla/kahverengi-regular-astar-detayli-dokuma-blazer-ceket-twoaw20ce0316-p-141785644/yorumlar,Regular,Kahverengi,Dokuma,Regular,Business,Düz,Ceket Yaka,Uzun,Standart Kol,Finike,Smart/Office,Astarlı,"86% Polyester, ,14% Elastan",,,,,,,,,
173,140533751,90791,4.3,,/trendyolmilla/gri-regular-astarli-kruvaze-kapama-dokuma-blazer-ceket-twoaw21ce0264-p-140533751/yorumlar,Regular,Gri,Dokuma,Regular,Casual/Günlük,Düz,Ceket Yaka,Uzun,Standart Kol,Finike,Smart,Astarlı,"95% Polyester, ,5% Elastan",Hayır,Tüm Yaş Grupları,Blazer,,,,,,
174,132843090,60454,4.2,,/trendyolmilla/kirmizi-regular-astarli-dugmeli-dokuma-blazer-ceket-twoaw22ce0165-p-132843090/yorumlar,Regular,Kırmızı,Dokuma,Regular,Şık / gece,Düz,Ceket Yaka,Uzun,Standart Kol,Finike,Office,Astarlı,100% Polyester,Hayır,Tüm Yaş Grupları,Blazer,Finike,,,Tekli,,
175,74506732,104870,4.1,,/trendyolmilla/bej-regular-astarli-kruvaze-kapama-dokuma-blazer-ceket-twoss20ce0059-p-74506732/yorumlar,Regular,Bej,Dokuma,Regular,Business,Düz,Ceket Yaka,Uzun,Standart Kol,Finike,Smart,Astarlı,"86% Polyester, ,14% Elastan",,,,,,,,,
176,51607609,471443,4.4,,/trendyolmilla/antrasit-regular-astarli-dugme-detayli-dokuma-blazer-ceket-twoaw21ce0264-p-51607609/yorumlar,Regular,Gri,Dokuma,Regular,Casual/Günlük,Düz,Ceket Yaka,Uzun,Standart Kol,Finike,Smart,Astarlı,"95% Polyester, ,5% Elastan",Hayır,Tüm Yaş Grupları,Blazer,,,,,,
177,50072815,272822,4.5,,/trendyolmilla/siyah-suni-deri-regular-astarli-kruvaze-kapama-dokuma-blazer-ceket-twoaw21ce0156-p-50072815/yorumlar,Regular,Siyah,Dokuma,Regular,Casual/Günlük,Düz,Ceket Yaka,Uzun,Standart Kol,Suni Deri,Smart,Astarsız,100% Poliüretan,Hayır,Tüm Yaş Grupları,Kruvaze,Poliüretan,,Ek Özellik Mevcut Değil,Tekli,,Suni Deri
178,46288465,204327,4.5,,/trendyolmilla/siyah-tuvit-regular-dokuma-ekose-blazer-ceket-twoaw21ce0105-p-46288465/yorumlar,Oversize,Siyah,Dokuma,Regular,Business,Çizgili,Ceket Yaka,Uzun,Standart Kol,Tüvit,Smart/Office,Astarlı,"69% Polyester, ,3% Akrilik, ,14% Viskoz, ,14% Pamuk",,,,,Kemersiz,,,,
179,34425737,335187,4.2,,/trendyolmilla/bej-oversize-astarli-dokuma-blazer-ceket-twoaw20ce0130-p-34425737/yorumlar,Oversize,Bej,Dokuma,Regular,Business,Düz,Kruvaze,Uzun,Standart Kol,Finike,Smart,Astarlı,"86% Polyester, ,14% Elastan",Hayır,Tüm Yaş Grupları,Oversize,Dokuma,,,,,
180,34414184,147872,4.2,,/trendyolmilla/gri-regular-astarli-kruvaze-kapama-dokuma-blazer-ceket-twoss20ce0059-p-34414184/yorumlar,Regular,Gri,Dokuma,Regular,Business,Düz,Ceket Yaka,Uzun,Standart Kol,Finike,Smart,Astarlı,"86% Polyester, ,14% Elastan",,,,,,,,,
