,ID,FAVORITE_COUNT,RATING_DETAIL,DELIVERY_DATE,PROFF_LINK,Kalıp,Materyal,Paket İçeriği,Desen,Yaka Tipi,Kumaş Tipi,Kol Tipi,Stil,Renk,Ortam,Boy,Kol Boyu,Sürdürülebilirlik Detayı,Siluet,Dokuma Tipi,Persona,Ek Özellik,Koleksiyon,Yaş,Materyal Bileşeni,Baskı/Nakış Tekniği,Ürün Detayı
0,195730234,17128,4.5,,/trendyol-curve/siyah-beyaz-2-li-paket-basic-orme-t-shirt-tbbss22ts0705-p-195730234/yorumlar,Regular,%100 Pamuk,2'li,Düz,V Yaka,Örme,Standart Kol,Günlük,Çok Renkli,Casual/Günlük,Regular,Kısa,Hayır,Basic,Süprem,Cool & Comfort,Extra Esnek,Büyük Beden,Tüm Yaş Grupları,100% Pamuk,,
1,680440013,32182,4.4,,/trendyol-curve/lacivert-yaka-ribanali-genis-kalip-basic-orme-t-shirt-tbbss23bf00017-p-680440013/yorumlar,Oversize,Pamuklu,,Düz,Bisiklet Yaka,Örme,Düşük Kol,,Lacivert,Casual/Günlük,Regular,Kısa,Hayır,Basic,Süprem,Cool & Comfort,,,Tüm Yaş Grupları,100% Pamuk,,
2,442822182,45462,4.6,,/trendyol-curve/pembe-genis-kalip-baskili-bisiklet-yaka-orme-t-shirt-tbbss23bf00015-p-442822182/yorumlar,Oversize,Pamuklu,,Slogan,Bisiklet Yaka,Örme,Standart Kol,,Pembe,Casual/Günlük,Regular,Kısa,Hayır,Basic,Süprem,Cool & Comfort,,,Tüm Yaş Grupları,100% Pamuk,,
3,792568483,9755,4.7,,/trendyol-curve/pembe-baskili-oversize-orme-t-shirt-tbbss24bf00011-p-792568483/yorumlar,Oversize,Pamuklu,,Slogan,Bisiklet Yaka,Örme,Düşük Kol,,Pembe,Casual/Günlük,Regular,Kısa,Hayır,Basic,Süprem,Cool & Comfort,,,Tüm Yaş Grupları,100% Pamuk,,
4,369751009,12241,4.6,,/trendyol-curve/koyu-mint-boyfriend-bisiklet-yaka-yirtmacli-orme-t-shirt-tbbss22bf0031-p-369751009/yorumlar,Boyfriend,Pamuklu,Tekli,Düz,Bisiklet Yaka,Örme,Standart Kol,,Yeşil,Casual/Günlük,Uzun,Kısa,Hayır,Boyfriend,Süprem,Cool & Comfort,Yırtmaçlı,Büyük Beden,Tüm Yaş Grupları,100% Pamuk,,
5,796362054,4617,4.5,,/trendyol-curve/mavi-baskili-oversize-orme-t-shirt-tbbss24bf00020-p-796362054/yorumlar,Oversize,Örme,,Slogan,Bisiklet Yaka,Örme,Düşük Kol,,Mavi,Casual/Günlük,Regular,Kısa,Hayır,Basic,Süprem,Cool & Comfort,,,Tüm Yaş Grupları,"71% Polyester, 29% Pamuk",,
6,444113519,35623,4.6,,/trendyol-curve/siyah-yaka-ribanali-genis-kalip-basic-orme-t-shirt-tbbss23bf00017-p-444113519/yorumlar,Oversize,Pamuklu,,Düz,Bisiklet Yaka,Örme,Düşük Kol,,Siyah,Casual/Günlük,Regular,Kısa,Hayır,Basic,Süprem,Cool & Comfort,,,Tüm Yaş Grupları,100% Pamuk,,
7,442811811,35128,4.6,,/trendyol-curve/mor-genis-kalip-bisiklet-yaka-baskili-orme-t-shirt-tbbss23ah00131-p-442811811/yorumlar,Oversize,Pamuklu,,Slogan,Bisiklet Yaka,Örme,Standart Kol,,Mor,Casual/Günlük,Regular,Kısa,Hayır,Basic,Süprem,Cool & Comfort,,,Tüm Yaş Grupları,100% Pamuk,,
8,184973810,9799,4.4,,/trendyol-curve/beyaz-v-yaka-basic-orme-t-shirt-tbbss22bf0028-p-184973810/yorumlar,Regular,Pamuklu,,Düz,Kare Yaka,Örme,Standart Kol,,Beyaz,Casual/Günlük,Regular,Kısa,Hayır,Basic,Süprem,Cool & Comfort,,Büyük Beden,Tüm Yaş Grupları,100% Pamuk,Baskısız,
9,817563302,2718,4.8,,/trendyol-curve/kirmizi-renk-blok-detayli-boyfriend-orme-t-shirt-tbbss24bf00012-p-817563302/yorumlar,Boyfriend,Pamuklu,,Düz,Bisiklet Yaka,Örme,Düşük Kol,,Kırmızı,Casual/Günlük,Regular,Kısa,Hayır,Boyfriend,Süprem,Cool & Comfort,,,Tüm Yaş Grupları,100% Pamuk,,
10,410826068,13771,4.6,,/trendyol-curve/siyah-bisiklet-yaka-dantel-detayli-orme-t-shirt-tbbss23bf00009-p-410826068/yorumlar,Regular,Pamuklu,Tekli,Düz,Bisiklet Yaka,Örme,Standart Kol,,Siyah,Casual/Günlük,Regular,Kısa,Hayır,Basic,Süprem,Cool & Comfort,,,Tüm Yaş Grupları,100% Pamuk,,
11,260088007,52665,4.3,,/trendyol-curve/siyah-pencere-cut-out-detayli-orme-t-shirt-tbbss22bf00001-p-260088007/yorumlar,Regular,%100 Pamuk,,Düz,Bisiklet Yaka,Örme,Standart Kol,,Siyah,Casual/Günlük,Regular,Kısa,Hayır,Basic,Süprem,Cool & Comfort,Cut Out,Büyük Beden,Tüm Yaş Grupları,100% Pamuk,,
12,792876980,15860,4.8,,/trendyol-curve/lacivert-100-pamuk-sirt-baskili-relaxed-genis-rahat-kesim-bisiklet-yaka-orme-t-shirt-tbbss24bf00025-p-792876980/yorumlar,Relaxed,Pamuklu,,Slogan,Bisiklet Yaka,Örme,Düşük Kol,,Lacivert,Casual/Günlük,Regular,Askılı,Hayır,Basic,Süprem,Cool & Comfort,,,Tüm Yaş Grupları,100% Pamuk,,Sırt Baskılı
13,794458958,3361,4.5,,/trendyol-curve/siyah-biye-detayli-orme-t-shirt-tbbss24bf00021-p-794458958/yorumlar,Fitted,Pamuklu,,Düz,Bisiklet Yaka,Örme,Düşük Kol,,Siyah,Casual/Günlük,Regular,Kısa,Hayır,Boyfriend,Süprem,Cool & Comfort,,,Tüm Yaş Grupları,100% Pamuk,,
14,368312149,14668,4.7,,/trendyol-curve/saks-basic-bisiklet-yaka-orme-t-shirt-tbbss22ts0733-p-368312149/yorumlar,Regular,Pamuklu,Tekli,Düz,Bisiklet Yaka,Örme,Standart Kol,Günlük,Mavi,Casual/Günlük,Regular,Uzun,Hayır,Basic,Süprem,Cool & Comfort,,Büyük Beden,Tüm Yaş Grupları,100% Pamuk,,
15,785876317,23346,4.4,,/trendyol-curve/siyah-dugme-detayli-orme-t-shirt-tbbss24bf00000-p-785876317/yorumlar,Boyfriend,Pamuklu,,Düz,Bisiklet Yaka,Örme,Düşük Kol,,Siyah,Casual/Günlük,Uzun,Kısa,Hayır,Boyfriend,Süprem,Cool & Comfort,,,Tüm Yaş Grupları,100% Pamuk,,
16,369654604,6183,4.4,,/trendyol-curve/lila-kare-yaka-orme-t-shirt-tbbss22bf0027-p-369654604/yorumlar,Fitted,,Tekli,Düz,Kare Yaka,Örme,Standart Kol,,Mor,Casual/Günlük,Regular,Kısa,Hayır,Basic,Kaşkorse,Cool & Comfort,,Büyük Beden,Tüm Yaş Grupları,"97% Pamuk, ,3% Elastan",,
17,790765201,2450,4.2,,/trendyol-curve/tas-cep-kapak-detayli-oversize-orme-t-shirt-tbbss24bf00010-p-790765201/yorumlar,Oversize,,,Slogan,Bisiklet Yaka,Örme,Standart Kol,,Bej,Casual/Günlük,Regular,Kısa,Hayır,Basic,Süprem,Fashion Forward,,,Tüm Yaş Grupları,"95% Polyester, ,5% Elastan",,
18,796360647,1711,4.7,,/trendyol-curve/indigo-baski-ve-nakis-detayli-boyfriend-orme-t-shirt-tbbss24bf00019-p-796360647/yorumlar,Boyfriend,Pamuklu,,Slogan,Bisiklet Yaka,Örme,Standart Kol,,Mavi,Casual/Günlük,Regular,Kısa,Hayır,Boyfriend,Süprem,Cool & Comfort,,,Tüm Yaş Grupları,100% Pamuk,,
19,787993111,3395,4.1,,/trendyol-curve/siyah-beyaz-cizgili-nakis-detayli-orme-t-shirt-tbbss24bf00004-p-787993111/yorumlar,Slim,Polyester,,Çizgili,Bisiklet Yaka,Örme,Standart Kol,,Çok Renkli,Casual/Günlük,Regular,Kısa,Hayır,Basic,Kaşkorse,Cool & Comfort,,,Tüm Yaş Grupları,100% Polyester,,
20,185142970,20550,4.5,,/trendyol-curve/siyah-kare-yaka-orme-t-shirt-tbbss22bf0027-p-185142970/yorumlar,Fitted,,Tekli,Düz,Kare Yaka,Örme,Standart Kol,,Siyah,Casual/Günlük,Regular,Kısa,Hayır,Basic,Kaşkorse,Cool & Comfort,,Büyük Beden,Tüm Yaş Grupları,"97% Pamuk, ,3% Elastan",,
21,444113526,31908,4.6,,/trendyol-curve/beyaz-yaka-ribanali-genis-kalip-basic-orme-t-shirt-tbbss23bf00017-p-444113526/yorumlar,Oversize,Pamuklu,,Düz,Bisiklet Yaka,Örme,Düşük Kol,,Beyaz,Casual/Günlük,Regular,Kısa,Hayır,Basic,Süprem,Cool & Comfort,,,Tüm Yaş Grupları,100% Pamuk,,
22,701961785,15865,4.4,,/trendyol-curve/lacivert-cizgili-bisiklet-yaka-cizgili-orme-t-shirt-tbbss23bf00068-p-701961785/yorumlar,Regular,Pamuk Polyester,,Çizgili,Bisiklet Yaka,Örme,Standart Kol,,Lacivert,Casual/Günlük,Regular,Kısa,Hayır,Basic,20/1 penye süprem,Cool & Comfort,Ek Özellik Mevcut Değil,,Tüm Yaş Grupları,"80% Pamuk, ,20% Polyester",,
23,444113514,19391,4.6,,/trendyol-curve/kahverengi-yaka-ribanali-genis-kalip-basic-orme-t-shirt-tbbss23bf00017-p-444113514/yorumlar,Oversize,Pamuklu,,Düz,Bisiklet Yaka,Örme,Düşük Kol,,Kahverengi,Casual/Günlük,Regular,Kısa,Hayır,Basic,Süprem,Cool & Comfort,,,Tüm Yaş Grupları,100% Pamuk,,
24,463874308,13522,4.6,,/trendyol-curve/gul-kurusu-bisiklet-yaka-baskili-orme-t-shirt-tbbss23bf00034-p-463874308/yorumlar,Regular,Pamuklu,Tekli,Slogan,Bisiklet Yaka,Örme,Standart Kol,,Pembe,Casual/Günlük,Regular,Kısa,Hayır,Basic,Süprem,Cool & Comfort,,,Tüm Yaş Grupları,100% Pamuk,,
25,442811815,29822,4.6,,/trendyol-curve/beyaz-genis-kalip-bisiklet-yaka-baskili-orme-t-shirt-tbbss23ah00131-p-442811815/yorumlar,Oversize,Pamuklu,,Slogan,Bisiklet Yaka,Örme,Standart Kol,,Beyaz,Casual/Günlük,Regular,Kısa,Hayır,Basic,Süprem,Cool & Comfort,,,Tüm Yaş Grupları,100% Pamuk,,
26,795466928,16330,4.2,,/trendyol-curve/ekru-unisex-oversize-rahat-100-pamuklu-couple-orme-t-shirt-tbbss24bf00033-p-795466928/yorumlar,Oversize,Pamuklu,,Slogan,Bisiklet Yaka,Örme,Standart Kol,,Ekru,Casual/Günlük,Standart,Kısa,Hayır,Basic,Süprem,Cool & Comfort,,,Tüm Yaş Grupları,100% Pamuk,,
27,185897199,45525,4.5,,/trendyol-curve/siyah-boyfriend-v-yaka-yirtmacli-orme-t-shirt-tbbss22bf0036-p-185897199/yorumlar,Boyfriend,Pamuklu,Tekli,Düz,V Yaka,Örme,Standart Kol,,Siyah,Casual/Günlük,Regular,Kısa,Hayır,Boyfriend,Süprem,Cool & Comfort,Extra Esnek,Büyük Beden,Tüm Yaş Grupları,100% Pamuk,Baskısız,
28,362748929,4894,4.5,,/trendyol-curve/kirmizi-boyfriend-bisiklet-yaka-yirtmacli-orme-t-shirt-tbbss22bf0031-p-362748929/yorumlar,Boyfriend,Pamuklu,Tekli,Düz,Bisiklet Yaka,Örme,Standart Kol,,Kırmızı,Casual/Günlük,Uzun,Kısa,Hayır,Boyfriend,Süprem,Cool & Comfort,Yırtmaçlı,Büyük Beden,Tüm Yaş Grupları,100% Pamuk,,
29,185192520,19572,4.6,,/trendyol-curve/siyah-petrol-boyfriend-bisiklet-yaka-yirtmacli-orme-t-shirt-tbbss22bf0031-p-185192520/yorumlar,Boyfriend,Pamuklu,Tekli,Düz,Bisiklet Yaka,Örme,Standart Kol,,Siyah,Casual/Günlük,Uzun,Kısa,Hayır,Boyfriend,Süprem,Cool & Comfort,Yırtmaçlı,Büyük Beden,Tüm Yaş Grupları,100% Pamuk,,
30,271470960,32626,4.6,,/trendyol-curve/antrasit-genis-kalip-orme-nakisli-t-shirt-tbbss22bf00002-p-271470960/yorumlar,Oversize,Örme,,Düz,Bisiklet Yaka,Örme,Düşük Kol,,Gri,Casual/Günlük,Regular,Kısa,Hayır,Basic,Süprem,Cool & Comfort,,Büyük Beden,Tüm Yaş Grupları,"71% Polyester, 29% Viskoz",,
31,635016082,13922,4.4,,/trendyol-curve/beyaz-more-sustainable-sirt-dekolteli-vatkali-orme-t-shirt-tbbss23bf00045-p-635016082/yorumlar,Oversize,Pamuklu,Tekli,Düz,Bisiklet Yaka,Örme,Standart Kol,,Beyaz,Casual/Günlük,Regular,Kolsuz,Organik,Basic,Süprem,Cool & Comfort,,Care,Tüm Yaş Grupları,100% Pamuk,,
32,795466143,12575,4.5,,/trendyol-curve/ekru-unisex-oversize-rahat-100-pamuklu-couple-orme-t-shirt-tbbss24bf00033-p-795466143/yorumlar,Oversize,Pamuklu,,Slogan,Bisiklet Yaka,Örme,Standart Kol,,Ekru,Casual/Günlük,Standart,Kısa,Hayır,Basic,Süprem,Cool & Comfort,,,Tüm Yaş Grupları,100% Pamuk,,
33,813744669,3347,4.7,,/trendyol-curve/ekru-nakis-detayli-boyfriend-orme-t-shirt-tbbss24bf00029-p-813744669/yorumlar,Boyfriend,Pamuklu,,Çiçekli,Bisiklet Yaka,Örme,Düşük Kol,,Ekru,Casual/Günlük,Regular,Kısa,Hayır,Boyfriend,Süprem,Cool & Comfort,,,Tüm Yaş Grupları,100% Pamuk,,
34,220841298,16149,4.7,,/trendyol-curve/antrasit-sirt-detayli-orme-t-shirt-tbbss22ts1953-p-220841298/yorumlar,Regular,Polyester Karışımlı,Tekli,Desenli,Bisiklet Yaka,Örme,Standart Kol,,Gri,Casual/Günlük,Regular,Kısa,Hayır,Boyfriend,Süprem,Cool & Comfort,Extra Esnek,Büyük Beden,Tüm Yaş Grupları,"71% Polyester, 29% Viskoz",,
35,185192559,12397,4.6,,/trendyol-curve/petrol-boyfriend-bisiklet-yaka-yirtmacli-orme-t-shirt-tbbss22bf0031-p-185192559/yorumlar,Boyfriend,Pamuklu,Tekli,Düz,Bisiklet Yaka,Örme,Standart Kol,,Mavi,Casual/Günlük,Uzun,Kısa,Hayır,Boyfriend,Süprem,Cool & Comfort,Yırtmaçlı,Büyük Beden,Tüm Yaş Grupları,100% Pamuk,,
36,809514973,9687,4.1,,/trendyol-curve/siyah-kalp-aksesuar-detayli-oversize-orme-t-shirt-tbbss24bf00008-p-809514973/yorumlar,Oversize,Pamuklu,,Kalp,Bisiklet Yaka,Örme,Düşük Kol,,Siyah,Casual/Günlük,Regular,Kısa,Hayır,Basic,Süprem,Cool & Comfort,,,Tüm Yaş Grupları,100% Pamuk,,
37,635017579,9880,4.6,,/trendyol-curve/beyaz-more-sustainable-baskili-omzu-pileli-orme-t-shirt-tbbss23bf00046-p-635017579/yorumlar,Regular,Pamuklu,Tekli,Slogan,Bisiklet Yaka,Örme,Standart Kol,,Beyaz,Casual/Günlük,Regular,Kısa,Organik,Basic,Süprem,Cool & Comfort,Ek Özellik Mevcut Değil,Care,Tüm Yaş Grupları,100% Pamuk,,
38,792860051,2316,4.6,,/trendyol-curve/beyaz-100-pamuk-premium-bisiklet-yaka-orme-t-shirt-tbbss24bf00024-p-792860051/yorumlar,Relaxed,Pamuklu,,Düz,Bisiklet Yaka,Örme,Düşük Kol,,Beyaz,Casual/Günlük,Crop,Askılı,,Basic,Süprem,Cool & Comfort,,,Tüm Yaş Grupları,100% Pamuk,,
39,464379164,27834,4.7,,/trendyol-curve/siyah-beyaz-cizgili-v-yaka-orme-t-shirt-tbbss23bf00016-p-464379164/yorumlar,Boyfriend,,Tekli,Çizgili,V Yaka,Örme,Standart Kol,,Siyah,Casual/Günlük,Uzun,Kısa,,Boyfriend,Süprem,Cool & Comfort,,Büyük Beden,Tüm Yaş Grupları,"90% Polyester, 10% Viskoz",,
40,452047709,17734,4.7,,/trendyol-curve/kirmizi-bisiklet-yaka-baskili-orme-t-shirt-tbbss23bf00022-p-452047709/yorumlar,Boyfriend,Pamuklu,Tekli,Slogan,Bisiklet Yaka,Örme,Standart Kol,,Kırmızı,Casual/Günlük,Uzun,Kısa,Hayır,Boyfriend,Süprem,Cool & Comfort,,,Tüm Yaş Grupları,100% Pamuk,,
41,190356197,23173,4.4,,/trendyol-curve/siyah-bisiklet-yaka-kol-detayli-orme-t-shirt-tbbss22bf0023-p-190356197/yorumlar,Regular,Süprem,Tekli,Düz,Bisiklet Yaka,Örme,Düşük Kol,,Siyah,Casual/Günlük,Regular,Kısa,Hayır,Basic,Süprem,Cool & Comfort,,Büyük Beden,Tüm Yaş Grupları,100% Pamuk,Baskısız,
42,195777488,19236,4.6,,/trendyol-curve/beyaz-basic-bisiklet-yaka-orme-t-shirt-tbbss22ts0733-p-195777488/yorumlar,Regular,Pamuklu,Tekli,Düz,Bisiklet Yaka,Örme,Standart Kol,Günlük,Beyaz,Casual/Günlük,Regular,Uzun,Hayır,Basic,Süprem,Cool & Comfort,,Büyük Beden,Tüm Yaş Grupları,100% Pamuk,,
43,790742981,19623,4.4,,/trendyol-curve/siyah-kalpli-cut-out-detayli-fitilli-orme-t-shirt-tbbss24bf00006-p-790742981/yorumlar,Slim,Pamuklu,,Düz,Bisiklet Yaka,Örme,Standart Kol,,Siyah,Casual/Günlük,Regular,Kısa,Hayır,Basic,Kaşkorse,Feminine,Cut Out,,Tüm Yaş Grupları,100% Pamuk,,
44,447659332,3285,4.5,,/trendyol-curve/siyah-bisiklet-yaka-baskili-orme-t-shirt-tbbss23bf00025-p-447659332/yorumlar,Regular,Pamuklu,Tekli,Slogan,Bisiklet Yaka,Örme,Standart Kol,,Siyah,Casual/Günlük,Regular,Kısa,Hayır,Basic,Süprem,Cool & Comfort,Ek Özellik Mevcut Değil,,Tüm Yaş Grupları,100% Pamuk,,
45,195777485,41721,4.6,,/trendyol-curve/zumrut-yesili-bisiklet-yaka-basic-orme-t-shirt-tbbss22ts0733-p-195777485/yorumlar,Regular,Pamuklu,Tekli,Düz,Bisiklet Yaka,Örme,Standart Kol,Günlük,Yeşil,Casual/Günlük,Regular,Uzun,Hayır,Basic,Süprem,Cool & Comfort,,Büyük Beden,Tüm Yaş Grupları,100% Pamuk,,
46,447656287,23175,4.7,,/trendyol-curve/kahverengi-bisiklet-yaka-sirti-baskili-orme-t-shirt-tbbss23bf00024-p-447656287/yorumlar,Oversize,Pamuklu,Tekli,Slogan,Bisiklet Yaka,Örme,Düşük Kol,,Kahverengi,Casual/Günlük,Regular,Kısa,Hayır,Basic,Süprem,Cool & Comfort,,,Tüm Yaş Grupları,100% Pamuk,,Sırt Baskılı
47,805486912,5005,3.8,,/trendyol-curve/beyaz-brode-detayli-basic-orme-t-shirt-tbbss24bf00055-p-805486912/yorumlar,Regular,Pamuklu,,Çiçekli,Bisiklet Yaka,Örme,Standart Kol,,Beyaz,Casual/Günlük,Standart,Kısa,Hayır,Basic,Süprem,Cool & Comfort,,,Tüm Yaş Grupları,100% Pamuk,,
48,195777484,10026,4.6,,/trendyol-curve/siyah-basic-bisiklet-yaka-orme-t-shirt-tbbss22ts0733-p-195777484/yorumlar,Regular,Pamuklu,Tekli,Düz,Bisiklet Yaka,Örme,Standart Kol,Günlük,Siyah,Casual/Günlük,Regular,Uzun,Hayır,Basic,Süprem,Cool & Comfort,,Büyük Beden,Tüm Yaş Grupları,100% Pamuk,,
49,797887098,12812,4.7,,/trendyol-curve/koyu-yesil-slogan-baskili-boyfriend-orme-t-shirt-tbbss24bf00036-p-797887098/yorumlar,Boyfriend,Pamuklu,,Slogan,Bisiklet Yaka,Örme,Düşük Kol,,Yeşil,Casual/Günlük,Regular,Kısa,Hayır,Boyfriend,Süprem,Cool & Comfort,,,Tüm Yaş Grupları,100% Pamuk,,
50,465507036,16905,4.5,,/trendyol-curve/siyah-bisiklet-yaka-tasli-orme-t-shirt-tbbss23bf00041-tbbss23bf00041-p-465507036/yorumlar,Boyfriend,Pamuklu,Tekli,Düz,Bisiklet Yaka,Örme,Düşük Kol,,Siyah,Casual/Günlük,Uzun,Kısa,Hayır,Boyfriend,Süprem,Cool & Comfort,Ek Özellik Mevcut Değil,,Tüm Yaş Grupları,100% Pamuk,,
51,792568744,2651,4.4,,/trendyol-curve/beyaz-baskili-oversize-orme-t-shirt-tbbss24bf00011-p-792568744/yorumlar,Oversize,Pamuklu,,Slogan,Bisiklet Yaka,Örme,Düşük Kol,,Beyaz,Casual/Günlük,Regular,Kısa,Hayır,Basic,Süprem,Cool & Comfort,,,Tüm Yaş Grupları,100% Pamuk,,
52,795228022,4793,4.4,,/trendyol-curve/kirmizi-slogan-baskili-oversize-orme-t-shirt-tbbss24bf00018-p-795228022/yorumlar,Oversize,Pamuklu,,Slogan,Bisiklet Yaka,Örme,Düşük Kol,,Kırmızı,Casual/Günlük,Regular,Kısa,Hayır,Basic,Süprem,Cool & Comfort,,,Tüm Yaş Grupları,100% Pamuk,,
53,775749605,4103,4.7,,/trendyol-curve/mor-bisiklet-yaka-baskili-orme-t-shirt-tbbss23bf00022-p-775749605/yorumlar,Boyfriend,Pamuklu,Tekli,Slogan,Bisiklet Yaka,Örme,Standart Kol,,Mor,Casual/Günlük,Uzun,Kısa,Hayır,Boyfriend,Süprem,Cool & Comfort,,,Tüm Yaş Grupları,100% Pamuk,,
54,795226693,18625,4.5,,/trendyol-curve/beyaz-cizgili-baskili-oversize-orme-t-shirt-tbbss24bf00017-p-795226693/yorumlar,Oversize,Pamuklu,,Slogan,Bisiklet Yaka,Örme,Düşük Kol,,Beyaz,Casual/Günlük,Regular,Kısa,Hayır,Basic,Süprem,Cool & Comfort,,,Tüm Yaş Grupları,100% Pamuk,,
55,680441110,12029,4.7,,/trendyol-curve/pembe-bisiklet-yaka-baskili-orme-t-shirt-tbbss23bf00022-p-680441110/yorumlar,Boyfriend,Pamuklu,Tekli,Slogan,Bisiklet Yaka,Örme,Standart Kol,,Pembe,Casual/Günlük,Uzun,Kısa,Hayır,Boyfriend,Süprem,Cool & Comfort,,,Tüm Yaş Grupları,100% Pamuk,,
56,816905144,3184,4.2,,/trendyol-curve/beyaz-cut-out-detayli-renkli-kalp-nakisli-t-shirt-tbbss24bf00069-p-816905144/yorumlar,Regular,%100 Pamuk,,Kalp,Bisiklet Yaka,Örme,Standart Kol,,Beyaz,Casual/Günlük,Regular,Kısa,Hayır,Basic,Süprem,Cool & Comfort,,,Tüm Yaş Grupları,100% Pamuk,,
57,453675882,3293,4.5,,/trendyol-curve/beyaz-bisiklet-yaka-baskili-orme-t-shirt-tbbss23bf00032-p-453675882/yorumlar,Regular,Pamuklu,Tekli,Slogan,Bisiklet Yaka,Örme,Standart Kol,,Beyaz,Casual/Günlük,Regular,Kısa,Hayır,Basic,Süprem,Cool & Comfort,Ek Özellik Mevcut Değil,,Tüm Yaş Grupları,100% Pamuk,,
58,823683675,1811,4.9,,/trendyol-curve/siyah-100-pamuk-kol-nakisli-relaxed-genis-rahat-kesim-bisiklet-yaka-orme-t-shirt-p-823683675/yorumlar,Relaxed,%100 Pamuk,,Düz,V Yaka,Örme,Düşük Kol,,Siyah,Casual/Günlük,Regular,Kısa,Hayır,Basic,Süprem,Cool & Comfort,,,Tüm Yaş Grupları,100% Pamuk,,
59,797884114,12660,4.7,,/trendyol-curve/siyah-nakis-detayli-boyfriend-orme-t-shirt-tbbss24bf00029-p-797884114/yorumlar,Boyfriend,Pamuklu,,Çiçekli,Bisiklet Yaka,Örme,Düşük Kol,,Siyah,Casual/Günlük,Regular,Kısa,Hayır,Boyfriend,Süprem,Cool & Comfort,,,Tüm Yaş Grupları,100% Pamuk,,
60,443800444,28593,4.6,,/trendyol-curve/ekru-renk-bloklu-baskili-orme-t-shirt-tbbss23bf00014-p-443800444/yorumlar,Regular,Pamuklu,,Slogan,Bisiklet Yaka,Örme,Reglan Kol,,Ekru,Casual/Günlük,Regular,Kısa,Hayır,Basic,Süprem,Cool & Comfort,,,Tüm Yaş Grupları,100% Pamuk,,
61,185192549,11946,4.6,,/trendyol-curve/vizon-petrol-boyfriend-bisiklet-yaka-yirtmacli-orme-t-shirt-tbbss22bf0031-p-185192549/yorumlar,Boyfriend,Pamuklu,Tekli,Düz,Bisiklet Yaka,Örme,Standart Kol,,Kahverengi,Casual/Günlük,Uzun,Kısa,Hayır,Boyfriend,Süprem,Cool & Comfort,Yırtmaçlı,Büyük Beden,Tüm Yaş Grupları,100% Pamuk,,
62,271470968,7942,4.6,,/trendyol-curve/yesil-genis-kalip-nakisli-orme-t-shirt-tbbss22bf00002-p-271470968/yorumlar,Oversize,Örme,,Düz,Bisiklet Yaka,Örme,Düşük Kol,,Yeşil,Casual/Günlük,Regular,Kısa,Hayır,Basic,Süprem,Cool & Comfort,,Büyük Beden,Tüm Yaş Grupları,"71% Polyester, 29% Viskoz",,
63,363818055,15854,4.5,,/trendyol-curve/mor-bisiklet-yaka-kol-detayli-orme-t-shirt-tbbss22bf0023-p-363818055/yorumlar,Regular,Süprem,Tekli,Düz,Bisiklet Yaka,Örme,Düşük Kol,,Mor,Casual/Günlük,Regular,Kısa,Hayır,Basic,Süprem,Cool & Comfort,,Büyük Beden,Tüm Yaş Grupları,100% Pamuk,Baskısız,
64,369654602,6565,4.5,,/trendyol-curve/kiremit-kare-yaka-orme-t-shirt-tbbss22bf0027-p-369654602/yorumlar,Fitted,,Tekli,Düz,Kare Yaka,Örme,Standart Kol,,Turuncu,Casual/Günlük,Regular,Kısa,Hayır,Basic,Kaşkorse,Cool & Comfort,,Büyük Beden,Tüm Yaş Grupları,"97% Pamuk, ,3% Elastan",,
65,442822185,20258,4.7,,/trendyol-curve/siyah-genis-kalip-baskili-bisiklet-yaka-orme-t-shirt-tbbss23bf00015-p-442822185/yorumlar,Oversize,Pamuklu,,Slogan,Bisiklet Yaka,Örme,Standart Kol,,Siyah,Casual/Günlük,Regular,Kısa,Hayır,Basic,Süprem,Cool & Comfort,,,Tüm Yaş Grupları,100% Pamuk,,
66,814881601,1912,4.7,,/trendyol-curve/acik-pembe-100-pamuk-sirt-baskili-genis-rahat-kesim-bisiklet-yaka-orme-t-shirt-tbbss24bf00025-p-814881601/yorumlar,Relaxed,Pamuklu,,Slogan,Bisiklet Yaka,Örme,Düşük Kol,,Pembe,Casual/Günlük,Regular,Askılı,Hayır,Basic,Süprem,Cool & Comfort,,,Tüm Yaş Grupları,100% Pamuk,,Sırt Baskılı
67,220737684,24916,4.6,,/trendyol-curve/mavi-baskili-orme-t-shirt-tbbss22ts2095-p-220737684/yorumlar,Boyfriend,Pamuklu,Tekli,Slogan,Bisiklet Yaka,Örme,Standart Kol,,Mavi,Casual/Günlük,Uzun,Kısa,Hayır,Boyfriend,Süprem,Cool & Comfort,,Büyük Beden,Tüm Yaş Grupları,100% Pamuk,,
68,212029901,7620,4.7,,/trendyol-curve/siyah-baskili-orme-t-shirt-tbbss22ts1048-p-212029901/yorumlar,Regular,Pamuklu,Tekli,Slogan,Bisiklet Yaka,Örme,Standart Kol,,Siyah,Casual/Günlük,Regular,Kısa,Hayır,Basic,Süprem,Cool & Comfort,,Büyük Beden,Tüm Yaş Grupları,100% Pamuk,,
69,220099665,11881,4.5,,/trendyol-curve/siyah-crop-bisiklet-yaka-orme-t-shirt-tbbss22ts2107-p-220099665/yorumlar,Fitted,Pamuklu,Tekli,Düz,Bisiklet Yaka,Örme,Standart Kol,Günlük,Siyah,Casual/Günlük,Crop,Kısa,Hayır,Basic,Kaşkorse,Cool & Comfort,,Büyük Beden,Tüm Yaş Grupları,"97% Polyester, ,3% Elastan",Baskısız,
70,279096107,9369,4.4,,/trendyol-curve/siyah-yuvarlak-yaka-uzun-kollu-orme-t-shirt-tbbaw23bf00004-p-279096107/yorumlar,Fitted,Süprem,Tekli,Düz,Bisiklet Yaka,Örme,Standart Kol,,Siyah,Casual/Günlük,Regular,Uzun,Hayır,Basic,Süprem,Cool & Comfort,Ek Özellik Mevcut Değil,Büyük Beden,Tüm Yaş Grupları,100% Pamuk,,
71,452047698,33489,4.7,,/trendyol-curve/siyah-bisiklet-yaka-baskili-orme-t-shirt-tbbss23bf00022-p-452047698/yorumlar,Boyfriend,Pamuklu,Tekli,Slogan,Bisiklet Yaka,Örme,Standart Kol,,Siyah,Casual/Günlük,Uzun,Kısa,Hayır,Boyfriend,Süprem,Cool & Comfort,,,Tüm Yaş Grupları,100% Pamuk,,
72,444115751,8933,4.5,,/trendyol-curve/siyah-boyfriend-yakasi-ribanali-orme-t-shirt-tbbss23bf00019-p-444115751/yorumlar,Boyfriend,Pamuklu,Tekli,Düz,Bisiklet Yaka,Örme,Standart Kol,,Siyah,Casual/Günlük,Uzun,Kısa,Hayır,Boyfriend,Süprem,Cool & Comfort,,,Tüm Yaş Grupları,100% Pamuk,,
73,460580974,13229,4.5,,/trendyol-curve/siyah-bisiklet-yaka-dikis-detayli-orme-crop-t-shirt-tbbss23bf00037-p-460580974/yorumlar,Regular,Pamuklu,Tekli,Düz,Bisiklet Yaka,Örme,Standart Kol,,Siyah,Casual/Günlük,Crop,Kısa,Hayır,Basic,Süprem,Cool & Comfort,,,Tüm Yaş Grupları,100% Pamuk,,
74,816452285,3058,4.5,,/trendyol-curve/kirmizi-cizgili-baskili-oversize-orme-t-shirt-tbbss24bf00017-p-816452285/yorumlar,Oversize,Pamuklu,,Slogan,Bisiklet Yaka,Örme,Düşük Kol,,Kırmızı,Casual/Günlük,Regular,Kısa,Hayır,Basic,Süprem,Cool & Comfort,,,Tüm Yaş Grupları,100% Pamuk,,
75,447665349,15430,4.6,,/trendyol-curve/bej-bisiklet-yaka-baskili-orme-t-shirt-tbbss23bf00027-p-447665349/yorumlar,Regular,Pamuklu,,Slogan,Bisiklet Yaka,Örme,Standart Kol,,Bej,Casual/Günlük,Crop,Kısa,Hayır,Basic,Süprem,Cool & Comfort,Ek Özellik Mevcut Değil,,Tüm Yaş Grupları,100% Pamuk,,
76,809348443,7804,4.6,,/trendyol-curve/pembe-kalpli-cut-out-detayli-fitilli-orme-t-shirt-tbbss24bf00006-p-809348443/yorumlar,Slim,Pamuklu,,Düz,Bisiklet Yaka,Örme,Standart Kol,,Pembe,Casual/Günlük,Regular,Kısa,Hayır,Basic,Kaşkorse,Feminine,Cut Out,,Tüm Yaş Grupları,100% Pamuk,,
77,792571997,8261,4.3,,/trendyol-curve/beyaz-renk-blok-detayli-boyfriend-orme-t-shirt-tbbss24bf00012-p-792571997/yorumlar,Boyfriend,Pamuklu,,Düz,Bisiklet Yaka,Örme,Düşük Kol,,Beyaz,Casual/Günlük,Regular,Kısa,Hayır,Boyfriend,Süprem,Cool & Comfort,,,Tüm Yaş Grupları,100% Pamuk,,
78,216951163,31099,4.5,,/trendyol-curve/siyah-yaka-detayli-orme-t-shirt-tbbss22ts1027-p-216951163/yorumlar,Relaxed,Pamuklu,Tekli,Düz,V Yaka,Örme,Standart Kol,,Siyah,Casual/Günlük,Regular,Kısa,Hayır,Boyfriend,Süprem,Cool & Comfort,,Büyük Beden,Tüm Yaş Grupları,100% Pamuk,Baskısız,
79,813921291,729,5.0,,/trendyol-curve/siyah-boyfriend-v-yaka-yirtmacli-orme-modal-kumas-t-shirt-tbbss24bf00065-p-813921291/yorumlar,Boyfriend,,,Düz,V Yaka,Örme,Standart Kol,,Siyah,Casual/Günlük,Uzun,Kısa,Hayır,Basic,Süprem,Cool & Comfort,,,Tüm Yaş Grupları,"96% Modal, ,4% Elastan",,
80,805660591,3485,4.8,,/trendyol-curve/siyah-animal-baskili-oversize-orme-t-shirt-tbbss24bf00059-p-805660591/yorumlar,Oversize,Pamuklu,,Düz,Bisiklet Yaka,Örme,Düşük Kol,,Siyah,Casual/Günlük,Regular,Kısa,Hayır,Basic,Süprem,Cool & Comfort,,,Tüm Yaş Grupları,100% Pamuk,,
81,443788412,17790,4.6,,/trendyol-curve/lacivert-baskili-crop-orme-t-shirt-tbbss23bf00011-p-443788412/yorumlar,Regular,Pamuklu,Tekli,Slogan,Bisiklet Yaka,Örme,Standart Kol,,Lacivert,Casual/Günlük,Crop,Kısa,Hayır,Basic,Süprem,Cool & Comfort,,,Tüm Yaş Grupları,100% Pamuk,,
82,792881380,3025,4.7,,/trendyol-curve/acik-mavi-100-pamuk-baskili-relaxed-genis-rahat-kesim-bisiklet-yaka-orme-t-shirt-tbbss24bf00026-p-792881380/yorumlar,Relaxed,Pamuklu,,Hayvan Desenli,Bisiklet Yaka,Örme,Düşük Kol,,Mavi,Casual/Günlük,Regular,Askılı,Hayır,Basic,Süprem,Cool & Comfort,,,Tüm Yaş Grupları,100% Pamuk,,
83,809448188,7848,4.7,,/trendyol-curve/brode-detayli-basic-orme-t-shirt-tbbss24bf00055-p-809448188/yorumlar,Regular,Pamuklu,,Çiçekli,Bisiklet Yaka,Örme,Standart Kol,,Siyah,Casual/Günlük,Standart,Kısa,Hayır,Basic,Süprem,Cool & Comfort,,,Tüm Yaş Grupları,100% Pamuk,,
84,801115201,1429,4.0,,/trendyol-curve/tas-100-pamuk-more-sustainable-asimetrik-orme-t-shirt-tbbss24bf00052-p-801115201/yorumlar,Regular,%100 Pamuk,,Düz,Bisiklet Yaka,Örme,Standart Kol,,Bej,Casual/Günlük,Regular,Kolsuz,Hayır,Asimetrik,Süprem,Cool & Comfort,,,Tüm Yaş Grupları,100% Pamuk,,
85,776716088,7820,4.6,,/trendyol-curve/yesil-p-776716088/yorumlar,Oversize,Pamuklu,,Slogan,Bisiklet Yaka,Örme,Standart Kol,,Yeşil,Casual/Günlük,Regular,Kısa,Hayır,Basic,Süprem,Cool & Comfort,,,Tüm Yaş Grupları,100% Pamuk,,
86,812919891,1720,4.4,,/trendyol-curve/somon-yaka-ribanali-genis-kalip-basic-orme-t-shirt-tbbss23bf00017-p-812919891/yorumlar,Oversize,Pamuklu,,Düz,Bisiklet Yaka,Örme,Düşük Kol,,Pembe,Casual/Günlük,Regular,Kısa,Hayır,Basic,Süprem,Cool & Comfort,,,Tüm Yaş Grupları,100% Pamuk,,
87,785876486,15266,4.4,,/trendyol-curve/beyaz-dugme-detayli-orme-t-shirt-tbbss24bf00000-p-785876486/yorumlar,Boyfriend,Pamuklu,,Düz,Bisiklet Yaka,Örme,Düşük Kol,,Beyaz,Casual/Günlük,Uzun,Kısa,Hayır,Boyfriend,Süprem,Cool & Comfort,,,Tüm Yaş Grupları,100% Pamuk,,
88,410829561,7950,4.7,,/trendyol-curve/siyah-bisiklet-yaka-kollari-firfirli-orme-t-shirt-tbbss23bf00006-p-410829561/yorumlar,Regular,Pamuklu,Tekli,Düz,Bisiklet Yaka,Örme,Düşük Kol,,Siyah,Casual/Günlük,Regular,Kısa,Hayır,Basic,Süprem,Cool & Comfort,,,Tüm Yaş Grupları,100% Pamuk,,
89,363816006,22272,4.6,,/trendyol-curve/turuncu-yaka-detayli-orme-t-shirt-tbbss22ts1027-p-363816006/yorumlar,Relaxed,Pamuklu,Tekli,Düz,V Yaka,Örme,Standart Kol,,Turuncu,Casual/Günlük,Regular,Kısa,Hayır,Boyfriend,Süprem,Cool & Comfort,,Büyük Beden,Tüm Yaş Grupları,100% Pamuk,Baskısız,
90,184973803,10887,4.4,,/trendyol-curve/siyah-v-yaka-basic-orme-t-shirt-tbbss22bf0028-p-184973803/yorumlar,Regular,Pamuklu,,Düz,Kare Yaka,Örme,Standart Kol,,Siyah,Casual/Günlük,Regular,Kısa,Hayır,Basic,Süprem,Cool & Comfort,,Büyük Beden,Tüm Yaş Grupları,100% Pamuk,Baskısız,
91,185897209,26738,4.5,,/trendyol-curve/beyaz-boyfriend-v-yaka-yirtmacli-orme-t-shirt-tbbss22bf0036-p-185897209/yorumlar,Boyfriend,Pamuklu,Tekli,Düz,V Yaka,Örme,Standart Kol,,Beyaz,Casual/Günlük,Regular,Kısa,Hayır,Boyfriend,Süprem,Cool & Comfort,Extra Esnek,Büyük Beden,Tüm Yaş Grupları,100% Pamuk,Baskısız,
92,792549934,1988,4.8,,/trendyol-curve/siyah-dik-yaka-boyfriend-orme-t-shirt-tbbss24bf00015-p-792549934/yorumlar,Boyfriend,Pamuklu,,Düz,Dik Yaka,Örme,Düşük Kol,,Siyah,Casual/Günlük,Regular,Askılı,Hayır,Boyfriend,Süprem,Cool & Comfort,,,Tüm Yaş Grupları,100% Pamuk,,
93,369753085,11390,4.6,,/trendyol-curve/turuncu-boyfriend-v-yaka-yirtmacli-orme-t-shirt-tbbss22bf0036-p-369753085/yorumlar,Boyfriend,Pamuklu,Tekli,Düz,V Yaka,Örme,Standart Kol,,Turuncu,Casual/Günlük,Regular,Kısa,Hayır,Boyfriend,Süprem,Cool & Comfort,Extra Esnek,Büyük Beden,Tüm Yaş Grupları,100% Pamuk,Baskısız,
94,412306416,4075,4.5,,/trendyol-curve/gri-bisiklet-yaka-aksesuarli-orme-t-shirt-tbbss23bf00005-p-412306416/yorumlar,Regular,Pamuklu,Tekli,Düz,Bisiklet Yaka,Örme,Standart Kol,,Gri,Casual/Günlük,Regular,Kısa,Hayır,Basic,Süprem,Cool & Comfort,,,Tüm Yaş Grupları,100% Pamuk,,
95,196005149,13718,4.4,,/trendyol-curve/siyah-boyfriend-parca-detayli-orme-t-shirt-tbbss22ts0727-p-196005149/yorumlar,Boyfriend,%100 Pamuk,Tekli,Düz,Bisiklet Yaka,Örme,Standart Kol,,Siyah,Casual/Günlük,Uzun,Kısa,Hayır,Boyfriend,Süprem,Cool & Comfort,Extra Esnek,Büyük Beden,Tüm Yaş Grupları,100% Pamuk,,
96,792541125,1096,4.8,,/trendyol-curve/siyah-kayik-yaka-orme-t-shirt-tbbss24bf00014-p-792541125/yorumlar,Fitted,,,Düz,Kayık Yaka,Örme,Standart Kol,,Siyah,Casual/Günlük,Regular,Truvakar Kol,Hayır,Basic,Viskon,Smart,,,Tüm Yaş Grupları,"56% Viskoz, 42% Polyester, 2% Elastan",,
97,803223057,1791,3.5,,/trendyol-curve/bej-dugme-detayli-boyfriend-orme-t-shirt-tbbss24bf00047-p-803223057/yorumlar,Boyfriend,Pamuklu,,Düz,Bisiklet Yaka,Örme,Standart Kol,,Gri,Casual/Günlük,Regular,Kısa,Hayır,Boyfriend,Flamlı Süprem,Cool & Comfort,,,Tüm Yaş Grupları,100% Pamuk,,
98,799051857,913,4.6,,/trendyol-curve/pembe-tas-detayli-boyfriend-orme-t-shirt-tbbss24bf00042-p-799051857/yorumlar,Boyfriend,Pamuklu,,Düz,Bisiklet Yaka,Örme,Düşük Kol,,Pembe,Casual/Günlük,Regular,Kısa,Hayır,Boyfriend,Süprem,Cool & Comfort,,,Tüm Yaş Grupları,100% Pamuk,,
99,460580980,14776,4.6,,/trendyol-curve/beyaz-bisiklet-yaka-dikis-detayli-orme-crop-t-shirt-tbbss23bf00037-p-460580980/yorumlar,Regular,Pamuklu,Tekli,Düz,Bisiklet Yaka,Örme,Standart Kol,,Beyaz,Casual/Günlük,Crop,Kısa,Hayır,Basic,Süprem,Cool & Comfort,,,Tüm Yaş Grupları,100% Pamuk,,
100,816892145,1926,4.6,,/trendyol-curve/haki-somon-100-pamuk-suprem-bisiklet-yaka-2-li-paket-orme-t-shirt-p-816892145/yorumlar,Regular,%100 Pamuk,,Düz,Bisiklet Yaka,Örme,Standart Kol,,Haki,Casual/Günlük,Regular,Kısa,Hayır,Basic,Süprem,Cool & Comfort,,,Tüm Yaş Grupları,100% Pamuk,,
101,805483518,2024,4.7,,/trendyol-curve/beyaz-brode-detayli-boyfriend-orme-t-shirt-tbbss24bf00054-p-805483518/yorumlar,Boyfriend,Pamuklu,,Çiçekli,Bisiklet Yaka,Örme,Düşük Kol,,Beyaz,Casual/Günlük,Regular,Kısa,Hayır,Boyfriend,Süprem,Cool & Comfort,,,Tüm Yaş Grupları,100% Pamuk,,
102,363816009,10559,4.5,,/trendyol-curve/lila-yaka-detayli-orme-t-shirt-tbbss22ts1027-p-363816009/yorumlar,Relaxed,Pamuklu,Tekli,Düz,V Yaka,Örme,Standart Kol,,Mor,Casual/Günlük,Regular,Kısa,Hayır,Boyfriend,Süprem,Cool & Comfort,,Büyük Beden,Tüm Yaş Grupları,100% Pamuk,Baskısız,
103,792801601,3578,4.6,,/trendyol-curve/kahverengi-100-pamuk-slogan-baskili-relaxed-genis-rahat-kesim-orme-t-shirt-tbbss24bf00022-p-792801601/yorumlar,Relaxed,Pamuklu,,Slogan,Bisiklet Yaka,Örme,Düşük Kol,,Kahverengi,Casual/Günlük,Regular,Askılı,Hayır,Basic,Süprem,Cool & Comfort,,,Tüm Yaş Grupları,100% Pamuk,,
104,796361778,2419,4.1,,/trendyol-curve/gri-melanj-baskili-oversize-orme-t-shirt-tbbss24bf00020-p-796361778/yorumlar,Oversize,Örme,,Slogan,Bisiklet Yaka,Örme,Düşük Kol,,Gri,Casual/Günlük,Regular,Kısa,Hayır,Basic,Süprem,Cool & Comfort,,,Tüm Yaş Grupları,"71% Polyester, 29% Pamuk",,
105,297913262,19751,4.3,,/trendyol-curve/turuncu-pencere-cut-out-detayli-orme-t-shirt-tbbss22bf00001-p-297913262/yorumlar,Regular,%100 Pamuk,,Düz,Bisiklet Yaka,Örme,Standart Kol,,Turuncu,Casual/Günlük,Regular,Kısa,Hayır,Basic,Süprem,Cool & Comfort,Cut Out,Büyük Beden,Tüm Yaş Grupları,100% Pamuk,,
106,792885650,3346,4.6,,/trendyol-curve/yag-yesili-gri-2-li-paket-100-pamuk-basic-dik-yaka-orme-t-shirt-tbbss24bf00027-p-792885650/yorumlar,Regular,Pamuklu,,Düz,Dik Yaka,Örme,Düşük Kol,,Yeşil,Casual/Günlük,Regular,Askılı,Hayır,Basic,Süprem,Cool & Comfort,,,Tüm Yaş Grupları,100% Pamuk,,
107,790836690,16224,4.2,,/trendyol-curve/beyaz-kalp-aksesuar-detayli-oversize-orme-t-shirt-tbbss24bf00008-p-790836690/yorumlar,Oversize,Pamuklu,,Kalp,Bisiklet Yaka,Örme,Düşük Kol,,Beyaz,Casual/Günlük,Regular,Kısa,Hayır,Basic,Süprem,Cool & Comfort,,,Tüm Yaş Grupları,100% Pamuk,,
108,410829565,12261,4.6,,/trendyol-curve/pembe-bisiklet-yaka-kollari-firfirli-orme-t-shirt-tbbss23bf00006-p-410829565/yorumlar,Regular,Pamuklu,Tekli,Düz,Bisiklet Yaka,Örme,Düşük Kol,,Pembe,Casual/Günlük,Regular,Kısa,Hayır,Basic,Süprem,Cool & Comfort,,,Tüm Yaş Grupları,100% Pamuk,,
109,363758668,13687,4.5,,/trendyol-curve/vizon-boyfriend-v-yaka-yirtmacli-orme-t-shirt-tbbss22bf0036-p-363758668/yorumlar,Boyfriend,Pamuklu,Tekli,Düz,V Yaka,Örme,Standart Kol,,Bej,Casual/Günlük,Regular,Kısa,Hayır,Boyfriend,Süprem,Cool & Comfort,Extra Esnek,Büyük Beden,Tüm Yaş Grupları,100% Pamuk,Baskısız,
110,184973827,12918,4.3,,/trendyol-curve/zumrut-v-yaka-basic-orme-t-shirt-tbbss22bf0028-p-184973827/yorumlar,Regular,Pamuklu,,Düz,Kare Yaka,Örme,Standart Kol,,Yeşil,Casual/Günlük,Regular,Kısa,Hayır,Basic,Süprem,Cool & Comfort,,Büyük Beden,Tüm Yaş Grupları,100% Pamuk,Baskısız,
111,795229723,3466,4.5,,/trendyol-curve/saks-slogan-baskili-oversize-orme-t-shirt-tbbss24bf00018-p-795229723/yorumlar,Oversize,Pamuklu,,Slogan,Bisiklet Yaka,Örme,Düşük Kol,,Mavi,Casual/Günlük,Regular,Kısa,Hayır,Basic,Süprem,Cool & Comfort,,,Tüm Yaş Grupları,100% Pamuk,,
112,792885275,3980,4.5,,/trendyol-curve/beyaz-siyah-2-li-paket-100-pamuk-basic-dik-yaka-orme-t-shirt-tbbss24bf00027-p-792885275/yorumlar,Regular,Pamuklu,,Düz,Dik Yaka,Örme,Düşük Kol,,Çok Renkli,Casual/Günlük,Regular,Askılı,Hayır,Basic,Süprem,Cool & Comfort,,,Tüm Yaş Grupları,100% Pamuk,,
113,364180077,2627,4.5,,/trendyol-curve/beyaz-baskili-orme-t-shirt-tbbss22ts2121-p-364180077/yorumlar,Relaxed,Pamuklu,Tekli,Desenli,V Yaka,Örme,Standart Kol,,Beyaz,Casual/Günlük,Uzun,Kısa,Hayır,Boyfriend,Süprem,Cool & Comfort,,Büyük Beden,Tüm Yaş Grupları,100% Pamuk,,
114,369747337,14546,4.6,,/trendyol-curve/mavi-bisiklet-yaka-kol-detayli-orme-t-shirt-tbbss22bf0023-p-369747337/yorumlar,Regular,Süprem,Tekli,Düz,Bisiklet Yaka,Örme,Düşük Kol,,Mavi,Casual/Günlük,Regular,Kısa,Hayır,Basic,Süprem,Cool & Comfort,,Büyük Beden,Tüm Yaş Grupları,100% Pamuk,Baskısız,
115,363823230,8723,4.6,,/trendyol-curve/beyaz-bisiklet-yaka-baskili-orme-t-shirt-tbbss22ts1944-p-363823230/yorumlar,Boyfriend,Pamuklu,Tekli,Slogan,Bisiklet Yaka,Örme,Standart Kol,,Beyaz,Casual/Günlük,Uzun,Kısa,Hayır,Boyfriend,Süprem,Cool & Comfort,Extra Esnek,Büyük Beden,Tüm Yaş Grupları,100% Pamuk,,
116,464380048,10217,4.5,,/trendyol-curve/siyah-beyaz-cizgili-kayik-yaka-orme-t-shirt-tbbss23bf00018-p-464380048/yorumlar,Regular,,,Çizgili,Kayık Yaka,Örme,Standart Kol,,Çok Renkli,Casual/Günlük,Regular,Kısa,Hayır,Basic,Süprem,Cool & Comfort,,,Tüm Yaş Grupları,"90% Polyester, 10% Viskoz",,
117,814881371,2199,4.8,,/trendyol-curve/gri-melanj-slogan-baskili-boyfriend-orme-t-shirt-tbbss24bf00036-p-814881371/yorumlar,Boyfriend,Pamuklu,,Slogan,Bisiklet Yaka,Örme,Düşük Kol,,Gri,Casual/Günlük,Regular,Kısa,Hayır,Boyfriend,Süprem,Cool & Comfort,,,Tüm Yaş Grupları,100% Pamuk,,
118,813918959,718,5.0,,/trendyol-curve/siyah-basic-bisiklet-yaka-orme-modal-kumas-t-shirt-p-813918959/yorumlar,Regular,,,Düz,Bisiklet Yaka,Örme,Standart Kol,,Siyah,Casual/Günlük,Regular,Kısa,Hayır,Basic,Süprem,Cool & Comfort,,,Tüm Yaş Grupları,"96% Modal, ,4% Elastan",,
119,460562297,3966,4.7,,/trendyol-curve/beyaz-bisiklet-yaka-animal-baskili-orme-t-shirt-tbbss23bf00035-p-460562297/yorumlar,Regular,Pamuklu,Tekli,Hayvan Desenli,Bisiklet Yaka,Örme,Standart Kol,,Beyaz,Casual/Günlük,Regular,Kısa,Hayır,Basic,Süprem,Cool & Comfort,,,Tüm Yaş Grupları,100% Pamuk,,
120,794458675,2914,4.6,,/trendyol-curve/beyaz-biye-detayli-orme-t-shirt-tbbss24bf00021-p-794458675/yorumlar,Fitted,Pamuklu,,Düz,Bisiklet Yaka,Örme,Düşük Kol,,Beyaz,Casual/Günlük,Regular,Kısa,Hayır,Boyfriend,Süprem,Cool & Comfort,,,Tüm Yaş Grupları,100% Pamuk,,
121,790725364,2064,4.8,,/trendyol-curve/antrasit-nakis-detayli-fitilli-orme-t-shirt-tbbss24bf00007-p-790725364/yorumlar,Slim Fit,Pamuklu,,Slogan,Bisiklet Yaka,Örme,Standart Kol,,Gri,Casual/Günlük,Regular,Kısa,Hayır,Basic,Kaşkorse,Cool & Comfort,,,Tüm Yaş Grupları,100% Pamuk,,
122,801141104,1968,4.4,,/trendyol-curve/kahverengi-animal-desen-boyfriend-orme-t-shirt-tbbss24bf00046-p-801141104/yorumlar,Boyfriend,Polyester,,Hayvan Desenli,Bisiklet Yaka,Örme,Standart Kol,,Kahverengi,Casual/Günlük,Regular,Kısa,Hayır,Boyfriend,Kesik Elyaf,Cool & Comfort,,,Tüm Yaş Grupları,100% Polyester,,
123,790745526,2564,4.5,,/trendyol-curve/beyaz-baskili-boyfriend-orme-t-shirt-tbbss24bf00005-p-790745526/yorumlar,Boyfriend,Pamuklu,,Slogan,Bisiklet Yaka,Örme,Düşük Kol,,Beyaz,Casual/Günlük,Uzun,Kısa,,Boyfriend,Süprem,Cool & Comfort,,,Tüm Yaş Grupları,100% Pamuk,,
124,185192533,18064,4.5,,/trendyol-curve/beyaz-boyfriend-bisiklet-yaka-yirtmacli-orme-t-shirt-tbbss22bf0031-p-185192533/yorumlar,Boyfriend,Pamuklu,Tekli,Düz,Bisiklet Yaka,Örme,Standart Kol,,Beyaz,Casual/Günlük,Uzun,Kısa,Hayır,Boyfriend,Süprem,Cool & Comfort,Yırtmaçlı,Büyük Beden,Tüm Yaş Grupları,100% Pamuk,,
125,168717510,24845,4.2,,/trendyol-curve/beyaz-kollari-baglama-detayli-orme-t-shirt-tbbss22bf0003-p-168717510/yorumlar,Regular,Süprem,Tekli,Düz,Bisiklet Yaka,Örme,Standart Kol,Günlük,Beyaz,Casual/Günlük,Regular,Kolsuz,Hayır,Basic,Süprem,Cool & Comfort,,Büyük Beden,Tüm Yaş Grupları,100% Pamuk,Baskısız,
126,447656267,10062,4.7,,/trendyol-curve/siyah-bisiklet-yaka-baskili-orme-t-shirt-tbbss23bf00024-p-447656267/yorumlar,Oversize,Pamuklu,Tekli,Slogan,Bisiklet Yaka,Örme,Düşük Kol,,Siyah,Casual/Günlük,Regular,Kısa,Hayır,Basic,Süprem,Cool & Comfort,,,Tüm Yaş Grupları,100% Pamuk,,Sırt Baskılı
127,787993950,1596,3.4,,/trendyol-curve/antrasit-eskitme-soluk-efektli-basic-fitilli-pamuklu-esnek-orme-t-shirt-tbbss24af00030-p-787993950/yorumlar,Slim,Örme,,Düz,Bisiklet Yaka,Örme,Standart Kol,,Gri,Casual/Günlük,Regular,Kısa,Hayır,Basic,Fitilli,Cool & Comfort,,,Tüm Yaş Grupları,"95% Pamuk, ,5% Elastan",,
128,635016098,16669,4.3,,/trendyol-curve/beyaz-more-sustainable-sirt-dekolteli-vatkali-orme-t-shirt-tbbss23bf00045-p-635016098/yorumlar,Oversize,Pamuklu,Tekli,Düz,Bisiklet Yaka,Örme,Standart Kol,,Siyah,Casual/Günlük,Regular,Kolsuz,Organik,Basic,Süprem,Cool & Comfort,,Care,Tüm Yaş Grupları,100% Pamuk,,
129,816452383,3425,4.8,,/trendyol-curve/pembe-cizgili-baskili-oversize-orme-t-shirt-tbbss24bf00017-p-816452383/yorumlar,Oversize,Pamuklu,,Slogan,Bisiklet Yaka,Örme,Düşük Kol,,Pembe,Casual/Günlük,Regular,Kısa,Hayır,Basic,Süprem,Cool & Comfort,,,Tüm Yaş Grupları,100% Pamuk,,
130,368312160,3912,4.6,,/trendyol-curve/pembe-basic-bisiklet-yaka-orme-t-shirt-tbbss22ts0733-p-368312160/yorumlar,Regular,Pamuklu,Tekli,Düz,Bisiklet Yaka,Örme,Standart Kol,Günlük,Pembe,Casual/Günlük,Regular,Uzun,Hayır,Basic,Süprem,Cool & Comfort,,Büyük Beden,Tüm Yaş Grupları,100% Pamuk,,
131,790767644,8474,4.1,,/trendyol-curve/siyah-dantelli-orme-t-shirt-tbbss24bf00009-p-790767644/yorumlar,Regular,Pamuklu,,Düz,Bisiklet Yaka,Örme,Düşük Kol,,Siyah,Casual/Günlük,Regular,Kısa,Hayır,Basic,Süprem,Feminine,,,Tüm Yaş Grupları,100% Pamuk,,
132,267223481,10251,4.4,,/trendyol-curve/kirmizi-yaka-detayli-orme-t-shirt-tbbss22ts1027-p-267223481/yorumlar,Relaxed,Pamuklu,Tekli,Düz,V Yaka,Örme,Standart Kol,,Kırmızı,Casual/Günlük,Regular,Kısa,Hayır,Boyfriend,Süprem,Cool & Comfort,,Büyük Beden,Tüm Yaş Grupları,100% Pamuk,Baskısız,
133,792770532,982,4.8,,/trendyol-curve/indigo-boyfriend-orme-t-shirt-tbbss24bf00015-p-792770532/yorumlar,Boyfriend,Pamuklu,,Düz,Dik Yaka,Örme,Düşük Kol,,Lacivert,Casual/Günlük,Regular,Askılı,Hayır,Boyfriend,Süprem,Cool & Comfort,,,Tüm Yaş Grupları,100% Pamuk,,
134,797898201,2286,4.5,,/trendyol-curve/lacivert-nakis-detayli-basic-orme-t-shirt-tbbss24bf00039-p-797898201/yorumlar,Regular,Pamuklu,,Desenli,Bisiklet Yaka,Örme,Standart Kol,,Lacivert,Casual/Günlük,Regular,Kısa,Hayır,Basic,Süprem,Cool & Comfort,,,Tüm Yaş Grupları,100% Pamuk,,
135,812819379,1489,4.7,,/trendyol-curve/lila-dugme-detayli-orme-t-shirt-tbbss24bf00000-p-812819379/yorumlar,Boyfriend,Pamuklu,,Düz,Bisiklet Yaka,Örme,Düşük Kol,,Mor,Casual/Günlük,Uzun,Kısa,Hayır,Boyfriend,Süprem,Cool & Comfort,,,Tüm Yaş Grupları,100% Pamuk,,
136,220524730,5126,4.5,,/trendyol-curve/turuncu-baskili-orme-t-shirt-tbbss22ts1871-p-220524730/yorumlar,Boyfriend,%100 Pamuk,Tekli,Slogan,Bisiklet Yaka,Örme,Standart Kol,,Turuncu,Casual/Günlük,Uzun,Kısa,,Boyfriend,Süprem,Cool & Comfort,Extra Esnek,Büyük Beden,Tüm Yaş Grupları,100% Pamuk,,
137,796381568,1423,4.0,,/trendyol-curve/ekru-dikis-detayli-basic-orme-t-shirt-tbbss24bf00040-p-796381568/yorumlar,Fitted,Pamuklu,,Düz,Bisiklet Yaka,Örme,Standart Kol,,Ekru,Casual/Günlük,Regular,Truvakar Kol,Hayır,Basic,Süprem,Cool & Comfort,,,Tüm Yaş Grupları,100% Pamuk,,
138,796381340,1150,4.4,,/trendyol-curve/kiremit-dikis-detayli-basic-orme-t-shirt-tbbss24bf00040-p-796381340/yorumlar,Fitted,Pamuklu,,Düz,Bisiklet Yaka,Örme,Standart Kol,,Turuncu,Casual/Günlük,Regular,Truvakar Kol,Hayır,Basic,Süprem,Cool & Comfort,,,Tüm Yaş Grupları,100% Pamuk,,
139,818082553,783,4.1,,/trendyol-curve/siyah-oversize-orme-t-shirt-tbbss24bf00071-p-818082553/yorumlar,Oversize,%100 Pamuk,,Düz,V Yaka,Örme,Standart Kol,,Siyah,Casual/Günlük,Regular,Kısa,Hayır,Basic,Süprem,Cool & Comfort,,,Tüm Yaş Grupları,100% Pamuk,,
140,364148413,13219,4.7,,/trendyol-curve/siyah-bisiklet-yaka-orme-t-shirt-tbbss22ts2094-p-364148413/yorumlar,Regular,Pamuklu,Tekli,Düz,Bisiklet Yaka,Örme,Standart Kol,,Siyah,Casual/Günlük,Regular,Kısa,Hayır,Basic,Süprem,Cool & Comfort,Extra Esnek,Büyük Beden,Tüm Yaş Grupları,100% Pamuk,,
141,806466982,2322,4.6,,/trendyol-curve/pembe-yakasi-ribanali-boyfriend-orme-t-shirt-tbbss23bf00019-p-806466982/yorumlar,Boyfriend,Pamuklu,Tekli,Düz,Bisiklet Yaka,Örme,Standart Kol,,Pembe,Casual/Günlük,Uzun,Kısa,Hayır,Boyfriend,Süprem,Cool & Comfort,,,Tüm Yaş Grupları,100% Pamuk,,
142,460558589,3753,4.6,,/trendyol-curve/beyaz-bisiklet-yaka-baskili-orme-t-shirt-tbbss23bf00034-p-460558589/yorumlar,Regular,Pamuklu,Tekli,Slogan,Bisiklet Yaka,Örme,Standart Kol,,Beyaz,Casual/Günlük,Regular,Kısa,Hayır,Basic,Süprem,Cool & Comfort,,,Tüm Yaş Grupları,100% Pamuk,,
143,805657980,1653,4.7,,/trendyol-curve/yesil-baskili-boyfriend-orme-t-shirt-tbbss24bf00058-p-805657980/yorumlar,Boyfriend,Pamuklu,,Slogan,Bisiklet Yaka,Örme,Düşük Kol,,Yeşil,Casual/Günlük,Regular,Kısa,Hayır,Boyfriend,Süprem,Cool & Comfort,,,Tüm Yaş Grupları,100% Pamuk,,
144,803223622,1674,3.6,,/trendyol-curve/yesil-dugme-detayli-boyfriend-orme-t-shirt-tbbss24bf00047-p-803223622/yorumlar,Boyfriend,Pamuklu,,Düz,Bisiklet Yaka,Örme,Standart Kol,,Yeşil,Casual/Günlük,Regular,Kısa,Hayır,Boyfriend,Flamlı Süprem,Cool & Comfort,,,Tüm Yaş Grupları,100% Pamuk,,
145,796428516,1447,4.3,,/trendyol-curve/beyaz-gold-metal-baskili-boyfriend-orme-t-shirt-tbbss24bf00030-p-796428516/yorumlar,Boyfriend,Pamuklu,,Slogan,Bisiklet Yaka,Örme,Standart Kol,,Beyaz,Casual/Günlük,Regular,Kısa,Hayır,Boyfriend,Süprem,Cool & Comfort,,,Tüm Yaş Grupları,100% Pamuk,,
146,812818931,2380,4.6,,/trendyol-curve/mint-yesili-dugme-detayli-orme-t-shirt-tbbss24bf00000-p-812818931/yorumlar,Boyfriend,Pamuklu,,Düz,Bisiklet Yaka,Örme,Düşük Kol,,Yeşil,Casual/Günlük,Uzun,Kısa,Hayır,Boyfriend,Süprem,Cool & Comfort,,,Tüm Yaş Grupları,100% Pamuk,,
147,801104869,754,4.5,,/trendyol-curve/tas-100-pamuk-more-sustainable-boyfriend-orme-t-shirt-tbbss24bf00051-p-801104869/yorumlar,Boyfriend,%100 Pamuk,,Düz,Bisiklet Yaka,Örme,Düşük Kol,,Bej,Casual/Günlük,Regular,Kısa,Hayır,Boyfriend,Süprem,Cool & Comfort,,,Tüm Yaş Grupları,100% Pamuk,,
148,220478858,10709,4.7,,/trendyol-curve/antrasit-bisiklet-yaka-baskili-orme-t-shirt-tbbss22ts1944-p-220478858/yorumlar,Boyfriend,Pamuklu,Tekli,Slogan,Bisiklet Yaka,Örme,Standart Kol,,Gri,Casual/Günlük,Uzun,Kısa,Hayır,Boyfriend,Süprem,Cool & Comfort,Extra Esnek,Büyük Beden,Tüm Yaş Grupları,100% Pamuk,,
149,818084852,1078,5.0,,/trendyol-curve/pembe-bisiklet-yaka-oversize-orme-t-shirt-tbbss24bf00072-p-818084852/yorumlar,Oversize,%100 Pamuk,,Slogan,Bisiklet Yaka,Örme,Standart Kol,,Pembe,Casual/Günlük,Regular,Kısa,Hayır,Basic,Süprem,Cool & Comfort,,,Tüm Yaş Grupları,100% Pamuk,,
150,222760837,11151,4.4,,/trendyol-curve/pembe-yaka-detayli-orme-t-shirt-tbbss22ts1027-p-222760837/yorumlar,Relaxed,Pamuklu,Tekli,Düz,V Yaka,Örme,Standart Kol,,Pembe,Casual/Günlük,Regular,Kısa,Hayır,Boyfriend,Süprem,Cool & Comfort,,Büyük Beden,Tüm Yaş Grupları,100% Pamuk,Baskısız,
151,799621513,1287,4.5,,/trendyol-curve/gri-etiket-detayli-boyfriend-orme-t-shirt-tbbss24bf00038-p-799621513/yorumlar,Boyfriend,Pamuklu,,Slogan,Bisiklet Yaka,Örme,Düşük Kol,,Gri,Casual/Günlük,Regular,Kısa,Hayır,Boyfriend,Süprem,Cool & Comfort,,,Tüm Yaş Grupları,100% Pamuk,,
152,799053535,1378,4.6,,/trendyol-curve/beyaz-varak-baski-detayli-boyfriend-orme-t-shirt-tbbss24bf00043-p-799053535/yorumlar,Boyfriend,Pamuklu,,Slogan,Bisiklet Yaka,Örme,Standart Kol,,Beyaz,Casual/Günlük,Regular,Kısa,Hayır,Boyfriend,Süprem,Cool & Comfort,,,Tüm Yaş Grupları,100% Pamuk,,
153,801331298,2078,4.4,,/trendyol-curve/pembe-serit-detayli-baskili-basic-orme-t-shirt-tbbss24bf00048-p-801331298/yorumlar,Regular,Pamuklu,,Slogan,Bisiklet Yaka,Örme,Standart Kol,,Pembe,Casual/Günlük,Regular,Kısa,Hayır,Basic,Süprem,Cool & Comfort,,,Tüm Yaş Grupları,100% Pamuk,,
154,812853912,2941,3.9,,/trendyol-curve/beyaz-bisiklet-yaka-kiraz-desenli-boncuk-islemeli-basic-orme-t-shirt-tbbss24bf00064-p-812853912/yorumlar,Regular,%100 Pamuk,,Desenli,Bisiklet Yaka,Örme,Standart Kol,,Beyaz,Casual/Günlük,Regular,Kısa,Hayır,Basic,Süprem,Cool & Comfort,,,Tüm Yaş Grupları,100% Pamuk,,
155,230040131,13694,4.6,,/trendyol-curve/bej-baskili-orme-t-shirt-tbbss22ts2287-p-230040131/yorumlar,Regular,Pamuklu,Tekli,Çiçekli,Bisiklet Yaka,Örme,Standart Kol,,Bej,Casual/Günlük,Uzun,Kısa,Hayır,Boyfriend,Süprem,Cool & Comfort,Ek Özellik Mevcut Değil,Büyük Beden,Tüm Yaş Grupları,100% Pamuk,Varak,
156,792540690,1121,4.0,,/trendyol-curve/beyaz-kayik-yaka-orme-t-shirt-tbbss24bf00014-p-792540690/yorumlar,Fitted,,,Düz,Kayık Yaka,Örme,Standart Kol,,Beyaz,Casual/Günlük,Regular,Truvakar Kol,Hayır,Basic,Viskon,Smart,,,Tüm Yaş Grupları,"56% Viskoz, 42% Polyester, 2% Elastan",,
157,785876772,3577,4.6,,/trendyol-curve/beyaz-cizgi-kumas-detayli-oversize-orme-t-shirt-tbbss24bf00001-p-785876772/yorumlar,Oversize,Pamuklu,,Çizgili,Bisiklet Yaka,Örme,Düşük Kol,,Beyaz,Casual/Günlük,Regular,Kısa,Hayır,Basic,Süprem,Cool & Comfort,,,Tüm Yaş Grupları,100% Pamuk,,
158,729589937,4824,4.5,,/trendyol-curve/siyah-slogan-baskili-crop-orme-t-shirt-tbbss23bf00069-p-729589937/yorumlar,Regular,Pamuklu,,Slogan,Bisiklet Yaka,Örme,Standart Kol,,Siyah,Casual/Günlük,Regular,Kısa,Hayır,Basic,Süprem,Cool & Comfort,Ek Özellik Mevcut Değil,,Tüm Yaş Grupları,100% Pamuk,,
159,799163253,1699,4.1,,/trendyol-curve/mint-varak-baski-detayli-boyfriend-orme-t-shirt-tbbss24bf00044-p-799163253/yorumlar,Boyfriend,Pamuklu,,Desenli,Bisiklet Yaka,Örme,Düşük Kol,,Yeşil,Casual/Günlük,Regular,Kısa,Hayır,Boyfriend,Süprem,Cool & Comfort,,,Tüm Yaş Grupları,100% Pamuk,,
160,447677641,4383,4.8,,/trendyol-curve/pembe-bisiklet-yaka-orme-t-shirt-tbbss23bf00028-p-447677641/yorumlar,Boyfriend,Pamuklu,Tekli,Slogan,Bisiklet Yaka,Örme,Standart Kol,,Pembe,Casual/Günlük,Regular,Kısa,Hayır,Boyfriend,Süprem,Cool & Comfort,,,Tüm Yaş Grupları,100% Pamuk,,
161,812927552,1156,4.7,,/trendyol-curve/turuncu-v-yaka-basic-orme-t-shirt-tbbss22bf0028-p-812927552/yorumlar,Regular,Pamuklu,,Düz,Kare Yaka,Örme,Standart Kol,,Turuncu,Casual/Günlük,Regular,Kısa,Hayır,Basic,Süprem,Cool & Comfort,,Büyük Beden,Tüm Yaş Grupları,100% Pamuk,Baskısız,
162,805659893,1692,4.2,,/trendyol-curve/pembe-baskili-oval-kesim-boyfrind-orme-t-shirt-tbbss24bf00056-p-805659893/yorumlar,Boyfriend,Pamuklu,,Slogan,Bisiklet Yaka,Örme,Düşük Kol,,Pembe,Casual/Günlük,Regular,Kısa,Hayır,Boyfriend,Süprem,Cool & Comfort,,,Tüm Yaş Grupları,100% Pamuk,,
163,817823733,1033,4.2,,/trendyol-curve/bordo-p-817823733/yorumlar,Boyfriend,%100 Pamuk,,Slogan,Bisiklet Yaka,Örme,Standart Kol,,Bordo,Casual/Günlük,Uzun,Kısa,Hayır,Basic,Süprem,Cool & Comfort,,,Tüm Yaş Grupları,100% Pamuk,,
164,795468148,2918,4.4,,/trendyol-curve/ekru-unisex-oversize-rahat-100-pamuklu-couple-orme-t-shirt-tbbss24bf00033-p-795468148/yorumlar,Oversize,Pamuklu,,Slogan,Bisiklet Yaka,Örme,Standart Kol,,Ekru,Casual/Günlük,Standart,Kısa,Hayır,Basic,Süprem,Cool & Comfort,,,Tüm Yaş Grupları,100% Pamuk,,
165,774359434,2054,4.3,,/trendyol-curve/yesil-p-774359434/yorumlar,Relaxed,Pamuklu,Tekli,Düz,V Yaka,Örme,Standart Kol,,Yeşil,Casual/Günlük,Regular,Kısa,Hayır,Boyfriend,Süprem,Cool & Comfort,,Büyük Beden,Tüm Yaş Grupları,100% Pamuk,Baskısız,
166,801115323,2409,4.2,,/trendyol-curve/siyah-100-pamuk-more-sustainable-asimetrik-orme-t-shirt-tbbss24bf00052-p-801115323/yorumlar,Regular,%100 Pamuk,,Düz,Bisiklet Yaka,Örme,Standart Kol,,Siyah,Casual/Günlük,Regular,Kolsuz,Hayır,Asimetrik,Süprem,Cool & Comfort,,,Tüm Yaş Grupları,100% Pamuk,,
167,229518661,6483,4.5,,/trendyol-curve/vizon-baskili-orme-t-shirt-tbbss22ts1656-p-229518661/yorumlar,Regular,Pamuklu,Tekli,Slogan,Bisiklet Yaka,Örme,Standart Kol,Günlük,Bej,Casual/Günlük,Regular,Kısa,Hayır,Shift,Süprem,Cool & Comfort,Ek Özellik Mevcut Değil,Büyük Beden,Tüm Yaş Grupları,100% Pamuk,,
168,817798513,757,4.5,,/trendyol-curve/yesil-bisiklet-yaka-orme-t-shirt-tbbss24bf00070-p-817798513/yorumlar,Boyfriend,%100 Pamuk,,Slogan,Bisiklet Yaka,Örme,Standart Kol,,Yeşil,Casual/Günlük,Uzun,Kısa,Hayır,Basic,Süprem,Cool & Comfort,,,Tüm Yaş Grupları,100% Pamuk,,
169,230060882,12571,4.5,,/trendyol-curve/indigo-buzgu-detayli-orme-t-shirt-tbbss22ts2293-p-230060882/yorumlar,Regular,Pamuklu,Tekli,Düz,Bisiklet Yaka,Örme,Düşük Kol,,Lacivert,Casual/Günlük,Regular,Kısa,Hayır,Boyfriend,Süprem,Cool & Comfort,Ek Özellik Mevcut Değil,Büyük Beden,Tüm Yaş Grupları,100% Pamuk,Baskısız,
170,800378886,1093,4.5,,/trendyol-curve/turuncu-yirtmac-ve-buzgu-detayli-boyfriend-orme-t-shirt-tbbss24bf00049-p-800378886/yorumlar,Boyfriend,Pamuklu,,Düz,Bisiklet Yaka,Örme,Düşük Kol,,Turuncu,Casual/Günlük,Regular,Kısa,Hayır,Boyfriend,Süprem,Cool & Comfort,,,Tüm Yaş Grupları,100% Pamuk,,
171,805659263,1318,4.5,,/trendyol-curve/bej-sirt-baskili-boyfriend-orme-t-shirt-tbbss24bf00057-p-805659263/yorumlar,Boyfriend,Pamuklu,,Sırt Baskılı,Bisiklet Yaka,Örme,Düşük Kol,,Bej,Casual/Günlük,Regular,Kısa,Hayır,Boyfriend,Süprem,Cool & Comfort,,,Tüm Yaş Grupları,100% Pamuk,,Sırt Baskılı
172,800378533,1059,4.9,,/trendyol-curve/pembe-yirtmac-ve-buzgu-detayli-boyfriend-orme-t-shirt-tbbss24bf00049-p-800378533/yorumlar,Boyfriend,Pamuklu,,Düz,Bisiklet Yaka,Örme,Düşük Kol,,Pembe,Casual/Günlük,Regular,Kısa,Hayır,Boyfriend,Süprem,Cool & Comfort,,,Tüm Yaş Grupları,100% Pamuk,,
173,792885799,4226,4.6,,/trendyol-curve/bej-vizon-2-li-paket-100-pamuk-basic-dik-yaka-orme-t-shirt-tbbss24bf00027-p-792885799/yorumlar,Regular,Pamuklu,,Düz,Dik Yaka,Örme,Düşük Kol,,Bej,Casual/Günlük,Regular,Askılı,Hayır,Basic,Süprem,Cool & Comfort,,,Tüm Yaş Grupları,100% Pamuk,,
174,796360050,1332,4.6,,/trendyol-curve/beyaz-baski-ve-nakis-detayli-boyfriend-orme-t-shirt-tbbss24bf00019-p-796360050/yorumlar,Boyfriend,Pamuklu,,Slogan,Bisiklet Yaka,Örme,Standart Kol,,Beyaz,Casual/Günlük,Regular,Kısa,Hayır,Boyfriend,Süprem,Cool & Comfort,,,Tüm Yaş Grupları,100% Pamuk,,
175,279098328,2288,4.4,,/trendyol-curve/lacivert-siyah-bisiklet-yaka-basic-orme-t-shirt-tbbaw23bf00005-p-279098328/yorumlar,Oversize,Süprem,Tekli,Düz,Bisiklet Yaka,Örme,Düşük Kol,,Lacivert,Casual/Günlük,Regular,Uzun,Hayır,Basic,Süprem,Cool & Comfort,Ek Özellik Mevcut Değil,Büyük Beden,Tüm Yaş Grupları,100% Pamuk,,
176,814881440,950,4.6,,/trendyol-curve/mavi-slogan-baskili-boyfriend-orme-t-shirt-tbbss24bf00036-p-814881440/yorumlar,Boyfriend,Pamuklu,,Slogan,Bisiklet Yaka,Örme,Düşük Kol,,Mavi,Casual/Günlük,Regular,Kısa,Hayır,Boyfriend,Süprem,Cool & Comfort,,,Tüm Yaş Grupları,100% Pamuk,,
177,230060926,6917,4.6,,/trendyol-curve/siyah-buzgu-detayli-orme-t-shirt-tbbss22ts2293-p-230060926/yorumlar,Regular,Pamuklu,Tekli,Düz,Bisiklet Yaka,Örme,Düşük Kol,,Siyah,Casual/Günlük,Regular,Kısa,Hayır,Boyfriend,Süprem,Cool & Comfort,Ek Özellik Mevcut Değil,Büyük Beden,Tüm Yaş Grupları,100% Pamuk,Baskısız,
178,447683913,10780,4.8,,/trendyol-curve/siyah-bisiklet-yaka-orme-t-shirt-tbbss23bf00030-p-447683913/yorumlar,Boyfriend,Pamuklu,Tekli,Slogan,Bisiklet Yaka,Örme,Standart Kol,,Siyah,Casual/Günlük,Uzun,Kısa,Hayır,Boyfriend,Süprem,Cool & Comfort,,,Tüm Yaş Grupları,100% Pamuk,,
179,818082623,775,3.4,,/trendyol-curve/pembe-oversize-orme-t-shirt-tbbss24bf00071-p-818082623/yorumlar,Oversize,%100 Pamuk,,Düz,V Yaka,Örme,Standart Kol,,Pembe,Casual/Günlük,Regular,Kısa,Hayır,Basic,Süprem,Cool & Comfort,,,Tüm Yaş Grupları,100% Pamuk,,
180,818084858,961,3.5,,/trendyol-curve/turuncu-bisiklet-yaka-oversize-orme-t-shirt-tbbss24bf00072-p-818084858/yorumlar,Oversize,%100 Pamuk,,Slogan,Bisiklet Yaka,Örme,Standart Kol,,Turuncu,Casual/Günlük,Regular,Kısa,Hayır,Basic,Süprem,Cool & Comfort,,,Tüm Yaş Grupları,100% Pamuk,,
181,444115760,11868,4.6,,/trendyol-curve/beyaz-lacivert-yakasi-ribanali-boyfriend-orme-t-shirt-tbbss23bf00019-p-444115760/yorumlar,Boyfriend,Pamuklu,Tekli,Düz,Bisiklet Yaka,Örme,Standart Kol,,Beyaz,Casual/Günlük,Uzun,Kısa,Hayır,Boyfriend,Süprem,Cool & Comfort,,,Tüm Yaş Grupları,100% Pamuk,,
182,231554386,22947,4.4,,/trendyol-curve/turuncu-bisiklet-yaka-orme-t-shirt-tbbss22ts2094-p-231554386/yorumlar,Regular,Pamuklu,Tekli,Düz,Bisiklet Yaka,Örme,Standart Kol,,Turuncu,Casual/Günlük,Regular,Kısa,Hayır,Basic,Süprem,Cool & Comfort,Extra Esnek,Büyük Beden,Tüm Yaş Grupları,100% Pamuk,,
183,444115739,5081,4.6,,/trendyol-curve/lacivert-yakasi-ribanali-boyfriend-orme-t-shirt-tbbss23bf00019-p-444115739/yorumlar,Boyfriend,Pamuklu,Tekli,Düz,Bisiklet Yaka,Örme,Standart Kol,,Lacivert,Casual/Günlük,Uzun,Kısa,Hayır,Boyfriend,Süprem,Cool & Comfort,,,Tüm Yaş Grupları,100% Pamuk,,
184,818082622,759,4.7,,/trendyol-curve/bej-oversize-orme-t-shirt-tbbss24bf00071-p-818082622/yorumlar,Oversize,%100 Pamuk,,Düz,V Yaka,Örme,Standart Kol,,Bej,Casual/Günlük,Regular,Kısa,Hayır,Basic,Süprem,Cool & Comfort,,,Tüm Yaş Grupları,100% Pamuk,,
185,801105212,1078,4.6,,/trendyol-curve/antrasit-100-pamuk-more-sustainable-boyfriend-orme-t-shirt-tbbss24bf00051-p-801105212/yorumlar,Boyfriend,%100 Pamuk,,Düz,Bisiklet Yaka,Örme,Düşük Kol,,Gri,Casual/Günlük,Regular,Kısa,Hayır,Boyfriend,Süprem,Cool & Comfort,,,Tüm Yaş Grupları,100% Pamuk,,
186,801080023,1362,3.9,,/trendyol-curve/mint-100-pamuk-more-sustainable-oversize-orme-t-shirt-tbbss24bf00050-p-801080023/yorumlar,Oversize,%100 Pamuk,,Düz,Bisiklet Yaka,Örme,Düşük Kol,,Yeşil,Casual/Günlük,Regular,Kısa,Hayır,Basic,Süprem,Cool & Comfort,,,Tüm Yaş Grupları,100% Pamuk,,
187,266811463,4476,4.3,,/trendyol-curve/sari-kollari-baglama-detayli-orme-t-shirt-tbbss22bf0003-p-266811463/yorumlar,Regular,Süprem,Tekli,Düz,Bisiklet Yaka,Örme,Standart Kol,Günlük,Sarı,Casual/Günlük,Regular,Kolsuz,Hayır,Basic,Süprem,Cool & Comfort,,Büyük Beden,Tüm Yaş Grupları,100% Pamuk,Baskısız,
188,190356211,6284,4.4,,/trendyol-curve/tas-bisiklet-yaka-kol-detayli-orme-t-shirt-tbbss22bf0023-p-190356211/yorumlar,Regular,Süprem,Tekli,Düz,Bisiklet Yaka,Örme,Düşük Kol,,Gri,Casual/Günlük,Regular,Kısa,Hayır,Basic,Süprem,Cool & Comfort,,Büyük Beden,Tüm Yaş Grupları,100% Pamuk,Baskısız,
189,812928249,919,4.8,,/trendyol-curve/lila-v-yaka-yirtmacli-basic-orme-t-shirt-tbbss22bf0036-p-812928249/yorumlar,Boyfriend,Pamuklu,Tekli,Düz,V Yaka,Örme,Standart Kol,,Mor,Casual/Günlük,Regular,Kısa,Hayır,Boyfriend,Süprem,Cool & Comfort,Extra Esnek,Büyük Beden,Tüm Yaş Grupları,100% Pamuk,Baskısız,
190,797884825,2852,4.6,,/trendyol-curve/acik-mavi-metalik-nakis-detayli-oversize-orme-t-shirt-tbbss24bf00028-p-797884825/yorumlar,Oversize,Pamuklu,,Slogan,Bisiklet Yaka,Örme,Düşük Kol,,Lacivert,Casual/Günlük,Regular,Kısa,Hayır,Basic,Süprem,Cool & Comfort,,,Tüm Yaş Grupları,100% Pamuk,,
191,230133356,22797,4.6,,/trendyol-curve/siyah-kol-detayli-orme-t-shirt-tbbss22ts2291-p-230133356/yorumlar,Regular,Pamuklu,Tekli,Düz,Bisiklet Yaka,Örme,Standart Kol,,Siyah,Casual/Günlük,Uzun,Kısa,Hayır,Shift,Süprem,Cool & Comfort,Extra Esnek,Büyük Beden,Tüm Yaş Grupları,100% Pamuk,,
192,812878406,1490,4.5,,/trendyol-curve/pembe-genis-kalip-orme-nakisli-t-shirt-tbbss22bf00002-p-812878406/yorumlar,Oversize,Örme,,Düz,Bisiklet Yaka,Örme,Düşük Kol,,Pembe,Casual/Günlük,Regular,Kısa,Hayır,Basic,Süprem,Cool & Comfort,,Büyük Beden,Tüm Yaş Grupları,"71% Polyester, 29% Viskoz",,
193,196081185,56902,4.5,,/trendyol-curve/siyah-yaka-detayli-orme-t-shirt-tbbss22ts0877-p-196081185/yorumlar,Boyfriend,,Tekli,Düz,V Yaka,Örme,Düşük Kol,,Siyah,Casual/Günlük,Uzun,Kısa,Hayır,Boyfriend,Süprem,Cool & Comfort,,Büyük Beden,Tüm Yaş Grupları,"97% Viskoz, ,3% Elastan",,
194,447677622,2650,4.8,,/trendyol-curve/beyaz-bisiklet-yaka-baskili-orme-t-shirt-tbbss23bf00028-p-447677622/yorumlar,Boyfriend,Pamuklu,Tekli,Slogan,Bisiklet Yaka,Örme,Standart Kol,,Beyaz,Casual/Günlük,Regular,Kısa,Hayır,Boyfriend,Süprem,Cool & Comfort,,,Tüm Yaş Grupları,100% Pamuk,,
195,792853980,2559,4.1,,/trendyol-curve/ekru-100-pamuk-premium-oversize-genis-kalip-bisiklet-yaka-orme-t-shirt-tbbss24bf00023-p-792853980/yorumlar,Oversize,Pamuklu,,Düz,Bisiklet Yaka,Örme,Düşük Kol,,Ekru,Casual/Günlük,Uzun,Askılı,Hayır,Basic,Süprem,Cool & Comfort,,,Tüm Yaş Grupları,100% Pamuk,,
196,796427937,1443,4.7,,/trendyol-curve/beyaz-tas-detayli-boyfriend-orme-t-shirt-tbbss24bf00031-p-796427937/yorumlar,Boyfriend,Pamuklu,,Düz,Bisiklet Yaka,Örme,Düşük Kol,,Beyaz,Casual/Günlük,Regular,Kısa,,Boyfriend,Süprem,Cool & Comfort,,,Tüm Yaş Grupları,100% Pamuk,,
197,818084855,1704,4.5,,/trendyol-curve/mor-bisiklet-yaka-oversize-orme-t-shirt-tbbss24bf00072-p-818084855/yorumlar,Oversize,%100 Pamuk,,Slogan,Bisiklet Yaka,Örme,Standart Kol,,Mor,Casual/Günlük,Regular,Kısa,Hayır,Basic,Süprem,Cool & Comfort,,,Tüm Yaş Grupları,100% Pamuk,,
198,460603910,3502,4.6,,/trendyol-curve/kirmizi-baskili-orme-t-shirt-tbbss23bf00038-p-460603910/yorumlar,Boyfriend,Pamuklu,Tekli,Slogan,Bisiklet Yaka,Örme,Ay Kol,,Kırmızı,Casual/Günlük,Uzun,Kısa,Hayır,Boyfriend,Süprem,Cool & Comfort,,,Tüm Yaş Grupları,100% Pamuk,,
199,220746520,21308,4.5,,/trendyol-curve/siyah-baskili-orme-t-shirt-tbbss22ts2121-p-220746520/yorumlar,Relaxed,Pamuklu,Tekli,Desenli,V Yaka,Örme,Standart Kol,,Siyah,Casual/Günlük,Uzun,Kısa,Hayır,Boyfriend,Süprem,Cool & Comfort,,Büyük Beden,Tüm Yaş Grupları,100% Pamuk,,
200,364177829,9009,4.8,,/trendyol-curve/siyah-baskili-orme-t-shirt-tbbss22ts2095-p-364177829/yorumlar,Boyfriend,Pamuklu,Tekli,Slogan,Bisiklet Yaka,Örme,Standart Kol,,Siyah,Casual/Günlük,Uzun,Kısa,Hayır,Boyfriend,Süprem,Cool & Comfort,,Büyük Beden,Tüm Yaş Grupları,100% Pamuk,,
201,816902443,1337,4.8,,/trendyol-curve/yesil-renk-bloklu-baskili-orme-t-shirt-tbbss23bf00014-p-816902443/yorumlar,Regular,Pamuklu,,Slogan,Bisiklet Yaka,Örme,Reglan Kol,,Yeşil,Casual/Günlük,Regular,Kısa,Hayır,Basic,Süprem,Cool & Comfort,,,Tüm Yaş Grupları,100% Pamuk,,
202,803324516,2275,4.3,,/trendyol-curve/pembe-polo-yaka-orme-t-shirt-tbbss24bf00045-p-803324516/yorumlar,Fitted,Pamuklu,,Düz,Polo Yaka,Örme,Standart Kol,,Pembe,Casual/Günlük,Regular,Kısa,Hayır,Basic,Pike,Cool & Comfort,,,Tüm Yaş Grupları,100% Pamuk,,
203,801079610,1739,3.9,,/trendyol-curve/antrasit-100-pamuk-more-sustainable-oversize-orme-t-shirt-tbbss24bf00050-p-801079610/yorumlar,Oversize,%100 Pamuk,,Düz,Bisiklet Yaka,Örme,Düşük Kol,,Gri,Casual/Günlük,Regular,Kısa,Hayır,Basic,Süprem,Cool & Comfort,,,Tüm Yaş Grupları,100% Pamuk,,
204,792567723,1939,4.4,,/trendyol-curve/beyaz-baski-detayli-oversize-orme-t-shirt-tbbss24bf00013-p-792567723/yorumlar,Oversize,Pamuklu,,Desenli,Bisiklet Yaka,Örme,Düşük Kol,,Beyaz,Casual/Günlük,Regular,Kısa,Hayır,Basic,Süprem,Cool & Comfort,,,Tüm Yaş Grupları,100% Pamuk,,
205,803324470,2479,4.3,,/trendyol-curve/acik-mavi-polo-yaka-t-shirt-tbbss24bf00045-p-803324470/yorumlar,Fitted,Pamuklu,,Düz,Polo Yaka,Örme,Standart Kol,,Mavi,Casual/Günlük,Regular,Kısa,Hayır,Basic,Pike,Cool & Comfort,,,Tüm Yaş Grupları,100% Pamuk,,
206,801116341,2265,4.6,,/trendyol-curve/mint-100-pamuk-more-sustainable-biye-detayli-relaxed-orme-t-shirt-tbbss24bf00053-p-801116341/yorumlar,Relaxed,%100 Pamuk,,Düz,Bisiklet Yaka,Örme,Düşük Kol,,Yeşil,Casual/Günlük,Regular,Kısa,Hayır,Basic,Süprem,Cool & Comfort,,,Tüm Yaş Grupları,100% Pamuk,,
207,817798511,995,4.1,,/trendyol-curve/siyah-bisiklet-yaka-orme-t-shirt-tbbss24bf00070-p-817798511/yorumlar,Boyfriend,%100 Pamuk,,Slogan,Bisiklet Yaka,Örme,Standart Kol,,Siyah,Casual/Günlük,Uzun,Kısa,Hayır,Basic,Süprem,Cool & Comfort,,,Tüm Yaş Grupları,100% Pamuk,,
208,229730805,12005,4.6,,/trendyol-curve/kahverengi-baskili-orme-t-shirt-tbbss22ts1659-p-229730805/yorumlar,Boyfriend,%100 Pamuk,Tekli,Çiçekli,Bisiklet Yaka,Örme,Standart Kol,,Kahverengi,Casual/Günlük,Uzun,Kısa,Hayır,Boyfriend,Süprem,Cool & Comfort,Ek Özellik Mevcut Değil,Büyük Beden,Tüm Yaş Grupları,100% Pamuk,,
209,168717512,34016,4.4,,/trendyol-curve/yesil-kollari-baglama-detayli-orme-t-shirt-tbbss22bf0003-p-168717512/yorumlar,Regular,Süprem,Tekli,Düz,Bisiklet Yaka,Örme,Standart Kol,Günlük,Yeşil,Casual/Günlük,Regular,Kolsuz,Hayır,Basic,Süprem,Cool & Comfort,,Büyük Beden,Tüm Yaş Grupları,100% Pamuk,Baskısız,
