,ID,FAVORITE_COUNT,RATING_DETAIL,DELIVERY_DATE,PROFF_LINK,Kumaş Tipi,Bel,Kalıp,Desen,Renk,Ek Özellik,Persona,Ortam,Boy,Dokuma Tipi,Paça Tipi,Siluet,Yaş,Materyal Bileşeni,Sürdürülebilirlik Detayı,Paket İçeriği,Ürün Tipi,Ürün Detayı,Materyal,Stil,Koleksiyon,Boy / Ölçü,Cep,Parça Sayısı
0,44694916,593424,4.6,,/trendyolmilla/siyah-genis-bel-lastikli-ekstra-toparlayici-tam-boy-orme-spor-tayt-twoaw21ta0029-p-44694916/yorumlar,Örme,Yüksek Bel,Tam Boy,Düz,Siyah,Toparlayıcı,Cool & Comfort,Sportswear,Uzun,Dalgıç/Scuba,Dar Paça,Skinny,Tüm Yaş Grupları,"92% Polyester, ,8% Elastan",,,,,,,,,,
1,399092790,24151,4.6,,/trendyolmilla/siyah-toparlayici-orme-spor-biker-bisikletci-kisa-tayt-thmss23ty00021-p-399092790/yorumlar,Örme,Yüksek Bel,Biker,Düz,Siyah,Toparlayıcı,Cool & Comfort,Sportswear,Kısa,Dalgıç/Scuba,Dar Paça,Skinny,Tüm Yaş Grupları,"85% Polyester, ,15% Elastan",Hayır,Tekli,,,,,,,,
2,798071930,13591,4.7,,/trendyol-curve/siyah-gri-2-li-paket-biker-orme-tayt-tbbss24bv00000-p-798071930/yorumlar,Örme,Yüksek Bel,,Düz,Çok Renkli,,Cool & Comfort,Casual/Günlük,Kısa,Kaşkorse,Dar Paça,Skinny,Tüm Yaş Grupları,"90% Polyester, ,10% Elastan",Hayır,,,,,,,,,
3,31515569,1475136,4.4,,/trendyolmilla/siyah-toparlayici-beli-lastikli-yuksek-bel-orme-tayt-twoaw20ta0087-p-31515569/yorumlar,Örme,Yüksek Bel,7/8 Boy,Düz,Siyah,Toparlayıcı,Cool & Comfort,Casual/Günlük,Regular,İnterlok,Dar Paça,Slim,Tüm Yaş Grupları,"75% Viskoz, ,3% Elastan, ,22% Polyester",Hayır,,Düz,Lastikli,,,,,,
4,445594348,121268,4.2,,/trendyolmilla/siyah-seamless-dikissiz-asit-yikamali-orme-spor-sort-kisa-tayt-thmss23ty00034-p-445594348/yorumlar,Örme,Yüksek Bel,Şort Boy,Düz,Siyah,Seamless,Cool & Comfort,Sportswear,Şort Boy,Seamless,Dar Paça,Skinny,Tüm Yaş Grupları,"90% Poliamid,10% Elastan",Hayır,Tekli,,,,,,,,
5,196000002,91837,4.6,,/trendyol-curve/siyah-yuksek-bel-toparlayici-orme-tayt-tbbss22ta0022-p-196000002/yorumlar,Örme,Yüksek Bel,Slim Fit,Düz,Siyah,Toparlayıcı,Cool & Comfort,Casual/Günlük,Regular,İnterlok,Dar Paça,Slim,Tüm Yaş Grupları,"75% Viskoz, ,5% Elastan, ,20% Polyester",Hayır,Tekli,,,Viskon Karışımlı,Günlük,Büyük Beden,,,
6,280890186,224295,4.4,,/trendyolmilla/siyah-fitilli-ispanyol-paca-yoga-orme-spor-tayt-twoaw23ty00011-p-280890186/yorumlar,Örme,Yüksek Bel,Flare,Düz,Siyah,Toparlayıcı,Cool & Comfort,Sportswear,Uzun,Fitilli Scuba,ispanyol paça,Relaxed,Tüm Yaş Grupları,"95% Polyester, ,5% Elastan",Hayır,,,,,,,Uzun,,
7,44694696,73042,4.6,,/trendyolmilla/siyah-toparlayici-yuksek-bel-cep-detayli-orme-spor-sort-kisa-tayt-twoaw21sr0033-p-44694696/yorumlar,Örme,Yüksek Bel,Şort Boy,Düz,Siyah,Toparlayıcı,Cool & Comfort,Sportswear,Kısa,Dalgıç/Scuba,Dar Paça,Skinny,Tüm Yaş Grupları,"92% Polyester, ,8% Elastan",Hayır,Tekli,,Cep,,,Sportswear,,,
8,459301553,75373,4.6,,/trendyolmilla/x-sagaza-studio-siyah-toparlayici-kordon-biye-detayli-ve-push-up-dikisli-spor-tayt-p-459301553/yorumlar,Örme,Yüksek Bel,Skinny,Düz,Siyah,Toparlayıcı,Fashion Forward,Sportswear,Uzun,Dalgıç/Scuba,Dar Paça,Skinny,Tüm Yaş Grupları,"92% Polyester, ,8% Elastan",Hayır,,,,,,,Uzun,,
9,772653739,43900,4.3,,/trendyolmilla/mavi-seamless-dikissiz-asit-yikamali-orme-spor-sort-kisa-tayt-thmss23ty00034-p-772653739/yorumlar,Örme,Yüksek Bel,Şort Boy,Düz,Mavi,Seamless,Cool & Comfort,Sportswear,Şort Boy,Seamless,Dar Paça,Skinny,Tüm Yaş Grupları,"90% Poliamid,10% Elastan",Hayır,Tekli,,,,,,,,
10,795558701,14752,4.5,,/trendyolmilla/kirmizi-fircali-soft-kumas-ic-bel-cep-detayli-orme-spor-sort-kisa-tayt-thmss24ty00020-p-795558701/yorumlar,Örme,Yüksek Bel,Şort Boy,Baskılı,Kırmızı,,Cool & Comfort,Sportswear,Kısa,Fırçalı Scuba,Dar Paça,Skinny,Tüm Yaş Grupları,"80% Polyester, ,20% Elastan",Hayır,,,Cep,,,,,,
11,790175019,11664,4.2,,/trendyolmilla/siyah-fircali-soft-kumas-ispanyol-paca-yoga-orme-spor-tayt-thmss24ty00019-p-790175019/yorumlar,Örme,Yüksek Bel,Flare,Düz,Siyah,,Cool & Comfort,Sportswear,Uzun,Fırçalı Scuba,ispanyol paça,Skinny,Tüm Yaş Grupları,"80% Polyester, ,20% Elastan",Hayır,,,,,,,Uzun,,
12,790175771,13553,4.7,,/trendyolmilla/siyah-fircali-soft-ic-bel-cep-detayli-orme-spor-sort-kisa-tayt-thmss24ty00020-p-790175771/yorumlar,Örme,Yüksek Bel,Şort Boy,Baskılı,Siyah,,Cool & Comfort,Sportswear,Kısa,Fırçalı Scuba,Dar Paça,Skinny,Tüm Yaş Grupları,"80% Polyester, ,20% Elastan",Hayır,,,Cep,,,,,,
13,234800986,42034,4.7,,/trendyol-curve/siyah-yuksek-bel-toparlayici-orme-tayt-tbbss22ta00002-p-234800986/yorumlar,Örme,Yüksek Bel,Slim Fit,Düz,Siyah,Ek Özellik Mevcut Değil,Cool & Comfort,Casual/Günlük,Kısa,Dalgıç/Scuba,Dar Paça,Slim,Tüm Yaş Grupları,"92% Polyester, ,8% Elastan",Hayır,Tekli,,,Polyester Karışımlı,,Büyük Beden,,,
14,49377325,17741,4.5,,/trendyolmilla/lacivert-toparlayici-yuksek-bel-cep-detayli-orme-spor-biker-bisikletci-kisa-tayt-twoaw21ta0064-p-49377325/yorumlar,Örme,Yüksek Bel,Biker,Düz,Lacivert,Toparlayıcı,Cool & Comfort,Sportswear,Kısa,Dalgıç/Scuba,Dar Paça,Skinny,Tüm Yaş Grupları,"92% Polyester, ,8% Elastan",Hayır,,,Cep,,,,,,
15,782497092,14659,4.2,,/trendyolmilla/siyah-mat-toparlayici-kumas-reflektor-baskili-orme-spor-biker-bisikletci-kisa-tayt-thmss24ty00006-p-782497092/yorumlar,Örme,Yüksek Bel,Biker,Düz,Siyah,,Cool & Comfort,Sportswear,Kısa,Mat Scuba,Dar Paça,Skinny,Tüm Yaş Grupları,"82% Polyester, ,18% Elastan",Hayır,,,,,,,,,
16,376320182,35828,4.6,,/trendyolmilla/siyah-toparlayici-belde-reflektor-baskili-orme-spor-ekstra-sort-kisa-tayt-thmss23ty00019-p-376320182/yorumlar,Örme,Yüksek Bel,Şort Boy,Düz,Siyah,Toparlayıcı,Cool & Comfort,Sportswear,Şort Boy,Dalgıç/Scuba,Dar Paça,Skinny,Tüm Yaş Grupları,"92% Polyester, ,8% Elastan",Hayır,,,,,,,,,
17,110153572,73605,4.7,,/trendyolmilla/lacivert-toparlayici-orme-spor-sort-kisa-tayt-twoss21sr0545-p-110153572/yorumlar,Örme,Yüksek Bel,Şort Boy,Düz,Lacivert,Toparlayıcı,Cool & Comfort,Sportswear,Şort Boy,Dalgıç/Scuba,Dar Paça,Skinny,Tüm Yaş Grupları,"80% Polyester,20% Elastan",Hayır,Tekli,,Karyoka Dikişi,,,,,,
18,290188068,42596,4.4,,/trendyol-curve/siyah-fitilli-orme-tayt-tbbaw23ay00009-p-290188068/yorumlar,Örme,Yüksek Bel,Slim Fit,Düz,Siyah,,Cool & Comfort,Casual/Günlük,Regular,Ribana/Kaşkorse,Dar Paça,Slim,Tüm Yaş Grupları,"90% Polyester, ,10% Elastan",Hayır,,,,Örme,,Büyük Beden,,,
19,110154076,29496,4.5,,/trendyolmilla/haki-toparlayici-orme-spor-sort-kisa-tayt-twoss21sr0545-p-110154076/yorumlar,Örme,Yüksek Bel,Şort Boy,Düz,Haki,Toparlayıcı,Cool & Comfort,Sportswear,Şort Boy,Dalgıç/Scuba,Dar Paça,Skinny,Tüm Yaş Grupları,"80% Polyester,20% Elastan",Hayır,Tekli,,Karyoka Dikişi,,,,,,
20,89194097,55638,4.5,,/trendyolmilla/siyah-seamless-dikissiz-fitilli-biker-bisikletci-kisa-orme-spor-tayt-twoss21ta0013-p-89194097/yorumlar,Örme,Yüksek Bel,Biker,Düz,Siyah,Seamless,Cool & Comfort,Sportswear,Kısa,Seamless,Dar Paça,Skinny,Tüm Yaş Grupları,"92% Poliamid, ,8% Elastan",Hayır,Tekli,,,Poliamid Karışımlı,,Sportswear,,,
21,372673621,51509,4.7,,/trendyol-curve/siyah-ici-polarli-orme-tayt-tbbaw23bv00017-p-372673621/yorumlar,Örme,Normal Bel,Slim Fit,Düz,Siyah,,Cool & Comfort,Casual/Günlük,Regular,Ribana/Kaşkorse,Dar Paça,Slim,Tüm Yaş Grupları,"88% Polyester, ,12% Elastan",Hayır,Tekli,,,Elastan,,,,,
22,786561351,11582,3.8,,/trendyolmilla/siyah-beli-ekstra-toparlayici-orme-spor-sort-kisa-tayt-thmss24ty00014-p-786561351/yorumlar,Örme,Yüksek Bel,Şort Boy,Düz,Siyah,,Cool & Comfort,Sportswear,Kısa,Mat Scuba,Dar Paça,Skinny,Tüm Yaş Grupları,"82% Polyester, ,18% Elastan",Hayır,,,,,,,,,
23,371806233,77570,4.4,,/trendyolmilla/siyah-kruvaze-bel-detayli-ispanyol-paca-yoga-orme-spor-tayt-thmaw23ty00005-p-371806233/yorumlar,Örme,Yüksek Bel,Flare,Düz,Siyah,,Cool & Comfort,Sportswear,Uzun,Dalgıç/Scuba,ispanyol paça,Relaxed,Tüm Yaş Grupları,"92% Polyester, ,8% Elastan",Hayır,Tekli,,,,,,Uzun,,
24,752869309,24700,4.2,,/trendyolmilla/gri-seamless-dikissiz-tam-boy-orme-spor-tayt-twoss21ty0024-p-752869309/yorumlar,Örme,Yüksek Bel,Tam Boy,Düz,Gri,Seamless,Cool & Comfort,Sportswear,Uzun,Seamless,Dar Paça,Skinny,Tüm Yaş Grupları,"57% Poliamid, ,31% Polyester, ,12% Elastan",Hayır,,,,,,,Uzun,,
25,812884359,11089,4.7,,/trendyol-curve/lacivert-haki-2-li-paket-biker-orme-tayt-tbbss24bv00000-p-812884359/yorumlar,Örme,Yüksek Bel,,Düz,Çok Renkli,,Cool & Comfort,Casual/Günlük,Kısa,Kaşkorse,Dar Paça,Skinny,Tüm Yaş Grupları,"90% Polyester, ,10% Elastan",Hayır,,,,,,,,,
26,382011997,18489,4.4,,/trendyolmilla/siyah-tas-2-li-paket-toparlayici-orme-spor-sort-kisa-tayt-twoss21sr0698-p-382011997/yorumlar,Örme,Yüksek Bel,Şort Boy,Düz,Siyah,Toparlayıcı,Cool & Comfort,Sportswear,Kısa,Dalgıç/Scuba,Dar Paça,Skinny,Tüm Yaş Grupları,"92% Polyester, ,8% Elastan",Hayır,2'li,,Karyoka Dikişi,,,,,,
27,92838855,251887,4.6,,/trendyolmilla/siyah-toparlayici-tam-boy-orme-spor-tayt-twoss21ta0023-p-92838855/yorumlar,Örme,Yüksek Bel,Tam Boy,Düz,Siyah,Toparlayıcı,Cool & Comfort,Sportswear,Uzun,Dalgıç/Scuba,Dar Paça,Skinny,Tüm Yaş Grupları,"80% Polyester, ,20% Elastan",Hayır,Tekli,,,,,Sportswear,Uzun,,
28,92838259,374214,4.6,,/trendyolmilla/siyah-toparlayici-orme-spor-sort-kisa-tayt-twoss21sr0545-p-92838259/yorumlar,Örme,Yüksek Bel,Şort Boy,Düz,Siyah,Toparlayıcı,Cool & Comfort,Sportswear,Şort Boy,Dalgıç/Scuba,Dar Paça,Skinny,Tüm Yaş Grupları,"80% Polyester,20% Elastan",Hayır,Tekli,,Karyoka Dikişi,,,,,,
29,708242326,7436,4.7,,/trendyolmilla/koyu-mor-genis-bel-lastikli-ekstra-toparlayici-tam-boy-orme-spor-tayt-twoaw21ta0029-p-708242326/yorumlar,Örme,Yüksek Bel,Tam Boy,Düz,Mor,Toparlayıcı,Cool & Comfort,Sportswear,Uzun,Dalgıç/Scuba,Dar Paça,Skinny,Tüm Yaş Grupları,"92% Polyester, ,8% Elastan",,,,,,,,,,
30,111332644,170323,4.6,,/trendyolmilla/siyah-toparlayici-kruvaze-bel-detayli-orme-spor-sort-kisa-tayt-twoss21sr0714-p-111332644/yorumlar,Örme,Yüksek Bel,Şort Boy,Düz,Siyah,Toparlayıcı,Cool & Comfort,Sportswear,Kısa,Dalgıç/Scuba,Dar Paça,Skinny,Tüm Yaş Grupları,"92% Polyester, ,8% Elastan",Hayır,,,,,,,,,
31,796444184,7131,4.4,,/trendyolmilla/siyah-fircali-toparlayici-mat-ve-soft-kumas-tam-boy-orme-spor-tayt-thmss24ty00025-p-796444184/yorumlar,Örme,Yüksek Bel,Tam Boy,Düz,Siyah,,Cool & Comfort,Sportswear,Uzun,Fırçalı Scuba,Dar Paça,Skinny,Tüm Yaş Grupları,"80% Polyester, ,20% Elastan",Hayır,,,,,,,Uzun,,
32,280889465,111124,4.3,,/trendyolmilla/koyu-antrasit-fitilli-ispanyol-paca-yoga-orme-spor-tayt-twoaw23ty00011-p-280889465/yorumlar,Örme,Yüksek Bel,Flare,Düz,Gri,Toparlayıcı,Cool & Comfort,Sportswear,Uzun,Fitilli Scuba,ispanyol paça,Relaxed,Tüm Yaş Grupları,"95% Polyester, ,5% Elastan",Hayır,,,,,,,Uzun,,
33,640294611,43240,4.4,,/trendyolmilla/gul-kurusu-seamless-dikissiz-asit-yikamali-orme-spor-sort-kisa-tayt-thmss23ty00034-p-640294611/yorumlar,Örme,Yüksek Bel,Şort Boy,Düz,Pembe,Seamless,Cool & Comfort,Sportswear,Şort Boy,Seamless,Dar Paça,Skinny,Tüm Yaş Grupları,"90% Poliamid,10% Elastan",Hayır,Tekli,,,,,,,,
34,124945647,126214,4.7,,/trendyolmilla/lacivert-genis-bel-lastikli-ekstra-toparlayici-tam-boy-orme-spor-tayt-twoaw21ta0029-p-124945647/yorumlar,Örme,Yüksek Bel,Tam Boy,Düz,Lacivert,Toparlayıcı,Cool & Comfort,Sportswear,Uzun,Dalgıç/Scuba,Dar Paça,Skinny,Tüm Yaş Grupları,"92% Polyester, ,8% Elastan",,,,,,,,,,
35,455953905,7730,4.3,,/trendyol-curve/ten-kisa-orme-tayt-tbbss23bv00001-p-455953905/yorumlar,Örme,Yüksek Bel,,Düz,Bej,,Cool & Comfort,Homewear,Kısa,Süprem,Dar Paça,Skinny,Tüm Yaş Grupları,"95% Pamuk, ,5% Elastan",Hayır,Tekli,,,Pamuk - Elastan,,,,,
36,114879737,37361,4.3,,/trendyolmilla/siyah-esnek-yoga-orme-spor-sort-kisa-tayt-twoss21ty0098-p-114879737/yorumlar,Örme,Yüksek Bel,Şort Boy,Düz,Siyah,Toparlayıcı,Cool & Comfort,Sportswear,Kısa,Dalgıç/Scuba,Dar Paça,Skinny,Tüm Yaş Grupları,"84% Polyester, ,16% Elastan",Hayır,Tekli,,,,,Sportswear,,,
37,362581763,8065,4.2,,/trendyolmilla/beyaz-toparlayici-orme-spor-sort-kisa-tayt-twoss21sr0545-p-362581763/yorumlar,Örme,Yüksek Bel,Şort Boy,Düz,Beyaz,Toparlayıcı,Cool & Comfort,Sportswear,Şort Boy,Dalgıç/Scuba,Dar Paça,Skinny,Tüm Yaş Grupları,"80% Polyester,20% Elastan",Hayır,Tekli,,Karyoka Dikişi,,,,,,
38,131100368,46741,4.7,,/trendyolmilla/lacivert-toparlayici-tam-boy-orme-spor-tayt-twoss21ta0023-p-131100368/yorumlar,Örme,Yüksek Bel,Tam Boy,Düz,Lacivert,Toparlayıcı,Cool & Comfort,Sportswear,Uzun,Dalgıç/Scuba,Dar Paça,Skinny,Tüm Yaş Grupları,"80% Polyester, ,20% Elastan",Hayır,Tekli,,,,,Sportswear,Uzun,,
39,813516545,908,5.0,,/trendyolmilla/koyu-antrasit-fircali-soft-kumas-ic-bel-cep-detayli-orme-spor-sort-tayt-thmss24ty00020-p-813516545/yorumlar,Örme,Yüksek Bel,Şort Boy,Baskılı,Gri,,Cool & Comfort,Sportswear,Kısa,Fırçalı Scuba,Dar Paça,Skinny,Tüm Yaş Grupları,"80% Polyester, ,20% Elastan",Hayır,,,Cep,,,,,,
40,786563018,7718,2.7,,/trendyolmilla/premium-siyah-2-katman-ile-ekstra-karin-toparlayici-push-up-tam-boy-orme-spor-tayt-thmss24ty00015-p-786563018/yorumlar,Örme,Yüksek Bel,Tam Boy,Düz,Siyah,,Fashion Forward,Sportswear,Uzun,Dalgıç/Scuba,Dar Paça,Skinny,Tüm Yaş Grupları,"82% Polyester, ,18% Elastan",Hayır,,,,,,,Uzun,,
41,782191035,5981,3.8,,/trendyolmilla/siyah-toparlayici-rekflektor-baski-deteyli-bol-kesim-orme-spor-sort-kisa-tayt-thmss24ty00004-p-782191035/yorumlar,Örme,Yüksek Bel,Şort Boy,Düz,Siyah,,Cool & Comfort,Sportswear,Kısa,Mat Scuba,Geniş Paça,Relaxed,Tüm Yaş Grupları,"82% Polyester, 18% Elastan",Hayır,,,,,,,,,
42,110154908,36868,4.6,,/trendyolmilla/fume-toparlayici-orme-spor-sort-kisa-tayt-twoss21sr0545-p-110154908/yorumlar,Örme,Yüksek Bel,Şort Boy,Düz,Kahverengi,Toparlayıcı,Cool & Comfort,Sportswear,Şort Boy,Dalgıç/Scuba,Dar Paça,Skinny,Tüm Yaş Grupları,"80% Polyester,20% Elastan",Hayır,Tekli,,Karyoka Dikişi,,,,,,
43,196000001,9898,4.6,,/trendyol-curve/lacivert-yuksek-bel-toparlayici-orme-tayt-tbbss22ta0022-p-196000001/yorumlar,Örme,Yüksek Bel,Slim Fit,Düz,Lacivert,Toparlayıcı,Cool & Comfort,Casual/Günlük,Regular,İnterlok,Dar Paça,Slim,Tüm Yaş Grupları,"75% Viskoz, ,5% Elastan, ,20% Polyester",Hayır,Tekli,,,Viskon Karışımlı,Günlük,Büyük Beden,,,
44,362581766,5735,4.7,,/trendyolmilla/yag-yesili-toparlayici-orme-spor-sort-kisa-tayt-twoss21sr0545-p-362581766/yorumlar,Örme,Yüksek Bel,Şort Boy,Düz,Yeşil,Toparlayıcı,Cool & Comfort,Sportswear,Şort Boy,Dalgıç/Scuba,Dar Paça,Skinny,Tüm Yaş Grupları,"80% Polyester,20% Elastan",Hayır,Tekli,,Karyoka Dikişi,,,,,,
45,92838854,30186,4.6,,/trendyolmilla/koyu-murdum-toparlayici-tam-boy-orme-spor-tayt-twoss21ta0023-p-92838854/yorumlar,Örme,Yüksek Bel,Tam Boy,Düz,Mor,Toparlayıcı,Cool & Comfort,Sportswear,Uzun,Dalgıç/Scuba,Dar Paça,Skinny,Tüm Yaş Grupları,"80% Polyester, ,20% Elastan",Hayır,Tekli,,,,,Sportswear,Uzun,,
46,811168253,4945,4.1,,/trendyolmilla/koyu-lacivert-fitilli-ispanyol-paca-yoga-orme-spor-tayt-twoaw23ty00011-p-811168253/yorumlar,Örme,Yüksek Bel,Flare,Düz,Lacivert,Toparlayıcı,Cool & Comfort,Sportswear,Uzun,Fitilli Scuba,ispanyol paça,Relaxed,Tüm Yaş Grupları,"95% Polyester, ,5% Elastan",Hayır,,,,,,,Uzun,,
47,44694915,109231,4.6,,/trendyolmilla/antrasit-genis-bel-lastikli-ekstra-toparlayici-tam-boy-orme-spor-tayt-twoaw21ta0029-p-44694915/yorumlar,Örme,Yüksek Bel,Tam Boy,Düz,Gri,Toparlayıcı,Cool & Comfort,Sportswear,Uzun,Dalgıç/Scuba,Dar Paça,Skinny,Tüm Yaş Grupları,"92% Polyester, ,8% Elastan",,,,,,,,,,
48,84772040,110544,4.7,,/trendyolmilla/haki-genis-bel-lastikli-ekstra-toparlayici-tam-boy-orme-spor-tayt-twoaw21ta0029-p-84772040/yorumlar,Örme,Yüksek Bel,Tam Boy,Düz,Haki,Toparlayıcı,Cool & Comfort,Sportswear,Uzun,Dalgıç/Scuba,Dar Paça,Skinny,Tüm Yaş Grupları,"92% Polyester, ,8% Elastan",,,,,,,,,,
49,92838263,97524,4.5,,/trendyolmilla/koyu-murdum-toparlayici-orme-spor-sort-kisa-tayt-twoss21sr0545-p-92838263/yorumlar,Örme,Yüksek Bel,Şort Boy,Düz,Mor,Toparlayıcı,Cool & Comfort,Sportswear,Şort Boy,Dalgıç/Scuba,Dar Paça,Skinny,Tüm Yaş Grupları,"80% Polyester,20% Elastan",Hayır,Tekli,,Karyoka Dikişi,,,,,,
50,376320184,6947,4.4,,/trendyolmilla/murdum-toparlayici-belde-reflektor-baskili-orme-spor-ekstra-sort-kisa-tayt-thmss23ty00019-p-376320184/yorumlar,Örme,Yüksek Bel,Şort Boy,Düz,Mor,Toparlayıcı,Cool & Comfort,Sportswear,Şort Boy,Dalgıç/Scuba,Dar Paça,Skinny,Tüm Yaş Grupları,"92% Polyester, ,8% Elastan",Hayır,,,,,,,,,
51,124945660,68668,4.6,,/trendyolmilla/lacivert-push-up-ozellikli-tam-boy-orme-spor-tayt-twoaw21ta0030-p-124945660/yorumlar,Örme,Yüksek Bel,Tam Boy,Düz,Lacivert,Toparlayıcı,Cool & Comfort,Sportswear,Uzun,Dalgıç/Scuba,Dar Paça,Skinny,Tüm Yaş Grupları,"92% Polyester, ,8% Elastan",Hayır,Tekli,,,Polyester Karışımlı,,Sportswear,Uzun,,
52,283968553,8820,4.5,,/trendyolmilla/kayisi-toparlayici-orme-spor-sort-kisa-tayt-twoss21sr0545-p-283968553/yorumlar,Örme,Yüksek Bel,Şort Boy,Düz,Turuncu,Toparlayıcı,Cool & Comfort,Sportswear,Şort Boy,Dalgıç/Scuba,Dar Paça,Skinny,Tüm Yaş Grupları,"80% Polyester,20% Elastan",Hayır,Tekli,,Karyoka Dikişi,,,,,,
53,745783295,12509,4.2,,/trendyol-curve/lacivert-fitilli-orme-tayt-tbbaw23ay00009-p-745783295/yorumlar,Örme,Yüksek Bel,Slim Fit,Düz,Lacivert,,Cool & Comfort,Casual/Günlük,Regular,Ribana/Kaşkorse,Dar Paça,Slim,Tüm Yaş Grupları,"90% Polyester, ,10% Elastan",Hayır,,,,Örme,,Büyük Beden,,,
54,773457351,3669,4.2,,/trendyolmilla/siyah-murdum-2-li-paket-toparlayici-orme-spor-sort-kisa-tayt-twoss21sr0698-p-773457351/yorumlar,Örme,Yüksek Bel,Şort Boy,Düz,Siyah,Toparlayıcı,Cool & Comfort,Sportswear,Kısa,Dalgıç/Scuba,Dar Paça,Skinny,Tüm Yaş Grupları,"92% Polyester, ,8% Elastan",Hayır,2'li,,Karyoka Dikişi,,,,,,
55,786550757,5201,3.4,,/trendyolmilla/siyah-2-katman-ile-ektra-karin-toparlayici-ve-kisa-orme-spor-sort-tayt-thmss24ty00013-p-786550757/yorumlar,Örme,Yüksek Bel,Şort Boy,Düz,Siyah,,Cool & Comfort,Sportswear,Kısa,Dalgıç/Scuba,Dar Paça,Skinny,Tüm Yaş Grupları,"92% Polyester, ,8% Elastan",Hayır,,,,,,,,,
56,192981599,14302,4.5,,/trendyolmilla/gul-kurusu-genis-bel-lastikli-ekstra-toparlayici-tam-boy-orme-spor-tayt-twoaw21ta0029-p-192981599/yorumlar,Örme,Yüksek Bel,Tam Boy,Düz,Pembe,Toparlayıcı,Cool & Comfort,Sportswear,Uzun,Dalgıç/Scuba,Dar Paça,Skinny,Tüm Yaş Grupları,"92% Polyester, ,8% Elastan",,,,,,,,,,
57,362581765,6056,4.6,,/trendyolmilla/kirmizi-toparlayici-orme-spor-sort-kisa-tayt-twoss21sr0545-p-362581765/yorumlar,Örme,Yüksek Bel,Şort Boy,Düz,Kırmızı,Toparlayıcı,Cool & Comfort,Sportswear,Şort Boy,Dalgıç/Scuba,Dar Paça,Skinny,Tüm Yaş Grupları,"80% Polyester,20% Elastan",Hayır,Tekli,,Karyoka Dikişi,,,,,,
58,455953910,14887,4.3,,/trendyol-curve/siyah-kisa-orme-tayt-tbbss23bv00001-p-455953910/yorumlar,Örme,Yüksek Bel,,Düz,Siyah,,Cool & Comfort,Homewear,Kısa,Süprem,Dar Paça,Skinny,Tüm Yaş Grupları,"95% Pamuk, ,5% Elastan",Hayır,Tekli,,,Pamuk - Elastan,,,,,
59,372673604,27555,4.6,,/trendyol-curve/haki-ici-polarli-orme-tayt-tbbaw23bv00017-p-372673604/yorumlar,Örme,Normal Bel,Slim Fit,Düz,Haki,,Cool & Comfort,Casual/Günlük,Regular,Ribana/Kaşkorse,Dar Paça,Slim,Tüm Yaş Grupları,"88% Polyester, ,12% Elastan",Hayır,Tekli,,,Elastan,,,,,
60,376079053,15420,4.5,,/trendyolmilla/siyah-seamless-dikissiz-ekstra-toparlayici-orme-spor-sort-kisa-tayt-thmss23ty00001-p-376079053/yorumlar,Örme,Yüksek Bel,Şort Boy,Düz,Siyah,Seamless,Cool & Comfort,Sportswear,Kısa,Seamless,Dar Paça,Skinny,Tüm Yaş Grupları,"95% Poliamid, ,5% Elastan",Hayır,Tekli,,,,,,,,
61,746623608,23610,4.6,,/trendyolmilla/x-sagaza-studio-siyah-toparlayici-tul-detayli-tam-boy-spor-tayt-tclaw24ty00000-p-746623608/yorumlar,Örme,Yüksek Bel,Tam Boy,Düz,Siyah,Toparlayıcı,Fashion Forward,Sportswear,Uzun,Dalgıç/Scuba,Dar Paça,Skinny,Tüm Yaş Grupları,"85% Polyester, 15% Elastan",Hayır,,,,,,,Uzun,,
62,811169804,1920,4.6,,/trendyolmilla/koyu-antrasit-fircali-soft-kumas-ispanyol-paca-yoga-orme-spor-tayt-thmss24ty00019-p-811169804/yorumlar,Örme,Yüksek Bel,Flare,Düz,Gri,,Cool & Comfort,Sportswear,Uzun,Fırçalı Scuba,ispanyol paça,Skinny,Tüm Yaş Grupları,"80% Polyester, ,20% Elastan",Hayır,,,,,,,Uzun,,
63,786200499,7308,4.4,,/trendyolmilla/siyah-seamless-dikissiz-push-up-buzgulu-orme-spor-sort-kisa-tayt-thmss24ty00008-p-786200499/yorumlar,Örme,Yüksek Bel,Şort Boy,Düz,Siyah,,Cool & Comfort,Sportswear,Şort Boy,Seamless,Dar Paça,Relaxed,Tüm Yaş Grupları,"91% Poliamid,9% Elastan",Hayır,,,,,,,,,
64,816903369,2953,4.1,,/trendyol-curve/siyah-antrasit-2-li-paket-orme-tayt-tbbss24bv00003-p-816903369/yorumlar,Örme,Yüksek Bel,,Düz,Siyah,,Cool & Comfort,Casual/Günlük,Regular,Süprem,Dar Paça,Slim,Tüm Yaş Grupları,"95% Pamuk, ,5% Elastan",Hayır,,,,,,,,,
65,250674353,26498,4.2,,/trendyol-curve/siyah-kahverengi-2-li-paket-orme-tayt-tbbss22ta0057-p-250674353/yorumlar,Örme,Yüksek Bel,Slim Fit,Düz,Siyah,,Cool & Comfort,Casual/Günlük,Regular,Süprem,Dar Paça,Slim,Tüm Yaş Grupları,"95% Pamuk, ,5% Elastan",Hayır,,,,Örme,,Büyük Beden,,,
66,787514192,2239,4.8,,/trendyolmilla/siyah-toparlayici-dikis-detayli-orme-spor-sort-kisa-tayt-thmss24ty00016-p-787514192/yorumlar,Örme,Yüksek Bel,Şort Boy,Düz,Siyah,,Cool & Comfort,Sportswear,Kısa,Dalgıç/Scuba,Dar Paça,Skinny,Tüm Yaş Grupları,"85% Polyester, ,15% Elastan",Hayır,,,,,,,,,
67,781350443,1271,4.0,,/trendyolmilla/acik-antrasit-toparlayici-desenli-tam-boy-orme-spor-tayt-twoss20ta0089-p-781350443/yorumlar,Örme,Yüksek Bel,Tam Boy,Baskılı,Gri,Toparlayıcı,Cool & Comfort,Sportswear,Uzun,Dalgıç/Scuba,Dar Paça,Skinny,Tüm Yaş Grupları,"92% Polyester, ,8% Elastan",Hayır,,,,,,,Uzun,,
68,131104424,24483,4.6,,/trendyolmilla/murdum-push-up-ozellikli-tam-boy-orme-spor-tayt-twoaw21ta0030-p-131104424/yorumlar,Örme,Yüksek Bel,Tam Boy,Düz,Mor,Toparlayıcı,Cool & Comfort,Sportswear,Uzun,Dalgıç/Scuba,Dar Paça,Skinny,Tüm Yaş Grupları,"92% Polyester, ,8% Elastan",Hayır,Tekli,,,Polyester Karışımlı,,Sportswear,Uzun,,
69,464919160,11378,4.4,,/trendyolmilla/siyah-bel-toparlayici-yuksek-bel-biker-interlok-orme-tayt-twoss23ta00023-p-464919160/yorumlar,Örme,Yüksek Bel,Regular,Düz,Siyah,Toparlayıcı,Cool & Comfort,Casual/Günlük,Kısa,İnterlok,Dar Paça,Slim,Tüm Yaş Grupları,"72% Viskoz, ,4% Elastan, ,24% Polyester",Hayır,Tekli,Düz,,,,,,,
70,822965064,1362,4.4,,/trendyolmilla/leopar-genis-bel-lastikli-push-up-ve-ekstra-toparlayici-orme-spor-sort-tayt-thmss24ty00047-p-822965064/yorumlar,Örme,Yüksek Bel,Şort Boy,Leopar,Kahverengi,,Cool & Comfort,Sportswear,Şort Boy,Dalgıç/Scuba,Dar Paça,Skinny,Tüm Yaş Grupları,"90% Polyester, ,10% Elastan",Hayır,,,,,,,,,
71,807392402,525,4.5,,/trendyolmilla/siyah-2-katmanli-sort-detayli-tam-boy-orme-spor-tayt-thmss24ty00043-p-807392402/yorumlar,Örme,Yüksek Bel,Tam Boy,Düz,Siyah,,Cool & Comfort,Sportswear,Uzun,Dalgıç/Scuba,Dar Paça,Skinny,Tüm Yaş Grupları,"95% Polyester, ,5% Elastan",Hayır,,,,,,,Uzun,,
72,832437245,,,,,Örme,Yüksek Bel,Flare,Düz,Kahverengi,Toparlayıcı,Fashion Forward,Sportswear,Uzun,Mat Scuba,Dar Paça,Skinny,Tüm Yaş Grupları,"82% Polyester, ,18% Elastan",Hayır,,,,,,,Uzun,,
73,802122894,5266,4.6,,/trendyolmilla/antrasit-seamless-dikissiz-dokulu-kendinden-desenli-tam-boy-orme-spor-tayt-thmss24ty00031-p-802122894/yorumlar,Örme,Yüksek Bel,Tam Boy,Düz,Gri,,Cool & Comfort,Sportswear,Uzun,Seamless,Boru Paça,Skinny,Tüm Yaş Grupları,"93% Poliamid,7% Elastan",Hayır,,,,,,,Uzun,,
74,110175750,89767,4.6,,/trendyolmilla/siyah-haki-2-li-paket-toparlayici-orme-spor-sort-kisa-tayt-twoss21sr0698-p-110175750/yorumlar,Örme,Yüksek Bel,Şort Boy,Düz,Siyah,Toparlayıcı,Cool & Comfort,Sportswear,Kısa,Dalgıç/Scuba,Dar Paça,Skinny,Tüm Yaş Grupları,"92% Polyester, ,8% Elastan",Hayır,2'li,,Karyoka Dikişi,,,,,,
75,369544731,8869,4.1,,/trendyolmilla/pembe-esnek-yoga-orme-spor-sort-kisa-tayt-twoss21ty0098-p-369544731/yorumlar,Örme,Yüksek Bel,Şort Boy,Düz,Pembe,Toparlayıcı,Cool & Comfort,Sportswear,Kısa,Dalgıç/Scuba,Dar Paça,Skinny,Tüm Yaş Grupları,"84% Polyester, ,16% Elastan",Hayır,Tekli,,,,,Sportswear,,,
76,810232869,2091,4.9,,/trendyolmilla/koyu-lacivert-toparlayici-belde-reflektor-baskili-orme-spor-ekstra-sort-kisa-tayt-thmss23ty00019-p-810232869/yorumlar,Örme,Yüksek Bel,Şort Boy,Düz,Lacivert,Toparlayıcı,Cool & Comfort,Sportswear,Şort Boy,Dalgıç/Scuba,Dar Paça,Skinny,Tüm Yaş Grupları,"92% Polyester, ,8% Elastan",Hayır,,,,,,,,,
77,756073484,4305,4.8,,/trendyolmilla/siyah-reflektor-baski-ve-cep-detayli-ispanyol-paca-yoga-orme-spor-tayt-thmaw24ty00066-p-756073484/yorumlar,Örme,Yüksek Bel,Flare,Düz,Siyah,,Cool & Comfort,Sportswear,Uzun,Fırçalı Scuba,ispanyol paça,Skinny,Tüm Yaş Grupları,"80% Polyester, ,20% Elastan",Hayır,,,Cep,,,,Uzun,,
78,782485376,3552,4.2,,/trendyolmilla/siyah-fitilli-toparlayici-bel-tul-detayli-orme-spor-sort-kisa-tayt-thmss24ty00005-p-782485376/yorumlar,Örme,Yüksek Bel,Şort Boy,Düz,Siyah,,Cool & Comfort,Sportswear,Kısa,Fitilli Scuba,Dar Paça,Skinny,Tüm Yaş Grupları,"87% Polyester, 13% Elastan",Hayır,,,,,,,,,
79,196000007,5863,4.6,,/trendyol-curve/kahverengi-yuksek-bel-toparlayici-orme-tayt-tbbss22ta0022-p-196000007/yorumlar,Örme,Yüksek Bel,Slim Fit,Düz,Kahverengi,Toparlayıcı,Cool & Comfort,Casual/Günlük,Regular,İnterlok,Dar Paça,Slim,Tüm Yaş Grupları,"75% Viskoz, ,5% Elastan, ,20% Polyester",Hayır,Tekli,,,Viskon Karışımlı,Günlük,Büyük Beden,,,
80,302189293,22764,4.2,,/trendyolmilla/siyah-toparlayici-ispanyol-paca-yoga-orme-spor-tayt-twoaw23ta00018-p-302189293/yorumlar,Örme,Yüksek Bel,Flare,Düz,Siyah,Toparlayıcı,Cool & Comfort,Sportswear,Uzun,Dalgıç/Scuba,ispanyol paça,Relaxed,Tüm Yaş Grupları,"92% Polyester, ,8% Elastan",Hayır,,,,,,Sportswear,Uzun,,
81,731626174,4146,4.0,,/trendyolmilla/siyah-seamless-dikissiz-toparlayici-asit-yikamali-tam-boy-orme-spor-tayt-thmaw24ty00012-p-731626174/yorumlar,Örme,Yüksek Bel,Tam Boy,Düz,Siyah,Toparlayıcı,Fashion Forward,Sportswear,Uzun,Seamless,Dar Paça,Skinny,Tüm Yaş Grupları,"93% Poliamid,7% Elastan",Hayır,Tekli,,,,,,Uzun,,
82,731728965,41207,4.5,,/trendyolmilla/siyah-toparlayici-paca-citcit-detayli-ispanyol-paca-yoga-orme-spor-tayt-thmaw24ty00015-p-731728965/yorumlar,Örme,Yüksek Bel,Flare,Düz,Siyah,Toparlayıcı,Fashion Forward,Sportswear,Uzun,Mat Scuba,Dar Paça,Skinny,Tüm Yaş Grupları,"82% Polyester, ,18% Elastan",Hayır,,,,,,,Uzun,,
83,811171130,1675,4.6,,/trendyolmilla/kirmizi-fircali-soft-kumas-ispanyol-paca-yoga-orme-spor-tayt-thmss24ty00019-p-811171130/yorumlar,Örme,Yüksek Bel,Flare,Düz,Kırmızı,,Cool & Comfort,Sportswear,Uzun,Fırçalı Scuba,ispanyol paça,Skinny,Tüm Yaş Grupları,"80% Polyester, ,20% Elastan",Hayır,,,,,,,Uzun,,
84,192981598,33523,4.6,,/trendyolmilla/vizon-genis-bel-lastikli-ekstra-toparlayici-tam-boy-orme-spor-tayt-twoaw21ta0029-p-192981598/yorumlar,Örme,Yüksek Bel,Tam Boy,Düz,Kahverengi,Toparlayıcı,Cool & Comfort,Sportswear,Uzun,Dalgıç/Scuba,Dar Paça,Skinny,Tüm Yaş Grupları,"92% Polyester, ,8% Elastan",,,,,,,,,,
85,708404433,12660,4.4,,/trendyolmilla/koyu-yesil-seamless-dikissiz-toparlayici-tam-boy-orme-spor-tayt-twoaw23ty00027-p-708404433/yorumlar,Örme,Yüksek Bel,Tam Boy,Düz,Yeşil,Seamless,Cool & Comfort,Sportswear,Uzun,Seamless,Dar Paça,Skinny,Tüm Yaş Grupları,"96% Poliamid, ,4% Elastan",Hayır,,,,,,,Uzun,,
86,794342853,218,,,,Örme,Yüksek Bel,Şort Boy,Degrade,Siyah,,Cool & Comfort,Sportswear,Kısa,Seamless,Dar Paça,Skinny,,"94% Poliamid, 6% Elastan",,,,,,,,,,
87,796449656,4743,4.5,,/trendyolmilla/premium-siyah-2-katman-ile-karin-toparlayici-tam-boy-orme-spor-tayt-thmss24ty00027-p-796449656/yorumlar,Örme,Yüksek Bel,Tam Boy,Düz,Siyah,,Fashion Forward,Sportswear,Uzun,Dalgıç/Scuba,Dar Paça,Skinny,Tüm Yaş Grupları,"82% Polyester, ,18% Elastan",,,,,,,,Uzun,,
88,772648372,4541,4.8,,/trendyolmilla/antrasit-toparlayici-belde-reflektor-baskili-orme-spor-ekstra-sort-kisa-tayt-thmss23ty00019-p-772648372/yorumlar,Örme,Yüksek Bel,Şort Boy,Düz,Gri,Toparlayıcı,Cool & Comfort,Sportswear,Şort Boy,Dalgıç/Scuba,Dar Paça,Skinny,Tüm Yaş Grupları,"92% Polyester, ,8% Elastan",Hayır,,,,,,,,,
89,807677778,4468,4.6,,/trendyolmilla/siyah-seamless-dikissiz-dokulu-kendinden-desenli-orme-spor-sort-kisa-tayt-thmss24ty00044-p-807677778/yorumlar,Örme,Yüksek Bel,Şort Boy,Dokulu,Siyah,,Cool & Comfort,Sportswear,Kısa,Seamless,Dar Paça,Skinny,Tüm Yaş Grupları,"84% Poliamid, 16% Elastan",Hayır,,,,,,,,,
90,807814453,2979,4.7,,/trendyolmilla/koyu-lacivert-genis-bel-lastikli-push-up-ve-ekstra-toparlayici-orme-spor-sort-tayt-thmss24ty00038-p-807814453/yorumlar,Örme,Yüksek Bel,Şort Boy,Düz,Lacivert,,Cool & Comfort,Sportswear,Kısa,Dalgıç/Scuba,Dar Paça,Skinny,Tüm Yaş Grupları,"92% Polyester, ,8% Elastan",Hayır,,,,,,,,,
91,832438666,392,,,,Örme,Yüksek Bel,Tam Boy,Düz,Kahverengi,Toparlayıcı,Cool & Comfort,Sportswear,Uzun,Dalgıç/Scuba,Dar Paça,Skinny,Tüm Yaş Grupları,"92% Polyester, ,8% Elastan",,,,,,,,,,
92,786236990,1744,3.8,,/trendyolmilla/premium-siyah-seamless-dikissiz-reklektor-baski-detayli-tam-boy-orme-spor-tayt-thmss24ty00011-p-786236990/yorumlar,Örme,Yüksek Bel,Tam Boy,Düz,Siyah,,Fashion Forward,Sportswear,Uzun,Seamless,Dar Paça,Relaxed,Tüm Yaş Grupları,"93% Poliamid,7% Elastan",Hayır,,,,,,,Uzun,,
93,362581761,4878,4.7,,/trendyolmilla/taba-toparlayici-orme-spor-sort-kisa-tayt-twoss21sr0545-p-362581761/yorumlar,Örme,Yüksek Bel,Şort Boy,Düz,Kahverengi,Toparlayıcı,Cool & Comfort,Sportswear,Şort Boy,Dalgıç/Scuba,Dar Paça,Skinny,Tüm Yaş Grupları,"80% Polyester,20% Elastan",Hayır,Tekli,,Karyoka Dikişi,,,,,,
94,789857172,5915,4.6,,/trendyolmilla/siyah-toparlayici-ekstra-kisa-orme-spor-sort-kisa-tayt-thmss24ty00018-p-789857172/yorumlar,Örme,Yüksek Bel,Şort Boy,Düz,Siyah,,Cool & Comfort,Sportswear,Kısa,Dalgıç/Scuba,Dar Paça,Skinny,Tüm Yaş Grupları,"92% Polyester, 8% Elastan",Hayır,,,,,,,,,
95,301731635,35351,4.2,,/trendyolmilla/siyah-seamless-dikissiz-toparlayici-tam-boy-orme-spor-tayt-twoaw23ty00027-p-301731635/yorumlar,Örme,Yüksek Bel,Tam Boy,Düz,Siyah,Seamless,Cool & Comfort,Sportswear,Uzun,Seamless,Dar Paça,Skinny,Tüm Yaş Grupları,"96% Poliamid, ,4% Elastan",Hayır,,,,,,,Uzun,,
96,806440695,3706,4.7,,/trendyolmilla/antrasit-genis-bel-lastikli-push-up-ve-ekstra-toparlayici-orme-spor-sort-kisa-tayt-thmss24ty00038-p-806440695/yorumlar,Örme,Yüksek Bel,Şort Boy,Düz,Gri,,Cool & Comfort,Sportswear,Kısa,Dalgıç/Scuba,Dar Paça,Skinny,Tüm Yaş Grupları,"92% Polyester, ,8% Elastan",Hayır,,,,,,,,,
97,786177400,16986,4.3,,/trendyolmilla/ekru-reflektor-baski-ve-cep-detayli-ispanyol-paca-yoga-orme-spor-tayt-thmaw24ty00066-p-786177400/yorumlar,Örme,Yüksek Bel,Flare,Düz,Ekru,,Cool & Comfort,Sportswear,Uzun,Fırçalı Scuba,ispanyol paça,Skinny,Tüm Yaş Grupları,"80% Polyester, ,20% Elastan",Hayır,,,Cep,,,,Uzun,,
98,196001834,40252,4.6,,/trendyol-curve/siyah-orme-tayt-tbbss22ta0026-p-196001834/yorumlar,Örme,Yüksek Bel,Slim Fit,Düz,Siyah,,Cool & Comfort,Casual/Günlük,Regular,Dalgıç/Scuba,Dar Paça,Slim,Tüm Yaş Grupları,"94% Polyester, ,6% Elastan",Hayır,Tekli,,,Polyester Karışımlı,Günlük,Büyük Beden,,,
99,762537930,11809,4.5,,/trendyolmilla/koyu-visne-genis-bel-lastikli-ekstra-toparlayici-tam-boy-orme-spor-tayt-twoaw21ta0029-p-762537930/yorumlar,Örme,Yüksek Bel,Tam Boy,Düz,Bordo,Toparlayıcı,Cool & Comfort,Sportswear,Uzun,Dalgıç/Scuba,Dar Paça,Skinny,Tüm Yaş Grupları,"92% Polyester, ,8% Elastan",,,,,,,,,,
100,806441220,3570,4.3,,/trendyolmilla/siyah-genis-bel-lastikli-push-up-ve-ekstra-toparlayici-orme-spor-sort-kisa-tayt-thmss24ty00038-p-806441220/yorumlar,Örme,Yüksek Bel,Şort Boy,Düz,Siyah,,Cool & Comfort,Sportswear,Kısa,Dalgıç/Scuba,Dar Paça,Skinny,Tüm Yaş Grupları,"92% Polyester, ,8% Elastan",Hayır,,,,,,,,,
101,782891253,9837,4.1,,/trendyolmilla/kahverengi-seamless-dikissiz-asit-yikamali-orme-spor-sort-kisa-tayt-thmss23ty00034-p-782891253/yorumlar,Örme,Yüksek Bel,Şort Boy,Düz,Kahverengi,Seamless,Cool & Comfort,Sportswear,Şort Boy,Seamless,Dar Paça,Skinny,Tüm Yaş Grupları,"90% Poliamid,10% Elastan",Hayır,Tekli,,,,,,,,
102,796449921,4905,3.1,,/trendyolmilla/premium-siyah-mat-2-katman-ile-karin-ve-basen-inceltici-orme-spor-sort-kisa-tayt-thmss24ty00026-p-796449921/yorumlar,Örme,Yüksek Bel,Biker,Düz,Siyah,,Fashion Forward,Sportswear,Kısa,Dalgıç/Scuba,Dar Paça,Skinny,Tüm Yaş Grupları,"82% Polyester, ,18% Elastan",Hayır,,,,,,,,,
103,198031752,11905,4.7,,/trendyolmilla/indigo-toparlayici-yuksek-bel-cep-detayli-orme-spor-sort-kisa-tayt-twoaw21sr0033-p-198031752/yorumlar,Örme,Yüksek Bel,Şort Boy,Düz,Lacivert,Toparlayıcı,Cool & Comfort,Sportswear,Kısa,Dalgıç/Scuba,Dar Paça,Skinny,Tüm Yaş Grupları,"92% Polyester, ,8% Elastan",Hayır,Tekli,,Cep,,,Sportswear,,,
104,88760650,137779,4.5,,/trendyolmilla/lila-seamless-dikissiz-tam-boy-orme-spor-tayt-twoss21ty0024-p-88760650/yorumlar,Örme,Yüksek Bel,Tam Boy,Düz,Mor,Seamless,Cool & Comfort,Sportswear,Uzun,Seamless,Dar Paça,Skinny,Tüm Yaş Grupları,"57% Poliamid, ,31% Polyester, ,12% Elastan",Hayır,,,,,,,Uzun,,
105,35620359,84462,4.3,,/trendyolmilla/koyu-gri-toparlayici-desenli-tam-boy-orme-spor-tayt-twoss20ta0089-p-35620359/yorumlar,Örme,Yüksek Bel,Tam Boy,Baskılı,Gri,Toparlayıcı,Cool & Comfort,Sportswear,Uzun,Dalgıç/Scuba,Dar Paça,Skinny,Tüm Yaş Grupları,"92% Polyester, ,8% Elastan",Hayır,,,,,,,Uzun,,
106,148893966,26570,4.4,,/trendyolmilla/koyu-antrasit-push-up-ozellikli-tam-boy-orme-spor-tayt-twoaw21ta0030-p-148893966/yorumlar,Örme,Yüksek Bel,Tam Boy,Düz,Gri,Toparlayıcı,Cool & Comfort,Sportswear,Uzun,Dalgıç/Scuba,Dar Paça,Skinny,Tüm Yaş Grupları,"92% Polyester, ,8% Elastan",Hayır,Tekli,,,Polyester Karışımlı,,Sportswear,Uzun,,
107,745777099,12459,4.5,,/trendyolmilla/x-sagaza-studio-siyah-toparlayici-push-up-ozellikli-tam-boy-spor-tayt-tclaw24ty00001-p-745777099/yorumlar,Örme,Yüksek Bel,Tam Boy,Düz,Siyah,Toparlayıcı,Fashion Forward,Sportswear,Uzun,Dalgıç/Scuba,Dar Paça,Skinny,Tüm Yaş Grupları,"82% Polyester, ,18% Elastan",,,,Cep,,,,Uzun,,
108,690604533,21066,4.8,,/trendyol-curve/kahverengi-ici-polarli-orme-tayt-tbbaw23bv00017-p-690604533/yorumlar,Örme,Normal Bel,Slim Fit,Düz,Kahverengi,,Cool & Comfort,Casual/Günlük,Regular,Ribana/Kaşkorse,Dar Paça,Slim,Tüm Yaş Grupları,"88% Polyester, ,12% Elastan",Hayır,Tekli,,,Elastan,,,,,
109,716486911,10529,4.5,,/trendyolmilla/koyu-lacivert-toparlayici-ispanyol-paca-yoga-orme-spor-tayt-twoaw23ta00018-p-716486911/yorumlar,Örme,Yüksek Bel,Flare,Düz,Lacivert,Toparlayıcı,Cool & Comfort,Sportswear,Uzun,Dalgıç/Scuba,ispanyol paça,Relaxed,Tüm Yaş Grupları,"92% Polyester, ,8% Elastan",Hayır,,,,,,Sportswear,Uzun,,
110,792610300,4247,4.2,,/trendyolmilla/haki-toparlayici-belde-reflektor-baskili-orme-spor-ekstra-sort-kisa-tayt-thmss23ty00019-p-792610300/yorumlar,Örme,Yüksek Bel,Şort Boy,Düz,Haki,Toparlayıcı,Cool & Comfort,Sportswear,Şort Boy,Dalgıç/Scuba,Dar Paça,Skinny,Tüm Yaş Grupları,"92% Polyester, ,8% Elastan",Hayır,,,,,,,,,
111,800004509,1357,4.0,,/trendyolmilla/siyah-cift-cep-detayli-tam-boy-orme-spor-tayt-thmss24ty00029-p-800004509/yorumlar,Örme,Yüksek Bel,Tam Boy,Düz,Siyah,,Cool & Comfort,Sportswear,Regular,Dalgıç/Scuba,Dar Paça,Skinny,Tüm Yaş Grupları,"95% Polyester, ,5% Elastan",Hayır,,,Cep,,,,,,
112,798170627,4339,4.2,,/trendyolmilla/siyah-seamless-dikissiz-reflektor-baskili-ve-asit-yikamali-orme-spor-sort-kisa-tayt-thmss24ty00028-p-798170627/yorumlar,Örme,Yüksek Bel,Şort Boy,Düz,Siyah,,Cool & Comfort,Sportswear,Kısa,Seamless,Dar Paça,Skinny,Tüm Yaş Grupları,"88% Poliamid,12% Elastan",Hayır,,,,,,,,,
113,830074346,333,3.5,,/trendyolmilla/siyah-toparlayici-aski-ve-tul-detayli-orme-spor-biker-bisikletci-kisa-tayt-thmss24ty00048-p-830074346/yorumlar,Örme,Yüksek Bel,Biker,Düz,Siyah,,Cool & Comfort,Sportswear,Kısa,Dalgıç/Scuba,Dar Paça,Relaxed,,"90% Polyester, ,10% Elastan",Hayır,,,,,,,,,
114,807951899,4159,4.7,,/trendyolmilla/siyah-haki-2-li-paket-seamless-dikissiz-orme-spor-sort-kisa-tayt-thmss24ty00046-p-807951899/yorumlar,Örme,Yüksek Bel,Şort Boy,Düz,Çok Renkli,,Cool & Comfort,Sportswear,Kısa,Seamless,Dar Paça,Skinny,Tüm Yaş Grupları,"89% Poliamid, ,11% Elastan",,,,,,,,,,
115,817200529,413,5.0,,/trendyol-curve/antrasit-melanj-siyah-2-li-paket-orme-tayt-tbbss22ta0057-p-817200529/yorumlar,Örme,Yüksek Bel,Slim Fit,Düz,Çok Renkli,,Cool & Comfort,Casual/Günlük,Regular,Süprem,Dar Paça,Slim,Tüm Yaş Grupları,"95% Pamuk, ,5% Elastan",Hayır,,,,Örme,,Büyük Beden,,,
116,813516154,1210,4.5,,/trendyolmilla/lacivert-fircali-soft-kumas-ic-bel-cep-detayli-orme-spor-sort-tayt-thmss24ty00020-p-813516154/yorumlar,Örme,Yüksek Bel,Şort Boy,Baskılı,Lacivert,,Cool & Comfort,Sportswear,Kısa,Fırçalı Scuba,Dar Paça,Skinny,Tüm Yaş Grupları,"80% Polyester, ,20% Elastan",Hayır,,,Cep,,,,,,
117,44277793,39954,4.3,,/trendyolmilla/kahverengi-yuksek-bel-basic-beli-lastikli-interlok-orme-tayt-twoaw20ta0047-p-44277793/yorumlar,Örme,Yüksek Bel,7/8 Boy,Düz,Kahverengi,,Cool & Comfort,Casual/Günlük,Regular,İnterlok,Dar Paça,Slim,Tüm Yaş Grupları,"75% Viskoz, ,3% Elastan, ,22% Polyester",Hayır,,Düz,Lastikli,,,,,,
118,751329353,2533,4.3,,/trendyolmilla/zumrut-yesili-toparlayici-tam-boy-orme-spor-tayt-twoss21ta0023-p-751329353/yorumlar,Örme,Yüksek Bel,Tam Boy,Düz,Yeşil,Toparlayıcı,Cool & Comfort,Sportswear,Uzun,Dalgıç/Scuba,Dar Paça,Skinny,Tüm Yaş Grupları,"80% Polyester, ,20% Elastan",Hayır,Tekli,,,,,Sportswear,Uzun,,
119,794342252,5048,4.8,,/trendyolmilla/siyah-toparlayici-tul-cep-ve-reflektor-baski-detayli-orme-spor-sort-kisa-tayt-thmss24ty00023-p-794342252/yorumlar,Örme,Yüksek Bel,Şort Boy,Düz,Siyah,,Cool & Comfort,Sportswear,Kısa,Dalgıç/Scuba,Dar Paça,Skinny,Tüm Yaş Grupları,"92% Polyester, 8% Elastan",Hayır,,,Dantel/Mesh/File,,,,,,
120,736355680,5556,4.3,,/trendyolmilla/koyu-donuk-haki-ekstra-karin-toparlayici-katmana-sahip-mat-tam-boy-orme-spor-tayt-thmaw24ty00026-p-736355680/yorumlar,Örme,Yüksek Bel,Tam Boy,Düz,Haki,Toparlayıcı,Fashion Forward,Sportswear,Uzun,Mat Scuba,Dar Paça,Skinny,Tüm Yaş Grupları,"82% Polyester, ,18% Elastan",Hayır,,,,,,,Uzun,,
121,809691404,1228,4.6,,/trendyol-curve/siyah-baskili-orme-buyuk-beden-tayt-tbbss24bv00002-p-809691404/yorumlar,Örme,Yüksek Bel,Büyük Beden,Baskılı,Siyah,,Cool & Comfort,Casual/Günlük,Kısa,Dalgıç/Scuba,Dar Paça,Skinny,Tüm Yaş Grupları,"98% Polyester,2% Elastan",Hayır,,,,,,,,,
122,46079884,99651,4.5,,/trendyolmilla/kahverengi-toparlayici-beli-lastikli-yuksek-bel-orme-tayt-twoaw20ta0087-p-46079884/yorumlar,Örme,Yüksek Bel,7/8 Boy,Düz,Kahverengi,Toparlayıcı,Cool & Comfort,Casual/Günlük,Regular,İnterlok,Dar Paça,Slim,Tüm Yaş Grupları,"75% Viskoz, ,3% Elastan, ,22% Polyester",Hayır,,Düz,Lastikli,,,,,,
123,832568894,464,,,,Örme,Yüksek Bel,Tam Boy,Düz,Siyah,,Cool & Comfort,Sportswear,Uzun,Fırçalı Scuba,Dar Paça,Skinny,,"80% Polyester, ,20% Elastan",,,,,,,,,,
124,301758095,46169,4.4,,/trendyolmilla/siyah-seamless-dikissiz-kontrast-renk-detayli-tam-boy-orme-spor-tayt-twoaw23ty00030-p-301758095/yorumlar,Örme,Yüksek Bel,Tam Boy,Düz,Siyah,Seamless,Cool & Comfort,Sportswear,Uzun,Seamless,Dar Paça,Skinny,Tüm Yaş Grupları,"96% Poliamid, ,4% Elastan",Hayır,Tekli,,,,,Sportswear,Uzun,,
125,301758086,66546,4.3,,/trendyolmilla/antrasit-seamless-dikissiz-kontrast-renk-detayli-tam-boy-orme-spor-tayt-twoaw23ty00030-p-301758086/yorumlar,Örme,Yüksek Bel,Tam Boy,Düz,Gri,Seamless,Cool & Comfort,Sportswear,Uzun,Seamless,Dar Paça,Skinny,Tüm Yaş Grupları,"96% Poliamid, ,4% Elastan",Hayır,Tekli,,,,,Sportswear,Uzun,,
126,799773541,1514,3.1,,/trendyolmilla/antrasit-cift-cep-detayli-tam-boy-orme-spor-tayt-thmss24ty00029-p-799773541/yorumlar,Örme,Yüksek Bel,Tam Boy,Düz,Gri,,Cool & Comfort,Sportswear,Regular,Dalgıç/Scuba,Dar Paça,Skinny,Tüm Yaş Grupları,"95% Polyester, ,5% Elastan",Hayır,,,Cep,,,,,,
127,127386398,26690,4.6,,/trendyolmilla/camel-genis-bel-lastikli-ekstra-toparlayici-tam-boy-orme-spor-tayt-twoaw21ta0029-p-127386398/yorumlar,Örme,Yüksek Bel,Tam Boy,Düz,Kahverengi,Toparlayıcı,Cool & Comfort,Sportswear,Uzun,Dalgıç/Scuba,Dar Paça,Skinny,Tüm Yaş Grupları,"92% Polyester, ,8% Elastan",,,,,,,,,,
128,792929174,2154,4.4,,/trendyolmilla/lacivert-renk-bloklu-seamless-dikissiz-orme-spor-sort-kisa-tayt-thmss24ty00021-p-792929174/yorumlar,Örme,Yüksek Bel,Şort Boy,Renk Bloklu,Siyah,,Cool & Comfort,Casual/Günlük,Kısa,Seamless,Dar Paça,Skinny,Tüm Yaş Grupları,"56% Poliamid, ,40% Polyester, ,4% Elastan",Hayır,,,,,,,,,
129,782485847,1969,4.5,,/trendyolmilla/haki-mat-toparlayici-cep-ve-baglama-detayli-orme-spor-biker-bisikletci-kisa-tayt-thmss24ty00007-p-782485847/yorumlar,Örme,Yüksek Bel,Biker,Düz,Haki,,Cool & Comfort,Sportswear,Kısa,Mat Scuba,Dar Paça,Skinny,Tüm Yaş Grupları,"82% Polyester, ,18% Elastan",Hayır,,,Cep,,,,,,
130,775533876,3776,4.3,,/trendyolmilla/koyu-visne-toparlayici-paca-citcit-detayli-ispanyol-paca-yoga-orme-spor-tayt-thmaw24ty00015-p-775533876/yorumlar,Örme,Yüksek Bel,Flare,Düz,Bordo,Toparlayıcı,Fashion Forward,Sportswear,Uzun,Mat Scuba,Dar Paça,Skinny,Tüm Yaş Grupları,"82% Polyester, ,18% Elastan",Hayır,,,,,,,Uzun,,
131,708278622,5173,4.6,,/trendyolmilla/yesil-push-up-ozellikli-tam-boy-orme-spor-tayt-twoaw21ta0030-p-708278622/yorumlar,Örme,Yüksek Bel,Tam Boy,Düz,Yeşil,Toparlayıcı,Cool & Comfort,Sportswear,Uzun,Dalgıç/Scuba,Dar Paça,Skinny,Tüm Yaş Grupları,"92% Polyester, ,8% Elastan",Hayır,Tekli,,,Polyester Karışımlı,,Sportswear,Uzun,,
132,772649240,4515,4.5,,/trendyolmilla/murdum-toparlayici-orme-spor-biker-bisikletci-kisa-tayt-thmss23ty00021-p-772649240/yorumlar,Örme,Yüksek Bel,Biker,Düz,Mor,Toparlayıcı,Cool & Comfort,Sportswear,Kısa,Dalgıç/Scuba,Dar Paça,Skinny,Tüm Yaş Grupları,"85% Polyester, ,15% Elastan",Hayır,Tekli,,,,,,,,
133,131100382,157309,4.7,,/trendyolmilla/koyu-antrasit-toparlayici-tam-boy-orme-spor-tayt-twoss21ta0023-p-131100382/yorumlar,Örme,Yüksek Bel,Tam Boy,Düz,Gri,Toparlayıcı,Cool & Comfort,Sportswear,Uzun,Dalgıç/Scuba,Dar Paça,Skinny,Tüm Yaş Grupları,"80% Polyester, ,20% Elastan",Hayır,Tekli,,,,,Sportswear,Uzun,,
134,786538294,3561,3.6,,/trendyolmilla/siyah-beli-ekstra-toparlayici-mikro-delikli-orme-spor-biker-bisikletci-kisa-tayt-thmss24ty00012-p-786538294/yorumlar,Örme,Yüksek Bel,Biker,Düz,Siyah,,Fashion Forward,Sportswear,Kısa,Dalgıç/Scuba,Dar Paça,Skinny,Tüm Yaş Grupları,"92% Polyester, ,8% Elastan",Hayır,,,,,,,,,
135,786180925,3121,4.4,,/trendyolmilla/antrasit-melanj-seamless-dikissiz-spor-sort-kisa-tayt-thmss24ty00009-p-786180925/yorumlar,Örme,Yüksek Bel,Şort Boy,Düz,Gri,,Cool & Comfort,Sportswear,Kısa,Seamless,Dar Paça,Relaxed,Tüm Yaş Grupları,"59% Poliamid, ,30% Polyester, ,11% Elastan",Hayır,,,,,,,,,
136,31870404,27233,4.3,,/trendyolmilla/siyah-yuksek-bel-ici-sardonlu-esnek-orme-tayt-twoaw20ta0079-p-31870404/yorumlar,Örme,Yüksek Bel,7/8 Boy,Düz,Siyah,Ek Özellik Mevcut Değil,Cool & Comfort,Casual/Günlük,Regular,İnterlok,Dar Paça,Slim,Tüm Yaş Grupları,"97% Pamuk, ,3% Elastan",Hayır,Tekli,Düz,,,,,,Çift cepli,
137,782485848,3163,4.9,,/trendyolmilla/siyah-mat-toparlayici-cep-ve-baglama-detayli-orme-spor-biker-bisikletci-kisa-tayt-thmss24ty00007-p-782485848/yorumlar,Örme,Yüksek Bel,Biker,Düz,Siyah,,Cool & Comfort,Sportswear,Kısa,Mat Scuba,Dar Paça,Skinny,Tüm Yaş Grupları,"82% Polyester, ,18% Elastan",Hayır,,,Cep,,,,,,
138,736355034,3635,4.5,,/trendyolmilla/siyah-ekstra-karin-toparlayici-katmana-sahip-mat-tam-boy-orme-spor-tayt-thmaw24ty00026-p-736355034/yorumlar,Örme,Yüksek Bel,Tam Boy,Düz,Siyah,Toparlayıcı,Fashion Forward,Sportswear,Uzun,Mat Scuba,Dar Paça,Skinny,Tüm Yaş Grupları,"82% Polyester, ,18% Elastan",Hayır,,,,,,,Uzun,,
139,832745430,705,,,,Örme,Yüksek Bel,Tam Boy,Düz,Siyah,,Cool & Comfort,Sportswear,Uzun,Seamless,Dar Paça,Skinny,,"85% Poliamid,15% Elastan",,,,,,,,,,
140,805617204,2718,3.7,,/trendyolmilla/siyah-parlak-kumas-orme-spor-sort-kisa-tayt-thmss24ty00033-p-805617204/yorumlar,Örme,Yüksek Bel,Şort Boy,Baskılı,Siyah,,Fashion Forward,Sportswear,Kısa,Dalgıç/Scuba,Dar Paça,Skinny,Tüm Yaş Grupları,"95% Polyester, 5% Elastan",Hayır,,,,,,,,,
141,802219520,3462,4.6,,/trendyolmilla/siyah-seamless-dikissiz-dokulu-kendinden-desenli-tam-boy-orme-spor-tayt-thmss24ty00031-p-802219520/yorumlar,Örme,Yüksek Bel,Tam Boy,Düz,Siyah,,Cool & Comfort,Sportswear,Uzun,Seamless,Boru Paça,Skinny,Tüm Yaş Grupları,"93% Poliamid,7% Elastan",Hayır,,,,,,,Uzun,,
142,800087025,3120,3.8,,/trendyolmilla/lacivert-cift-cep-detayli-orme-spor-sort-kisa-tayt-thmss24ty00030-p-800087025/yorumlar,Örme,Yüksek Bel,Şort Boy,Düz,Lacivert,,Cool & Comfort,Sportswear,Kısa,Dalgıç/Scuba,Dar Paça,Skinny,Tüm Yaş Grupları,"95% Polyester, ,5% Elastan",Hayır,,,Cep,,,,,,
143,800085941,3151,3.1,,/trendyolmilla/antrasit-cift-cep-detayli-orme-spor-sort-kisa-tayt-thmss24ty00030-p-800085941/yorumlar,Örme,Yüksek Bel,Şort Boy,Düz,Gri,,Cool & Comfort,Sportswear,Kısa,Dalgıç/Scuba,Dar Paça,Skinny,Tüm Yaş Grupları,"95% Polyester, ,5% Elastan",Hayır,,,Cep,,,,,,
144,794722857,741,4.9,,/trendyolmilla/siyah-toparlayici-reflektor-baskili-ve-fermuarli-orme-spor-biker-bisikletci-kisa-tayt-thmss24ty00024-p-794722857/yorumlar,Örme,Yüksek Bel,Biker,Düz,Siyah,,Cool & Comfort,Sportswear,Kısa,Dalgıç/Scuba,Dar Paça,Skinny,Tüm Yaş Grupları,"92% Polyester, ,8% Elastan",Hayır,,,Fermuar,,,,,,
145,790861223,4592,4.8,,/trendyolmilla/siyah-toparlayici-beli-tul-detayli-orme-spor-biker-bisikletci-kisa-tayt-thmss24ty00017-p-790861223/yorumlar,Örme,Yüksek Bel,Biker,Düz,Siyah,Toparlayıcı,Fashion Forward,Sportswear,Kısa,Dalgıç/Scuba,Dar Paça,Skinny,Tüm Yaş Grupları,"89% Polyester, 11% Elastan",,,,,,,,,,
146,790175773,2572,4.9,,/trendyolmilla/antrasit-fircali-soft-ic-bel-cep-detayli-orme-spor-sort-kisa-tayt-thmss24ty00020-p-790175773/yorumlar,Örme,Yüksek Bel,Şort Boy,Baskılı,Gri,,Cool & Comfort,Sportswear,Kısa,Fırçalı Scuba,Dar Paça,Skinny,Tüm Yaş Grupları,"80% Polyester, ,20% Elastan",Hayır,,,Cep,,,,,,
147,786201238,1875,3.5,,/trendyolmilla/siyah-desen-detayli-seamless-dikissiz-orme-spor-biker-bisikletci-kisa-tayt-thmss24ty00010-p-786201238/yorumlar,Örme,Yüksek Bel,Biker,Düz,Siyah,,Cool & Comfort,Sportswear,Kısa,Seamless,Dar Paça,Relaxed,Tüm Yaş Grupları,"72% Polyester, ,7% Elastan, ,21% Poliamid",Hayır,,,,,,,,,
148,782497089,7141,4.2,,/trendyolmilla/haki-mat-toparlayici-kumas-reflektor-baskili-orme-spor-biker-bisikletci-kisa-tayt-thmss24ty00006-p-782497089/yorumlar,Örme,Yüksek Bel,Biker,Düz,Haki,,Cool & Comfort,Sportswear,Kısa,Mat Scuba,Dar Paça,Skinny,Tüm Yaş Grupları,"82% Polyester, ,18% Elastan",Hayır,,,,,,,,,
149,773329759,2711,4.7,,/trendyolmilla/gri-toparlayici-orme-spor-sort-kisa-tayt-twoss21sr0545-p-773329759/yorumlar,Örme,Yüksek Bel,Şort Boy,Düz,Gri,Toparlayıcı,Cool & Comfort,Sportswear,Şort Boy,Dalgıç/Scuba,Dar Paça,Skinny,Tüm Yaş Grupları,"80% Polyester,20% Elastan",Hayır,Tekli,,Karyoka Dikişi,,,,,,
150,773326350,1641,3.7,,/trendyolmilla/bordo-toparlayici-yuksek-bel-cep-detayli-orme-spor-biker-bisikletci-kisa-tayt-twoaw21ta0064-p-773326350/yorumlar,Örme,Yüksek Bel,Biker,Düz,Bordo,Toparlayıcı,Cool & Comfort,Sportswear,Kısa,Dalgıç/Scuba,Dar Paça,Skinny,Tüm Yaş Grupları,"92% Polyester, ,8% Elastan",Hayır,,,Cep,,,,,,
151,772729742,2719,4.3,,/trendyolmilla/kaymak-beyazi-genis-bel-lastikli-ekstra-toparlayici-tam-boy-orme-spor-tayt-twoaw21ta0029-p-772729742/yorumlar,Örme,Yüksek Bel,Tam Boy,Düz,Beyaz,Toparlayıcı,Cool & Comfort,Sportswear,Uzun,Dalgıç/Scuba,Dar Paça,Skinny,Tüm Yaş Grupları,"92% Polyester, ,8% Elastan",,,,,,,,,,
152,736356402,8151,4.5,,/trendyolmilla/koyu-antrasit-ekstra-karin-toparlayici-katmana-sahip-mat-tam-boy-orme-spor-tayt-thmaw24ty00026-p-736356402/yorumlar,Örme,Yüksek Bel,Tam Boy,Düz,Gri,Toparlayıcı,Fashion Forward,Sportswear,Uzun,Mat Scuba,Dar Paça,Skinny,Tüm Yaş Grupları,"82% Polyester, ,18% Elastan",Hayır,,,,,,,Uzun,,
153,732880339,6319,4.2,,/trendyolmilla/siyah-pacasi-yandan-yirtmacli-ottoman-yuksek-bel-orme-tayt-twoaw24ta00008-p-732880339/yorumlar,Örme,Yüksek Bel,Slim,Düz,Siyah,Ek Özellik Mevcut Değil,Cool & Comfort,Casual/Günlük,Regular,Waffle,Dar Paça,Slim,Tüm Yaş Grupları,"96% Polyester, ,4% Elastan",Hayır,,Düz,Yırtmaçlı,,,,,,
154,661870449,10907,4.1,,/trendyol-curve/siyah-korse-gorunumlu-yuksek-bel-interlok-orme-tayt-tbbss23bv00008-p-661870449/yorumlar,Örme,Yüksek Bel,Slim Fit,Düz,Siyah,Ek Özellik Mevcut Değil,Cool & Comfort,Casual/Günlük,Regular,İnterlok,Dar Paça,Slim,Tüm Yaş Grupları,"75% Viskoz, ,5% Elastan, ,20% Polyester",Hayır,,,,,,,,,
155,376079048,8755,4.5,,/trendyolmilla/uzay-lacivert-seamless-dikissiz-ekstra-toparlayici-orme-spor-sort-kisa-tayt-thmss23ty00001-p-376079048/yorumlar,Örme,Yüksek Bel,Şort Boy,Düz,Lacivert,Seamless,Cool & Comfort,Sportswear,Kısa,Seamless,Dar Paça,Skinny,Tüm Yaş Grupları,"95% Poliamid, ,5% Elastan",Hayır,Tekli,,,,,,,,
156,301731630,30681,4.5,,/trendyolmilla/koyu-lacivert-seamless-dikissiz-toparlayici-tam-boy-orme-spor-tayt-twoaw23ty00027-p-301731630/yorumlar,Örme,Yüksek Bel,Tam Boy,Düz,Lacivert,Seamless,Cool & Comfort,Sportswear,Uzun,Seamless,Dar Paça,Skinny,Tüm Yaş Grupları,"96% Poliamid, ,4% Elastan",Hayır,,,,,,,Uzun,,
157,185957934,5386,4.4,,/trendyolmilla/yesil-toparlayici-beli-lastikli-yuksek-bel-orme-tayt-twoaw20ta0087-p-185957934/yorumlar,Örme,Yüksek Bel,7/8 Boy,Düz,Yeşil,Toparlayıcı,Cool & Comfort,Casual/Günlük,Regular,İnterlok,Dar Paça,Slim,Tüm Yaş Grupları,"75% Viskoz, ,3% Elastan, ,22% Polyester",Hayır,,Düz,Lastikli,,,,,,
158,129692280,12560,4.5,,/trendyolmilla/siyah-petite-yuksek-bel-orme-tayt-twoaw22ta0050-p-129692280/yorumlar,Örme,Yüksek Bel,7/8 Boy,Düz,Siyah,,Cool & Comfort,Casual/Günlük,Regular,İnterlok,Dar Paça,Slim,Tüm Yaş Grupları,"75% Viskoz, ,5% Elastan, ,20% Polyester",Hayır,Tekli,Düz,,Viskon Karışımlı,,,,,
159,119315455,107666,4.0,,/trendyolmilla/siyah-onu-yirtmac-detayli-yuksek-bel-orme-tayt-twoaw22ta0004-p-119315455/yorumlar,Örme,Yüksek Bel,Slim Fit,Düz,Siyah,Ek Özellik Mevcut Değil,Cool & Comfort,Casual/Günlük,Regular,İnterlok,Dar Paça,Slim,Tüm Yaş Grupları,"75% Viskoz, ,5% Elastan, ,20% Polyester",Hayır,Tekli,Düz,Yırtmaçlı,Viskon Karışımlı,,,,,
160,115605851,44324,4.5,,/trendyolmilla/siyah-seamless-dikissiz-orme-spor-sort-kisa-tayt-twoss21sr0707-p-115605851/yorumlar,Örme,Yüksek Bel,Şort Boy,Düz,Siyah,Seamless,Cool & Comfort,Sportswear,Kısa,Seamless,Dar Paça,Skinny,Tüm Yaş Grupları,"93% Poliamid, ,7% Elastan",Hayır,Tekli,,,Poliamid Karışımlı,,Sportswear,,,
161,89714190,39382,4.2,,/trendyolmilla/tas-toparlayici-beli-lastikli-yuksek-bel-orme-tayt-twoaw20ta0087-p-89714190/yorumlar,Örme,Yüksek Bel,7/8 Boy,Düz,Gri,Toparlayıcı,Cool & Comfort,Casual/Günlük,Regular,İnterlok,Dar Paça,Slim,Tüm Yaş Grupları,"75% Viskoz, ,3% Elastan, ,22% Polyester",Hayır,,Düz,Lastikli,,,,,,
162,84042578,21674,4.3,,/trendyolmilla/gri-toparlayici-beli-lastikli-yuksek-bel-orme-tayt-twoaw20ta0087-p-84042578/yorumlar,Örme,Yüksek Bel,7/8 Boy,Düz,Gri,Toparlayıcı,Cool & Comfort,Casual/Günlük,Regular,İnterlok,Dar Paça,Slim,Tüm Yaş Grupları,"75% Viskoz, ,3% Elastan, ,22% Polyester",Hayır,,Düz,Lastikli,,,,,,
163,52636816,161034,4.4,,/trendyolmilla/siyah-polarli-scuba-yuksek-bel-orme-tayt-twoaw21ta0098-p-52636816/yorumlar,Örme,Yüksek Bel,7/8 Boy,Düz,Siyah,Ek Özellik Mevcut Değil,Cool & Comfort,Casual/Günlük,Regular,Şardonlu Dalgıç,Dar Paça,Slim,Tüm Yaş Grupları,"95% Polyester, ,5% Elastan",Hayır,Tekli,Düz,,Polyester,Günlük,Basic,,,1
164,46222358,139596,4.5,,/trendyolmilla/lacivert-toparlayici-beli-lastikli-yuksek-bel-orme-tayt-twoaw20ta0087-p-46222358/yorumlar,Örme,Yüksek Bel,7/8 Boy,Düz,Lacivert,Toparlayıcı,Cool & Comfort,Casual/Günlük,Regular,İnterlok,Dar Paça,Slim,Tüm Yaş Grupları,"75% Viskoz, ,3% Elastan, ,22% Polyester",Hayır,,Düz,Lastikli,,,,,,
165,46079883,57277,4.4,,/trendyolmilla/bordo-toparlayici-beli-lastikli-yuksek-bel-orme-tayt-twoaw20ta0087-p-46079883/yorumlar,Örme,Yüksek Bel,7/8 Boy,Düz,Bordo,Toparlayıcı,Cool & Comfort,Casual/Günlük,Regular,İnterlok,Dar Paça,Slim,Tüm Yaş Grupları,"75% Viskoz, ,3% Elastan, ,22% Polyester",Hayır,,Düz,Lastikli,,,,,,
166,44695143,303371,4.4,,/trendyolmilla/siyah-push-up-ozellikli-tam-boy-orme-spor-tayt-twoaw21ta0030-p-44695143/yorumlar,Örme,Yüksek Bel,Tam Boy,Düz,Siyah,Toparlayıcı,Cool & Comfort,Sportswear,Uzun,Dalgıç/Scuba,Dar Paça,Skinny,Tüm Yaş Grupları,"92% Polyester, ,8% Elastan",Hayır,Tekli,,,Polyester Karışımlı,,Sportswear,Uzun,,
167,44695142,96706,4.6,,/trendyolmilla/haki-push-up-ozellikli-tam-boy-orme-spor-tayt-twoaw21ta0030-p-44695142/yorumlar,Örme,Yüksek Bel,Tam Boy,Düz,Haki,Toparlayıcı,Cool & Comfort,Sportswear,Uzun,Dalgıç/Scuba,Dar Paça,Skinny,Tüm Yaş Grupları,"92% Polyester, ,8% Elastan",Hayır,Tekli,,,Polyester Karışımlı,,Sportswear,Uzun,,
168,35466674,19368,4.5,,/trendyolmilla/lacivert-yuksek-bel-basic-beli-lastikli-interlok-orme-tayt-twoaw20ta0047-p-35466674/yorumlar,Örme,Yüksek Bel,7/8 Boy,Düz,Lacivert,,Cool & Comfort,Casual/Günlük,Regular,İnterlok,Dar Paça,Slim,Tüm Yaş Grupları,"75% Viskoz, ,3% Elastan, ,22% Polyester",Hayır,,Düz,Lastikli,,,,,,
169,30560409,480072,4.2,,/trendyolmilla/siyah-yuksek-bel-basic-beli-lastikli-interlok-orme-tayt-twoaw20ta0047-p-30560409/yorumlar,Örme,Yüksek Bel,7/8 Boy,Düz,Siyah,,Cool & Comfort,Casual/Günlük,Regular,İnterlok,Dar Paça,Slim,Tüm Yaş Grupları,"75% Viskoz, ,3% Elastan, ,22% Polyester",Hayır,,Düz,Lastikli,,,,,,
