,ID,FAVORITE_COUNT,RATING_DETAIL,DELIVERY_DATE,PROFF_LINK,Kalıp,Materyal,Astar Durumu,Yaka Tipi,Kumaş Tipi,Renk,Kapama Şekli,Desen,Ürün Detayı,Ürün Tipi,Kol Tipi,Kalınlık,Boy,Ortam,Siluet,Dolgu Tekniği,Sürdürülebilirlik Detayı,Persona,Dokuma Tipi,Yaş,Materyal Bileşeni,Stil,Cep,Teknik,Ek Özellik,Paket İçeriği,Kol Boyu,Kemer/Kuşak Durumu,Koleksiyon,Kordon Durumu,Dolgu Materyali,Baskı/Nakış Tekniği,Cep Tipi,Sezon
0,814583369,7064,5.0,,/trendyolmilla/vizon-kase-ince-ceket-mont-twoaw25mo00084-p-814583369/yorumlar,Oversize,Polyester,Astarlı,Gömlek Yaka,Dokuma,Kahverengi,Fermuarlı,Düz,Astarlı,Düz,Standart Kol,İnce,Standart,Günlük,Basic,Dolgusuz,Hayır,Cool & Comfort,Kaşe,Tüm Yaş Grupları,100% Polyester,,,,,,,,,,,,,
1,204890936,203919,4.6,,/trendyolmilla/bej-oversize-buzgu-detayli-su-itici-bomber-ceket-mont-twoss22mo0099-p-204890936/yorumlar,Oversize,Polyester,Astarlı,Hakim Yaka,Dokuma,Bej,Çıt çıt + Fermuar,Düz,Çıtçıt Kapamalı,Düz,Reglan Kol,İnce,Standart,Günlük,Bomber,Dolgusuz,Hayır,Cool & Comfort,Bonded,Tüm Yaş Grupları,100% Polyester,Günlük,Çift cepli,Su İtici,Su itici,Tekli,,,,,,,,
2,262129452,105789,4.4,,/trendyolmilla/siyah-oversize-kapusonlu-su-gecirmez-kanguru-kapitone-mont-twoaw23mo00111-p-262129452/yorumlar,Oversize,Polyester,Astarlı,Kapüşonlu,Dokuma,Siyah,Çıt çıt + Fermuar,Düz,Astarlı,Düz,Reglan Kol,Orta,Standart,Günlük,Basic,Elyaflı,Hayır,Cool & Comfort,Bonded,Tüm Yaş Grupları,100% Polyester,,,,Su Geçirmez,Tekli,Uzun,Kemersiz,,,,,,
3,302224116,72933,4.6,,/trendyolmilla/siyah-oversize-buzgu-detayli-su-itici-bomber-ceket-mont-twoss22mo0099-p-302224116/yorumlar,Oversize,Polyester,Astarlı,Hakim Yaka,Dokuma,Siyah,Çıt çıt + Fermuar,Düz,Çıtçıt Kapamalı,Düz,Reglan Kol,İnce,Standart,Günlük,Bomber,Dolgusuz,Hayır,Cool & Comfort,Bonded,Tüm Yaş Grupları,100% Polyester,Günlük,Çift cepli,Su İtici,Su itici,Tekli,,,,,,,,
4,774402292,38673,4.5,,/trendyolmilla/kahverengi-pelus-yaka-detayli-suni-deri-mont-twoaw24kb00217-p-774402292/yorumlar,Regular,Polyester,Astarsız,Klasik Yaka,Dokuma,Kahverengi,Fermuarlı,Düz,Suni Deri,Düz,Standart Kol,Orta,Standart,Günlük,Biker,Dolgusuz,Hayır,Cool & Comfort,Suni Deri,Tüm Yaş Grupları,100% Polyester,,,,,Tekli,Uzun,,,,,,,
5,656793569,75152,4.5,,/trendyolmilla/siyah-regular-su-itici-sisme-mont-twoaw24mo00048-p-656793569/yorumlar,Regular,Polyester,Astarlı,Dik Yaka,Dokuma,Siyah,Çıt çıt + Fermuar,Düz,Astarlı,Düz,Düşük Kol,Kalın,Standart,Günlük,Basic,Elyaflı,Hayır,Cool & Comfort,Micro,Tüm Yaş Grupları,100% Polyester,Günlük,,,Su itici,Tekli,Uzun,,Basic,,,,,
6,672437579,85198,4.5,,/trendyolmilla/siyah-oversize-su-itici-sisme-kapitone-mont-twoaw24mo00146-p-672437579/yorumlar,Oversize,,Astarlı,Dik Yaka,Dokuma,Siyah,Fermuarlı,Düz,Astarlı,Düz,Düşük Kol,Orta,Standart,Günlük,Basic,Elyaflı,,Cool & Comfort,Micro,Tüm Yaş Grupları,100% Polyester,,,,,,,,,,,,,
7,266489640,80051,4.4,,/trendyolmilla/yesil-oversize-kemerli-su-itici-kapitone-mont-twoaw23mo00170-p-266489640/yorumlar,Regular,Polyester,Astarlı,Dik Yaka,Dokuma,Yeşil,Fermuarlı,Düz,Kemerli,Düz,Düşük Kol,Orta,Midi,Günlük,Basic,Kapitone,Hayır,Cool & Comfort,Micro,Tüm Yaş Grupları,100% Polyester,,Çift cepli,,Su itici,Tekli,Uzun,Kemerli,,,,,,
8,784449576,12875,4.3,,/trendyolmilla/kirmizi-oversize-buzgu-detayli-su-itici-bomber-ceket-mont-twoss22mo0099-p-784449576/yorumlar,Oversize,Polyester,Astarlı,Hakim Yaka,Dokuma,Kırmızı,Çıt çıt + Fermuar,Düz,Çıtçıt Kapamalı,Düz,Reglan Kol,İnce,Standart,Günlük,Bomber,Dolgusuz,Hayır,Cool & Comfort,Bonded,Tüm Yaş Grupları,100% Polyester,Günlük,Çift cepli,Su İtici,Su itici,Tekli,,,,,,,,
9,808447059,8458,4.4,,/trendyolmilla/siyah-pelus-detayli-suet-kemerli-biker-mont-twoss24mo00087-p-808447059/yorumlar,Regular,,Astarsız,Erkek Yaka,Dokuma,Siyah,Fermuarlı,Düz,Kemerli,Düz,Standart Kol,Orta,Standart,Günlük,Biker,Dolgusuz,Hayır,Cool & Comfort,Süet,Tüm Yaş Grupları,"90% Polyester, ,10% Elastan",,,,,Tekli,,Kemerli,,,,,,
10,784429505,10498,4.5,,/trendyolmilla/lacivert-oversize-geometrik-desenli-kapitone-mont-twoss24mo00000-p-784429505/yorumlar,Oversize,Polyester,Astarlı,Hakim Yaka,Dokuma,Lacivert,Düğmeli,Düz,Astarlı,Düz,Düşük Kol,Orta,Crop,Günlük,Basic,Kapitone,Hayır,Cool & Comfort,Crinkle,Tüm Yaş Grupları,100% Poliamid,,,,Su itici,Tekli,,,,,,,,
11,789557074,11841,3.9,,/edit-by-trendyol/siyah-regular-mont-tedaw24mo00000-p-789557074/yorumlar,Regular,Polyester,Astarlı,Ceket Yaka,Suni Deri,Siyah,,Düz,Suni Deri,Düz,Standart Kol,,Standart,Günlük,Basic,,Hayır,Fashion Forward,Suni Deri,Tüm Yaş Grupları,100% Polyester,,,,,Tekli,,,,,,,,
12,267190120,38881,4.5,,/trendyolmilla/siyah-regular-kapusonlu-kemerli-su-itici-sisme-mont-twoaw23mo00188-p-267190120/yorumlar,Regular,Polyester,Astarlı,Kapüşonlu,Dokuma,Siyah,Çıt çıt + Fermuar,Düz,Astarlı,Düz,Reglan Kol,Kalın,Midi,Günlük,Basic,Elyaflı,Hayır,Cool & Comfort,Micro,Tüm Yaş Grupları,100% Polyester,,Çift cepli,,Su itici,Tekli,Uzun,Kemerli,,Kordonsuz,Yoğun Elyaf,Baskısız,,
13,772968285,49211,4.2,,/trendyolmilla/beyaz-oversize-pelus-suni-deri-detayli-biker-mont-twoaw24kb00215-p-772968285/yorumlar,Oversize,Polyester,Astarsız,Gömlek Yaka,Dokuma,Beyaz,Fermuarlı,Düz,Suni Deri,Düz,Standart Kol,Orta,Standart,Günlük,Biker,Dolgusuz,Hayır,Cool & Comfort,Peluş,Tüm Yaş Grupları,100% Polyester,,,,,Tekli,Uzun,,,,,,,
14,745817999,18480,4.5,,/trendyolmilla/gri-oversize-kase-bomber-mont-twoaw24mo00331-p-745817999/yorumlar,Oversize,Polyester,Astarlı,Dik Yaka,Dokuma,Gri,Çıt çıt + Fermuar,Düz,Astarlı,Düz,Düşük Kol,İnce,Standart,Günlük,Bomber,Dolgusuz,Hayır,Cool & Comfort,Kaşe,Tüm Yaş Grupları,"56% Polyester, ,8% Akrilik, ,6% Pamuk, ,2% Poliamid, ,15% Yün, ,13% Viskoz",,,,,Tekli,,,,,,,,
15,731696499,6948,4.3,,/trendyolmilla/winter-essentials-kayak-koleksiyonu-pembe-kapusonlu-su-gecirmez-sisme-mont-twoaw24mo00247-p-731696499/yorumlar,Regular,Polyester,Astarlı,Kapüşonlu,Dokuma,Pembe,Fermuarlı,Düz,Astarlı,Düz,Standart Kol,Kalın,Standart,Günlük,Basic,Elyaflı,Hayır,Cool & Comfort,Memory,Tüm Yaş Grupları,100% Polyester,,,,Su Geçirmez,Tekli,,,,,,,,
16,731696485,14920,4.5,,/trendyolmilla/winter-essentials-kayak-koleksiyonu-siyah-kapusonlu-su-gecirmez-sisme-mont-twoaw24mo00247-p-731696485/yorumlar,Regular,Polyester,Astarlı,Kapüşonlu,Dokuma,Siyah,Fermuarlı,Düz,Astarlı,Düz,Standart Kol,Kalın,Standart,Günlük,Basic,Elyaflı,Hayır,Cool & Comfort,Memory,Tüm Yaş Grupları,100% Polyester,,,,Su Geçirmez,Tekli,,,,,,,,
17,266861361,72952,4.3,,/trendyolmilla/siyah-oversize-kapusonlu-su-itici-sisme-mont-twoaw23mo00193-p-266861361/yorumlar,Oversize,Polyester,Astarlı,Kapüşonlu,Dokuma,Siyah,Fermuarlı,Düz,Astarlı,Düz,Reglan Kol,Kalın,Midi,Günlük,Basic,Elyaflı,Hayır,Cool & Comfort,Crinkle,Tüm Yaş Grupları,100% Poliamid,,Çift cepli,,Su itici,Tekli,Uzun,,,Kordonsuz,Yoğun Elyaf,Baskısız,,
18,251774103,128906,4.4,,/trendyolmilla/siyah-bej-cift-tarafli-kapusonlu-su-itici-uzun-sisme-mont-twoaw23mo00052-p-251774103/yorumlar,Regular,,Çift Taraflı Giyilebilir,Kapüşonlu,Dokuma,Siyah,Fermuarlı,Düz,,Düz,Standart Kol,Kalın,Uzun,Günlük,Basic,Elyaflı,,Cool & Comfort,Micro,Tüm Yaş Grupları,100% Polyester,,Çift cepli,,Reversible,,Uzun,,,Kordonlu,Yoğun Elyaf,,,
19,44606305,363057,4.4,,/trendyolmilla/siyah-kapusonlu-su-itici-sisme-mont-twoaw21mo0022-p-44606305/yorumlar,Regular,Polyester,Astarlı,Kapüşonlu,Dokuma,Siyah,Fermuarlı,Düz,Astarlı,Düz,Düşük Kol,Kalın,Standart,Günlük,Basic,Elyaflı,Hayır,Cool & Comfort,Micro,21 - 40 Yaş,100% Polyester,Günlük,Çift cepli,Yok,Su itici,Tekli,Uzun,Kemersiz,Basic,Kordonlu,Yoğun Elyaf,Baskısız,Cepli,
20,784172672,12461,4.3,,/trendyolmilla/siyah-oversize-parlak-rugan-ince-ceket-mont-twoss24mo00004-p-784172672/yorumlar,Oversize,Polyester,Astarlı,Dik Yaka,Dokuma,Siyah,Çıt çıt + Fermuar,Düz,Astarlı,Düz,Düşük Kol,İnce,Standart,Günlük,Basic,Dolgusuz,Hayır,Fashion Forward,Rugan,Tüm Yaş Grupları,100% Polivinil Klorür,,,,Su itici,Tekli,,,,,,,,
21,786341785,33283,4.5,,/trendyolmilla/tas-oversize-suet-bomber-ceket-mont-twoss24mo00048-p-786341785/yorumlar,Oversize,Polyester,Astarlı,Hakim Yaka,Dokuma,Gri,Fermuarlı,Düz,Astarlı,Düz,Reglan Kol,İnce,Crop,Günlük,Bomber,Dolgusuz,Hayır,Cool & Comfort,Süet,Tüm Yaş Grupları,100% Polyester,,,,,Tekli,,,,,,,,
22,665588651,18076,4.4,,/trendyolmilla/mavi-su-itici-kapitone-sisme-mont-twoaw24mo00033-p-665588651/yorumlar,Regular,Polyester,Astarlı,Gömlek Yaka,Dokuma,Mavi,Çıt Çıt,Düz,Astarlı,Düz,Düşük Kol,Orta,Midi,Günlük,Basic,Elyaflı,Hayır,Cool & Comfort,Micro,Tüm Yaş Grupları,100% Polyester,,,,Su itici,Tekli,,,,,,,,
23,793646525,47228,3.0,,/trendyolmilla/ekru-oversize-kusakli-keten-kemerli-cep-detayli-mont-twoss24mo00063-p-793646525/yorumlar,Oversize,Polyester,Astarlı,Dik Yaka,Dokuma,Ekru,Fermuarlı,Düz,Astarlı,Düz,Düşük Kol,İnce,Standart,Günlük,Basic,Dolgusuz,Hayır,Cool & Comfort,Keten görünümlü,Tüm Yaş Grupları,"80% Pamuk, ,20% Keten",,,,,Tekli,,Kuşaklı,,,Dolgusuz,,,
24,817198210,,,,,Regular,,Astarlı,Ceket Yaka,Dokuma,Haki,,Düz,,,Standart Kol,,Standart,Günlük,Shackets,,,Cool & Comfort,,,"52% Polyester, ,48% Pamuk",,,,,,,,,,,,,
25,34416605,68639,4.5,,/trendyolmilla/siyah-su-itici-sisme-mont-twoss20mo0015-p-34416605/yorumlar,Regular,Polyester,Astarlı,Dik Yaka,Dokuma,Siyah,Fermuarlı,Düz,Fermuar,Düz,Standart Kol,Orta,Standart,Günlük,Basic,Elyaflı,Hayır,Cool & Comfort,Micro,Tüm Yaş Grupları,100% Polyester,,Çift cepli,,Su itici,Tekli,Uzun,Kemersiz,,Kordonsuz,Hafif elyaf,Baskısız,,
26,814230901,1323,5.0,,/trendyolmilla/bordo-pelus-detayli-suni-deri-biker-ceket-mont-twoaw25mo00066-p-814230901/yorumlar,Regular,Polyester,Astarlı,Erkek Yaka,Dokuma,Bordo,Fermuarlı,Düz,Suni Deri,Düz,Düşük Kol,Orta,Standart,Günlük,Biker,Dolgusuz,Hayır,Cool & Comfort,Suni Deri,Tüm Yaş Grupları,100% Polyester,,,,,,,,,,,,,
27,32994784,20495,4.6,,/trendyolmilla/cok-renkli-kaz-ayagi-desenli-kase-ceket-mont-twoaw20mo0118-p-32994784/yorumlar,Regular,Pamuk Polyester,Astarsız,Gömlek Yaka,Dokuma,Çok Renkli,Düğmeli,Armürlü,Düğme,İpliği Boyalı,Düşük Kol,İnce,Standart,Günlük,Basic,Dolgusuz,Hayır,Cool & Comfort,Kaşe,Tüm Yaş Grupları,"50% Polyester, ,30% Akrilik, ,20% Pamuk",,Çift cepli,,Ek Özellik Mevcut Değil,Tekli,Uzun,,,,Dolgusuz,,,
28,772968489,22330,4.1,,/trendyolmilla/siyah-suni-deri-pelus-yaka-detayli-biker-kapama-mont-twoaw24kb00216-p-772968489/yorumlar,Regular,Polyester,Astarsız,Erkek Yaka,Dokuma,Siyah,Fermuarlı,Düz,Suni Deri,Düz,Standart Kol,Orta,Standart,Günlük,Biker,Dolgusuz,Hayır,Fashion Forward,Suni Deri,Tüm Yaş Grupları,100% Polyester,,,,,Tekli,Uzun,,,,,,,
29,652829617,33622,4.5,,/trendyolmilla/siyah-cift-tarafli-giyilebilir-kapusonlu-pelus-kapitone-sisme-mont-twoaw24mo00018-p-652829617/yorumlar,Regular,,Çift Taraflı Giyilebilir,Kapüşonlu,Dokuma,Siyah,Fermuarlı,Düz,,Düz,Düşük Kol,Kalın,Midi,Günlük,Basic,Kapitone,Hayır,Cool & Comfort,20 Denye Naylon,Tüm Yaş Grupları,100% Poliamid,,,,Su itici,Tekli,,,,,,,,
30,814170221,4073,4.5,,/trendyolmilla/siyah-oversize-kase-bomber-ceket-mont-twoaw25mo00053-p-814170221/yorumlar,Oversize,Polyester,Astarlı,Hakim Yaka,Örme,Siyah,Fermuarlı,Düz,Astarlı,Düz,Düşük Kol,İnce,Standart,Günlük,Bomber,Dolgusuz,Hayır,Cool & Comfort,Kaşe,Tüm Yaş Grupları,100% Polyester,,,,,,,,,,,,,
31,682589145,41128,4.6,,/trendyolmilla/lacivert-gold-dugme-detayli-kase-ceket-mont-twoaw24mo00132-p-682589145/yorumlar,Regular,Polyester,Astarsız,Bisiklet Yaka,Örme,Lacivert,Düğmeli,Düz,Düğme,Düz,Standart Kol,İnce,Standart,Günlük,Basic,Dolgusuz,Hayır,Cool & Comfort,Kaşe,Tüm Yaş Grupları,100% Polyester,,,,,Tekli,,,,,,,,
32,379927447,37687,4.7,,/trendyolmilla/siyah-su-gecirmez-bomber-ceket-mont-twoss23mo00010-p-379927447/yorumlar,Regular,Polyester,Astarlı,Hakim Yaka,Dokuma,Siyah,Fermuarlı,Düz,Astarlı,Düz,Düşük Kol,Orta,Standart,Günlük,Bomber,Kapitone,Hayır,Cool & Comfort,Jessica,Tüm Yaş Grupları,100% Polyester,,,,Su Geçirmez,Tekli,Uzun,Kemersiz,,,,,,
33,814170510,2133,5.0,,/trendyolmilla/tas-oversize-kase-bomber-ceket-mont-twoaw25mo00053-p-814170510/yorumlar,Oversize,Polyester,Astarlı,Hakim Yaka,Örme,Gri,Fermuarlı,Düz,Astarlı,Düz,Düşük Kol,İnce,Standart,Günlük,Bomber,Dolgusuz,Hayır,Cool & Comfort,Kaşe,Tüm Yaş Grupları,100% Polyester,,,,,,,,,,,,,
34,661832946,12525,4.7,,/trendyolmilla/ekru-pelus-crop-sisme-mont-twoaw24mo00030-p-661832946/yorumlar,Regular,,Astarlı,Dik Yaka,Dokuma,Ekru,Fermuarlı,Düz,Astarlı,Düz,Düşük Kol,Orta,Crop,Günlük,Basic,Elyaflı,Hayır,Cool & Comfort,Peluş,Tüm Yaş Grupları,100% Polyester,,,,Ek Özellik Mevcut Değil,,Uzun,,,,,,,
35,829535440,251,,,,Oversize,,Astarlı,Hakim Yaka,Dokuma,Çok Renkli,Fermuarlı,Düz,,,Düşük Kol,Orta,Standart,Günlük,Bomber,Elyaflı,,Fashion Forward,Micro,,100% Polyester,,,,,,,,,,,,,
36,251243972,14416,4.5,,/trendyolmilla/lacivert-kapusonlu-su-itici-sisme-mont-twoaw21mo0022-p-251243972/yorumlar,Regular,Polyester,Astarlı,Kapüşonlu,Dokuma,Lacivert,Fermuarlı,Düz,Astarlı,Düz,Düşük Kol,Kalın,Standart,Günlük,Basic,Elyaflı,Hayır,Cool & Comfort,Micro,21 - 40 Yaş,100% Polyester,Günlük,Çift cepli,Yok,Su itici,Tekli,Uzun,Kemersiz,Basic,Kordonlu,Yoğun Elyaf,Baskısız,Cepli,
37,734449676,36740,4.1,,/trendyolmilla/siyah-oversize-suni-deri-ceket-mont-twoaw24mo00253-p-734449676/yorumlar,Oversize,Polyester,Astarlı,Gömlek Yaka,Dokuma,Siyah,Fermuarlı,Düz,Astarlı,Düz,Düşük Kol,İnce,Midi,Günlük,Bomber,Dolgusuz,Hayır,Cool & Comfort,Suni Deri,Tüm Yaş Grupları,100% Poliüretan,,,,Ek Özellik Mevcut Değil,Tekli,,,,,,,,
38,792046046,9794,4.8,,/trendyolmilla/cok-renkli-oversize-pul-payetli-ince-bomber-mont-twoss24mo00057-p-792046046/yorumlar,Oversize,Polyester,Astarlı,Hakim Yaka,Dokuma,Çok Renkli,Çıt Çıt,Düz,Astarlı,Düz,Düşük Kol,İnce,Standart,Şık / gece,Bomber,Dolgusuz,Hayır,Fashion Forward,Payet,Tüm Yaş Grupları,"97% Polyester, ,3% Metalize İplik",,,,,Tekli,,,,,Dolgusuz,,,
39,322950187,29947,4.6,,/trendyolmilla/siyah-gold-dugme-detayli-buklet-kaban-twoaw23kb00251-p-322950187/yorumlar,Regular,Polyester,,Ceket Yaka,Dokuma,Siyah,,Düz,Düğme,Düz,Standart Kol,,Standart,Günlük,Basic,,Hayır,Fashion Forward,Kaşe,Tüm Yaş Grupları,100% Polyester,,,,,Tekli,Uzun,,,,,,,
40,248251810,12748,4.3,,/trendyolmilla/siyah-oversize-kurk-kapusonlu-su-itici-sisme-mont-twoaw23mo00136-p-248251810/yorumlar,Oversize,Polyester,Astarlı,Kapüşonlu,Dokuma,Siyah,Fermuarlı,Düz,Astarlı,Düz,Standart Kol,Kalın,Midi,Günlük,Basic,Elyaflı,Hayır,Cool & Comfort,Micro,Tüm Yaş Grupları,100% Polyester,,Çift cepli,,Ek Özellik Mevcut Değil,Tekli,Uzun,Kemersiz,,Kordonsuz,Yoğun Elyaf,Baskısız,,
41,672437570,30463,4.6,,/trendyolmilla/lacivert-oversize-su-itici-sisme-kapitone-mont-twoaw24mo00146-p-672437570/yorumlar,Oversize,,Astarlı,Dik Yaka,Dokuma,Lacivert,Fermuarlı,Düz,Astarlı,Düz,Düşük Kol,Orta,Standart,Günlük,Basic,Elyaflı,,Cool & Comfort,Micro,Tüm Yaş Grupları,100% Polyester,,,,,,,,,,,,,
42,312933422,7638,4.4,,/trendyolmilla/siyah-suni-deri-biker-ceket-mont-twoaw23mo00372-p-312933422/yorumlar,Fitted,Polyester,Astarlı,Dik Yaka,Dokuma,Siyah,Fermuarlı,Düz,,,Standart Kol,İnce,Standart,Günlük,Basic,,Hayır,Cool & Comfort,Suni Deri,,100% Polyester,,Çift cepli,,Ek Özellik Mevcut Değil,Tekli,Uzun,Kemersiz,,,,,,
43,801038434,7228,3.2,,/trendyolmilla/siyah-pelus-detayli-suni-deri-mont-twoss24mo00075-p-801038434/yorumlar,Regular,Suni Deri,Astarsız,Gömlek Yaka,Suni Deri,Siyah,Fermuarlı,Düz,Suni Deri,Düz,Düşük Kol,Orta,Standart,Günlük,Biker,Dolgusuz,Hayır,Cool & Comfort,Suni Deri,Tüm Yaş Grupları,"90% Polyester, ,10% Elastan",,,,Su itici,Tekli,,,,,,,,
44,820031247,216,,,,Regular,,Astarlı,Erkek Yaka,Dokuma,Kırmızı,Fermuarlı,Düz,,,Düşük Kol,İnce,Standart,Günlük,Biker,Dolgusuz,,Cool & Comfort,Kaşe,,100% Polyester,,,,,,,,,,,,,
45,791937705,9336,3.9,,/trendyolmilla/koyu-vizon-suni-deri-ince-ceket-mont-twoss24mo00058-p-791937705/yorumlar,Regular,Polyester,Astarlı,Gömlek Yaka,Suni Deri,Kahverengi,Çıt Çıt,Düz,Astarlı,Düz,Standart Kol,İnce,Crop,Günlük,Basic,Dolgusuz,,Cool & Comfort,Suni Deri,Tüm Yaş Grupları,100% Poliüretan,,,,,Tekli,,,,,,,,
46,819752587,55,,,,Regular,Polyester,Astarlı,Bisiklet Yaka,Dokuma,Bej,,Düz,,Düz,Standart Kol,,Standart,Günlük,Basic,,Hayır,Fashion Forward,,Tüm Yaş Grupları,100% Polyester,,,Yok,,,,,,,,,,
47,464317996,52177,4.5,,/trendyolmilla/acik-haki-ince-ceket-mont-twoss23mo00081-p-464317996/yorumlar,Oversize,Polyester,Astarlı,Kapüşonlu,Dokuma,Haki,Fermuarlı,Düz,Astarlı,Düz,Düşük Kol,İnce,Standart,Günlük,Panço,Dolgusuz,Hayır,Cool & Comfort,Gabardin,Tüm Yaş Grupları,100% Polyester,,,,Su itici,Tekli,,,,,,,,
48,792782077,7295,4.8,,/trendyolmilla/lacivert-tuvit-ceket-mont-twoss24mo00056-p-792782077/yorumlar,Regular,Polyester,Astarlı,Hakim Yaka,Dokuma,Lacivert,Düğmeli,Düz,Astarlı,Düz,Standart Kol,Orta,Standart,Günlük,Bomber,Elyaflı,Hayır,Cool & Comfort,Tüvit,Tüm Yaş Grupları,100% Polyester,,,,,Tekli,Uzun,,,,,,,
49,783248056,832,3.0,,/trendyolmilla/siyah-oversize-kazayagi-tuvit-ince-mont-twoss24mo00023-p-783248056/yorumlar,Oversize,Polyester,Astarlı,Dik Yaka,Dokuma,Siyah,Çıt çıt + Fermuar,Kazayağı,Astarlı,Düz,Düşük Kol,İnce,Standart,Günlük,Basic,Dolgusuz,Hayır,Fashion Forward,Tüvit,Tüm Yaş Grupları,"46% Polyester, ,24% Pamuk, ,16% Viskoz, ,12% Akrilik, ,1% Poliamid, ,1% Metalize İplik",,,,,Tekli,,,,,,,,
50,752905410,6590,4.1,,/trendyol-man/lacivert-unisex-oversize-fit-dik-yaka-sisme-kislik-mont-tmnaw24mo00003-p-752905410/yorumlar,Oversize,,Astarlı,Dik Yaka,Dokuma,Lacivert,Fermuarlı,Düz,Astarlı,Düz,Standart Kol,Orta,Standart,Günlük,Şişme,Dolum,Hayır,Cool & Comfort,Micro,Tüm Yaş Grupları,100% Poliamid,,2,Yok,,Tekli,Uzun,,,,Polyester,Baskısız,,
51,816260074,216,,,,Regular,Polyester,Astarlı,Bomber Yaka,Dokuma,Yeşil,,Düz,,Düz,Standart Kol,Kalın,Standart,Günlük,Bomber,,Hayır,Cool & Comfort,Kaşe,Tüm Yaş Grupları,100% Polyester,,,,,Tekli,Uzun,,,,,Baskısız,,
52,47423542,89833,4.2,,/trendyolmilla/siyah-kapusonlu-kusakli-su-itici-sisme-mont-twoaw21mo0011-p-47423542/yorumlar,Regular,Polyester,Astarlı,Kapüşonlu,Dokuma,Siyah,Çıt Çıt,Düz,Fermuar,Düz,Düşük Kol,Kalın,Midi,Günlük,Basic,Elyaflı,Hayır,Cool & Comfort,Jessica,Tüm Yaş Grupları,100% Polyester,Günlük,Çift cepli,,Ek Özellik Mevcut Değil,Tekli,Uzun,Kuşaklı,,Kordonsuz,Yoğun Elyaf,Baskısız,Cepli,
53,148060777,30915,4.4,,/trendyolmilla/siyah-ribana-kollu-su-itici-sisme-mont-twoaw22mo0002-p-148060777/yorumlar,Regular,Polyester,Astarlı,Dik Yaka,Dokuma,Siyah,Fermuarlı,Düz,Fermuar,Düz,Standart Kol,Kalın,Midi,Günlük,Basic,Elyaflı,Hayır,Cool & Comfort,Micro,Tüm Yaş Grupları,100% Polyester,,Çift cepli,,Su itici,Tekli,Uzun,Kemersiz,,Kordonsuz,Yoğun Elyaf,Baskısız,,
54,785186147,8940,,,,Regular,Polyester,Astarsız,Erkek Yaka,Dokuma,Bej,Fermuarlı,Düz,Suni Deri,Düz,Standart Kol,Orta,Standart,Günlük,Biker,Dolgusuz,Hayır,Fashion Forward,Suni Deri,Tüm Yaş Grupları,100% Polyester,,,,,Tekli,Uzun,,,,,,,
55,665593749,59409,4.8,,/trendyolmilla/acik-haki-renk-bloklu-ve-pelus-yaka-detayli-su-itici-kapitone-sisme-mont-twoaw24mo00035-p-665593749/yorumlar,Regular,Polyester,Astarlı,Gömlek Yaka,Dokuma,Haki,Düğmeli,Renk Bloklu,Astarlı,Düz,Düşük Kol,Orta,Standart,Günlük,Basic,Kapitone,Hayır,Fashion Forward,Jessica,Tüm Yaş Grupları,100% Polyester,,,,Su itici,Tekli,,,,,,,,
56,665618799,2974,4.6,,/trendyolmilla/gri-katlanabilir-canta-detayli-su-itici-sisme-mont-twoaw24mo00115-p-665618799/yorumlar,Regular,Polyester,Astarlı,Kapüşonlu,Dokuma,Gri,Fermuarlı,Düz,Astarlı,Düz,Standart Kol,Orta,Standart,Günlük,Basic,Elyaflı,Hayır,Cool & Comfort,20 Denye Naylon,Tüm Yaş Grupları,100% Polyester,,,,Su itici,Tekli,,,,,,,,
57,125852006,67757,4.2,,/trendyolmilla/haki-ici-pelus-kapusonlu-yagmurluk-mont-twoaw22mo0524-p-125852006/yorumlar,Regular,Polyester,Astarlı,Kapüşonlu,Dokuma,Haki,Çıt çıt + Fermuar,Düz,Çıtçıt Kapamalı,Düz,Reglan Kol,Orta,Midi,Günlük,Parka,Dolgusuz,Hayır,Cool & Comfort,Bonded,Tüm Yaş Grupları,100% Polyester,,Çift cepli,,Su itici,Tekli,Uzun,,,Kordonlu,Dolgusuz,,,
58,656793598,22209,4.6,,/trendyolmilla/bej-regular-su-itici-sisme-mont-twoaw24mo00048-p-656793598/yorumlar,Regular,Polyester,Astarlı,Dik Yaka,Dokuma,Bej,Çıt çıt + Fermuar,Düz,Astarlı,Düz,Düşük Kol,Kalın,Standart,Günlük,Basic,Elyaflı,Hayır,Cool & Comfort,Micro,Tüm Yaş Grupları,100% Polyester,Günlük,,,Su itici,Tekli,Uzun,,Basic,,,,,
59,784563622,9411,4.0,,/trendyolmilla/siyah-suni-deri-biker-ceket-mont-twoss24mo00034-p-784563622/yorumlar,Regular,Polyester,Astarlı,Erkek Yaka,Suni Deri,Siyah,Fermuarlı,Düz,Suni Deri,Düz,Standart Kol,İnce,Midi,Günlük,Biker,Dolgusuz,Hayır,Cool & Comfort,Suni Deri,Tüm Yaş Grupları,100% Polyester,,,,,Tekli,,,,,,,,
60,814877044,151,,,,Relaxed,,Astarlı,Kapüşonlu,Dokuma,Siyah,,Düz,,,Standart Kol,,Standart,Günlük,Shackets,,,Cool & Comfort,,,100% Polyester,,,,,,,,,,,,,
61,814874914,68,,,,Relaxed,,Astarlı,Dik Yaka,Dokuma,Bej,,Düz,,Düz,Standart Kol,,Standart,Günlük,Şişme,,Hayır,Cool & Comfort,,,100% Poliamid,,,Yok,,,,,,,,,,
62,735982231,5288,4.5,,/trendyol-man/lacivert-unisex-regular-fit-kadife-kislik-mont-tmnaw24mo00018-p-735982231/yorumlar,Regular,,Astarlı,Gömlek Yaka,Dokuma,Lacivert,,Düz,Kürk/Peluş/Şerpa,Düz,Standart Kol,Kalın,Standart,Günlük,Basic,,Hayır,Cool & Comfort,Kadife,Tüm Yaş Grupları,"99% Pamuk, ,1% Elastan",,,,Ek Özellik Mevcut Değil,Tekli,Uzun,,,,,,,
63,650453724,11252,4.7,,/trendyolmilla/siyah-su-itici-crop-ozellikli-sisme-mont-twoaw24mo00020-p-650453724/yorumlar,Regular,Polyester,Astarlı,Dik Yaka,Dokuma,Siyah,Fermuarlı,Düz,Astarlı,Düz,Düşük Kol,Kalın,Crop,Günlük,Basic,Elyaflı,Hayır,Fashion Forward,Jessica,Tüm Yaş Grupları,100% Polyester,,,,Su itici,Tekli,,,,,,,,
64,268538401,7082,4.6,,/trendyolmilla/bej-kapusonlu-su-itici-uzun-sisme-mont-twoaw23mo00154-p-268538401/yorumlar,Regular,Polyester,Astarlı,Kapüşonlu,Dokuma,Bej,Çıt çıt + Fermuar,Düz,Astarlı,Düz,Standart Kol,Kalın,Uzun,Günlük,Basic,Elyaflı,Hayır,Cool & Comfort,Jessica,Tüm Yaş Grupları,100% Polyester,,,,Su itici,Tekli,Uzun,,,,Yoğun Elyaf,,,
65,657709455,2871,4.7,,/trendyolmilla/vizon-regular-yandan-citcit-kapamali-su-itici-uzun-kapitone-sisme-mont-twoaw24mo00044-p-657709455/yorumlar,Regular,Polyester,Astarlı,Kapüşonlu,Dokuma,Kahverengi,Fermuarlı,Düz,Astarlı,Düz,Standart Kol,Kalın,Uzun,Günlük,Basic,Elyaflı,Hayır,Cool & Comfort,Micro,Tüm Yaş Grupları,100% Polyester,,,,Su itici,Tekli,,,,,,,,
66,656796095,7512,4.3,,/trendyolmilla/siyah-regular-yandan-fermuar-detayli-su-itici-uzun-sisme-mont-twoaw24mo00049-p-656796095/yorumlar,Regular,Polyester,Astarlı,Dik Yaka,Dokuma,Siyah,Çıt çıt + Fermuar,Düz,Fermuar,Düz,Düşük Kol,Kalın,Uzun,Günlük,Basic,Elyaflı,Hayır,Cool & Comfort,Micro,Tüm Yaş Grupları,100% Polyester,,,,Su itici,Tekli,,,,,,,,
67,658171908,4727,4.7,,/trendyolmilla/siyah-kurk-kapusonlu-su-itici-uzun-sisme-mont-twoaw24mo00079-p-658171908/yorumlar,Regular,Polyester,Astarlı,Kapüşonlu,Dokuma,Siyah,Fermuarlı,Düz,Astarlı,Düz,Standart Kol,Kalın,Uzun,Günlük,Basic,Elyaflı,Hayır,Cool & Comfort,Jessica,Tüm Yaş Grupları,100% Polyester,,,Su İtici,Su itici,Tekli,Uzun,,,,,,,
68,656796103,5691,4.3,,/trendyolmilla/bej-regular-yandan-fermuar-detayli-su-itici-uzun-sisme-mont-twoaw24mo00049-p-656796103/yorumlar,Regular,Polyester,Astarlı,Dik Yaka,Dokuma,Bej,Çıt çıt + Fermuar,Düz,Fermuar,Düz,Düşük Kol,Kalın,Uzun,Günlük,Basic,Elyaflı,Hayır,Cool & Comfort,Micro,Tüm Yaş Grupları,100% Polyester,,,,Su itici,Tekli,,,,,,,,
69,673866181,22563,4.5,,/trendyol-man/yesil-unisex-oversize-fit-dik-yaka-sisme-kislik-mont-tmnaw24mo00003-p-673866181/yorumlar,Oversize,,Astarlı,Dik Yaka,Dokuma,Yeşil,Fermuarlı,Düz,Astarlı,Düz,Standart Kol,Orta,Standart,Günlük,Şişme,Dolum,Hayır,Cool & Comfort,Micro,Tüm Yaş Grupları,100% Poliamid,,2,Yok,,Tekli,Uzun,,,,Polyester,Baskısız,,
70,139392234,30171,4.4,,/trendyolmilla/siyah-kapusonlu-ici-kurklu-su-itici-parka-kaban-twoaw21kb0065-p-139392234/yorumlar,Regular,Polyester,Astarlı,Kapüşonlu,Dokuma,Siyah,,Düz,Fermuar,Düz,Düşük Kol,Kalın,Midi,Günlük,Parka,Dolgusuz,Hayır,Cool & Comfort,Bonded,Tüm Yaş Grupları,100% Polyester,,Çift cepli,Su İtici,Su itici,Tekli,Uzun,,,Kordonsuz,Dolgusuz,Baskısız,,
71,766809162,1577,4.1,,/trendyolmilla/siyah-kurk-kapusonlu-su-itici-sisme-mont-twoaw24mo00369-p-766809162/yorumlar,Regular,Polyester,Astarlı,Dik Yaka,Dokuma,Siyah,Çıt çıt + Fermuar,Düz,Astarlı,Düz,Standart Kol,Kalın,Uzun,Günlük,Basic,Elyaflı,Hayır,Cool & Comfort,Jessica,Tüm Yaş Grupları,100% Polyester,,,,Su itici,Tekli,Uzun,,,,,,,
72,658174141,2235,4.7,,/trendyolmilla/petrol-kurk-kapusonlu-su-itici-sisme-mont-twoaw24mo00081-p-658174141/yorumlar,Regular,Polyester,Astarlı,Kapüşonlu,Dokuma,Yeşil,Fermuarlı,Düz,Astarlı,Düz,Standart Kol,Kalın,Midi,Günlük,Basic,Elyaflı,Hayır,Cool & Comfort,Jessica,Tüm Yaş Grupları,100% Polyester,,,Su İtici,Su itici,Tekli,,,,,,,,
73,814874905,323,,,,Relaxed,,Astarlı,Dik Yaka,Dokuma,Yeşil,,Düz,,Düz,Standart Kol,,Standart,Günlük,Şişme,,Hayır,Cool & Comfort,,,100% Poliamid,,,Yok,,,,,,,,,,
74,674993934,2012,4.7,,/trendyol-man/siyah-unisex-regular-fit-bomber-yaka-kolej-kislik-mont-tmnaw24mo00017-p-674993934/yorumlar,Regular,Polyester,Astarlı,Bomber Yaka,Dokuma,Siyah,,Düz,,Düz,Standart Kol,Kalın,Standart,Günlük,Bomber,,Hayır,Cool & Comfort,Kaşe,Tüm Yaş Grupları,100% Polyester,,,,,Tekli,Uzun,,,,,Baskısız,,
75,814361801,403,,,,Oversize,,Astarlı,Dik Yaka,Dokuma,Kahverengi,Fermuarlı,Düz,Astarlı,Düz,Standart Kol,Orta,Standart,Günlük,Şişme,Dolum,Hayır,Cool & Comfort,Micro,Tüm Yaş Grupları,100% Poliamid,,2,Yok,,Tekli,Uzun,,,,Polyester,Baskısız,,
76,673866186,15854,4.3,,/trendyol-man/tas-unisex-oversize-fit-dik-yaka-sisme-kislik-mont-tmnaw24mo00003-p-673866186/yorumlar,Oversize,,Astarlı,Dik Yaka,Dokuma,Bej,Fermuarlı,Düz,Astarlı,Düz,Standart Kol,Orta,Standart,Günlük,Şişme,Dolum,Hayır,Cool & Comfort,Micro,Tüm Yaş Grupları,100% Poliamid,,2,Yok,,Tekli,Uzun,,,,Polyester,Baskısız,,
77,758376289,9045,4.4,,/trendyol-man/mint-unisex-oversize-fit-dik-yaka-sisme-kislik-mont-tmnaw24mo00003-p-758376289/yorumlar,Oversize,,Astarlı,Dik Yaka,Dokuma,Yeşil,Fermuarlı,Düz,Astarlı,Düz,Standart Kol,Orta,Standart,Günlük,Şişme,Dolum,Hayır,Cool & Comfort,Micro,Tüm Yaş Grupları,100% Poliamid,,2,Yok,,Tekli,Uzun,,,,Polyester,Baskısız,,
78,142208088,7312,4.5,,/trendyolmilla/siyah-oversize-tuvit-kumas-crop-sisme-mont-twoaw22mo0248-p-142208088/yorumlar,Oversize,Polyester,Astarlı,Kapüşonlu,Dokuma,Siyah,Fermuarlı,Düz,Fermuar,2 in 1,Standart Kol,,Standart,Günlük,Şişme,Kapitone,Hayır,Cool & Comfort,Tüvit,Tüm Yaş Grupları,100% Polyester,,Çift cepli,Yok,Ek Özellik Mevcut Değil,Tekli,Uzun,Kemersiz,Young,Kordonsuz,Hafif elyaf,Baskısız,,
79,268538426,6831,4.3,,/trendyolmilla/siyah-kapusonlu-su-itici-uzun-sisme-mont-twoaw23mo00154-p-268538426/yorumlar,Regular,Polyester,Astarlı,Kapüşonlu,Dokuma,Siyah,Çıt çıt + Fermuar,Düz,Astarlı,Düz,Standart Kol,Kalın,Uzun,Günlük,Basic,Elyaflı,Hayır,Cool & Comfort,Jessica,Tüm Yaş Grupları,100% Polyester,,,,Su itici,Tekli,Uzun,,,,Yoğun Elyaf,,,
80,829996754,151,,,,Regular,,Astarlı,Erkek Yaka,Dokuma,Kahverengi,Çıt Çıt,Düz,,,Düşük Kol,İnce,Standart,Günlük,Shackets,Dolgusuz,,Cool & Comfort,Buklet,,100% Polyester,,,,,,,,,,,,,
81,816781458,,,,,Regular,,Astarlı,Gömlek Yaka,Dokuma,Haki,Çıt çıt + Fermuar,Düz,,,Düşük Kol,Orta,Uzun,Günlük,Parka,Elyaflı,,Cool & Comfort,Gabardin,,"65% Polyester, ,35% Pamuk",,,,Su itici,,,,,,,,,
82,820030733,,,,,Regular,,Astarlı,Erkek Yaka,Dokuma,Siyah,Fermuarlı,Düz,,,Düşük Kol,İnce,Standart,Günlük,Biker,Dolgusuz,,Cool & Comfort,Kaşe,,100% Polyester,,,,,,,,,,,,,
83,731712371,3998,5.0,,/trendyolmilla/siyah-winter-essentials-kayak-koleksiyonu-kapusonlu-su-gecirmez-sisme-mont-twoaw24mo00250-p-731712371/yorumlar,Regular,Polyester,Astarlı,Kapüşonlu,Dokuma,Siyah,Fermuarlı,Düz,Astarlı,Düz,Standart Kol,Kalın,Standart,Günlük,Basic,Elyaflı,Hayır,Cool & Comfort,Memory,Tüm Yaş Grupları,100% Polyester,,,,Su Geçirmez,Tekli,,,,,,,,
84,53612446,133959,4.3,,/trendyolmilla/siyah-oversize-kapusonlu-su-itici-kapitone-sisme-mont-twoaw21mo0144-p-53612446/yorumlar,Oversize,Polyester,Astarlı,Kapüşonlu,Dokuma,Siyah,Çıt çıt + Fermuar,Düz,Astarlı,Düz,Düşük Kol,Kalın,Standart,Günlük,Basic,Elyaflı,Hayır,Cool & Comfort,Micro,Tüm Yaş Grupları,100% Polyester,,Çift cepli,,Su itici,Tekli,Uzun,Kemersiz,,Kordonlu,Hafif elyaf,Baskısız,,
85,819752589,471,,,,Regular,Polyester,Astarlı,Bisiklet Yaka,Dokuma,Siyah,,Düz,,Düz,Standart Kol,,Standart,Günlük,Basic,,Hayır,Fashion Forward,,Tüm Yaş Grupları,100% Polyester,,,Yok,,,,,,,,,,
86,784564568,4313,4.7,,/trendyolmilla/vizon-crop-ince-bomber-mont-twoss24mo00038-p-784564568/yorumlar,Regular,Polyester,Astarlı,Hakim Yaka,Dokuma,Kahverengi,Fermuarlı,Düz,Astarlı,Düz,Reglan Kol,İnce,Crop,Günlük,Bomber,Dolgusuz,Hayır,Cool & Comfort,Memory,Tüm Yaş Grupları,100% Polyester,,,,,,,,,,,,,
87,754587823,7670,4.3,,/trendyolmilla/siyah-fitted-kapusonlu-su-itici-mont-twoaw24mo00363-p-754587823/yorumlar,Fitted,Polyester,Astarlı,Kapüşonlu,Dokuma,Siyah,Çıt çıt + Fermuar,Düz,Astarlı,Düz,Düşük Kol,Orta,Standart,Günlük,Basic,Elyaflı,Hayır,Cool & Comfort,Jessica,Tüm Yaş Grupları,100% Polyester,,,,Su itici,Tekli,,,,,,,,AW
88,673866190,24223,4.3,,/trendyol-man/siyah-unisex-oversize-fit-dik-yaka-sisme-kislik-mont-tmnaw24mo00003-p-673866190/yorumlar,Oversize,,Astarlı,Dik Yaka,Dokuma,Siyah,Fermuarlı,Düz,Astarlı,Düz,Standart Kol,Orta,Standart,Günlük,Şişme,Dolum,Hayır,Cool & Comfort,Micro,Tüm Yaş Grupları,100% Poliamid,,2,Yok,,Tekli,Uzun,,,,Polyester,Baskısız,,
89,665585595,10295,4.3,,/trendyolmilla/siyah-kusakli-tas-dugme-detayli-su-itici-kapitone-sisme-mont-twoaw24mo00032-p-665585595/yorumlar,Regular,Polyester,Astarlı,Erkek Yaka,Dokuma,Siyah,Düğmeli,Düz,Astarlı,Düz,Düşük Kol,Orta,Midi,Günlük,Basic,Elyaflı,Hayır,Fashion Forward,Micro,Tüm Yaş Grupları,100% Polyester,,,,Su itici,Tekli,,Kuşaklı,,,,,,
90,35465779,19949,4.3,,/trendyolmilla/siyah-oversize-kaz-ayagi-desenli-ince-ceket-mont-twoss20mo0058-p-35465779/yorumlar,Oversize,Pamuk Polyester,Astarsız,Gömlek Yaka,Dokuma,Siyah,Düğmeli,Ekose / Kareli,Düğme,İpliği Boyalı,Düşük Kol,İnce,Midi,Günlük,Shackets,Dolgusuz,Hayır,Cool & Comfort,Kaşe,Tüm Yaş Grupları,"44% Polyester,44% Pamuk,9% Viskoz,3% Akrilik",,Çift cepli,,Ek Özellik Mevcut Değil,Tekli,Uzun,,,,Dolgusuz,,,
91,731710158,5232,4.3,,/trendyolmilla/winter-essentials-kayak-koleksiyonu-siyah-su-gecirmez-kapusonlu-polar-mont-twoaw24mo00249-p-731710158/yorumlar,Regular,,Astarsız,Kapüşonlu,Dokuma,Siyah,Fermuarlı,Düz,,Düz,Standart Kol,,Standart,Günlük,Basic,Dolgusuz,Hayır,Cool & Comfort,Polar,Tüm Yaş Grupları,"94% Polyester, ,6% Poliüretan",,,,Su Geçirmez,Tekli,,,,,,,,
92,672438127,8835,4.5,,/trendyolmilla/bej-kapusonlu-su-itici-uzun-sisme-mont-twoaw24mo00145-p-672438127/yorumlar,Regular,Polyester,Astarlı,Kapüşonlu,Dokuma,Bej,,Düz,Astarlı,Düz,Düşük Kol,Orta,Uzun,Günlük,Basic,Elyaflı,Hayır,Cool & Comfort,Micro,Tüm Yaş Grupları,100% Polyester,,,,Su itici,Tekli,Uzun,,,,,,,
93,723286630,6532,4.3,,/trendyolmilla/siyah-kemerli-kapusonlu-su-itici-uzun-sisme-mont-twoaw24mo00224-p-723286630/yorumlar,Regular,Polyester,Astarlı,Kapüşonlu,Dokuma,Siyah,Çıt çıt + Fermuar,Düz,Kemerli,Düz,Düşük Kol,Kalın,Uzun,Günlük,Basic,Elyaflı,Hayır,Cool & Comfort,Jessica,Tüm Yaş Grupları,100% Polyester,,,,Su itici,Tekli,Uzun,Kemerli,,,,,,
94,665619556,4590,4.8,,/trendyolmilla/siyah-cantali-su-itici-sisme-mont-twoaw24mo00116-p-665619556/yorumlar,Regular,Polyester,Astarlı,Dik Yaka,Dokuma,Siyah,Fermuarlı,Düz,Astarlı,Düz,Standart Kol,Orta,Standart,Günlük,Basic,Elyaflı,Hayır,Cool & Comfort,20 Denye Naylon,Tüm Yaş Grupları,100% Polyester,,,,Su itici,Tekli,,,,,,,,
95,746935064,8743,4.6,,/trendyolmilla/saks-premium-oversize-mont-twoaw24mo00315-p-746935064/yorumlar,Oversize,Polyester,Astarlı,Bisiklet Yaka,Dokuma,Mavi,Çıt Çıt,Düz,Astarlı,Düz,Düşük Kol,,Standart,Günlük,Bomber,Dolgusuz,Hayır,Cool & Comfort,Paraşüt,Tüm Yaş Grupları,100% Polyester,,,,Su itici,Tekli,,,,,,,,AW
96,731712393,4013,4.5,,/trendyolmilla/kirmizi-winter-essentials-kayak-koleksiyonu-kapusonlu-su-gecirmez-sisme-mont-twoaw24mo00250-p-731712393/yorumlar,Regular,Polyester,Astarlı,Kapüşonlu,Dokuma,Kırmızı,Fermuarlı,Düz,Astarlı,Düz,Standart Kol,Kalın,Standart,Günlük,Basic,Elyaflı,Hayır,Cool & Comfort,Memory,Tüm Yaş Grupları,100% Polyester,,,,Su Geçirmez,Tekli,,,,,,,,
97,666205909,4034,4.6,,/trendyolmilla/vizon-kapusonlu-su-itici-sisme-mont-twoaw24mo00119-p-666205909/yorumlar,Regular,Polyester,Astarlı,Kapüşonlu,Dokuma,Kahverengi,Çıt çıt + Fermuar,Düz,Astarlı,Düz,Standart Kol,Kalın,Midi,Günlük,Basic,Elyaflı,Hayır,Cool & Comfort,Micro,Tüm Yaş Grupları,100% Polyester,,,,Su itici,Tekli,,,,,,,,
98,665596117,4897,4.5,,/trendyolmilla/siyah-su-itici-crop-kapitone-sisme-mont-twoaw24mo00059-p-665596117/yorumlar,Regular,Polyester,Astarlı,Bisiklet Yaka,Dokuma,Siyah,Fermuarlı,Düz,Astarlı,Düz,Düşük Kol,Orta,Crop,Günlük,Bomber,Elyaflı,Hayır,Fashion Forward,Jessica,Tüm Yaş Grupları,100% Polyester,,,,Su itici,,,,,,,,,
99,786328309,2407,4.9,,/trendyolmilla/siyah-organze-crop-bomber-mont-twoss24mo00047-p-786328309/yorumlar,Regular,Polyester,Astarsız,Hakim Yaka,Dokuma,Siyah,Fermuarlı,Düz,,Düz,Standart Kol,İnce,Crop,Günlük,Bomber,Dolgusuz,,Fashion Forward,Organze,Tüm Yaş Grupları,100% Polyester,,,,,Tekli,,,,,,,,
100,759498965,2689,4.4,,/trendyolmilla/siyah-tas-oversize-kapusonlu-cift-tarafli-kapitone-mont-twoaw24mo00364-p-759498965/yorumlar,Oversize,Polyester,Çift Taraflı Giyilebilir,Kapüşonlu,Dokuma,Siyah,Çıt Çıt,Düz,,Düz,Düşük Kol,Orta,Uzun,Günlük,Basic,Kapitone,Hayır,Cool & Comfort,Jessica,Tüm Yaş Grupları,100% Polyester,,,,,Tekli,,,,,,,,
101,766809161,1859,2.3,,/trendyolmilla/ekru-kurk-kapusonlu-su-itici-sisme-mont-twoaw24mo00369-p-766809161/yorumlar,Regular,Polyester,Astarlı,Dik Yaka,Dokuma,Ekru,Çıt çıt + Fermuar,Düz,Astarlı,Düz,Standart Kol,Kalın,Uzun,Günlük,Basic,Elyaflı,Hayır,Cool & Comfort,Jessica,Tüm Yaş Grupları,100% Polyester,,,,Su itici,Tekli,Uzun,,,,,,,
102,752040627,10306,4.7,,/trendyolmilla/siyah-pelus-mont-twoaw24mo00356-p-752040627/yorumlar,Regular,Polyester,Astarlı,Dik Yaka,Dokuma,Siyah,Fermuarlı,Düz,Astarlı,Düz,Düşük Kol,Orta,Standart,Günlük,Basic,Dolgusuz,Hayır,Fashion Forward,Peluş,Tüm Yaş Grupları,100% Polyester,,,,,Tekli,Uzun,,,,,,,
103,666221859,1954,4.8,,/trendyolmilla/vizon-kurk-kapusonlu-kemerli-su-itici-parka-kaban-twoaw24kb00055-p-666221859/yorumlar,Regular,Polyester,Astarlı,Kapüşonlu,Dokuma,Kahverengi,Çıt çıt + Fermuar,Düz,Kemerli,Düz,Standart Kol,Kalın,Midi,Günlük,Parka,Elyaflı,Hayır,Cool & Comfort,Bonded,Tüm Yaş Grupları,100% Polyester,,,,Çıkabilir Kapüşon,Tekli,,Kemerli,,,,,,
104,730894132,4352,4.5,,/trendyolmilla/ekru-kapusonlu-su-itici-sisme-mont-twoaw24mo00229-p-730894132/yorumlar,Regular,Polyester,Astarlı,Kapüşonlu,Dokuma,Beyaz,Fermuarlı,Düz,Astarlı,Düz,Düşük Kol,Kalın,Midi,Günlük,Basic,Elyaflı,Hayır,Cool & Comfort,Crinkle,Tüm Yaş Grupları,100% Poliamid,,,,Ek Özellik Mevcut Değil,Tekli,,,,,,,,
105,658174128,1866,4.6,,/trendyolmilla/gri-kurk-kapusonlu-su-itici-sisme-mont-twoaw24mo00081-p-658174128/yorumlar,Regular,Polyester,Astarlı,Kapüşonlu,Dokuma,Gri,Fermuarlı,Düz,Astarlı,Düz,Standart Kol,Kalın,Midi,Günlük,Basic,Elyaflı,Hayır,Cool & Comfort,Jessica,Tüm Yaş Grupları,100% Polyester,,,Su İtici,Su itici,Tekli,,,,,,,,
106,657709830,8908,4.1,,/trendyolmilla/siyah-kapusonlu-parlak-su-itici-sisme-mont-twoaw24mo00043-p-657709830/yorumlar,Regular,Polyester,Astarlı,Kapüşonlu,Dokuma,Siyah,Çıt Çıt,Düz,Astarlı,Düz,Standart Kol,Kalın,Midi,Günlük,Basic,Elyaflı,Hayır,Cool & Comfort,Parlak,Tüm Yaş Grupları,100% Polivinil Klorür,,,,Su itici,Tekli,,,,,,,,
107,717800588,3273,4.8,,/trendyolmilla/siyah-fitted-kapusonlu-su-itici-sisme-mont-twoaw24mo00220-p-717800588/yorumlar,Fitted,Polyester,Astarlı,Kapüşonlu,Dokuma,Siyah,Fermuarlı,Düz,Astarlı,Düz,Standart Kol,Orta,Standart,Günlük,Basic,Elyaflı,Hayır,Cool & Comfort,20 Denye Naylon,Tüm Yaş Grupları,100% Poliamid,,,,Ek Özellik Mevcut Değil,Tekli,,,,,,,,
108,783286839,3382,4.2,,/trendyolmilla/haki-oversize-genis-kesim-yagmurluk-mont-twoss24mo00030-p-783286839/yorumlar,Oversize,Polyester,Astarlı,Kapüşonlu,Dokuma,Haki,Fermuarlı,Düz,Astarlı,Düz,Düşük Kol,İnce,Midi,Günlük,Panço,Dolgusuz,Hayır,Cool & Comfort,Crinkle,Tüm Yaş Grupları,100% Poliamid,,,Yok,,Tekli,,,,,,,,
109,649452171,6112,4.3,,/trendyolmilla/mint-oversize-kemerli-kapusonlu-su-itici-sisme-mont-twoaw23mo00188-p-649452171/yorumlar,Regular,Polyester,Astarlı,Kapüşonlu,Dokuma,Yeşil,Çıt çıt + Fermuar,Düz,Astarlı,Düz,Reglan Kol,Kalın,Midi,Günlük,Basic,Elyaflı,Hayır,Cool & Comfort,Micro,Tüm Yaş Grupları,100% Polyester,,Çift cepli,,Su itici,Tekli,Uzun,Kemerli,,Kordonsuz,Yoğun Elyaf,Baskısız,,
110,784440848,8422,4.4,,/trendyolmilla/tas-cep-detayli-ince-ceket-mont-twoss24mo00029-p-784440848/yorumlar,Oversize,Pamuklu,Astarlı,Gömlek Yaka,Dokuma,Gri,Fermuarlı,Düz,Cep,Düz,Düşük Kol,İnce,Standart,Günlük,Basic,Dolgusuz,Hayır,Cool & Comfort,Gabardin,Tüm Yaş Grupları,100% Pamuk,,,,,Tekli,Uzun,,,,,,,
111,665572072,5780,3.9,,/trendyolmilla/siyah-parlak-su-itici-crop-kapitone-sisme-mont-twoaw24mo00094-p-665572072/yorumlar,Regular,Polyester,Astarlı,Dik Yaka,Dokuma,Siyah,Fermuarlı,Düz,Astarlı,Düz,Standart Kol,Orta,Crop,Günlük,Basic,Elyaflı,Hayır,Cool & Comfort,Parlak,Tüm Yaş Grupları,100% Poliamid,,,,Su itici,Tekli,,,,,,,,
112,784146734,3737,4.0,,/trendyolmilla/ekru-crop-ceket-mont-twoss24mo00018-p-784146734/yorumlar,Oversize,Pamuklu,Astarlı,Gömlek Yaka,Dokuma,Ekru,Düğmeli,Düz,Astarlı,Düz,Düşük Kol,İnce,Crop,Günlük,Bolero,Dolgusuz,Hayır,Fashion Forward,Gabardin,Tüm Yaş Grupları,100% Pamuk,,,Yok,,Tekli,,,,,,,,
113,767509568,1378,4.8,,/trendyolmilla/camel-oversize-kapusonlu-cep-detayli-pelus-mont-twoaw24mo00200-p-767509568/yorumlar,Oversize,Polyester,Astarlı,Kapüşonlu,Dokuma,Kahverengi,Fermuarlı,Düz,Cep,Düz,Düşük Kol,Orta,Standart,Günlük,Basic,Dolgusuz,Hayır,Cool & Comfort,Peluş,Tüm Yaş Grupları,100% Polyester,,,Yok,,Tekli,,,,,,,,
114,720738185,5490,4.2,,/trendyolmilla/ekru-cikartilabilir-kapusonlu-su-itici-sisme-mont-twoaw24mo00234-p-720738185/yorumlar,Regular,Polyester,Astarlı,Kapüşonlu,Dokuma,Ekru,Çıt çıt + Fermuar,Düz,Astarlı,Düz,Düşük Kol,Kalın,Standart,Günlük,Basic,Elyaflı,Hayır,Cool & Comfort,Jessica,Tüm Yaş Grupları,100% Polyester,,,,Su itici,Tekli,,,,,,,,
115,657708991,5855,4.7,,/trendyolmilla/siyah-premium-tuvit-sisme-mont-twoaw24mo00039-p-657708991/yorumlar,Regular,Polyester,Astarlı,Dik Yaka,Dokuma,Siyah,Fermuarlı,Ekose / Kareli,Astarlı,Düz,Düşük Kol,Kalın,Standart,Günlük,Basic,Elyaflı,Hayır,Fashion Forward,Tüvit,Tüm Yaş Grupları,100% Polyester,,,,Ek Özellik Mevcut Değil,Tekli,Uzun,,,,,,,
116,665580252,9206,4.6,,/trendyolmilla/camel-kusakli-su-itici-kapitone-sisme-mont-twoaw24mo00095-p-665580252/yorumlar,Regular,Polyester,Astarlı,Dik Yaka,Dokuma,Kahverengi,Çıt çıt + Fermuar,Düz,Astarlı,Düz,Düşük Kol,Orta,Midi,Günlük,Basic,Elyaflı,Hayır,Cool & Comfort,Crinkle,Tüm Yaş Grupları,100% Poliamid,,,,Su itici,Tekli,,Kuşaklı,,,,,,
117,665614575,6695,4.5,,/trendyolmilla/vizon-pelus-mont-twoaw24mo00100-p-665614575/yorumlar,Regular,Polyester,Astarlı,Dik Yaka,Dokuma,Kahverengi,Fermuarlı,Düz,Astarlı,Düz,Standart Kol,Orta,Standart,Günlük,Basic,Elyaflı,Hayır,Fashion Forward,Peluş,Tüm Yaş Grupları,100% Polyester,,,,Ek Özellik Mevcut Değil,Tekli,,,,,,,,
118,251243971,5359,4.5,,/trendyolmilla/koyu-yesil-kapusonlu-su-itici-sisme-mont-twoaw21mo0022-p-251243971/yorumlar,Regular,Polyester,Astarlı,Kapüşonlu,Dokuma,Yeşil,Fermuarlı,Düz,Astarlı,Düz,Düşük Kol,Kalın,Standart,Günlük,Basic,Elyaflı,Hayır,Cool & Comfort,Micro,21 - 40 Yaş,100% Polyester,Günlük,Çift cepli,Yok,Su itici,Tekli,Uzun,Kemersiz,Basic,Kordonlu,Yoğun Elyaf,Baskısız,Cepli,
119,746166219,2418,4.7,,/trendyolmilla/altin-oversize-parlak-bomber-su-itici-ceket-mont-twoaw24mo00348-p-746166219/yorumlar,Oversize,Polyester,Astarlı,Bisiklet Yaka,Dokuma,Altın,Fermuarlı,Düz,Astarlı,Düz,Düşük Kol,Orta,Standart,Günlük,Bomber,Elyaflı,Hayır,Fashion Forward,Parlak,Tüm Yaş Grupları,100% Polyester,,,,Su itici,Tekli,,,,,,,,AW
120,771867747,1698,4.5,,/trendyolmilla/bej-kemerli-kase-ceket-mont-twoaw24mo00374-p-771867747/yorumlar,Regular,Polyester,Astarlı,Kare Yaka,Dokuma,Bej,Düğmeli,Düz,Astarlı,Düz,Standart Kol,,Midi,Günlük,Shackets,Dolgusuz,Hayır,Cool & Comfort,Kaşe,Tüm Yaş Grupları,100% Polyester,,,,,Tekli,,Kemerli,,,,,,
121,810276789,167,,,,Regular,Polyester,Astarlı,Kapüşonlu,Dokuma,Yeşil,Çıt çıt + Fermuar,Düz,Astarlı,Düz,Standart Kol,Kalın,Midi,Günlük,Basic,Elyaflı,Hayır,Cool & Comfort,Memory,Tüm Yaş Grupları,100% Polyester,,,,Su Geçirmez,Tekli,Uzun,Kuşaklı,,,Yoğun Elyaf,,,
122,806496563,56,5.0,,/trendyolmilla/ekru-regular-kapusonlu-yandan-cit-cit-detayli-su-itici-uzun-sisme-mont-twoaw24mo00104-p-806496563/yorumlar,Regular,Polyester,Astarlı,Kapüşonlu,Dokuma,Kahverengi,Fermuarlı,Düz,Astarlı,Düz,Reglan Kol,Kalın,Uzun,Günlük,Basic,Elyaflı,Hayır,Cool & Comfort,Jessica,Tüm Yaş Grupları,100% Polyester,,,,Su itici,Tekli,,,,,,,,
123,125041919,5046,4.3,,/trendyolmilla/siyah-kapusonlu-fermuar-kapamali-pelus-mont-twoaw21mo0084-p-125041919/yorumlar,Regular,Polyester,Astarlı,Dik Yaka,Dokuma,Siyah,,Düz,Fermuar,Düz,Standart Kol,,Standart,Günlük,Basic,Dolgusuz,Hayır,Young,Peluş,Tüm Yaş Grupları,"70% Polyester, ,30% Akrilik",,Çift cepli,,,Tekli,Uzun,,Young,,Dolgusuz,,,
124,814519039,192,,,,Regular,Polyester,Astarlı,Gömlek Yaka,Dokuma,Siyah,Fermuarlı,Kazayağı,Astarlı,Düz,Standart Kol,İnce,Midi,Günlük,Shackets,Dolgusuz,Hayır,Cool & Comfort,Kaşe,Tüm Yaş Grupları,"30% Polyester, ,30% Pamuk, ,30% Akrilik, ,10% Viskoz",,,,,,,,,,,,,
125,809526615,,,,,Regular,Polyester,Astarlı,Kapüşonlu,Dokuma,Mavi,Fermuarlı,Düz,Astarlı,Düz,Standart Kol,Kalın,Uzun,Günlük,Basic,Elyaflı,Hayır,Cool & Comfort,Micro,Tüm Yaş Grupları,100% Polyester,,,,Su itici,Tekli,,,,,,,,
126,788485575,6087,4.5,,/trendyolmilla/siyah-oversize-suni-deri-bomber-ceket-mont-twoss24mo00050-p-788485575/yorumlar,Oversize,Polyester,Astarlı,Gömlek Yaka,Suni Deri,Siyah,Çıt Çıt,Düz,Suni Deri,Düz,Düşük Kol,İnce,Standart,Günlük,Shackets,Dolgusuz,Hayır,Cool & Comfort,Suni Deri,Tüm Yaş Grupları,100% Polyester,,,,,Tekli,,,,,Dolgusuz,,,
127,661836432,27918,4.6,,/trendyolmilla/siyah-su-gecirmez-crop-bomber-ceket-mont-twoaw24mo00061-p-661836432/yorumlar,Regular,Polyester,Astarlı,Bisiklet Yaka,Dokuma,Siyah,Fermuarlı,Düz,Astarlı,Düz,Düşük Kol,Orta,Crop,Günlük,Bomber,Elyaflı,Hayır,Fashion Forward,Bonded,Tüm Yaş Grupları,100% Polyester,,,,Su Geçirmez,Tekli,,,,,,,,
128,814582563,146,,,,Oversize,,Astarlı,Gömlek Yaka,Dokuma,Bej,Düğmeli,Düz,Astarlı,Düz,Düşük Kol,İnce,Midi,Günlük,Shackets,Dolgusuz,,Cool & Comfort,Kaşe,,"61% Polyester, ,36% Pamuk, ,3% Elastan",,,,,,,,,,,,,
129,650448316,4480,4.5,,/trendyolmilla/mavi-oversize-genis-kesim-buzgu-detayli-kase-kaban-twoaw24kb00001-p-650448316/yorumlar,Oversize,Polyester,Astarlı,Dik Yaka,Dokuma,Mavi,Çıt Çıt,Düz,Astarlı,Düz,Düşük Kol,,Crop,Günlük,Basic,Dolgusuz,Hayır,Cool & Comfort,Kaşe,Tüm Yaş Grupları,100% Polyester,,,,,Tekli,,,,,,,,
130,822965050,2399,5.0,,/trendyolmilla/bej-oversize-kemerli-gabardin-biker-ince-ceket-mont-twoaw25mo00121-p-822965050/yorumlar,Oversize,,Astarlı,Gömlek Yaka,Dokuma,Bej,Fermuarlı,Düz,,,Düşük Kol,İnce,Standart,Günlük,Biker,Dolgusuz,,Cool & Comfort,Gabardin,,100% Pamuk,,,,,,,Kemerli,,,,,,
131,786657060,2157,4.9,,/trendyolmilla/lacivert-fermuar-detayli-ince-su-itici-yagmurluk-ruzgarlik-mont-twoss24mo00035-p-786657060/yorumlar,Oversize,Polyester,Astarlı,Kapüşonlu,Dokuma,Lacivert,Fermuarlı,Düz,Astarlı,Düz,Düşük Kol,İnce,Standart,Günlük,Panço,Dolgusuz,Hayır,Cool & Comfort,Memory,Tüm Yaş Grupları,100% Polyester,,,,Su itici,Tekli,,,,,,,,
132,666221975,4694,4.5,,/trendyolmilla/siyah-kurk-kapusonlu-kemerli-su-itici-parka-kaban-twoaw24kb00055-p-666221975/yorumlar,Regular,Polyester,Astarlı,Kapüşonlu,Dokuma,Siyah,Çıt çıt + Fermuar,Düz,Kemerli,Düz,Standart Kol,Kalın,Midi,Günlük,Parka,Elyaflı,Hayır,Cool & Comfort,Bonded,Tüm Yaş Grupları,100% Polyester,,,,Çıkabilir Kapüşon,Tekli,,Kemerli,,,,,,
133,824312264,89,,,,Regular,,Astarlı,Kapüşonlu,Dokuma,Yeşil,Fermuarlı,Düz,Astarlı,Düz,Düşük Kol,Kalın,Uzun,Günlük,Basic,Elyaflı,Hayır,Cool & Comfort,Jessica,Tüm Yaş Grupları,100% Polyester,,,,,,,,,,,,,
134,268529211,1455,3.1,,/trendyolmilla/ekru-oversize-kapusonlu-sisme-mont-twoaw23mo00153-p-268529211/yorumlar,Oversize,Polyester,Astarlı,Kapüşonlu,Dokuma,Ekru,,Düz,Astarlı,Düz,Standart Kol,,Midi,Günlük,Şişme,Dolum,Hayır,Cool & Comfort,Jessica,Tüm Yaş Grupları,100% Polyester,,,Yok,,Tekli,Uzun,,,,Yoğun Elyaf,,,
135,822538012,299,,,,Oversize,,Astarlı,Hakim Yaka,Suni Deri,Siyah,,Düz,,,Düşük Kol,Orta,Standart,Günlük,Bomber,Elyaflı,,Fashion Forward,Suni Deri,,100% Polyester,,,,Su itici,,,,,,,,,
136,762575284,3532,3.6,,/trendyolmilla/siyah-cep-detayli-pelus-ceket-mont-twoaw24mo00010-p-762575284/yorumlar,Regular,Polyester,Astarlı,Bisiklet Yaka,Dokuma,Siyah,Düğmeli,Düz,Cep,Düz,Standart Kol,Orta,Standart,Günlük,Basic,Dolgusuz,Hayır,Cool & Comfort,Peluş,Tüm Yaş Grupları,100% Polyester,,,,,Tekli,,,,,,,,
137,661805975,6799,4.6,,/trendyolmilla/camel-oversize-kase-detayli-kapitone-su-itici-sisme-mont-twoaw24mo00108-p-661805975/yorumlar,Oversize,Polyester,Astarlı,Erkek Yaka,Dokuma,Kahverengi,Düğmeli,Renk Bloklu,Astarlı,Düz,Standart Kol,Orta,Midi,Günlük,Basic,Kapitone,Hayır,Fashion Forward,Jessica,Tüm Yaş Grupları,100% Polyester,,,,Ek Özellik Mevcut Değil,Tekli,,,,,,,,
138,788485415,2246,4.3,,/trendyolmilla/ekru-oversize-suni-deri-ince-ceket-mont-twoss24mo00049-p-788485415/yorumlar,Oversize,Polyester,Astarlı,Gömlek Yaka,Suni Deri,Ekru,Çıt Çıt,Düz,Suni Deri,Düz,Düşük Kol,İnce,Midi,Günlük,Shackets,Dolgusuz,,Cool & Comfort,Suni Deri,Tüm Yaş Grupları,100% Polyester,,,,,Tekli,,,,,Dolgusuz,,,
139,683505376,10802,4.5,,/trendyolmilla/bej-biker-yunlu-kase-kaban-twoaw24kb00075-p-683505376/yorumlar,Regular,Polyester,Astarlı,Erkek Yaka,Dokuma,Bej,Fermuarlı,Düz,Astarlı,Düz,Düşük Kol,,Standart,Günlük,Biker,Dolgusuz,Hayır,Fashion Forward,Kaşe,Tüm Yaş Grupları,"52% Polyester, ,8% Akrilik, ,3% Poliamid, ,25% Pamuk, ,11% Viskoz, ,1% Yün",,,,,Tekli,,,,,,,,
140,650448309,7053,4.3,,/trendyolmilla/ekru-oversize-genis-kesim-buzgu-detayli-kase-kaban-twoaw24kb00001-p-650448309/yorumlar,Oversize,Polyester,Astarlı,Dik Yaka,Dokuma,Ekru,Çıt Çıt,Düz,Astarlı,Düz,Düşük Kol,,Crop,Günlük,Basic,Dolgusuz,Hayır,Cool & Comfort,Kaşe,Tüm Yaş Grupları,100% Polyester,,,,,Tekli,,,,,,,,
141,688151019,15699,4.5,,/trendyolmilla/vizon-gold-dugme-detayli-kase-ceket-mont-twoaw24mo00132-p-688151019/yorumlar,Regular,Polyester,Astarsız,Bisiklet Yaka,Örme,Kahverengi,Düğmeli,Düz,Düğme,Düz,Standart Kol,İnce,Standart,Günlük,Basic,Dolgusuz,Hayır,Cool & Comfort,Kaşe,Tüm Yaş Grupları,100% Polyester,,,,,Tekli,,,,,,,,
142,688515638,4565,4.3,,/trendyolmilla/siyah-vizon-kapusonlu-cift-tarafli-giyilebilir-su-itici-sisme-mont-twoaw24mo00213-p-688515638/yorumlar,Regular,Polyester,Çift Taraflı Giyilebilir,Kapüşonlu,Dokuma,Siyah,Fermuarlı,Düz,,Düz,Standart Kol,Kalın,Standart,Günlük,Basic,Elyaflı,Hayır,Cool & Comfort,Micro,Tüm Yaş Grupları,100% Polyester,,,,Reversible,Tekli,,,,,,,,
143,649451121,4518,4.5,,/trendyolmilla/mor-kapusonlu-su-itici-sisme-mont-twoaw21mo0022-p-649451121/yorumlar,Regular,Polyester,Astarlı,Kapüşonlu,Dokuma,Mor,Fermuarlı,Düz,Astarlı,Düz,Düşük Kol,Kalın,Standart,Günlük,Basic,Elyaflı,Hayır,Cool & Comfort,Micro,21 - 40 Yaş,100% Polyester,Günlük,Çift cepli,Yok,Su itici,Tekli,Uzun,Kemersiz,Basic,Kordonlu,Yoğun Elyaf,Baskısız,Cepli,
144,806494704,729,,,,Regular,,Astarlı,Kapüşonlu,Dokuma,Kırmızı,Çıt Çıt,Düz,Astarlı,Düz,Reglan Kol,Orta,Midi,Günlük,Basic,Kapitone,,Cool & Comfort,Micro,Tüm Yaş Grupları,100% Polyester,,Çift cepli,,Su itici,,Uzun,,,Kordonsuz,Hafif elyaf,Baskısız,,
145,688509531,8407,4.6,,/trendyolmilla/ekru-kapusonlu-renk-bloklu-su-itici-sisme-mont-twoaw24mo00211-p-688509531/yorumlar,Regular,Polyester,Astarlı,Kapüşonlu,Dokuma,Ekru,Çıt çıt + Fermuar,Renk Bloklu,Astarlı,Düz,Standart Kol,Kalın,Standart,Günlük,Basic,Elyaflı,Hayır,Cool & Comfort,Micro,Tüm Yaş Grupları,100% Polyester,,,,Su itici,Tekli,,,,,,,,
146,682441606,2787,4.4,,/trendyolmilla/siyah-kase-ceket-mont-twoaw24mo00172-p-682441606/yorumlar,Oversize,Polyester,Astarlı,Erkek Yaka,Dokuma,Siyah,Düğmeli,Düz,Astarlı,Düz,Düşük Kol,İnce,Crop,Günlük,Basic,Dolgusuz,Hayır,Cool & Comfort,Kaşe,Tüm Yaş Grupları,100% Polyester,,,,Ek Özellik Mevcut Değil,Tekli,,,,,,,,
147,801043600,2861,4.2,,/trendyolmilla/tas-coban-kapama-detayli-pelus-mont-twoss24mo00081-p-801043600/yorumlar,Regular,Polyester,Astarsız,Gömlek Yaka,Dokuma,Gri,Düğmeli,Düz,,Düz,Standart Kol,Orta,Standart,Günlük,Basic,Dolgusuz,,Cool & Comfort,Peluş,Tüm Yaş Grupları,100% Polyester,,,,,Tekli,,,,,,,,
148,682586208,10639,4.3,,/trendyolmilla/haki-oversize-kapusonlu-su-gecirmez-yagmurluk-mont-twoaw24mo00160-p-682586208/yorumlar,Oversize,Polyester,Astarsız,Kapüşonlu,Dokuma,Haki,,Düz,,Düz,Standart Kol,İnce,Midi,Günlük,Panço,Dolgusuz,Hayır,Cool & Comfort,Crinkle,Tüm Yaş Grupları,100% Polyester,,,,Su itici,Tekli,,,,,,,,
149,681225720,4481,4.5,,/trendyolmilla/siyah-fitted-kapusonlu-su-itici-kapitone-sisme-mont-twoaw24mo00175-p-681225720/yorumlar,Fitted,Polyester,Astarlı,Kapüşonlu,Dokuma,Siyah,Fermuarlı,Düz,Astarlı,Düz,Standart Kol,Orta,Standart,Günlük,Basic,Elyaflı,Hayır,Cool & Comfort,Jessica,Tüm Yaş Grupları,100% Polyester,,,,Ek Özellik Mevcut Değil,Tekli,,,,,,,,
150,251157398,5015,4.1,,/trendyolmilla/vizon-kapusonlu-kusakli-su-itici-sisme-mont-twoaw21mo0011-p-251157398/yorumlar,Regular,Polyester,Astarlı,Kapüşonlu,Dokuma,Bej,Çıt Çıt,Düz,Fermuar,Düz,Düşük Kol,Kalın,Midi,Günlük,Basic,Elyaflı,Hayır,Cool & Comfort,Jessica,Tüm Yaş Grupları,100% Polyester,Günlük,Çift cepli,,Ek Özellik Mevcut Değil,Tekli,Uzun,Kuşaklı,,Kordonsuz,Yoğun Elyaf,Baskısız,Cepli,
151,788355025,1478,4.0,,/trendyolmilla/koyu-bej-kusakli-crop-bolero-mont-twoss24mo00011-p-788355025/yorumlar,Regular,Polyester,Astarlı,Hakim Yaka,Dokuma,Bej,Kapamasız,Düz,Astarlı,Düz,Standart Kol,İnce,Crop,Günlük,Bolero,Dolgusuz,Hayır,Fashion Forward,Memory,Tüm Yaş Grupları,100% Polyester,,,,Su itici,Tekli,,Kuşaklı,,,,,,
152,801038638,4336,4.3,,/trendyolmilla/bej-pelus-detayli-suni-deri-mont-twoss24mo00075-p-801038638/yorumlar,Regular,Suni Deri,Astarsız,Gömlek Yaka,Suni Deri,Bej,Fermuarlı,Düz,Suni Deri,Düz,Düşük Kol,Orta,Standart,Günlük,Biker,Dolgusuz,Hayır,Cool & Comfort,Suni Deri,Tüm Yaş Grupları,"90% Polyester, ,10% Elastan",,,,Su itici,Tekli,,,,,,,,
153,670360771,11827,4.4,,/trendyolmilla/haki-oversize-kapusonlu-su-gecirmez-kanguru-kapitone-mont-twoaw23mo00111-p-670360771/yorumlar,Oversize,Polyester,Astarlı,Kapüşonlu,Dokuma,Haki,Çıt çıt + Fermuar,Düz,Astarlı,Düz,Reglan Kol,Orta,Standart,Günlük,Basic,Elyaflı,Hayır,Cool & Comfort,Bonded,Tüm Yaş Grupları,100% Polyester,,,,Su Geçirmez,Tekli,Uzun,Kemersiz,,,,,,
154,814757862,151,,,,Regular,,Astarlı,Dik Yaka,Dokuma,Siyah,Çıt çıt + Fermuar,Düz,,,Düşük Kol,Orta,Midi,Günlük,Basic,Elyaflı,,Cool & Comfort,Micro,,100% Polyester,,,,Su itici,,,,,,,,,
155,650559527,21994,4.5,,/trendyolmilla/haki-cift-tarafli-kapusonlu-su-itici-uzun-sismemont-twoaw24mo00002-p-650559527/yorumlar,Regular,Polyester,Çift Taraflı Giyilebilir,Kapüşonlu,Dokuma,Yeşil,Fermuarlı,Düz,,Düz,Düşük Kol,Kalın,Uzun,Günlük,Basic,Elyaflı,Hayır,Fashion Forward,Memory,Tüm Yaş Grupları,100% Polyester,,,,Su itici,Tekli,Uzun,,,,,,,
156,763529853,3271,4.0,,/trendyolmilla/kahverengi-suet-pelus-detayli-biker-ceket-mont-twoaw23mo00351-p-763529853/yorumlar,Regular,Polyester,Astarlı,Gömlek Yaka,Suni Deri,Kahverengi,Fermuarlı,Düz,Suni Deri,Düz,Standart Kol,Orta,Standart,Günlük,Biker,Dolgusuz,Hayır,Cool & Comfort,Suni Deri,Tüm Yaş Grupları,100% Poliüretan,,,,,Tekli,Uzun,,,,,,,
157,688512327,15157,4.5,,/trendyolmilla/siyah-oversize-kapusonlu-parlak-su-itici-sisme-mont-twoaw24mo00212-p-688512327/yorumlar,Oversize,Polyester,Astarlı,Kapüşonlu,Dokuma,Siyah,Çıt çıt + Fermuar,Düz,Astarlı,Düz,Düşük Kol,Kalın,Standart,Günlük,Basic,Elyaflı,Hayır,Cool & Comfort,Parlak,Tüm Yaş Grupları,100% Polivinil Klorür,,,,Su Geçirmez,Tekli,,,,,,,,
158,785791453,6412,3.3,,/trendyolmilla/bej-oversize-crop-kol-kivirma-detayli-ince-yagmurluk-ruzgarlik-mont-twoss24mo00020-p-785791453/yorumlar,Oversize,Polyester,Astarlı,Kapüşonlu,Dokuma,Bej,Çıt çıt + Fermuar,Düz,Astarlı,Düz,Düşük Kol,İnce,Crop,Günlük,Panço,Dolgusuz,Hayır,Cool & Comfort,Gabardin,Tüm Yaş Grupları,100% Polyester,,,Yok,,Tekli,,,,,,,,
159,786327244,3063,4.8,,/trendyolmilla/vizon-su-itici-ince-yagmurluk-mont-twoss24mo00042-p-786327244/yorumlar,Regular,Polyester,Astarlı,Kapüşonlu,Dokuma,Kahverengi,Çıt Çıt,Düz,Astarlı,Düz,Standart Kol,İnce,Midi,Günlük,Panço,Dolgusuz,Hayır,Cool & Comfort,Crinkle,Tüm Yaş Grupları,100% Polyester,,,,Su itici,Tekli,Uzun,,,,,,,
160,716507701,11090,3.2,,/trendyolmilla/siyah-premium-oversize-genis-kesim-kusakli-pelus-yaka-detayli-suni-deri-kaban-twoaw24kb00150-p-716507701/yorumlar,Oversize,Polyester,,Ceket Yaka,Dokuma,Siyah,,Düz,Suni Deri,Düz,Standart Kol,,Midi,Günlük,Kruvaze,,Hayır,Fashion Forward,Suni Deri,Tüm Yaş Grupları,100% Polyester,,,,,Tekli,,,,,,,,
161,827263562,,,,,Regular,,Astarlı,Dik Yaka,Dokuma,Bordo,Çıt çıt + Fermuar,Düz,,,Düşük Kol,Orta,Standart,Günlük,Basic,Kapitone,,Cool & Comfort,20 Denye Naylon,,100% Poliamid,,,,Su itici,,,,,,,,,
162,814756579,,,,,Regular,,Astarlı,Dik Yaka,Dokuma,Kahverengi,Çıt çıt + Fermuar,Düz,,,Düşük Kol,Orta,Standart,Günlük,Basic,Kapitone,,Cool & Comfort,20 Denye Naylon,,100% Poliamid,,,,Su itici,,,,,,,,,
163,727779001,25257,4.0,,/trendyolmilla/ekru-renk-bloklu-pelus-sisme-mont-twoaw24mo00219-p-727779001/yorumlar,Regular,Polyester,Astarlı,Dik Yaka,Dokuma,Ekru,Fermuarlı,Düz,Astarlı,Düz,Düşük Kol,Orta,Standart,Günlük,Basic,Elyaflı,Hayır,Cool & Comfort,Micro,Tüm Yaş Grupları,"72% Polyester, ,28% Akrilik",,,,Ek Özellik Mevcut Değil,Tekli,,,,,,,,
164,661763900,8623,4.6,,/trendyolmilla/kahverengi-pelus-yakali-tuvit-kase-kaban-twoaw24kb00024-p-661763900/yorumlar,Regular,Polyester,Astarlı,Gömlek Yaka,Dokuma,Kahverengi,Fermuarlı,Kırçıllı,Astarlı,Düz,Standart Kol,Orta,Standart,Günlük,Basic,Dolgusuz,Hayır,Fashion Forward,Tüvit,Tüm Yaş Grupları,"72% Polyester, ,28% Poliamid",,,,,Tekli,,,,,,,,
165,138869741,61964,4.4,,/trendyolmilla/antrasit-kapusonlu-su-itici-sisme-mont-twoaw21mo0022-p-138869741/yorumlar,Regular,Polyester,Astarlı,Kapüşonlu,Dokuma,Gri,Fermuarlı,Düz,Astarlı,Düz,Düşük Kol,Kalın,Standart,Günlük,Basic,Elyaflı,Hayır,Cool & Comfort,Micro,21 - 40 Yaş,100% Polyester,Günlük,Çift cepli,Yok,Su itici,Tekli,Uzun,Kemersiz,Basic,Kordonlu,Yoğun Elyaf,Baskısız,Cepli,
166,820037300,874,4.0,,/trendyolmilla/vizon-regular-buklet-ince-ceket-mont-twoaw25mo00132-p-820037300/yorumlar,Regular,,Astarlı,Bisiklet Yaka,Dokuma,Kahverengi,,Düz,Astarlı,Düz,Düşük Kol,Orta,Standart,Günlük,Bomber,Dolgusuz,Hayır,Cool & Comfort,Peluş,,100% Polyester,,,,,,,,,,,,,
167,822142746,459,,,,Regular,,Astarlı,Erkek Yaka,Dokuma,Gri,Fermuarlı,Düz,Astarlı,Düz,Standart Kol,İnce,Standart,Günlük,Biker,Dolgusuz,Hayır,Cool & Comfort,Kaşe,,"61% Polyester, ,36% Pamuk, ,3% Elastan",,,,,,,,,,,,,
168,784449849,391,,,,Oversize,Polyester,Astarlı,Kapüşonlu,Dokuma,Mavi,Fermuarlı,Düz,Astarlı,Düz,Düşük Kol,İnce,Standart,Günlük,Panço,Dolgusuz,Hayır,Cool & Comfort,Gabardin,Tüm Yaş Grupları,100% Polyester,,,,Su itici,Tekli,,,,,,,,
169,655811310,29925,4.1,,/trendyolmilla/ekru-cep-detayli-pelus-ceket-mont-twoaw24mo00010-p-655811310/yorumlar,Regular,Polyester,Astarlı,Bisiklet Yaka,Dokuma,Ekru,Düğmeli,Düz,Cep,Düz,Standart Kol,Orta,Standart,Günlük,Basic,Dolgusuz,Hayır,Cool & Comfort,Peluş,Tüm Yaş Grupları,100% Polyester,,,,,Tekli,,,,,,,,
170,268555890,18189,4.3,,/trendyolmilla/siyah-kapusonlu-su-itici-sisme-mont-twoaw23mo00249-p-268555890/yorumlar,Regular,Polyester,Astarlı,Kapüşonlu,Dokuma,Siyah,Fermuarlı,Düz,Astarlı,Düz,Reglan Kol,Kalın,Midi,Günlük,Basic,Elyaflı,Hayır,Cool & Comfort,Jessica,Tüm Yaş Grupları,100% Polyester,,Çift cepli,,Su itici,Tekli,Uzun,Kemersiz,,Kordonsuz,Yoğun Elyaf,Baskısız,,
171,650453729,8340,4.9,,/trendyolmilla/haki-su-itici-crop-ozellikli-sisme-mont-twoaw24mo00020-p-650453729/yorumlar,Regular,Polyester,Astarlı,Dik Yaka,Dokuma,Yeşil,Fermuarlı,Düz,Astarlı,Düz,Düşük Kol,Kalın,Crop,Günlük,Basic,Elyaflı,Hayır,Fashion Forward,Jessica,Tüm Yaş Grupları,100% Polyester,,,,Su itici,Tekli,,,,,,,,
172,817551725,1486,,,,Regular,,Astarlı,Hakim Yaka,Dokuma,Kahverengi,Fermuarlı,Düz,,,Standart Kol,Orta,Standart,Günlük,Bomber,Elyaflı,,Cool & Comfort,Kaşe,,100% Polyester,,,,,,,,,,,,,
173,656799226,60017,4.4,,/trendyolmilla/kahverengi-cok-renkli-pelus-detayli-su-itici-kapitone-sisme-mont-twoaw24mo00012-p-656799226/yorumlar,Regular,Polyester,Astarlı,Dik Yaka,Dokuma,Kahverengi,Çıt çıt + Fermuar,Renk Bloklu,Astarlı,Düz,Düşük Kol,Orta,Midi,Günlük,Basic,Kapitone,Hayır,Cool & Comfort,Jessica,Tüm Yaş Grupları,100% Polyester,,,,Su itici,Tekli,,,,,,,,
174,299059076,35868,4.5,,/trendyolmilla/ekru-kapusonlu-pelus-mont-twoaw23mo00301-p-299059076/yorumlar,Regular,,Astarlı,Kapüşonlu,Dokuma,Ekru,Fermuarlı,Düz,Astarlı,Düz,Düşük Kol,Orta,Standart,Günlük,Basic,Dolgusuz,,Cool & Comfort,Peluş,Tüm Yaş Grupları,100% Polyester,,Çift cepli,,,,Uzun,,,,,,,
175,806499545,249,5.0,,/trendyolmilla/tas-kapusonlu-su-itici-uzun-sisme-mont-twoaw24mo00136-p-806499545/yorumlar,Regular,,Astarlı,Kapüşonlu,Dokuma,Gri,Fermuarlı,Düz,Astarlı,Düz,Düşük Kol,Kalın,Uzun,Günlük,Basic,Elyaflı,Hayır,Cool & Comfort,Jessica,Tüm Yaş Grupları,100% Polyester,,,,,,,,,,,,,
176,682586202,12205,4.5,,/trendyolmilla/vizon-oversize-kapusonlu-su-gecirmez-yagmurluk-mont-twoaw24mo00160-p-682586202/yorumlar,Oversize,Polyester,Astarsız,Kapüşonlu,Dokuma,Kahverengi,,Düz,,Düz,Standart Kol,İnce,Midi,Günlük,Panço,Dolgusuz,Hayır,Cool & Comfort,Crinkle,Tüm Yaş Grupları,100% Polyester,,,,Su itici,Tekli,,,,,,,,
177,245026494,25583,4.5,,/trendyolmilla/bej-kapusonlu-su-itici-kapitone-mont-twoaw23mo00131-p-245026494/yorumlar,Regular,,Astarlı,Kapüşonlu,Dokuma,Bej,Çıt Çıt,Düz,Astarlı,Düz,Reglan Kol,Orta,Midi,Günlük,Basic,Kapitone,,Cool & Comfort,Micro,Tüm Yaş Grupları,100% Polyester,,Çift cepli,,Su itici,,Uzun,,,Kordonsuz,Hafif elyaf,Baskısız,,
178,801045721,22534,3.8,,/trendyolmilla/siyah-buklet-crop-ince-mont-twoss24mo00070-p-801045721/yorumlar,Regular,Polyester,Astarlı,Gömlek Yaka,Dokuma,Siyah,Fermuarlı,Düz,Astarlı,Düz,Standart Kol,İnce,Crop,Günlük,Basic,Dolgusuz,Hayır,Cool & Comfort,Buklet,Tüm Yaş Grupları,"60% Polyester, ,20% Viskoz, ,10% Pamuk, ,10% Akrilik",,,,,Tekli,,,,,,,,
179,672438133,5903,4.5,,/trendyolmilla/siyah-kapusonlu-su-itici-uzun-sisme-mont-twoaw24mo00145-p-672438133/yorumlar,Regular,Polyester,Astarlı,Kapüşonlu,Dokuma,Siyah,,Düz,Astarlı,Düz,Düşük Kol,Orta,Uzun,Günlük,Basic,Elyaflı,Hayır,Cool & Comfort,Micro,Tüm Yaş Grupları,100% Polyester,,,,Su itici,Tekli,Uzun,,,,,,,
180,814888593,1098,,,,Regular,,Astarlı,Hakim Yaka,Dokuma,Gri,Fermuarlı,Düz,,,Standart Kol,Orta,Standart,Günlük,Bomber,Elyaflı,,Cool & Comfort,Kaşe,,100% Polyester,,,,,,,,,,,,,
181,814176898,1060,,,,Regular,Polyester,Astarlı,Hakim Yaka,Dokuma,Gri,Çıt Çıt,Düz,Astarlı,Düz,Standart Kol,İnce,Standart,Günlük,Bomber,Dolgusuz,Hayır,Cool & Comfort,Kaşe,Tüm Yaş Grupları,100% Polyester,,,,,,,,,,,,,
182,141896920,59131,4.0,,/trendyolmilla/ekru-oversize-kapusonlu-su-itici-kapitone-mont-twoaw22mo0024-p-141896920/yorumlar,Oversize,Polyester,Astarlı,Kapüşonlu,Dokuma,Bej,Çıt Çıt,Düz,Çıtçıt Kapamalı,Düz,Reglan Kol,Orta,Midi,Günlük,Basic,Kapitone,Hayır,Cool & Comfort,Jessica,Tüm Yaş Grupları,100% Polyester,,Çift cepli,,Su itici,Tekli,Uzun,,Young,,,,,
183,660202892,11193,4.3,,/trendyolmilla/vizon-regular-kapusonlu-yandan-cit-cit-detayli-su-itici-uzun-sisme-mont-twoaw24mo00104-p-660202892/yorumlar,Regular,Polyester,Astarlı,Kapüşonlu,Dokuma,Kahverengi,Fermuarlı,Düz,Astarlı,Düz,Reglan Kol,Kalın,Uzun,Günlük,Basic,Elyaflı,Hayır,Cool & Comfort,Jessica,Tüm Yaş Grupları,100% Polyester,,,,Su itici,Tekli,,,,,,,,
184,657709454,17268,4.4,,/trendyolmilla/siyah-regular-yandan-citcit-kapamali-su-itici-uzun-kapitone-sisme-mont-twoaw24mo00044-p-657709454/yorumlar,Regular,Polyester,Astarlı,Kapüşonlu,Dokuma,Siyah,Fermuarlı,Düz,Astarlı,Düz,Standart Kol,Kalın,Uzun,Günlük,Basic,Elyaflı,Hayır,Cool & Comfort,Micro,Tüm Yaş Grupları,100% Polyester,,,,Su itici,Tekli,,,,,,,,
185,817262783,113,,,,Regular,Polyester,Astarlı,Kapüşonlu,Dokuma,Haki,Fermuarlı,Düz,Astarlı,Düz,Standart Kol,Kalın,Uzun,Günlük,Basic,Elyaflı,Hayır,Cool & Comfort,Micro,Tüm Yaş Grupları,100% Polyester,,,,Su itici,Tekli,,,,,,,,
186,251774098,16495,4.4,,/trendyolmilla/kahverengi-ekru-cift-tarafli-kapusonlu-su-itici-uzun-sisme-mont-twoaw23mo00052-p-251774098/yorumlar,Regular,,Çift Taraflı Giyilebilir,Kapüşonlu,Dokuma,Kahverengi,Fermuarlı,Düz,,Düz,Standart Kol,Kalın,Uzun,Günlük,Basic,Elyaflı,,Cool & Comfort,Micro,Tüm Yaş Grupları,100% Polyester,,Çift cepli,,Reversible,,Uzun,,,Kordonlu,Yoğun Elyaf,,,
187,814582436,181,,,,Oversize,,Astarlı,Gömlek Yaka,Dokuma,Gri,Düğmeli,Düz,Astarlı,Düz,Düşük Kol,İnce,Midi,Günlük,Shackets,Dolgusuz,,Cool & Comfort,Kaşe,,"61% Polyester, ,36% Pamuk, ,3% Elastan",,,,,,,,,,,,,
188,792321438,458,3.0,,/trendyolmilla/siyah-oversize-brode-ince-bomber-mont-twoss24mo00061-p-792321438/yorumlar,Oversize,Polyester,Astarsız,Hakim Yaka,Dokuma,Siyah,Fermuarlı,Düz,,Düz,Standart Kol,İnce,Standart,Günlük,Bomber,Dolgusuz,Hayır,Cool & Comfort,Brode,Tüm Yaş Grupları,100% Polyester,,,Yok,,Tekli,,,,,,,,
189,679295445,10477,4.4,,/trendyolmilla/lacivert-gold-dugme-detayli-pelus-kaban-twoaw24kb00034-p-679295445/yorumlar,Regular,Polyester,Astarlı,Erkek Yaka,Dokuma,Lacivert,,Düz,Astarlı,Düz,Standart Kol,Orta,Standart,Günlük,Shackets,Dolgusuz,Hayır,Fashion Forward,Buklet,Tüm Yaş Grupları,100% Polyester,,,,,Tekli,,,,,,,,
190,814230280,198,,,,Regular,Polyester,Astarlı,Dik Yaka,Dokuma,Lacivert,Fermuarlı,Düz,Kemerli,Düz,Standart Kol,Kalın,Standart,Günlük,Basic,Elyaflı,Hayır,Cool & Comfort,Parlak,Tüm Yaş Grupları,100% Polyester,,,,,,,,,,,,,
191,816782031,302,,,,Regular,Polyester,Astarlı,Gömlek Yaka,Suni Deri,Kahverengi,Çıt Çıt,Düz,Suni Deri,Düz,Düşük Kol,Orta,Midi,Günlük,Shackets,Kapitone,Hayır,Fashion Forward,Suni Deri,Tüm Yaş Grupları,100% Polyester,,,,,,,,,,,,,
192,660202891,11469,4.4,,/trendyolmilla/siyah-regular-kapusonlu-yandan-cit-cit-detayli-su-itici-uzun-sisme-mont-twoaw24mo00104-p-660202891/yorumlar,Regular,Polyester,Astarlı,Kapüşonlu,Dokuma,Siyah,Fermuarlı,Düz,Astarlı,Düz,Reglan Kol,Kalın,Uzun,Günlük,Basic,Elyaflı,Hayır,Cool & Comfort,Jessica,Tüm Yaş Grupları,100% Polyester,,,,Su itici,Tekli,,,,,,,,
193,654176598,2988,4.6,,/trendyolmilla/vizon-oversize-parlak-su-itici-sisme-mont-twoaw24mo00056-p-654176598/yorumlar,Regular,Polyester,Astarlı,Dik Yaka,Dokuma,Kahverengi,Fermuarlı,Düz,Astarlı,Düz,Standart Kol,Kalın,Crop,Günlük,Basic,Elyaflı,Hayır,Fashion Forward,Parlak,Tüm Yaş Grupları,100% Polyester,,,,Su itici,Tekli,Uzun,,,,,,,
194,666217061,6700,4.5,,/trendyolmilla/koyu-yesil-pelus-yaka-ve-patch-detayli-su-itici-sisme-mont-twoaw24mo00123-p-666217061/yorumlar,Regular,Polyester,Astarlı,Dik Yaka,Dokuma,Yeşil,Fermuarlı,Düz,Astarlı,Düz,Düşük Kol,Kalın,Crop,Günlük,Basic,Elyaflı,Hayır,Cool & Comfort,Jessica,Tüm Yaş Grupları,100% Polyester,,,,Su itici,Tekli,,,,,,,,
195,820035193,406,,,,Fitted,,Astarlı,Erkek Yaka,Dokuma,Kahverengi,,Düz,Astarlı,Düz,Standart Kol,İnce,Standart,Günlük,Biker,Dolgusuz,,Cool & Comfort,Kaşe,,100% Polyester,,,,,,,,,,,,,
196,807862244,216,2.0,,/trendyolmilla/ekru-kapusonlu-ici-kurklu-su-itici-parka-kaban-twoaw21kb0065-p-807862244/yorumlar,Regular,Polyester,Astarlı,Kapüşonlu,Dokuma,Ekru,,Düz,Fermuar,Düz,Düşük Kol,Kalın,Midi,Günlük,Parka,Dolgusuz,Hayır,Cool & Comfort,Bonded,Tüm Yaş Grupları,100% Polyester,,Çift cepli,Su İtici,Su itici,Tekli,Uzun,,,Kordonsuz,Dolgusuz,Baskısız,,
197,814848016,485,,,,Regular,Polyester,Astarlı,Dik Yaka,Dokuma,Kahverengi,Fermuarlı,Düz,Astarlı,Düz,Düşük Kol,İnce,Standart,Günlük,Basic,Dolgusuz,Hayır,Cool & Comfort,Buklet,Tüm Yaş Grupları,100% Polyester,,,,,,,,,,,,,
198,806315120,252,,,,Regular,,Çift Taraflı Giyilebilir,Kapüşonlu,Dokuma,Çok Renkli,Fermuarlı,Düz,,Düz,Standart Kol,Kalın,Uzun,Günlük,Basic,Elyaflı,,Cool & Comfort,Micro,Tüm Yaş Grupları,100% Polyester,,Çift cepli,,Reversible,,Uzun,,,Kordonlu,Yoğun Elyaf,,,
199,720886453,6531,4.5,,/trendyolmilla/siyah-premium-kapusonlu-kusakli-sisme-mont-twoaw24mo00231-p-720886453/yorumlar,Regular,Polyester,Astarlı,Kapüşonlu,Dokuma,Siyah,Çıt çıt + Fermuar,Düz,Astarlı,Düz,Standart Kol,Kalın,Midi,Günlük,Basic,Elyaflı,Hayır,Fashion Forward,Suni Deri,Tüm Yaş Grupları,"55% Plastik, ,42% Polyester, ,3% PU",,,,Su itici,Tekli,,Kuşaklı,,,,,,
200,806495974,251,,,,Regular,Polyester,Astarlı,Kapüşonlu,Dokuma,Gri,Çıt çıt + Fermuar,Düz,Astarlı,Düz,Reglan Kol,Kalın,Midi,Günlük,Basic,Elyaflı,Hayır,Cool & Comfort,Micro,Tüm Yaş Grupları,100% Polyester,,Çift cepli,,Su itici,Tekli,Uzun,Kemerli,,Kordonsuz,Yoğun Elyaf,Baskısız,,
201,814582853,323,,,,Oversize,Polyester,Astarlı,Gömlek Yaka,Dokuma,Haki,Çıt Çıt,Düz,Astarlı,Düz,Düşük Kol,İnce,Standart,Günlük,Shackets,Dolgusuz,Hayır,Cool & Comfort,Kaşe,Tüm Yaş Grupları,100% Polyester,,,,,,,,,,,,,
202,650609745,21384,4.7,,/trendyolmilla/vizon-oversize-pelus-yaka-detayli-su-itici-sisme-mont-twoaw24mo00008-p-650609745/yorumlar,Oversize,Polyester,Astarlı,Dik Yaka,Dokuma,Kahverengi,Çıt çıt + Fermuar,Düz,Astarlı,Düz,Düşük Kol,Orta,Standart,Günlük,Basic,Elyaflı,Hayır,Cool & Comfort,Jessica,Tüm Yaş Grupları,100% Polyester,,,,Ek Özellik Mevcut Değil,Tekli,,,,,,,,
203,661755252,10721,4.7,,/trendyolmilla/siyah-tuvit-crop-sisme-mont-twoaw24mo00028-p-661755252/yorumlar,Regular,Polyester,Astarlı,Dik Yaka,Dokuma,Siyah,Fermuarlı,Desenli,Astarlı,Düz,Düşük Kol,Orta,Crop,Günlük,Basic,Elyaflı,Hayır,Cool & Comfort,Tüvit,Tüm Yaş Grupları,"50% Pamuk, ,50% Polyester",,,,Ek Özellik Mevcut Değil,Tekli,,,,,,,,
204,690545854,12911,4.4,,/trendyolmilla/siyah-kapusonlu-su-itici-sisme-mont-twoaw24mo00184-p-690545854/yorumlar,Regular,Polyester,Astarlı,Kapüşonlu,Dokuma,Siyah,Çıt çıt + Fermuar,Düz,Astarlı,Düz,Düşük Kol,Kalın,Midi,Günlük,Basic,Elyaflı,Hayır,Cool & Comfort,Jessica,Tüm Yaş Grupları,100% Polyester,,,,Çıkabilir Kapüşon,Tekli,,,,,,,,
205,814583178,655,4.0,,/trendyolmilla/siyah-regular-gold-dugme-detayli-ince-ceket-mont-twoaw25mo00081-p-814583178/yorumlar,Regular,Polyester,Astarlı,Gömlek Yaka,Dokuma,Siyah,Düğmeli,Düz,Astarlı,Düz,Standart Kol,İnce,Standart,Günlük,Shackets,Dolgusuz,Hayır,Cool & Comfort,Kaşe,Tüm Yaş Grupları,100% Polyester,,,,,,,,,,,,,
206,658165226,8948,4.6,,/trendyolmilla/siyah-kapusonlu-su-gecirmez-sisme-mont-twoaw24mo00077-p-658165226/yorumlar,Regular,Polyester,Astarlı,Kapüşonlu,Dokuma,Siyah,Fermuarlı,Düz,Astarlı,Düz,Standart Kol,Kalın,Midi,Günlük,Basic,Elyaflı,Hayır,Cool & Comfort,Memory,Tüm Yaş Grupları,100% Polyester,,,,Su itici,Tekli,,,,,,,,
207,814598276,334,,,,Regular,Polyester,Astarlı,Gömlek Yaka,Dokuma,Çok Renkli,Düğmeli,Ekose / Kareli,Astarlı,Düz,Standart Kol,İnce,Standart,Günlük,Shackets,Dolgusuz,Hayır,Cool & Comfort,Kaşe,Tüm Yaş Grupları,"40% Pamuk, ,30% Viskoz/Polyester, ,30% Akrilik/Yün",,,,,,,,,,,,,
208,806493010,414,,,,Regular,Polyester,Astarlı,Dik Yaka,Dokuma,Kahverengi,Çıt çıt + Fermuar,Düz,Astarlı,Düz,Düşük Kol,Kalın,Standart,Günlük,Basic,Elyaflı,Hayır,Cool & Comfort,Micro,Tüm Yaş Grupları,100% Polyester,Günlük,,,Su itici,Tekli,Uzun,,Basic,,,,,
209,656793584,13777,4.5,,/trendyolmilla/vizon-regular-su-itici-sisme-mont-twoaw24mo00048-p-656793584/yorumlar,Regular,Polyester,Astarlı,Dik Yaka,Dokuma,Kahverengi,Çıt çıt + Fermuar,Düz,Astarlı,Düz,Düşük Kol,Kalın,Standart,Günlük,Basic,Elyaflı,Hayır,Cool & Comfort,Micro,Tüm Yaş Grupları,100% Polyester,Günlük,,,Su itici,Tekli,Uzun,,Basic,,,,,
210,717246513,56371,4.5,,/trendyolmilla/siyah-oversize-pelus-mont-twoaw21mo0132-p-717246513/yorumlar,Oversize,Polyester,Astarlı,Dik Yaka,Dokuma,Siyah,Fermuarlı,Düz,Fermuar,Düz,Düşük Kol,Orta,Standart,Günlük,Basic,Dolgusuz,Hayır,Cool & Comfort,Peluş,Tüm Yaş Grupları,"72% Polyester, ,28% Akrilik",,Çift cepli,Yok,,Tekli,Uzun,,,Kordonsuz,Dolgusuz,Baskısız,,
211,660201598,2570,4.8,,/trendyolmilla/mavi-kapusonlu-su-itici-sisme-mont-twoaw24mo00103-p-660201598/yorumlar,Regular,Polyester,Astarlı,Kapüşonlu,Dokuma,Mavi,Fermuarlı,Düz,Astarlı,Düz,Reglan Kol,Kalın,Standart,Günlük,Basic,Elyaflı,Hayır,Fashion Forward,Jessica,Tüm Yaş Grupları,100% Polyester,,,,Su itici,Tekli,,,,,,,,
212,666205918,7797,4.3,,/trendyolmilla/siyah-kapusonlu-su-itici-sisme-mont-twoaw24mo00119-p-666205918/yorumlar,Regular,Polyester,Astarlı,Kapüşonlu,Dokuma,Siyah,Çıt çıt + Fermuar,Düz,Astarlı,Düz,Standart Kol,Kalın,Midi,Günlük,Basic,Elyaflı,Hayır,Cool & Comfort,Micro,Tüm Yaş Grupları,100% Polyester,,,,Su itici,Tekli,,,,,,,,
213,682441080,9735,4.4,,/trendyolmilla/tas-kusakli-kase-ceket-mont-twoaw24mo00171-p-682441080/yorumlar,Regular,,Astarsız,Gömlek Yaka,Dokuma,Gri,Düğmeli,Düz,,Düz,Standart Kol,İnce,Midi,Günlük,Shackets,Dolgusuz,Hayır,Cool & Comfort,Kaşe,Tüm Yaş Grupları,"48% Polyester, ,9% Viskoz, ,43% Pamuk",,,,Ek Özellik Mevcut Değil,Tekli,,Kuşaklı,,,,,,
214,683505377,7438,4.0,,/trendyolmilla/siyah-biker-yunlu-kase-kaban-twoaw24kb00075-p-683505377/yorumlar,Regular,Polyester,Astarlı,Erkek Yaka,Dokuma,Siyah,Fermuarlı,Düz,Astarlı,Düz,Düşük Kol,,Standart,Günlük,Biker,Dolgusuz,Hayır,Fashion Forward,Kaşe,Tüm Yaş Grupları,"52% Polyester, ,8% Akrilik, ,3% Poliamid, ,25% Pamuk, ,11% Viskoz, ,1% Yün",,,,,Tekli,,,,,,,,
215,814513126,646,,,,Oversize,Polyester,Astarlı,Erkek Yaka,Dokuma,Lacivert,Düğmeli,Düz,Astarlı,Düz,Düşük Kol,Orta,Standart,Günlük,Bomber,Elyaflı,Hayır,Cool & Comfort,Tüvit,Tüm Yaş Grupları,"59% Akrilik, ,29% Polyester, ,2% Elastan, ,10% Viskoz",,,Yok,,,,,,,,,,
216,814177967,495,,,,Regular,Polyester,Astarlı,Hakim Yaka,Dokuma,Bej,Çıt Çıt,Düz,Astarlı,Düz,Standart Kol,İnce,Standart,Günlük,Bomber,Dolgusuz,Hayır,Cool & Comfort,Kaşe,Tüm Yaş Grupları,100% Polyester,,,,,,,,,,,,,
217,672437567,25642,4.6,,/trendyolmilla/gri-oversize-su-itici-sisme-kapitone-mont-twoaw24mo00146-p-672437567/yorumlar,Oversize,,Astarlı,Dik Yaka,Dokuma,Gri,Fermuarlı,Düz,Astarlı,Düz,Düşük Kol,Orta,Standart,Günlük,Basic,Elyaflı,,Cool & Comfort,Micro,Tüm Yaş Grupları,100% Polyester,,,,,,,,,,,,,
218,650604454,13210,4.6,,/trendyolmilla/cok-renkli-cift-tarafli-giyilebilir-kapitone-mont-twoaw24mo00062-p-650604454/yorumlar,Regular,,Çift Taraflı Giyilebilir,Bisiklet Yaka,Dokuma,Çok Renkli,Çıt Çıt,Armürlü,,Düz,Düşük Kol,Orta,Midi,Günlük,Basic,Kapitone,Hayır,Fashion Forward,Kaşe,Tüm Yaş Grupları,"40% Akrilik, ,30% Polyester, ,30% Pamuk",,,,Su itici,Tekli,,,,,,,,
219,679297393,11939,4.4,,/trendyolmilla/ekru-suni-deri-biker-yarisci-ceket-mont-twoss23mo00034-p-679297393/yorumlar,Regular,Polyester,Astarlı,Hakim Yaka,Dokuma,Ekru,Fermuarlı,Renk Bloklu,Suni Deri,Düz,Standart Kol,İnce,Standart,Günlük,Biker,Dolgusuz,Hayır,Fashion Forward,Suni Deri,Tüm Yaş Grupları,100% Polyester,,,,,Tekli,Uzun,,,,,,,
220,736131478,20784,4.8,,/trendyolmilla/antrasit-eskitme-detayli-suni-deri-biker-ceket-mont-twoaw24mo00277-p-736131478/yorumlar,Regular,Polyester,Astarlı,Erkek Yaka,Dokuma,Gri,Fermuarlı,Düz,Astarlı,Düz,Standart Kol,İnce,Crop,Günlük,Biker,Dolgusuz,Hayır,Fashion Forward,Suni Deri,Tüm Yaş Grupları,100% Polyester,,,,Ek Özellik Mevcut Değil,Tekli,Uzun,,,,,,,
221,131115601,19166,4.3,,/trendyolmilla/siyah-oversize-yirtmaci-fermuar-detayli-sisme-mont-twoaw22mo0114-p-131115601/yorumlar,Oversize,Polyester,Astarlı,Kapüşonlu,Dokuma,Siyah,Fermuarlı,Düz,Fermuar,Düz,Standart Kol,Kalın,Midi,Günlük,Basic,Elyaflı,Hayır,Cool & Comfort,Jessica,Tüm Yaş Grupları,100% Polyester,,Çift cepli,,Su Geçirmez,Tekli,Uzun,Kemersiz,,Kordonlu,Yoğun Elyaf,Baskısız,,
222,245026477,23980,4.6,,/trendyolmilla/gri-kapusonlu-su-itici-kapitone-mont-twoaw23mo00131-p-245026477/yorumlar,Regular,,Astarlı,Kapüşonlu,Dokuma,Gri,Çıt Çıt,Düz,Astarlı,Düz,Reglan Kol,Orta,Midi,Günlük,Basic,Kapitone,,Cool & Comfort,Micro,Tüm Yaş Grupları,100% Polyester,,Çift cepli,,Su itici,,Uzun,,,Kordonsuz,Hafif elyaf,Baskısız,,
223,307566706,119450,4.2,,/trendyolmilla/siyah-suet-pelus-detayli-biker-ceket-mont-twoaw23mo00351-p-307566706/yorumlar,Regular,Polyester,Astarlı,Gömlek Yaka,Suni Deri,Siyah,Fermuarlı,Düz,Suni Deri,Düz,Standart Kol,Orta,Standart,Günlük,Biker,Dolgusuz,Hayır,Cool & Comfort,Suni Deri,Tüm Yaş Grupları,100% Poliüretan,,,,,Tekli,Uzun,,,,,,,
224,822538232,151,,,,Oversize,,Astarlı,Kapüşonlu,Suni Deri,Siyah,Çıt çıt + Fermuar,Düz,,,Reglan Kol,Kalın,Standart,Günlük,Bomber,Elyaflı,,Fashion Forward,Suni Deri,,100% Polyester,,,,Su itici,,,,,,,,,
225,816781738,384,,,,Oversize,Polyester,Astarlı,Gömlek Yaka,Suni Deri,Siyah,Fermuarlı,Düz,Suni Deri,Düz,Standart Kol,İnce,Standart,Günlük,Bomber,Dolgusuz,Hayır,Cool & Comfort,Suni Deri,Tüm Yaş Grupları,100% Polyester,,,,,,,,,,,,,
226,814231396,470,,,,Regular,Suni Deri,Astarlı,Kruvaze,Dokuma,Siyah,Fermuarlı,Düz,Suni Deri,Düz,Standart Kol,İnce,Standart,Günlük,Biker,Dolgusuz,Hayır,Cool & Comfort,Suni Deri,Tüm Yaş Grupları,100% Poliüretan,,,,,,,,,,,,,
227,814175636,453,,,,Regular,,Astarlı,Dik Yaka,Örme,Gri,Fermuarlı,Düz,,,Standart Kol,Orta,Midi,Günlük,Basic,Dolgusuz,,Cool & Comfort,Peluş,,100% Polyester,,,,,,,,,,,,,
228,799835989,5400,3.3,,/trendyolmilla/siyah-oversize-kurk-mont-twoss24mo00065-p-799835989/yorumlar?boutiqueId=661770&merchantId=968&v=standart,Oversize,Polyester,Astarlı,Erkek Yaka,Dokuma,Siyah,Çıt Çıt,Düz,Astarlı,Düz,Düşük Kol,Orta,Standart,Günlük,Basic,Dolgusuz,Hayır,Fashion Forward,Suni Kürk,Tüm Yaş Grupları,100% Polyester,,,Yok,,Tekli,,,,,,,,
229,814583681,623,5.0,,/trendyolmilla/kirmizi-yaka-detayli-buklet-ince-ceket-mont-twoaw25mo00086-p-814583681/yorumlar,Regular,Polyester,Astarlı,Dik Yaka,Dokuma,Kırmızı,Fermuarlı,Düz,Astarlı,Düz,Düşük Kol,İnce,Standart,Günlük,Basic,Dolgusuz,Hayır,Cool & Comfort,Buklet,Tüm Yaş Grupları,100% Polyester,,,,,,,,,,,,,
230,649457048,36775,4.5,,/trendyolmilla/vizon-tas-cift-tarafli-kapusonlu-su-itici-uzun-sisme-mont-twoaw23mo00052-p-649457048/yorumlar,Regular,,Çift Taraflı Giyilebilir,Kapüşonlu,Dokuma,Gri,Fermuarlı,Düz,,Düz,Standart Kol,Kalın,Uzun,Günlük,Basic,Elyaflı,,Cool & Comfort,Micro,Tüm Yaş Grupları,100% Polyester,,Çift cepli,,Reversible,,Uzun,,,Kordonlu,Yoğun Elyaf,,,
231,824308520,1069,,,,Regular,,Astarlı,Erkek Yaka,Dokuma,Bej,Fermuarlı,Düz,Astarlı,Düz,Standart Kol,İnce,Standart,Günlük,Biker,Dolgusuz,Hayır,Cool & Comfort,Kaşe,,"61% Polyester, ,36% Pamuk, ,3% Elastan",,,,,,,,,,,,,
232,259000069,67684,4.4,,/trendyolmilla/haki-renk-bloklu-su-itici-kapitone-mont-twoaw23mo00134-p-259000069/yorumlar,Regular,,Astarlı,Bisiklet Yaka,Dokuma,Haki,Düğmeli,Renk Bloklu,Astarlı,Düz,Düşük Kol,Orta,Midi,Günlük,Basic,Kapitone,,Cool & Comfort,Jessica,Tüm Yaş Grupları,100% Polyester,,,,,,,,,,,,,
233,784441931,25126,4.5,,/trendyolmilla/kirmizi-crop-ince-bomber-mont-twoss24mo00032-p-784441931/yorumlar,Oversize,Polyester,Astarlı,Hakim Yaka,Dokuma,Kırmızı,Çıt Çıt,Düz,Astarlı,Düz,Düşük Kol,İnce,Crop,Günlük,Bomber,Dolgusuz,Hayır,Cool & Comfort,Double Face,Tüm Yaş Grupları,"95% Polyester, ,5% Elastan",,,Yok,,,,,,,,,,
234,650609749,49531,4.7,,/trendyolmilla/siyah-oversize-pelus-yaka-detayli-su-itici-sisme-mont-twoaw24mo00008-p-650609749/yorumlar,Oversize,Polyester,Astarlı,Dik Yaka,Dokuma,Siyah,Çıt çıt + Fermuar,Düz,Astarlı,Düz,Düşük Kol,Orta,Standart,Günlük,Basic,Elyaflı,Hayır,Cool & Comfort,Jessica,Tüm Yaş Grupları,100% Polyester,,,,Ek Özellik Mevcut Değil,Tekli,,,,,,,,
235,650469299,28139,4.1,,/trendyolmilla/haki-oversize-kapusonlu-su-gecirmez-sisme-mont-twoaw24mo00073-p-650469299/yorumlar,Oversize,Polyester,Astarlı,Kapüşonlu,Dokuma,Haki,Çıt çıt + Fermuar,Düz,Astarlı,Düz,Düşük Kol,Kalın,Crop,Günlük,Basic,Elyaflı,Hayır,Fashion Forward,Suni Deri,Tüm Yaş Grupları,100% Polyester,,,,Su Geçirmez,Tekli,,,,,,,,
236,681218431,9089,4.6,,/trendyolmilla/haki-kapusonlu-su-itici-kapitone-sisme-mont-twoaw24mo00134-p-681218431/yorumlar,Regular,Polyester,Astarlı,Kapüşonlu,Dokuma,Haki,Fermuarlı,Düz,Astarlı,Düz,Düşük Kol,Orta,Standart,Günlük,Basic,Kapitone,Hayır,Cool & Comfort,Jessica,Tüm Yaş Grupları,100% Polyester,,,,Su itici,Tekli,,,,,,,,
237,801037488,19534,4.6,,/trendyolmilla/ekru-mont-twoss24mo00068-p-801037488/yorumlar,Regular,Polyester,Astarlı,Hakim Yaka,Dokuma,Ekru,Çıt Çıt,Düz,Astarlı,Düz,Düşük Kol,İnce,Standart,Günlük,Bomber,Dolgusuz,Hayır,Cool & Comfort,Peluş,Tüm Yaş Grupları,"60% Yün, ,40% Akrilik",,,,,Tekli,,,,,,,,
238,251698636,13054,4.4,,/trendyolmilla/antrasit-oversize-kapusonlu-su-itici-kapitone-sisme-mont-twoaw21mo0144-p-251698636/yorumlar,Oversize,Polyester,Astarlı,Kapüşonlu,Dokuma,Gri,Çıt çıt + Fermuar,Düz,Astarlı,Düz,Düşük Kol,Kalın,Standart,Günlük,Basic,Elyaflı,Hayır,Cool & Comfort,Micro,Tüm Yaş Grupları,100% Polyester,,Çift cepli,,Su itici,Tekli,Uzun,Kemersiz,,Kordonlu,Hafif elyaf,Baskısız,,
239,43594322,227505,4.5,,/trendyolmilla/siyah-oversize-su-itici-sisme-mont-twoaw21mo0045-p-43594322/yorumlar,Oversize,Polyester,Astarlı,Dik Yaka,Dokuma,Siyah,Fermuarlı,Düz,Fermuar,Düz,Düşük Kol,Kalın,Standart,Günlük,Basic,Elyaflı,Hayır,Cool & Comfort,Micro,21 - 40 Yaş,100% Polyester,Günlük,Çift cepli,,Su itici,Tekli,Uzun,Kemersiz,,Kordonsuz,Yoğun Elyaf,Baskısız,Cepli,
240,762658810,3505,4.6,,/trendyolmilla/saks-regular-su-itici-sisme-mont-twoaw24mo00048-p-762658810/yorumlar,Regular,Polyester,Astarlı,Dik Yaka,Dokuma,Lacivert,Çıt çıt + Fermuar,Düz,Astarlı,Düz,Düşük Kol,Kalın,Standart,Günlük,Basic,Elyaflı,Hayır,Cool & Comfort,Micro,Tüm Yaş Grupları,100% Polyester,Günlük,,,Su itici,Tekli,Uzun,,Basic,,,,,
241,735061081,4464,4.5,,/trendyolmilla/siyah-premium-oversize-su-itici-uzun-mont-twoaw24mo00263-p-735061081/yorumlar,Oversize,Polyester,Astarlı,Erkek Yaka,Dokuma,Siyah,Çıt çıt + Fermuar,Düz,Astarlı,Düz,Reglan Kol,Orta,Uzun,Günlük,Basic,Elyaflı,Hayır,Cool & Comfort,Crinkle,Tüm Yaş Grupları,100% Poliamid,,,,Ek Özellik Mevcut Değil,Tekli,Uzun,,,,,,,
242,277113791,72950,4.3,,/trendyolmilla/vizon-oversize-pelus-mont-twoaw21mo0132-p-277113791/yorumlar,Oversize,Polyester,Astarlı,Dik Yaka,Dokuma,Kahverengi,Fermuarlı,Düz,Fermuar,Düz,Düşük Kol,Orta,Standart,Günlük,Basic,Dolgusuz,Hayır,Cool & Comfort,Peluş,Tüm Yaş Grupları,"72% Polyester, ,28% Akrilik",,Çift cepli,Yok,,Tekli,Uzun,,,Kordonsuz,Dolgusuz,Baskısız,,
243,169048650,52843,4.3,,/trendyolmilla/gri-oversize-kapusonlu-su-itici-kapitone-sisme-mont-twoaw21mo0144-p-169048650/yorumlar,Oversize,Polyester,Astarlı,Kapüşonlu,Dokuma,Gri,Çıt çıt + Fermuar,Düz,Astarlı,Düz,Düşük Kol,Kalın,Standart,Günlük,Basic,Elyaflı,Hayır,Cool & Comfort,Micro,Tüm Yaş Grupları,100% Polyester,,Çift cepli,,Su itici,Tekli,Uzun,Kemersiz,,Kordonlu,Hafif elyaf,Baskısız,,
244,251698638,46418,4.3,,/trendyolmilla/bej-oversize-kapusonlu-su-itici-kapitone-sisme-mont-twoaw21mo0144-p-251698638/yorumlar,Oversize,Polyester,Astarlı,Kapüşonlu,Dokuma,Bej,Çıt çıt + Fermuar,Düz,Astarlı,Düz,Düşük Kol,Kalın,Standart,Günlük,Basic,Elyaflı,Hayır,Cool & Comfort,Micro,Tüm Yaş Grupları,100% Polyester,,Çift cepli,,Su itici,Tekli,Uzun,Kemersiz,,Kordonlu,Hafif elyaf,Baskısız,,
245,329404164,32254,4.4,,/trendyolmilla/siyah-haki-cift-tarafli-kapusonlu-su-itici-uzun-sisme-mont-twoaw23mo00052-p-329404164/yorumlar,Regular,,Çift Taraflı Giyilebilir,Kapüşonlu,Dokuma,Haki,Fermuarlı,Düz,,Düz,Standart Kol,Kalın,Uzun,Günlük,Basic,Elyaflı,,Cool & Comfort,Micro,Tüm Yaş Grupları,100% Polyester,,Çift cepli,,Reversible,,Uzun,,,Kordonlu,Yoğun Elyaf,,,
246,656793575,38499,4.5,,/trendyolmilla/mint-regular-su-itici-sisme-mont-twoaw24mo00048-p-656793575/yorumlar,Regular,Polyester,Astarlı,Dik Yaka,Dokuma,Yeşil,Çıt çıt + Fermuar,Düz,Astarlı,Düz,Düşük Kol,Kalın,Standart,Günlük,Basic,Elyaflı,Hayır,Cool & Comfort,Micro,Tüm Yaş Grupları,100% Polyester,Günlük,,,Su itici,Tekli,Uzun,,Basic,,,,,
247,52899804,181441,4.4,,/trendyolmilla/tas-oversize-pelus-mont-twoaw21mo0132-p-52899804/yorumlar,Oversize,Polyester,Astarlı,Dik Yaka,Dokuma,Gri,Fermuarlı,Düz,Fermuar,Düz,Düşük Kol,Orta,Standart,Günlük,Basic,Dolgusuz,Hayır,Cool & Comfort,Peluş,Tüm Yaş Grupları,"72% Polyester, ,28% Akrilik",,Çift cepli,Yok,,Tekli,Uzun,,,Kordonsuz,Dolgusuz,Baskısız,,
248,329308859,16496,4.6,,/trendyolmilla/siyah-kapusonlu-pelus-mont-twoaw23mo00301-p-329308859/yorumlar,Regular,,Astarlı,Kapüşonlu,Dokuma,Siyah,Fermuarlı,Düz,Astarlı,Düz,Düşük Kol,Orta,Standart,Günlük,Basic,Dolgusuz,,Cool & Comfort,Peluş,Tüm Yaş Grupları,100% Polyester,,Çift cepli,,,,Uzun,,,,,,,
249,672083896,39968,4.5,,/trendyolmilla/siyah-kapusonlu-su-itici-uzun-sisme-mont-twoaw24mo00136-p-672083896/yorumlar,Regular,,Astarlı,Kapüşonlu,Dokuma,Siyah,Fermuarlı,Düz,Astarlı,Düz,Düşük Kol,Kalın,Uzun,Günlük,Basic,Elyaflı,Hayır,Cool & Comfort,Jessica,Tüm Yaş Grupları,100% Polyester,,,,,,,,,,,,,
250,789557447,11827,3.1,,/edit-by-trendyol/siyah-regular-mont-tedaw24mo00002-p-789557447/yorumlar,Regular,Polyester,Astarlı,Ceket Yaka,Suni Deri,Siyah,,Düz,Suni Deri,Düz,Standart Kol,,Standart,Günlük,Basic,,Hayır,Fashion Forward,Suni Deri,Tüm Yaş Grupları,100% Polyester,,,,,Tekli,,,,,,,,
251,736129466,34243,4.7,,/trendyolmilla/antrasit-eskitme-detayli-suni-deri-bomber-ceket-mont-twoaw24mo00278-p-736129466/yorumlar,Oversize,Polyester,Astarlı,Bisiklet Yaka,Dokuma,Gri,Fermuarlı,Düz,Astarlı,Düz,Düşük Kol,İnce,Standart,Günlük,Bomber,Dolgusuz,Hayır,Fashion Forward,Suni Deri,,100% Polyester,,,,Ek Özellik Mevcut Değil,,,,,,,,,
252,806493761,856,,,,Oversize,Polyester,Astarlı,Dik Yaka,Dokuma,Kahverengi,Fermuarlı,Düz,Fermuar,Düz,Düşük Kol,Orta,Standart,Günlük,Basic,Dolgusuz,Hayır,Cool & Comfort,Peluş,Tüm Yaş Grupları,"72% Polyester, ,28% Akrilik",,Çift cepli,Yok,,Tekli,Uzun,,,Kordonsuz,Dolgusuz,Baskısız,,
253,784443511,18206,4.2,,/trendyolmilla/bej-denim-detayli-ince-ceket-mont-twoss24mo00010-p-784443511/yorumlar,Oversize,,Astarsız,Gömlek Yaka,Dokuma,Bej,Düğmeli,Renk Bloklu,,Düz,Düşük Kol,İnce,Standart,Günlük,Shackets,Dolgusuz,Hayır,Fashion Forward,Gabardin,Tüm Yaş Grupları,"91% Pamuk, ,6% Diğer Elyaflar, ,3% Elastan",,,Yok,,Tekli,,,,,,,,
254,783290553,26585,4.7,,/trendyolmilla/siyah-crop-ince-bomber-mont-twoss24mo00032-p-783290553/yorumlar,Oversize,Polyester,Astarlı,Hakim Yaka,Dokuma,Siyah,Çıt Çıt,Düz,Astarlı,Düz,Düşük Kol,İnce,Crop,Günlük,Bomber,Dolgusuz,Hayır,Cool & Comfort,Double Face,Tüm Yaş Grupları,"95% Polyester, ,5% Elastan",,,Yok,,,,,,,,,,
255,745817996,17420,4.7,,/trendyolmilla/vizon-oversize-kase-bomber-mont-twoaw24mo00331-p-745817996/yorumlar,Oversize,Polyester,Astarlı,Dik Yaka,Dokuma,Kahverengi,Çıt çıt + Fermuar,Düz,Astarlı,Düz,Düşük Kol,İnce,Standart,Günlük,Bomber,Dolgusuz,Hayır,Cool & Comfort,Kaşe,Tüm Yaş Grupları,"56% Polyester, ,8% Akrilik, ,6% Pamuk, ,2% Poliamid, ,15% Yün, ,13% Viskoz",,,,,Tekli,,,,,,,,
256,692084597,15578,4.7,,/trendyolmilla/camel-oversize-genis-kesim-kurk-kaban-twoaw24kb00107-p-692084597/yorumlar,Oversize,Polyester,,Ceket Yaka,Dokuma,Kahverengi,,Düz,,Düz,Standart Kol,,Midi,Günlük,Kruvaze,,Hayır,Fashion Forward,Peluş,Tüm Yaş Grupları,100% Polyester,,,Yok,,Tekli,,,,,,,,
257,665615887,7920,4.2,,/trendyolmilla/koyu-kahverengi-renk-bloklu-pelus-sisme-mont-twoaw24mo00101-p-665615887/yorumlar,Regular,Polyester,Astarlı,Dik Yaka,Dokuma,Kahverengi,Fermuarlı,Renk Bloklu,Astarlı,Düz,Standart Kol,Kalın,Midi,Günlük,Basic,Elyaflı,Hayır,Cool & Comfort,Peluş,Tüm Yaş Grupları,100% Polyester,,,,Ek Özellik Mevcut Değil,Tekli,,,,,,,,
258,461172841,119718,4.2,,/trendyolmilla/ekru-oversize-tuvit-bomber-ceket-mont-twoss23mo00052-p-461172841/yorumlar,Oversize,Polyester,Astarlı,Bisiklet Yaka,Dokuma,Ekru,Fermuarlı,Düz,Astarlı,Düz,Düşük Kol,Orta,Standart,Günlük,Bomber,Elyaflı,Hayır,Cool & Comfort,Tüvit,Tüm Yaş Grupları,100% Polyester,,,Yok,Ek Özellik Mevcut Değil,Tekli,,,,,,,,
259,267190117,31608,4.5,,/trendyolmilla/tas-regular-kapusonlu-kemerli-su-itici-sisme-mont-twoaw23mo00188-p-267190117/yorumlar,Regular,Polyester,Astarlı,Kapüşonlu,Dokuma,Gri,Çıt çıt + Fermuar,Düz,Astarlı,Düz,Reglan Kol,Kalın,Midi,Günlük,Basic,Elyaflı,Hayır,Cool & Comfort,Micro,Tüm Yaş Grupları,100% Polyester,,Çift cepli,,Su itici,Tekli,Uzun,Kemerli,,Kordonsuz,Yoğun Elyaf,Baskısız,,
260,246442722,37304,4.4,,/trendyolmilla/siyah-regular-kusakli-su-itici-sisme-mont-twoaw23mo00007-p-246442722/yorumlar,Regular,Polyester,Astarlı,Kapüşonlu,Dokuma,Siyah,Çıt çıt + Fermuar,Düz,Astarlı,Düz,Standart Kol,Kalın,Midi,Günlük,Basic,Elyaflı,Hayır,Cool & Comfort,Memory,Tüm Yaş Grupları,100% Polyester,,,,Su Geçirmez,Tekli,Uzun,Kuşaklı,,,Yoğun Elyaf,,,
261,245026508,20683,4.6,,/trendyolmilla/siyah-kapusonlu-su-itici-kapitone-mont-twoaw23mo00131-p-245026508/yorumlar,Regular,,Astarlı,Kapüşonlu,Dokuma,Siyah,Çıt Çıt,Düz,Astarlı,Düz,Reglan Kol,Orta,Midi,Günlük,Basic,Kapitone,,Cool & Comfort,Micro,Tüm Yaş Grupları,100% Polyester,,Çift cepli,,Su itici,,Uzun,,,Kordonsuz,Hafif elyaf,Baskısız,,
262,140923726,57089,4.4,,/trendyolmilla/ekru-oversize-yakasi-kurk-detayli-su-itici-kapitone-sisme-mont-twoaw22mo0011-p-140923726/yorumlar,Oversize,,Astarlı,Gömlek Yaka,Dokuma,Ekru,Çıt Çıt,Düz,Lastikli,Düz,Düşük Kol,Orta,Midi,Günlük,Basic,Kapitone,,Cool & Comfort,Jessica,,100% Polyester,,Çift cepli,,,,Uzun,,,Kordonsuz,Hafif elyaf,Baskısız,,
263,54691437,79832,4.5,,/trendyolmilla/kirmizi-kapusonlu-su-itici-sisme-mont-twoaw21mo0022-p-54691437/yorumlar,Regular,Polyester,Astarlı,Kapüşonlu,Dokuma,Kırmızı,Fermuarlı,Düz,Astarlı,Düz,Düşük Kol,Kalın,Standart,Günlük,Basic,Elyaflı,Hayır,Cool & Comfort,Micro,21 - 40 Yaş,100% Polyester,Günlük,Çift cepli,Yok,Su itici,Tekli,Uzun,Kemersiz,Basic,Kordonlu,Yoğun Elyaf,Baskısız,Cepli,
264,54691432,136436,4.4,,/trendyolmilla/gri-kapusonlu-su-itici-sisme-mont-twoaw21mo0022-p-54691432/yorumlar,Regular,Polyester,Astarlı,Kapüşonlu,Dokuma,Gri,Fermuarlı,Düz,Astarlı,Düz,Düşük Kol,Kalın,Standart,Günlük,Basic,Elyaflı,Hayır,Cool & Comfort,Micro,21 - 40 Yaş,100% Polyester,Günlük,Çift cepli,Yok,Su itici,Tekli,Uzun,Kemersiz,Basic,Kordonlu,Yoğun Elyaf,Baskısız,Cepli,
265,43594323,128266,4.4,,/trendyolmilla/gri-oversize-su-itici-sisme-mont-twoaw21mo0045-p-43594323/yorumlar,Oversize,Polyester,Astarlı,Dik Yaka,Dokuma,Gri,Fermuarlı,Düz,Fermuar,Düz,Düşük Kol,Kalın,Standart,Günlük,Basic,Elyaflı,Hayır,Cool & Comfort,Micro,21 - 40 Yaş,100% Polyester,Günlük,Çift cepli,,Su itici,Tekli,Uzun,Kemersiz,,Kordonsuz,Yoğun Elyaf,Baskısız,Cepli,
266,32578124,73738,4.5,,/trendyolmilla/ekru-desenli-pelus-mont-twoaw20mo0112-p-32578124/yorumlar,Regular,Polyester,Astarlı,Dik Yaka,Dokuma,Ekru,Çıt Çıt,Hayvan Desenli,Düğme,Baskılı,Düşük Kol,Orta,Standart,Günlük,Basic,Dolgusuz,Hayır,Fashion Forward,Peluş,Tüm Yaş Grupları,"70% Akrilik, ,30% Polyester",,Çift cepli,,Ek Özellik Mevcut Değil,Tekli,Uzun,Kemersiz,Design,,Dolgusuz,,,
