,ID,FAVORITE_COUNT,RATING_DETAIL,DELIVERY_DATE,PROFF_LINK,Kalıp,Desen,Kumaş Tipi,Renk,Kol Boyu,Ürün Tipi,Kol Tipi,Ortam,Sürdürülebilirlik Detayı,Persona,Dokuma Tipi,Yaş,Materyal Bileşeni,Materyal,Yaka Tipi,Ürün Detayı,Siluet,Boy,Kap,Koleksiyon,Paket İçeriği,Stil,Ek Özellik
0,789053930,57773,4.5,,/trendyolmilla/pembe-crop-dokuma-bustiyer-tprss24bs00020-p-789053930/yorumlar,Fitted,Çiçekli,Dokuma,Pembe,Kısa,Düz,Standart Kol,Şık / gece,Hayır,Feminine,Finike,Tüm Yaş Grupları,"85% Polyester, ,15% Elastan",,,,,,,,,,
1,386608502,142173,4.1,,/trendyolmilla/cok-renkli-crop-astarli-korse-detayli-cicek-desenli-dokuma-poplin-bustiyer-tprss23bs00063-p-386608502/yorumlar,Fitted,Çiçekli,Dokuma,Çok Renkli,Askılı,Düz,Standart Kol,Şık / gece,Hayır,Fashion Forward,Poplin,Tüm Yaş Grupları,100% Polyester,Polyester,Kare Yaka,Astarlı,Crop,Crop,,,,,
2,786953187,103110,4.3,,/trendyolmilla/koyu-mavi-yaka-detayli-askili-denim-bustiyer-twoss24bs00010-p-786953187/yorumlar,,Düz,Denim,Mavi,Askılı,Düz,Standart Kol,Casual/Günlük,Hayır,Fashion Forward,Comfort,Tüm Yaş Grupları,"90% Pamuk, ,8% Polyester, ,2% Elastan",,,,,,,,,,
3,363082260,86400,4.6,,/trendyolmilla/ekru-crop-astarli-pariltili-orme-bustiyer-tprss23bs00011-p-363082260/yorumlar,Fitted,Düz,Örme,Ekru,Kolsuz,Düz,Standart Kol,Şık / gece,Hayır,Smart,Simli Örme,Tüm Yaş Grupları,"87% Poliamid, ,8% Metalize Elyaf, ,5% Elastan",,Asimetrik Yaka,Astarlı,Crop,Crop,,,,,
4,771068815,44805,4.0,,/trendyolmilla/pembe-cok-renkli-crop-astarli-korse-detayli-cicek-desenli-dokuma-poplin-bustiyer-tprss23bs00063-p-771068815/yorumlar,Fitted,Çiçekli,Dokuma,Pembe,Askılı,Düz,Standart Kol,Şık / gece,Hayır,Fashion Forward,Poplin,Tüm Yaş Grupları,100% Polyester,Polyester,Kare Yaka,Astarlı,Crop,Crop,,,,,
5,819553490,25315,4.2,,/edit-by-trendyol/siyah-orme-bustiyer-tedss24bs00001-p-819553490/yorumlar,,Düz,Örme,Siyah,Askılı,Düz,Standart Kol,,Hayır,Fashion Forward,Scuba Krep,Tüm Yaş Grupları,"95% Polyester, ,5% Elastan",,,,,,,,,,
6,819553480,25317,4.1,,/edit-by-trendyol/acik-pembe-orme-bustiyer-tedss24bs00001-p-819553480/yorumlar,,Düz,Örme,Pembe,Askılı,Düz,Standart Kol,,Hayır,Fashion Forward,Scuba Krep,Tüm Yaş Grupları,"95% Polyester, ,5% Elastan",,,,,,,,,,
7,322933923,234566,4.3,,/trendyolmilla/siyah-crop-astarli-korse-detayli-agrafli-orme-dantel-bustiyer-tpraw23bs00062-p-322933923/yorumlar,Fitted,Düz,Örme,Siyah,Askılı,Düz,Standart Kol,Şık / gece,Hayır,Feminine,Dantel,Tüm Yaş Grupları,100% Polyester,Polyester,Kalp Yaka,Astarlı,Crop,Crop,Kapsız,Glam,Tekli,,
8,453387658,51877,4.4,,/trendyolmilla/cok-renkli-cicek-baskili-degrade-orme-tul-bustiyer-tprss23bs00104-p-453387658/yorumlar,Fitted,Degrade,Örme,Çok Renkli,Kolsuz,Düz,Standart Kol,Şık / gece,Hayır,Feminine,Tül,Tüm Yaş Grupları,100% Polyester,Polyester,Straplez,,Crop,Crop,,,,,
9,217462610,184524,4.1,,/trendyolmilla/siyah-crop-astarli-dokuma-bustiyer-tprss22bs0065-p-217462610/yorumlar,Fitted,Düz,Dokuma,Siyah,Kolsuz,Düz,Standart Kol,Şık / gece,Hayır,Fashion Forward,Finike,Tüm Yaş Grupları,"87% Polyester, ,13% Elastan",,Straplez,Astarlı,Basic,Crop,Kapsız,Glam,Tekli,,
10,319281734,141601,4.5,,/trendyolmilla/siyah-crop-astarli-agrafli-dokuma-dantel-bustiyer-tpraw23bs00045-p-319281734/yorumlar,Crop,Düz,Dokuma,Siyah,Askılı,Düz,Standart Kol,Şık / gece,Hayır,Feminine,Finike,Tüm Yaş Grupları,100% Polyester,Polyester,V Yaka,Örme Garni,Basic,Crop,Kapsız,Glam,Tekli,Gece,
11,243550248,320259,4.3,,/trendyolmilla/siyah-crop-astarli-otrisli-dokuma-bustiyer-tprss22bs00018-p-243550248/yorumlar,Crop,Düz,Dokuma,Siyah,Kolsuz,Düz,Standart Kol,Şık / gece,Hayır,Fashion Forward,Finike,Tüm Yaş Grupları,100% Polyester,Polyester,Straplez,Otriş,Crop,Crop,Kapsız,Basic,Tekli,Gece,
12,410736817,91967,4.5,,/trendyolmilla/mavi-kus-gozlu-denim-bustiyer-twoss23bs00010-p-410736817/yorumlar,Regular,Düz,Denim,Mavi,Askılı,Düz,Standart Kol,Casual/Günlük,Hayır,Fashion Forward,Rigid,Tüm Yaş Grupları,100% Pamuk,Pamuklu,Kare Yaka,,Crop,Crop,,,Tekli,,
13,130393874,128300,4.4,,/trendyolmilla/siyah-crop-astarli-dokuma-bustiyer-tpraw22bs0005-p-130393874/yorumlar,Fitted,Düz,Dokuma,Siyah,Askılı,Düz,Standart Kol,Şık / gece,Hayır,Smart,Finike,Tüm Yaş Grupları,"88% Polyester, ,12% Elastan",,V Yaka,Astarlı,Basic,Crop,,Glam,Tekli,,
14,190084168,202471,4.5,,/trendyolmilla/ekru-crop-balenli-dokuma-bustiyer-tprss22bs0024-p-190084168/yorumlar,Fitted,Düz,Dokuma,Ekru,Askılı,Düz,Standart Kol,Şık / gece,Hayır,Feminine,Finike,Tüm Yaş Grupları,"88% Polyester, ,12% Elastan",Polyester,Kare Yaka,Fiyonklu,Basic,Crop,Kapsız,Glam,Tekli,,
15,112694295,134801,4.4,,/trendyolmilla/beyaz-crop-astarli-korse-detayli-dokuma-bustiyer-tprss21bs0032-p-112694295/yorumlar,Fitted,Düz,Dokuma,Beyaz,Kolsuz,Düz,Standart Kol,Şık / gece,Hayır,Smart,Finike,Tüm Yaş Grupları,"88% Polyester, ,12% Elastan",,Straplez,Astarlı,Crop,Crop,Kapsız,Glam,Tekli,Gece,Ek Özellik Mevcut Değil
16,302714074,61879,4.2,,/trendyolmilla/sagaza-studio-beyaz-metal-aksesuar-detayli-orme-bustiyer-tprss22bs00019-p-302714074/yorumlar,Fitted,Düz,Örme,Beyaz,Kolsuz,Düz,Standart Kol,Party,Hayır,Fashion Forward,Kaşkorse,Tüm Yaş Grupları,"95% Polyester, ,5% Elastan",Polyester,Halter Yaka,,Basic,Crop,Kapsız,Design,Tekli,Gece,Ek Özellik Mevcut Değil
17,356741699,125123,4.5,,/trendyolmilla/acik-yesil-crop-astarli-korse-detayli-orme-bustiyer-tprss23bs00006-p-356741699/yorumlar,Fitted,Düz,Örme,Lacivert,Kolsuz,Düz,Standart Kol,Şık / gece,Hayır,Fashion Forward,Nancy,Tüm Yaş Grupları,"95% Polyester, ,5% Elastan",,Straplez,Astarlı,Crop,Crop,,,,,
18,640371367,84557,4.3,,/trendyolmilla/ekru-crop-astarli-korse-detayli-agrafli-orme-dantel-bustiyer-tpraw23bs00062-p-640371367/yorumlar,Fitted,Düz,Örme,Ekru,Askılı,Düz,Standart Kol,Şık / gece,Hayır,Feminine,Dantel,Tüm Yaş Grupları,100% Polyester,Polyester,Kalp Yaka,Astarlı,Crop,Crop,Kapsız,Glam,Tekli,,
19,241982186,88256,4.6,,/trendyolmilla/x-sagaza-studio-siyah-crop-orme-bustiyer-tprss22bs00010-p-241982186/yorumlar,Fitted,Slogan,Örme,Siyah,Askılı,Düz,Standart Kol,Party,Hayır,Fashion Forward,Sandy,Tüm Yaş Grupları,"95% Polyester, ,5% Elastan",Polyester,Kare Yaka,,Basic,Crop,Kapsız,,Tekli,Gece,Ek Özellik Mevcut Değil
20,784308094,47137,3.6,,/trendyolmilla/siyah-crop-korse-detayli-dokuma-bustiyer-tprss24bs00006-p-784308094/yorumlar,Fitted,Düz,Dokuma,Siyah,Askılı,Düz,Standart Kol,Şık / gece,Hayır,Feminine,Finike,Tüm Yaş Grupları,"88% Polyester, ,12% Elastan",,Kalp Yaka,,Crop,Crop,,,,,
21,810275204,12722,5.0,,/trendyolmilla/mavi-sirt-dekolteli-denim-bustiyer-twoss24bs00016-p-810275204/yorumlar,,Düz,Denim,Mavi,Kısa,Düz,Standart Kol,,Hayır,Fashion Forward,Rigid,Tüm Yaş Grupları,100% Pamuk,Pamuklu,,,,,,,,,
22,816233996,3984,4.8,,/trendyolmilla/siyah-beyaz-straplez-yaka-detayli-dokuma-bustiyer-tprss24bs00038-p-816233996/yorumlar,Fitted,Düz,Dokuma,Çok Renkli,Kolsuz,Düz,Standart Kol,Şık / gece,Hayır,Fashion Forward,Finike,Tüm Yaş Grupları,"88% Polyester, ,12% Elastan",,Kalp Yaka,,,Regular,,,,,
23,356741703,74803,4.4,,/trendyolmilla/ekru-balen-detayli-orme-saten-bustiyer-tprss23bs00006-p-356741703/yorumlar,Fitted,Düz,Örme,Ekru,Kolsuz,Düz,Standart Kol,Şık / gece,Hayır,Fashion Forward,Nancy,Tüm Yaş Grupları,"95% Polyester, ,5% Elastan",,Straplez,Astarlı,Crop,Crop,,,,,
24,464945255,28651,4.3,,/trendyolmilla/siyah-pamuklu-askili-v-yaka-esnek-orme-bustiyer-twoss23bs00021-p-464945255/yorumlar,Slim,Düz,Örme,Siyah,Askılı,Düz,Standart Kol,Casual/Günlük,Hayır,Fashion Forward,Likralı Süprem,Tüm Yaş Grupları,"96% Pamuk, ,4% Elastan",,V Yaka,,Basic,Super Crop,,,Tekli,,Esnek
25,648339705,42616,4.0,,/trendyolmilla/beyaz-kus-gozu-detayli-denim-bustiyer-twoss23bs00010-p-648339705/yorumlar,Regular,Düz,Denim,Beyaz,Askılı,Düz,Standart Kol,Casual/Günlük,Hayır,Fashion Forward,Rigid,Tüm Yaş Grupları,100% Pamuk,Pamuklu,Kare Yaka,,Crop,Crop,,,Tekli,,
26,660303094,63125,4.6,,/trendyolmilla/x-zeynep-tosun-siyah-tas-aksesuarli-bustiyer-tclss23bs00015-p-660303094/yorumlar,,Düz,Dokuma,Siyah,Askılı,Düz,Standart Kol,Party,Hayır,Sexy,Krep,Tüm Yaş Grupları,100% Polyester,Polyester,,,,,,,,,Ek Özellik Mevcut Değil
27,792749463,54692,4.1,,/trendyolmilla/siyah-crop-baglama-detayli-dokuma-bustiyer-tprss24bs00027-p-792749463/yorumlar,Fitted,Düz,Dokuma,Siyah,Askılı,Düz,Standart Kol,Şık / gece,Hayır,Feminine,Finike,Tüm Yaş Grupları,"87% Polyester, ,13% Elastan",,Kalp Yaka,Fiyonklu,Crop,Crop,,,,,
28,811941926,3005,4.8,,/trendyolmilla/siyah-korse-detayli-dokuma-bustiyer-tprss24bs00037-p-811941926/yorumlar,Fitted,Düz,Dokuma,Siyah,Askılı,Düz,Standart Kol,,Hayır,Smart,Poliviskon,Tüm Yaş Grupları,"75% Polyester, ,6% Elastan, ,19% Viskoz",,,,,,,,,,
29,385993744,29675,4.3,,/trendyolmilla/mavi-dikis-detayli-straplez-denim-bustiyer-twoss23bs00008-p-385993744/yorumlar,Straplez,Düz,Denim,Mavi,Kolsuz,Düz,Standart Kol,Casual/Günlük,Hayır,None Persona,Rigid,Tüm Yaş Grupları,100% Pamuk,Pamuklu,Straplez,,,,,,Tekli,,
30,366256973,97889,4.1,,/trendyolmilla/kahverengi-crop-astarli-korse-detayli-agrafli-orme-dantel-bustiyer-tpraw23bs00072-p-366256973/yorumlar,Crop,Düz,Örme,Kahverengi,Askılı,Düz,Standart Kol,Şık / gece,Hayır,Feminine,Dantel,Tüm Yaş Grupları,"95% Polyester, ,5% Elastan",,Kalp Yaka,Astarlı,Crop,Crop,,,Tekli,,
31,827740481,15994,3.6,,/trendyolmilla/gul-kurusu-3-boyutlu-cicekli-dokuma-bustiyer-tprss24bs00046-p-827740481/yorumlar,Fitted,Düz,Örme,Pembe,Kolsuz,Düz,Standart Kol,,,Fashion Forward,Tül,,100% Polyester,,,,,,,,,,
32,835053791,3175,,,,Fitted,Düz,Dokuma,Siyah,Askılı,,Standart Kol,,,Fashion Forward,Saten,,"99% Polyester, ,1% Elastan",,,,,,,,,,
33,235912816,79522,4.5,,/trendyolmilla/pembe-straplez-dokuma-bustiyer-tprss21bs0032-p-235912816/yorumlar,Fitted,Düz,Dokuma,Pembe,Kolsuz,Düz,Standart Kol,Şık / gece,Hayır,Smart,Finike,Tüm Yaş Grupları,"88% Polyester, ,12% Elastan",,Straplez,Astarlı,Crop,Crop,Kapsız,Glam,Tekli,Gece,Ek Özellik Mevcut Değil
34,835053790,2365,5.0,,/trendyolmilla/petrol-crop-dokuma-saten-bustiyer-tprss24bs00048-p-835053790/yorumlar,Fitted,Düz,Dokuma,Yeşil,Askılı,,Standart Kol,,,Fashion Forward,Saten,,"99% Polyester, ,1% Elastan",,,,,,,,,,
35,815530877,7310,4.7,,/trendyolmilla/kirmizi-crop-dokuma-bustiyer-tprss24bs00020-p-815530877/yorumlar,Fitted,Çiçekli,Dokuma,Kırmızı,Kısa,Düz,Standart Kol,Şık / gece,Hayır,Feminine,Finike,Tüm Yaş Grupları,"85% Polyester, ,15% Elastan",,,,,,,,,,
36,797887448,16171,3.7,,/trendyolmilla/siyah-carmen-yaka-dokuma-bustiyer-tprss24bs00018-p-797887448/yorumlar,Fitted,Düz,Dokuma,Siyah,Kısa,Düz,Standart Kol,Şık / gece,,Feminine,Finike,Tüm Yaş Grupları,"87% Polyester, ,13% Elastan",,,,,,,,,,
37,243550242,83853,4.3,,/trendyolmilla/bridal-beyaz-crop-astarli-otrisli-dokuma-bustiyer-tprss22bs00018-p-243550242/yorumlar,Crop,Düz,Dokuma,Beyaz,Kolsuz,Düz,Standart Kol,Şık / gece,Hayır,Fashion Forward,Finike,Tüm Yaş Grupları,100% Polyester,Polyester,Straplez,Otriş,Crop,Crop,Kapsız,Basic,Tekli,Gece,
38,784308282,17198,3.7,,/trendyolmilla/siyah-crop-korse-detayli-orme-bustiyer-tprss24bs00007-p-784308282/yorumlar,Fitted,Düz,Örme,Siyah,Askılı,Düz,Standart Kol,Şık / gece,Hayır,Feminine,Dantel,Tüm Yaş Grupları,100% Polyester,Polyester,Kalp Yaka,,Crop,Crop,,,,,
39,815530878,5566,4.4,,/trendyolmilla/siyah-crop-dokuma-bustiyer-tprss24bs00020-p-815530878/yorumlar,Fitted,Çiçekli,Dokuma,Siyah,Kısa,Düz,Standart Kol,Şık / gece,Hayır,Feminine,Finike,Tüm Yaş Grupları,"85% Polyester, ,15% Elastan",,,,,,,,,,
40,819963266,15269,4.6,,/trendyolmilla/pudra-incili-korse-detayli-dokuma-bustiyer-tprss24bs00042-p-819963266/yorumlar,Fitted,Düz,Dokuma,Pembe,Askılı,Düz,Standart Kol,,,Fashion Forward,Finike,,"88% Polyester, ,12% Elastan",,,,,,,,,,
41,190084162,146130,4.6,,/trendyolmilla/siyah-crop-balenli-dokuma-bustiyer-tprss22bs0024-p-190084162/yorumlar,Fitted,Düz,Dokuma,Siyah,Askılı,Düz,Standart Kol,Şık / gece,Hayır,Feminine,Finike,Tüm Yaş Grupları,"88% Polyester, ,12% Elastan",Polyester,Kare Yaka,Fiyonklu,Basic,Crop,Kapsız,Glam,Tekli,,
42,736607861,22873,4.1,,/trendyolmilla/siyah-crop-astarli-korse-detayli-orme-bustiyer-tprss23bs00006-p-736607861/yorumlar,Fitted,Düz,Örme,Siyah,Kolsuz,Düz,Standart Kol,Şık / gece,Hayır,Fashion Forward,Nancy,Tüm Yaş Grupları,"95% Polyester, ,5% Elastan",,Straplez,Astarlı,Crop,Crop,,,,,
43,650496679,70888,4.1,,/trendyolmilla/siyah-fitted-vucuda-oturan-crop-askili-krep-orme-bustiyer-twoss23bs00036-p-650496679/yorumlar,Slim,Düz,Örme,Siyah,Askılı,Düz,Standart Kol,Gündüz / Gece,Hayır,Fashion Forward,Scuba Krep,Tüm Yaş Grupları,"98% Polyester, ,2% Elastan",,Kalp Yaka,Fermuar,Basic,Crop,,,Tekli,,
44,782105203,12032,3.9,,/trendyolmilla/beyaz-fitted-vucuda-oturan-crop-askili-krep-orme-bustiyer-twoss23bs00036-p-782105203/yorumlar,Slim,Düz,Örme,Beyaz,Askılı,Düz,Standart Kol,Gündüz / Gece,Hayır,Fashion Forward,Scuba Krep,Tüm Yaş Grupları,"98% Polyester, ,2% Elastan",,Kalp Yaka,Fermuar,Basic,Crop,,,Tekli,,
45,820029217,3340,4.7,,/trendyolmilla/lacivert-dokuma-payet-bustiyer-tprss24bs00044-p-820029217/yorumlar,Fitted,Düz,Dokuma,Lacivert,Askılı,Düz,Standart Kol,,Hayır,Fashion Forward,Payet,Tüm Yaş Grupları,"95% Polyester, ,5% Elastan",,,Payet,,,,,,,
46,816492154,15510,3.9,,/trendyolmilla/pembe-crop-baglama-detayli-dokuma-bustiyer-tprss24bs00027-p-816492154/yorumlar,Fitted,Düz,Dokuma,Pembe,Askılı,Düz,Standart Kol,Şık / gece,Hayır,Feminine,Finike,Tüm Yaş Grupları,"87% Polyester, ,13% Elastan",,Kalp Yaka,Fiyonklu,Crop,Crop,,,,,
47,820136629,4616,4.6,,/trendyolmilla/acik-mavi-volanli-denim-bustiyer-twoss24bs00019-p-820136629/yorumlar,,Düz,Denim,Mavi,Kolsuz,Düz,Standart Kol,,Hayır,Fashion Forward,Rigid,,"98% Pamuk, ,2% Elastan",,,,,,,,,,
48,805040456,5481,3.4,,/trendyolmilla/siyah-crop-kalp-formlu-puskullu-dokuma-bustiyer-tprss24bs00031-p-805040456/yorumlar,Fitted,Düz,Dokuma,Siyah,Kolsuz,Düz,Standart Kol,Şık / gece,Hayır,Fashion Forward,Finike,Tüm Yaş Grupları,"88% Polyester, ,12% Elastan",,Straplez,Püskül,Crop,Crop,,,,,
49,793692752,6682,4.2,,/trendyolmilla/limited-edition-siyah-crop-cizgilli-dokuma-bustiyer-tprss24bs00029-p-793692752/yorumlar,Fitted,Çizgili,Dokuma,Siyah,Kolsuz,Düz,Standart Kol,Şık / gece,Hayır,Fashion Forward,Poliviskon,Tüm Yaş Grupları,"62% Polyester, ,35% Viskoz, ,2% Elastan, ,1% Metalize Elyaf",,,,Crop,Crop,,,,,
50,133990379,134222,4.5,,/trendyolmilla/x-sagaza-studio-siyah-pariltili-lastik-detayli-orme-bustiyer-tpraw22bs0014-p-133990379/yorumlar,Fitted,Düz,Örme,Siyah,Kolsuz,Düz,Standart Kol,Party,Hayır,Fashion Forward,Simli Örme,Tüm Yaş Grupları,"79% Poliamid, 17% Metal, 4% Elastan",Polyester Karışımlı,Bisiklet Yaka,Lastikli,Basic,Crop,Kapsız,,Tekli,,Ek Özellik Mevcut Değil
51,380998307,22065,4.5,,/trendyolmilla/mavi-crop-pariltili-orme-bustiyer-tprss23bs00042-p-380998307/yorumlar,Fitted,Düz,Örme,Mavi,Kolsuz,Düz,Standart Kol,Şık / gece,Hayır,Fashion Forward,Simli Örme,Tüm Yaş Grupları,"86% Poliamid, 14% Metal",,Asimetrik Yaka,,Crop,Crop,,,Tekli,,
52,820133936,8398,3.5,,/trendyolmilla/koyu-mavi-baglama-detayli-denim-bustiyer-twoss24bs00017-p-820133936/yorumlar,,Düz,Denim,Lacivert,Askılı,Düz,Standart Kol,,Hayır,Fashion Forward,Rigid,Tüm Yaş Grupları,"98% Pamuk, ,2% Elastan",,,,,,,,,,
53,784313564,13627,3.4,,/trendyolmilla/bridal-beyaz-crop-dokuma-bustiyer-tprss24bs00010-p-784313564/yorumlar,Fitted,Düz,Dokuma,Beyaz,Kolsuz,Düz,Standart Kol,Şık / gece,Hayır,Smart,Finike,Tüm Yaş Grupları,"85% Polyester, ,15% Elastan",,Straplez,,Crop,Crop,,,,,
54,460386693,6843,3.7,,/trendyolmilla/x-sagaza-studio-siyah-lastik-detayli-bustiyer-tclss23bs00008-p-460386693/yorumlar,Regular,Düz,Örme,Siyah,Askılı,Düz,Standart Kol,Party,Hayır,Fashion Forward,Kaşkorse,Tüm Yaş Grupları,100% Pamuk,Pamuklu,,,,,,,Tekli,,
55,650496677,16071,4.0,,/trendyolmilla/fusya-fitted-vucuda-oturan-crop-askili-krep-orme-bustiyer-twoss23bs00036-p-650496677/yorumlar,Slim,Düz,Örme,Pembe,Askılı,Düz,Standart Kol,Gündüz / Gece,Hayır,Fashion Forward,Scuba Krep,Tüm Yaş Grupları,"98% Polyester, ,2% Elastan",,Kalp Yaka,Fermuar,Basic,Crop,,,Tekli,,
56,788964880,12615,4.6,,/trendyolmilla/siyah-parlak-tasli-korse-detayli-dokuma-bustiyer-tprss24bs00023-p-788964880/yorumlar,Fitted,Düz,Dokuma,Siyah,Kolsuz,Düz,Standart Kol,Şık / gece,Hayır,Fashion Forward,Finike,Tüm Yaş Grupları,"88% Polyester, ,12% Elastan",,,Taş Baskı,,,,,,,
57,444150814,34983,4.5,,/trendyolmilla/siyah-crop-aksesuarli-orme-bustiyer-tprss23bs00088-p-444150814/yorumlar,Fitted,Düz,Örme,Siyah,Kolsuz,Düz,Standart Kol,Şık / gece,Hayır,Fashion Forward,Sandy,Tüm Yaş Grupları,"96% Polyester, ,4% Elastan",,Halter Yaka,Taş Aksesuar,Crop,Crop,,,,,
58,640371370,81036,4.4,,/trendyolmilla/pembe-crop-astarli-korse-detayli-agrafli-orme-dantel-bustiyer-tpraw23bs00062-p-640371370/yorumlar,Fitted,Düz,Örme,Pembe,Askılı,Düz,Standart Kol,Şık / gece,Hayır,Feminine,Dantel,Tüm Yaş Grupları,100% Polyester,Polyester,Kalp Yaka,Astarlı,Crop,Crop,Kapsız,Glam,Tekli,,
59,812327026,5403,3.6,,/trendyolmilla/lila-korse-detayli-cicek-aksesuarli-dokuma-bustiyer-tprss24bs00022-p-812327026/yorumlar,Fitted,Düz,Dokuma,Mor,Askılı,Düz,Standart Kol,Şık / gece,Hayır,Fashion Forward,Finike,Tüm Yaş Grupları,"85% Polyester, ,15% Elastan",,,Gül Detay,,,,,,,
60,788674827,25917,4.1,,/trendyolmilla/siyah-fermuarli-dokuma-bustiyer-tprss24bs00025-p-788674827/yorumlar,Fitted,Düz,Dokuma,Siyah,Kolsuz,Düz,Standart Kol,Şık / gece,Hayır,Smart,Finike,Tüm Yaş Grupları,"87% Polyester, ,13% Elastan",,,Fermuar,,,,,,,
61,792480756,15592,4.1,,/trendyolmilla/pembe-korse-detayli-dokuma-bustiyer-tprss24bs00011-p-792480756/yorumlar,Fitted,Düz,Dokuma,Pembe,Kolsuz,Düz,Standart Kol,Şık / gece,Hayır,Fashion Forward,Poplin,Tüm Yaş Grupları,"77% Polyester, ,23% Pamuk",,,Fırfırlı,,,,,,,
62,782019965,23863,4.4,,/trendyolmilla/bridal-beyaz-crop-astarli-agrafli-dokuma-dantel-bustiyer-tpraw23bs00045-p-782019965/yorumlar,Crop,Düz,Dokuma,Beyaz,Askılı,Düz,Standart Kol,Şık / gece,Hayır,Feminine,Finike,Tüm Yaş Grupları,100% Polyester,Polyester,V Yaka,Örme Garni,Basic,Crop,Kapsız,Glam,Tekli,Gece,
63,785117275,9432,4.5,,/trendyolmilla/beyaz-carmen-yaka-dokuma-bustiyer-tprss24bs00019-p-785117275/yorumlar,Fitted,Düz,Dokuma,Beyaz,Kısa,Düz,Standart Kol,Şık / gece,Hayır,Smart,Finike,Tüm Yaş Grupları,"90% Polyester, ,10% Elastan",,Carmen Yaka,,Crop,Crop,,,,,
64,774683464,8910,4.3,,/trendyolmilla/mavi-asimetrik-straplez-denim-bustiyer-twoss24bs00002-p-774683464/yorumlar,Fitted,Düz,Denim,Mavi,Kolsuz,Düz,Standart Kol,Casual/Günlük,Hayır,Cool & Comfort,Comfort,Tüm Yaş Grupları,"99% Pamuk, ,1% Elastan",,Straplez,,,,,,,,
65,819647922,6221,4.6,,/trendyolmilla/siyah-halter-yaka-orme-payet-bustiyer-tprss24bs00041-p-819647922/yorumlar,Fitted,Düz,Örme,Siyah,Kolsuz,Düz,Standart Kol,,Hayır,Fashion Forward,Payet,Tüm Yaş Grupları,"65% Polyester, ,35% Metalize Elyaf",,,Payet,,,,,,,
66,776677767,14282,4.6,,/trendyolmilla/siyah-crop-parlak-tasli-dokuma-bustiyer-tprss24bs00002-p-776677767/yorumlar,Fitted,Düz,Dokuma,Siyah,Askılı,Düz,Standart Kol,Şık / gece,Hayır,Feminine,Finike,Tüm Yaş Grupları,"88% Polyester, ,12% Elastan",,V Yaka,Taş Baskı,Basic,Super Crop,,,,,
67,683347281,27441,4.5,,/trendyolmilla/siyah-crop-parlak-tasli-dokuma-bustiyer-tprss23bs00130-p-683347281/yorumlar,Fitted,Düz,Dokuma,Siyah,Kolsuz,Düz,Standart Kol,Şık / gece,Hayır,Fashion Forward,Finike,Tüm Yaş Grupları,"88% Polyester, ,12% Elastan",,,Taş Baskı,Crop,Crop,,,,,Ek Özellik Mevcut Değil
68,807520940,8098,4.7,,/trendyolmilla/x-zeynep-tosun-siyah-orme-parlak-tasli-bustiyer-tclss24bs00001-p-807520940/yorumlar,,Düz,Örme,Siyah,Kolsuz,Düz,Standart Kol,,Hayır,Fashion Forward,Scuba Krep,Tüm Yaş Grupları,"98% Polyester, 2% Elastan",,,,,,,,,,
69,302714084,74748,4.3,,/trendyolmilla/x-sagaza-studio-siyah-metal-aksesuar-detayli-orme-bustiyer-tprss22bs00019-p-302714084/yorumlar,Fitted,Düz,Örme,Siyah,Kolsuz,Düz,Standart Kol,Party,Hayır,Fashion Forward,Kaşkorse,Tüm Yaş Grupları,"95% Polyester, ,5% Elastan",Polyester,Halter Yaka,,Basic,Crop,Kapsız,Design,Tekli,Gece,Ek Özellik Mevcut Değil
70,809910745,3780,3.0,,/trendyolmilla/bordo-crop-dokuma-bustiyer-tprss24bs00010-p-809910745/yorumlar,Fitted,Düz,Dokuma,Bordo,Kolsuz,Düz,Standart Kol,Şık / gece,Hayır,Smart,Finike,Tüm Yaş Grupları,"85% Polyester, ,15% Elastan",,Straplez,,Crop,Crop,,,,,
71,782101846,6618,3.8,,/trendyolmilla/bridal-beyaz-crop-aksesuarli-orme-bustiyer-tprss23bs00088-p-782101846/yorumlar,Fitted,Düz,Örme,Beyaz,Kolsuz,Düz,Standart Kol,Şık / gece,Hayır,Fashion Forward,Sandy,Tüm Yaş Grupları,"96% Polyester, ,4% Elastan",,Halter Yaka,Taş Aksesuar,Crop,Crop,,,,,
72,827736583,6519,4.0,,/trendyolmilla/siyah-tas-baskili-dokuma-bustiyer-tprss24bs00045-p-827736583/yorumlar,Fitted,Düz,Dokuma,Siyah,Kolsuz,,Standart Kol,,,Fashion Forward,Finike,,"88% Polyester, ,12% Elastan",,,,,,,,,,
73,816764786,3760,4.8,,/trendyolmilla/siyah-parlak-tasli-pariltili-dokuma-bustiyer-tprss24bs00040-p-816764786/yorumlar,Fitted,Düz,Dokuma,Siyah,Kolsuz,Düz,Standart Kol,,Hayır,Fashion Forward,Finike,Tüm Yaş Grupları,"88% Polyester, ,12% Elastan",,,Taş Baskı,,,,,,,
74,780971296,14883,4.6,,/trendyolmilla/mavi-onden-dugmeli-straplez-denim-bustiyer-twoss24bs00005-p-780971296/yorumlar,Fitted,Düz,Denim,Mavi,Kolsuz,Düz,Standart Kol,Casual/Günlük,Hayır,Fashion Forward,Comfort,Tüm Yaş Grupları,"99% Pamuk, ,1% Elastan",,Straplez,Düğme,,,,,,,
75,827736585,3735,4.5,,/trendyolmilla/tas-tas-baskili-dokuma-bustiyer-tprss24bs00045-p-827736585/yorumlar,Fitted,Düz,Dokuma,Bej,Kolsuz,,Standart Kol,,,Fashion Forward,Finike,,"88% Polyester, ,12% Elastan",,,,,,,,,,
76,785188980,8302,4.2,,/trendyolmilla/koyu-mavi-dikis-detayli-straplez-denim-bustiyer-twoss24bs00009-p-785188980/yorumlar,Straplez,Düz,Denim,Mavi,Kolsuz,Düz,Standart Kol,Casual/Günlük,Hayır,Fashion Forward,Gabardin,Tüm Yaş Grupları,"98% Pamuk, ,2% Elastan",,Straplez,,,,,,,,
77,776678412,3510,3.3,,/trendyolmilla/fusya-crop-dokuma-bustiyer-tprss24bs00003-p-776678412/yorumlar,Crop,Düz,Dokuma,Pembe,Kolsuz,Düz,Standart Kol,Şık / gece,Hayır,Fashion Forward,Finike,Tüm Yaş Grupları,"88% Polyester, 12% Elastan",,Straplez,,Crop,Crop,,,,,
78,784344178,8500,4.1,,/trendyolmilla/cok-renkli-desenli-crop-astarli-pariltili-pullu-orme-payet-bustiyer-tprss24bs00009-p-784344178/yorumlar,Fitted,Hayvan Desenli,Örme,Çok Renkli,Kolsuz,Düz,Standart Kol,Şık / gece,Hayır,Fashion Forward,Payet,Tüm Yaş Grupları,100% Polyester,Polyester,Straplez,Payet,Crop,Super Crop,,,,,
79,784313563,10367,3.6,,/trendyolmilla/siyah-crop-dokuma-bustiyer-tprss24bs00010-p-784313563/yorumlar,Fitted,Düz,Dokuma,Siyah,Kolsuz,Düz,Standart Kol,Şık / gece,Hayır,Smart,Finike,Tüm Yaş Grupları,"85% Polyester, ,15% Elastan",,Straplez,,Crop,Crop,,,,,
80,639475539,24919,4.1,,/trendyolmilla/bridal-ekru-crop-kalp-yaka-dokuma-bustiyer-tprss23bs00125-p-639475539/yorumlar,Fitted,Düz,Dokuma,Ekru,Kolsuz,Düz,Standart Kol,Düğün/Nikah,Hayır,Fashion Forward,Finike,Tüm Yaş Grupları,"88% Polyester, ,12% Elastan",,Straplez,,Crop,Crop,,,,,
81,784177418,3945,4.2,,/trendyolmilla/siyah-vucuda-oturan-orme-dantel-bustiyer-tprss24bs00008-p-784177418/yorumlar,Fitted,Düz,Örme,Siyah,Kolsuz,Düz,Standart Kol,Şık / gece,Hayır,Feminine,Dantel,Tüm Yaş Grupları,"95% Polyester, ,5% Elastan",,Straplez,,Crop,Crop,,,,,
82,789051614,22974,4.2,,/trendyolmilla/bridal-beyaz-korse-detayli-cicek-aksesuarli-dokuma-bustiyer-tprss24bs00022-p-789051614/yorumlar,Fitted,Düz,Dokuma,Beyaz,Askılı,Düz,Standart Kol,Şık / gece,Hayır,Fashion Forward,Finike,Tüm Yaş Grupları,"85% Polyester, ,15% Elastan",,,Gül Detay,,,,,,,
83,217462613,34134,4.2,,/trendyolmilla/ekru-crop-astarli-dokuma-bustiyer-tprss22bs0065-p-217462613/yorumlar,Fitted,Düz,Dokuma,Ekru,Kolsuz,Düz,Standart Kol,Şık / gece,Hayır,Fashion Forward,Finike,Tüm Yaş Grupları,"87% Polyester, ,13% Elastan",,Straplez,Astarlı,Basic,Crop,Kapsız,Glam,Tekli,,
84,792755237,10266,3.5,,/trendyolmilla/siyah-crop-dantel-detayli-dokuma-saten-bustiyertprss24bs00028-p-792755237/yorumlar,Fitted,Düz,Dokuma,Siyah,Askılı,Düz,Standart Kol,Şık / gece,Hayır,Feminine,Saten,Tüm Yaş Grupları,100% Polyester,Polyester,V Yaka,,Crop,Crop,,,,,Saten
85,805255078,18138,4.4,,/trendyolmilla/pembe-crop-fiyonk-detayli-dokuma-bustiyer-tprss24bs00035-p-805255078/yorumlar,Fitted,Düz,Dokuma,Pembe,Kolsuz,Düz,Standart Kol,Şık / gece,Hayır,Feminine,Finike,Tüm Yaş Grupları,"87% Polyester, ,13% Elastan",,Straplez,Fiyonklu,Crop,Crop,,,,,
86,815572384,2889,3.7,,/trendyolmilla/x-zeynep-tosun-siyah-orme-aksesuarli-bustiyer-tclss24bs00005-p-815572384/yorumlar,,Düz,Örme,Siyah,Askılı,Düz,Standart Kol,,,Fashion Forward,Scuba Krep,Tüm Yaş Grupları,"98% Polyester, ,2% Elastan",,,,,,,,,,
87,380998304,29355,4.4,,/trendyolmilla/siyah-crop-pariltili-orme-bustiyer-tprss23bs00042-p-380998304/yorumlar,Fitted,Düz,Örme,Siyah,Kolsuz,Düz,Standart Kol,Şık / gece,Hayır,Fashion Forward,Simli Örme,Tüm Yaş Grupları,"86% Poliamid, 14% Metal",,Asimetrik Yaka,,Crop,Crop,,,Tekli,,
88,800252064,15702,3.8,,/trendyolmilla/bej-100-keten-bustiyer-twoss24bs00013-p-800252064/yorumlar,,Düz,Denim,Bej,Kolsuz,Düz,Standart Kol,Casual/Günlük,Hayır,Fashion Forward,Rigid,Tüm Yaş Grupları,100% Keten,Keten,,,,,,,,,
89,776684974,3804,4.6,,/trendyolmilla/siyah-crop-dokuma-bustiyer-tprss24bs00001-p-776684974/yorumlar,Fitted,Düz,Dokuma,Siyah,Kolsuz,Düz,Standart Kol,Şık / gece,Hayır,Smart,Finike,Tüm Yaş Grupları,"85% Polyester, ,15% Elastan",,Straplez,,Crop,Crop,,,,,
90,817885811,3339,4.0,,/trendyolmilla/tas-crop-astarli-agrafli-dokuma-dantel-bustiyer-tpraw23bs00045-p-817885811/yorumlar,Crop,Düz,Dokuma,Gri,Askılı,Düz,Standart Kol,Şık / gece,Hayır,Feminine,Finike,Tüm Yaş Grupları,100% Polyester,Polyester,V Yaka,Örme Garni,Basic,Crop,Kapsız,Glam,Tekli,Gece,
91,769204834,3972,4.5,,/trendyolmilla/mavi-cok-renkli-cicek-baskli-orme-tul-bustiyer-tprss23bs00104-p-769204834/yorumlar,Fitted,Degrade,Örme,Çok Renkli,Kolsuz,Düz,Standart Kol,Şık / gece,Hayır,Feminine,Tül,Tüm Yaş Grupları,100% Polyester,Polyester,Straplez,,Crop,Crop,,,,,
92,671989520,23879,4.2,,/trendyolmilla/x-zeynep-tosun-siyah-gunes-aksesuar-detayli-simli-orme-bustiyer-tclss23bs00012-p-671989520/yorumlar,,Düz,Örme,Siyah,Kısa,Düz,Standart Kol,Party,Hayır,Fashion Forward,Simli Örme,Tüm Yaş Grupları,"96% Polyester, 4% Elastan",,,,,,,,,,Ek Özellik Mevcut Değil
93,364452382,17952,4.4,,/trendyolmilla/acik-pembe-crop-astarli-orme-bustiyer-tprss22bs00005-p-364452382/yorumlar,Fitted,Düz,Örme,Lacivert,Askılı,Düz,Standart Kol,Şık / gece,Hayır,Smart,Nancy,Tüm Yaş Grupları,"95% Polyester, ,5% Elastan",,V Yaka,Astarlı,Basic,Crop,,,Tekli,Gece,
94,745944457,19066,3.8,,/trendyolmilla/siyah-crop-payet-bustiyer-tpraw24bs00010-p-745944457/yorumlar,Fitted,Düz,Dokuma,Siyah,Askılı,Düz,Standart Kol,Şık / gece,Hayır,Fashion Forward,Payet,Tüm Yaş Grupları,"97% Polyester, ,3% Elastan",,,Payet,Crop,Crop,,,,,
95,220451866,45378,4.4,,/trendyolmilla/siyah-vucuda-oturan-astarli-puskullu-dokuma-bustiyer-tprss22bs0070-p-220451866/yorumlar,Fitted,Düz,Dokuma,Siyah,Kolsuz,Düz,Standart Kol,Şık / gece,Hayır,Fashion Forward,Finike,Tüm Yaş Grupları,"88% Polyester, ,12% Elastan",Polyester,Straplez,Volanlı,Basic,Standart,Kapsız,,Tekli,,
96,784308093,21994,2.7,,/trendyolmilla/birdal-beyaz-crop-dokuma-bustiyer-tprss24bs00006-p-784308093/yorumlar,Fitted,Düz,Dokuma,Beyaz,Askılı,Düz,Standart Kol,Şık / gece,Hayır,Feminine,Finike,Tüm Yaş Grupları,"88% Polyester, ,12% Elastan",,Kalp Yaka,,Crop,Crop,,,,,
97,807533070,6959,4.0,,/trendyolmilla/x-zeynep-tosun-beyaz-orme-aksesuarli-balenli-bustiyer-tclss24bs00002-p-807533070/yorumlar,,Düz,Örme,Beyaz,Kolsuz,Düz,Standart Kol,,Hayır,Fashion Forward,Scuba Krep,Tüm Yaş Grupları,"98% Polyester, ,2% Elastan",,,Balen,,,,,,,
98,807533071,7805,4.6,,/trendyolmilla/x-zeynep-tosun-lacivert-orme-aksesuarli-balenli-bustiyer-tclss24bs00002-p-807533071/yorumlar,,Düz,Örme,Lacivert,Kolsuz,Düz,Standart Kol,,Hayır,Fashion Forward,Scuba Krep,Tüm Yaş Grupları,"98% Polyester, ,2% Elastan",,,Balen,,,,,,,
99,815571639,6509,5.0,,/trendyolmilla/x-zeynep-tosun-kahverengi-orme-yilan-aksesuarli-bustiyer-tclss24bs00000-p-815571639/yorumlar,,Düz,Örme,Kahverengi,Kısa,Düz,Standart Kol,,Hayır,Fashion Forward,Sandy,Tüm Yaş Grupları,"96% Polyester, ,4% Elastan",,,,,,,,,,
100,782425069,9319,3.9,,/trendyolmilla/siyah-crop-astarli-korse-detayli-dokuma-bustiyer-tprss24bs00005-p-782425069/yorumlar,Fitted,Düz,Dokuma,Siyah,Kolsuz,Düz,Standart Kol,Şık / gece,Hayır,Smart,Finike,Tüm Yaş Grupları,"88% Polyester, ,12% Elastan",,Straplez,Astarlı,Crop,Crop,,,,,
101,365969213,48099,3.9,,/trendyolmilla/siyah-crop-aksesuarli-dokuma-bustiyer-tprss23bs00018-p-365969213/yorumlar,Fitted,Düz,Dokuma,Siyah,Askılı,Düz,Standart Kol,Şık / gece,Hayır,Fashion Forward,Finike,Tüm Yaş Grupları,"88% Polyester, 12% Elastan",,Kalp Yaka,Taş Aksesuar,Crop,Crop,,,Tekli,,
102,811934226,7503,4.5,,/trendyolmilla/siyah-straplez-pariltili-simli-orme-bustiyer-tprss24bs00036-p-811934226/yorumlar,Fitted,Düz,Örme,Siyah,Kolsuz,Düz,Standart Kol,,Hayır,Fashion Forward,Simli Örme,Tüm Yaş Grupları,"93% Poliamid, ,4% Elastan, ,3% Metalize İplik",,,,,,,,,,
103,776678415,3449,4.0,,/trendyolmilla/siyah-crop-dokuma-bustiyer-tprss24bs00003-p-776678415/yorumlar,Crop,Düz,Dokuma,Siyah,Kolsuz,Düz,Standart Kol,Şık / gece,Hayır,Fashion Forward,Finike,Tüm Yaş Grupları,"88% Polyester, 12% Elastan",,Straplez,,Crop,Crop,,,,,
104,815579397,4756,3.5,,/trendyolmilla/x-zeynep-tosun-saks-orme-parlak-tasli-bustiyer-tclss24bs00004-p-815579397/yorumlar,,Düz,Örme,Mavi,Uzun,Düz,Standart Kol,,Hayır,Fashion Forward,Tül,Tüm Yaş Grupları,100% Polyester,Polyester,,,,,,,,,
105,788987833,7878,4.3,,/trendyolmilla/cok-renkli-vucuda-oturan-orme-korse-detayli-tul-bustiyer-tprss24bs00024-p-788987833/yorumlar,Fitted,Çiçekli,Örme,Çok Renkli,Askılı,Düz,Standart Kol,Şık / gece,Hayır,Fashion Forward,Tül,Tüm Yaş Grupları,"95% Polyester, ,5% Elastan",,,,,,,,,,
106,241726397,45156,4.6,,/trendyolmilla/x-sagaza-studio-beyaz-baglama-detayli-bustiyer-tprss22bs00013-p-241726397/yorumlar,Fitted,Düz,Örme,Beyaz,Kısa,Düz,Standart Kol,Party,Hayır,Fashion Forward,Süprem,Tüm Yaş Grupları,"96% Pamuk, 4% Elastan",%100 Pamuk,Bisiklet Yaka,,Basic,Crop,,,Tekli,,Ek Özellik Mevcut Değil
107,805039227,3496,4.2,,/trendyolmilla/siyah-crop-gul-detayli-dokuma-bustiyer-tprss24bs00032-p-805039227/yorumlar,Fitted,Düz,Dokuma,Siyah,Askılı,Düz,Standart Kol,Şık / gece,Hayır,Feminine,Finike,Tüm Yaş Grupları,"87% Polyester, ,13% Elastan",,Kalp Yaka,Gül Detay,Crop,Crop,,,,,
108,788983172,6906,3.6,,/trendyolmilla/siyah-korse-detayli-dokuma-organze-bustiyer-tprss24bs00021-p-788983172/yorumlar,Fitted,Düz,Dokuma,Siyah,Kolsuz,Düz,Standart Kol,Şık / gece,,Fashion Forward,Organze,Tüm Yaş Grupları,100% Polyester,Polyester,,,,,,,,,
109,788987830,13401,4.4,,/trendyolmilla/siyah-vucuda-oturan-korse-detayli-orme-tul-bustiyer-tprss24bs00024-p-788987830/yorumlar,Fitted,Çiçekli,Örme,Siyah,Askılı,Düz,Standart Kol,Şık / gece,Hayır,Fashion Forward,Tül,Tüm Yaş Grupları,"95% Polyester, ,5% Elastan",,,,,,,,,,
110,363181170,47696,4.5,,/trendyolmilla/bej-crop-astarli-dokuma-saten-bustiyer-tprss23bs00013-p-363181170/yorumlar,Fitted,Düz,Dokuma,Bej,Kolsuz,Düz,Standart Kol,Şık / gece,Hayır,Fashion Forward,Saten,Tüm Yaş Grupları,"97% Polyester, ,3% Elastan",,V Yaka,Astarlı,Crop,Crop,,,Tekli,,Ek Özellik Mevcut Değil
111,800162690,8191,3.0,,/trendyolmilla/beyaz-crop-volanli-dokuma-poplin-bustiyer-tprss24bs00030-p-800162690/yorumlar,Fitted,Düz,Dokuma,Beyaz,Kısa,Düz,Standart Kol,Şık / gece,Hayır,Fashion Forward,Poplin,Tüm Yaş Grupları,"51% Polyester, ,49% Pamuk",Pamuk Polyester,Straplez,Cut Out / Volan,Basic,Crop,,,,,
112,776684972,5657,4.8,,/trendyolmilla/bridal-beyaz-crop-dokuma-bustiyer-tprss24bs00001-p-776684972/yorumlar,Fitted,Düz,Dokuma,Beyaz,Kolsuz,Düz,Standart Kol,Şık / gece,Hayır,Smart,Finike,Tüm Yaş Grupları,"85% Polyester, ,15% Elastan",,Straplez,,Crop,Crop,,,,,
113,380351755,1322,4.5,,/trendyolmilla/saks-crop-astarli-orme-bustiyer-tprss23bs00050-p-380351755/yorumlar,Fitted,Düz,Örme,Lacivert,Askılı,Düz,Standart Kol,Şık / gece,Hayır,Fashion Forward,Nancy,Tüm Yaş Grupları,"95% Polyester, 5% Elastan",,Kalp Yaka,Astarlı,Crop,Crop,,,Tekli,,
114,640031741,15350,4.7,,/trendyolmilla/mavi-crop-denim-parlak-tasli-bustiyer-tprss23bs00116-p-640031741/yorumlar,Fitted,Düz,Denim,Mavi,Askılı,Düz,Standart Kol,Şık / gece,Hayır,Fashion Forward,Comfort,Tüm Yaş Grupları,"99% Pamuk, 1% Elastan",,Kare Yaka,Taş Baskı,Crop,Crop,,,Tekli,,
115,808016882,15670,4.1,,/trendyolmilla/x-zeynep-tosun-siyah-orme-baglama-detayli-balenli-bustiyer-tclss24bs00003-p-808016882/yorumlar,,Düz,Örme,Siyah,Askılı,Düz,Standart Kol,,Hayır,Fashion Forward,Scuba Krep,Tüm Yaş Grupları,"98% Polyester, ,2% Elastan",,,Balen,,,,,,,
116,241256161,31027,4.7,,/trendyolmilla/saks-crop-astarli-biyeli-dokuma-bustiyer-tprss22bs0026-p-241256161/yorumlar,Fitted,Düz,Dokuma,Lacivert,Kolsuz,Düz,Standart Kol,Şık / gece,Hayır,Fashion Forward,Finike,Tüm Yaş Grupları,"88% Polyester, ,12% Elastan",,Straplez,Birden Fazla Cut-Out,Crop,Crop,,Glam,,,Cut Out
117,785117274,8268,4.0,,/trendyolmilla/kirmizi-carmen-yaka-dokuma-bustiyer-tprss24bs00019-p-785117274/yorumlar,Fitted,Düz,Dokuma,Kırmızı,Kısa,Düz,Standart Kol,Şık / gece,Hayır,Smart,Finike,Tüm Yaş Grupları,"90% Polyester, ,10% Elastan",,Carmen Yaka,,Crop,Crop,,,,,
118,380948843,64954,4.2,,/trendyolmilla/siyah-crop-astarli-parlak-tasli-dokuma-bustiyer-tprss23bs00047-p-380948843/yorumlar,Fitted,Düz,Dokuma,Siyah,Askılı,Düz,Standart Kol,Şık / gece,Hayır,Fashion Forward,Finike,Tüm Yaş Grupları,"85% Polyester, ,15% Elastan",,Kalp Yaka,Taş Aksesuar,Crop,Crop,,,Tekli,,
119,785729655,4118,4.3,,/trendyolmilla/bridal-beyaz-crop-firfirli-orme-bustiyer-tprss24bs00014-p-785729655/yorumlar,Fitted,Düz,Örme,Beyaz,Kolsuz,Düz,Standart Kol,Şık / gece,Hayır,Feminine,Sandy,Tüm Yaş Grupları,"97% Polyester, ,3% Elastan",,Straplez,Volanlı,Crop,Crop,,,,,
120,192674145,91755,4.5,,/trendyolmilla/ekru-balenli-baglamali-dokuma-bustiyer-tprss22bs0026-p-192674145/yorumlar,Fitted,Düz,Dokuma,Ekru,Kolsuz,Düz,Standart Kol,Şık / gece,Hayır,Fashion Forward,Finike,Tüm Yaş Grupları,"88% Polyester, ,12% Elastan",,Straplez,Birden Fazla Cut-Out,Crop,Crop,,Glam,,,Cut Out
121,805040255,8653,3.5,,/trendyolmilla/siyah-vucuda-oturan-dokuma-bustiyer-tprss24bs00034-p-805040255/yorumlar,Fitted,Düz,Dokuma,Siyah,Kolsuz,Düz,Standart Kol,Şık / gece,Hayır,Smart,Poliviskon,Tüm Yaş Grupları,"75% Polyester, ,6% Elastan, ,19% Viskoz",,Straplez,,,Regular,,,,,
122,788964879,7229,4.2,,/trendyolmilla/bridal-beyaz-parlak-tasli-korse-detayli-dokuma-bustiyer-tprss24bs00023-p-788964879/yorumlar,Fitted,Düz,Dokuma,Beyaz,Kolsuz,Düz,Standart Kol,Şık / gece,Hayır,Fashion Forward,Finike,Tüm Yaş Grupları,"88% Polyester, ,12% Elastan",,,Taş Baskı,,,,,,,
123,782434789,7845,4.6,,/trendyolmilla/lacivert-crop-pariltili-orme-bustiyer-tprss24bs00004-p-782434789/yorumlar,Fitted,Düz,Örme,Lacivert,Kolsuz,Düz,Standart Kol,Şık / gece,Hayır,Fashion Forward,Moonlight,Tüm Yaş Grupları,"58% Metalize İplik, ,42% Polyester",,Straplez,,Crop,Crop,,,,,
124,172431698,36502,4.5,,/trendyolmilla/yesil-geometrik-desenli-orme-bustiyer-tprss22bs0006-p-172431698/yorumlar,Slim,Geometrik,Örme,Yeşil,Askılı,Düz,Standart Kol,Party,Hayır,Fashion Forward,,Tüm Yaş Grupları,"96% Polyester, 4% Elastan",Polyester Karışımlı,Kalp Yaka,,Basic,Crop,,Glam,Tekli,,Ek Özellik Mevcut Değil
125,785729656,2494,4.1,,/trendyolmilla/mor-crop-firfirli-orme-bustiyer-tprss24bs00014-p-785729656/yorumlar,Fitted,Düz,Örme,Mor,Kolsuz,Düz,Standart Kol,Şık / gece,Hayır,Feminine,Sandy,Tüm Yaş Grupları,"97% Polyester, ,3% Elastan",,Straplez,Volanlı,Crop,Crop,,,,,
126,814346917,6233,2.7,,/trendyolmilla/pembe-crop-korse-detayli-dokuma-bustiyer-tprss24bs00006-p-814346917/yorumlar,Fitted,Düz,Dokuma,Pembe,Askılı,Düz,Standart Kol,Şık / gece,Hayır,Feminine,Finike,Tüm Yaş Grupları,"88% Polyester, ,12% Elastan",,Kalp Yaka,,Crop,Crop,,,,,
127,812841516,1475,4.4,,/edit-by-trendyol/siyah-straplez-cut-out-detayli-bustiyer-tedss24bs00000-p-812841516/yorumlar,,Düz,Denim,Siyah,Kolsuz,Düz,Standart Kol,,Hayır,Fashion Forward,Scuba Krep,Tüm Yaş Grupları,"95% Polyester, ,5% Elastan",,,,,,,,,,
128,776684455,5029,4.4,,/trendyolmilla/siyah-crop-kemerli-dokuma-bustiyer-tprss24bs00000-p-776684455/yorumlar,Fitted,Düz,Dokuma,Siyah,Kolsuz,Düz,Standart Kol,Şık / gece,,Fashion Forward,Finike,Tüm Yaş Grupları,"85% Polyester, ,15% Elastan",,Straplez,İnci/Trok/Taş/Kuş Gözü,Crop,Crop,,,,,
129,771067642,2938,4.3,,/trendyolmilla/siyah-kalp-yaka-dokuma-bustiyer-tprss23bs00125-p-771067642/yorumlar,Fitted,Düz,Dokuma,Siyah,Kolsuz,Düz,Standart Kol,Düğün/Nikah,Hayır,Fashion Forward,Finike,Tüm Yaş Grupları,"88% Polyester, ,12% Elastan",,Straplez,,Crop,Crop,,,,,
130,808842012,2166,4.3,,/trendyolmilla/siyah-pilise-fitted-vucuda-oturan-crop-esnek-orme-bustiyer-twoss24bs00015-p-808842012/yorumlar,Slim,Düz,Örme,Siyah,Kolsuz,Düz,Standart Kol,Gündüz / Gece,Hayır,Smart,Dokulu,Tüm Yaş Grupları,100% Polyester,Polyester,V Yaka,,Basic,Super Crop,,,,,Ek Özellik Mevcut Değil
131,380999298,18897,4.5,,/trendyolmilla/mavi-crop-pencere-cut-out-detayli-aksesuarli-orme-bustiyer-tprss23bs00044-p-380999298/yorumlar,Fitted,Düz,Örme,Mavi,Kolsuz,Düz,Standart Kol,Şık / gece,Hayır,Fashion Forward,Simli Örme,Tüm Yaş Grupları,"86% Poliamid, 14% Metal",,Bisiklet Yaka,Cut outlı,Crop,Crop,,,Tekli,,Cut Out
132,820135767,1099,,,,,Düz,Denim,Gri,Askılı,Düz,Standart Kol,,Hayır,Fashion Forward,Rigid,,"98% Pamuk, ,2% Elastan",,,,,,,,,,
133,220451878,27825,4.3,,/trendyolmilla/ekru-vucuda-oturan-astarli-puskullu-dokuma-bustiyer-tprss22bs0070-p-220451878/yorumlar,Fitted,Düz,Dokuma,Ekru,Kolsuz,Düz,Standart Kol,Şık / gece,Hayır,Fashion Forward,Finike,Tüm Yaş Grupları,"88% Polyester, ,12% Elastan",Polyester,Straplez,Volanlı,Basic,Standart,Kapsız,,Tekli,,
134,768951757,14573,4.1,,/trendyolmilla/bordo-crop-astarli-pariltili-orme-bustiyer-tprss23bs00011-p-768951757/yorumlar,Fitted,Düz,Örme,Bordo,Kolsuz,Düz,Standart Kol,Şık / gece,Hayır,Smart,Simli Örme,Tüm Yaş Grupları,"87% Poliamid, ,8% Metalize Elyaf, ,5% Elastan",,Asimetrik Yaka,Astarlı,Crop,Crop,,,,,
135,785184653,1823,1.0,,/trendyolmilla/beyaz-straplez-denim-bustiyer-twoss24bs00006-p-785184653/yorumlar,Straplez,Düz,Denim,Beyaz,Kolsuz,Düz,Standart Kol,Casual/Günlük,Hayır,Fashion Forward,Kaşkorse,Tüm Yaş Grupları,100% Pamuk,Pamuklu,Straplez,,,,,,,,
136,784352135,3750,4.3,,/trendyolmilla/antrasit-crop-metalik-gorunumlu-bustiyer-tprss24bs00012-p-784352135/yorumlar,Fitted,Düz,Dokuma,Gri,Kolsuz,Düz,Standart Kol,Şık / gece,Hayır,Fashion Forward,Metalik Kumaş,Tüm Yaş Grupları,"92% Polyester, ,8% Elastan",,Straplez,,Crop,Super Crop,,,,,
137,363082239,9577,4.4,,/trendyolmilla/siyah-crop-astarl-pariltili-orme-bustiyer-tprss23bs00011-p-363082239/yorumlar,Fitted,Düz,Örme,Siyah,Kolsuz,Düz,Standart Kol,Şık / gece,Hayır,Smart,Simli Örme,Tüm Yaş Grupları,"87% Poliamid, ,8% Metalize Elyaf, ,5% Elastan",,Asimetrik Yaka,Astarlı,Crop,Crop,,,,,
138,192674141,91925,4.6,,/trendyolmilla/siyah-balenli-baglamali-dokuma-bustiyer-tprss22bs0026-p-192674141/yorumlar,Fitted,Düz,Dokuma,Siyah,Kolsuz,Düz,Standart Kol,Şık / gece,Hayır,Fashion Forward,Finike,Tüm Yaş Grupları,"88% Polyester, ,12% Elastan",,Straplez,Birden Fazla Cut-Out,Crop,Crop,,Glam,,,Cut Out
139,831635575,782,,,,Fitted,Düz,Dokuma,Kırmızı,Kolsuz,Düz,Standart Kol,Şık / gece,Hayır,Fashion Forward,Finike,Tüm Yaş Grupları,"87% Polyester, ,13% Elastan",,Straplez,Astarlı,Basic,Crop,Kapsız,Glam,Tekli,,
140,635712061,9266,4.6,,/trendyolmilla/gri-crop-astarli-pariltili-orme-bustiyer-tprss23bs00011-p-635712061/yorumlar,Fitted,Düz,Örme,Gri,Kolsuz,Düz,Standart Kol,Şık / gece,Hayır,Smart,Simli Örme,Tüm Yaş Grupları,"87% Poliamid, ,8% Metalize Elyaf, ,5% Elastan",,Asimetrik Yaka,Astarlı,Crop,Crop,,,,,
141,220455241,24149,4.3,,/trendyolmilla/siyah-crop-astarli-dokuma-bustiyer-tprss22bs0069-p-220455241/yorumlar,Fitted,Düz,Dokuma,Siyah,Kolsuz,Düz,Standart Kol,Şık / gece,Hayır,Fashion Forward,Saten,Tüm Yaş Grupları,"95% Polyester, 5% Elastan",Polyester Karışımlı,Straplez,Astarlı,Basic,Crop,Kapsız,Glam,Tekli,,Saten
142,812841512,1438,2.7,,/edit-by-trendyol/mavi-straplez-cut-out-detayli-bustiyer-tedss24bs00000-p-812841512/yorumlar,,Düz,Denim,Mavi,Kolsuz,Düz,Standart Kol,,Hayır,Fashion Forward,Scuba Krep,Tüm Yaş Grupları,"95% Polyester, ,5% Elastan",,,,,,,,,,
143,370971485,59440,4.5,,/trendyolmilla/siyah-crop-astarli-biyeli-korse-detayli-orme-dantel-bustiyer-tprss23bs00032-p-370971485/yorumlar,Fitted,Düz,Örme,Siyah,Askılı,Düz,Standart Kol,Şık / gece,Hayır,Fashion Forward,Dantel,Tüm Yaş Grupları,100% Polyester,Polyester,Kare Yaka,Fiyonklu,Crop,Crop,,,Tekli,,
144,812831505,3663,3.6,,/trendyolmilla/lacivert-crop-astarli-korse-detayli-orme-bustiyer-tprss23bs00006-p-812831505/yorumlar,Fitted,Düz,Örme,Lacivert,Kolsuz,Düz,Standart Kol,Şık / gece,Hayır,Fashion Forward,Nancy,Tüm Yaş Grupları,"95% Polyester, ,5% Elastan",,Straplez,Astarlı,Crop,Crop,,,,,
145,812831521,2262,5.0,,/trendyolmilla/fusya-crop-astarli-korse-detayli-orme-bustiyer-tprss23bs00006-p-812831521/yorumlar,Fitted,Düz,Örme,Pembe,Kolsuz,Düz,Standart Kol,Şık / gece,Hayır,Fashion Forward,Nancy,Tüm Yaş Grupları,"95% Polyester, ,5% Elastan",,Straplez,Astarlı,Crop,Crop,,,,,
146,785184652,3098,4.4,,/trendyolmilla/mavi-straplez-denim-bustiyer-twoss24bs00006-p-785184652/yorumlar,Straplez,Düz,Denim,Mavi,Kolsuz,Düz,Standart Kol,Casual/Günlük,Hayır,Fashion Forward,Kaşkorse,Tüm Yaş Grupları,100% Pamuk,Pamuklu,Straplez,,,,,,,,
147,647413294,20272,4.5,,/trendyolmilla/acik-bej-crop-pariltili-orme-bustiyer-tprss23bs00011-p-647413294/yorumlar,Fitted,Düz,Örme,Lacivert,Kolsuz,Düz,Standart Kol,Şık / gece,Hayır,Smart,Simli Örme,Tüm Yaş Grupları,"87% Poliamid, ,8% Metalize Elyaf, ,5% Elastan",,Asimetrik Yaka,Astarlı,Crop,Crop,,,,,
148,775715728,4247,4.8,,/trendyolmilla/siyah-dugme-detayli-straplez-denim-bustiyer-twoss24bs00000-p-775715728/yorumlar,Fitted,Düz,Denim,Siyah,Askılı,Düz,Standart Kol,Casual/Günlük,Hayır,Fashion Forward,Comfort,Tüm Yaş Grupları,"99% Pamuk, ,1% Elastan",,Straplez,Düğme,,,,,,,
149,318856252,30698,4.6,,/trendyolmilla/siyah-crop-orme-bustiyer-tpraw23bs00054-p-318856252/yorumlar,Fitted,Düz,Örme,Siyah,Uzun,Düz,Tek Kol,Şık / gece,Hayır,Fashion Forward,Sandy,Tüm Yaş Grupları,"97% Polyester, ,3% Elastan",,Asimetrik Yaka,,Basic,Super Crop,Kapsız,Glam,Tekli,Gece,Ek Özellik Mevcut Değil
150,805039229,6791,3.3,,/trendyolmilla/pembe-crop-gul-detayli-dokuma-bustiyer-tprss24bs00032-p-805039229/yorumlar,Fitted,Düz,Dokuma,Pembe,Askılı,Düz,Standart Kol,Şık / gece,Hayır,Feminine,Finike,Tüm Yaş Grupları,"87% Polyester, ,13% Elastan",,Kalp Yaka,Gül Detay,Crop,Crop,,,,,
151,824716933,2459,3.7,,/trendyolmilla/beyaz-crop-astarli-korse-detayli-orme-bustiyer-tprss23bs00006-p-824716933/yorumlar,Fitted,Düz,Örme,Beyaz,Kolsuz,Düz,Standart Kol,Şık / gece,Hayır,Fashion Forward,Nancy,Tüm Yaş Grupları,"95% Polyester, ,5% Elastan",,Straplez,Astarlı,Crop,Crop,,,,,
152,812327027,6908,4.3,,/trendyolmilla/kirmizi-korse-detayli-cicek-aksesuarli-dokuma-bustiyer-tprss24bs00022-p-812327027/yorumlar,Fitted,Düz,Dokuma,Kırmızı,Askılı,Düz,Standart Kol,Şık / gece,Hayır,Fashion Forward,Finike,Tüm Yaş Grupları,"85% Polyester, ,15% Elastan",,,Gül Detay,,,,,,,
153,774666932,4425,4.3,,/trendyolmilla/mavi-dikis-detayli-straplez-denim-bustiyer-twoss24bs00003-p-774666932/yorumlar,Fitted,Düz,Denim,Mavi,Kolsuz,Düz,Standart Kol,Casual/Günlük,Hayır,Fashion Forward,Comfort,Tüm Yaş Grupları,"99% Pamuk, ,1% Elastan",,Straplez,,,,,,,,
154,365966539,18181,4.2,,/trendyolmilla/mavi-yesil-crop-biyeli-dokuma-bustiyer-tprss23bs00016-p-365966539/yorumlar,Fitted,Düz,Dokuma,Mavi,Askılı,Düz,Standart Kol,Şık / gece,Hayır,Smart,Finike,Tüm Yaş Grupları,"88% Polyester, 12% Elastan",,Kare Yaka,Biyeli,Crop,Crop,,,Tekli,,
155,639475521,41943,4.1,,/trendyolmilla/pembe-kalp-yaka-dokuma-bustiyer-tprss23bs00125-p-639475521/yorumlar,Fitted,Düz,Dokuma,Pembe,Kolsuz,Düz,Standart Kol,Düğün/Nikah,Hayır,Fashion Forward,Finike,Tüm Yaş Grupları,"88% Polyester, ,12% Elastan",,Straplez,,Crop,Crop,,,,,
156,808842008,3489,3.9,,/trendyolmilla/beyaz-pilise-fitted-vucuda-oturan-crop-esnek-orme-bustiyer-twoss24bs00015-p-808842008/yorumlar,Slim,Düz,Örme,Beyaz,Kolsuz,Düz,Standart Kol,Gündüz / Gece,Hayır,Smart,Dokulu,Tüm Yaş Grupları,100% Polyester,Polyester,V Yaka,,Basic,Super Crop,,,,,Ek Özellik Mevcut Değil
157,217462612,2181,3.6,,/trendyolmilla/fusya-crop-astarli-dokuma-bustiyer-tprss22bs0065-p-217462612/yorumlar,Fitted,Düz,Dokuma,Pembe,Kolsuz,Düz,Standart Kol,Şık / gece,Hayır,Fashion Forward,Finike,Tüm Yaş Grupları,"87% Polyester, ,13% Elastan",,Straplez,Astarlı,Basic,Crop,Kapsız,Glam,Tekli,,
158,774369524,12829,4.8,,/edit-by-trendyol/koyu-mavi-straplez-denim-bustiyer-twoaw24bs00014-p-774369524/yorumlar,Straplez,Düz,Denim,Mavi,Kolsuz,Düz,Standart Kol,Casual/Günlük,Hayır,Fashion Forward,Rigid,Tüm Yaş Grupları,"98% Pamuk, ,2% Elastan",,Straplez,,,,,,,,
159,639464652,13429,4.0,,/trendyolmilla/antrasit-crop-pariltili-orme-bustiyer-tprss23bs00124-p-639464652/yorumlar,Fitted,Düz,Örme,Gri,Kolsuz,Düz,Standart Kol,Şık / gece,Hayır,Fashion Forward,Simli Örme,Tüm Yaş Grupları,"92% Poliamid, ,5% Elastan, ,3% Metal",,Straplez,,Crop,Crop,,,Tekli,,
160,370971487,26875,4.4,,/trendyolmilla/ekru-crop-astarli-biyeli-korse-detayli-orme-dantel-bustiyer-tprss23bs00032-p-370971487/yorumlar,Fitted,Düz,Örme,Ekru,Askılı,Düz,Standart Kol,Şık / gece,Hayır,Fashion Forward,Dantel,Tüm Yaş Grupları,100% Polyester,Polyester,Kare Yaka,Fiyonklu,Crop,Crop,,,Tekli,,
161,769919436,9538,4.2,,/trendyolmilla/kirmizi-crop-korse-detayli-dokuma-bustiyer-tprss21bs0032-p-769919436/yorumlar,Fitted,Düz,Dokuma,Kırmızı,Kolsuz,Düz,Standart Kol,Şık / gece,Hayır,Smart,Finike,Tüm Yaş Grupları,"88% Polyester, ,12% Elastan",,Straplez,Astarlı,Crop,Crop,Kapsız,Glam,Tekli,Gece,Ek Özellik Mevcut Değil
162,380353312,36569,4.4,,/trendyolmilla/siyah-beyaz-crop-astarli-dokuma-bustiyer-tprss23bs00052-p-380353312/yorumlar,Fitted,Düz,Dokuma,Siyah,Kolsuz,Düz,Standart Kol,Şık / gece,Hayır,Fashion Forward,Finike,Tüm Yaş Grupları,"88% Polyester, 12% Elastan",,Straplez,Astarlı,Crop,Crop,,,Tekli,,
163,805040459,5413,3.8,,/trendyolmilla/kirmizi-kalp-formlu-puskullu-crop-bustiyer-tprss24bs00031-p-805040459/yorumlar,Fitted,Düz,Dokuma,Kırmızı,Kolsuz,Düz,Standart Kol,Şık / gece,Hayır,Fashion Forward,Finike,Tüm Yaş Grupları,"88% Polyester, ,12% Elastan",,Straplez,Püskül,Crop,Crop,,,,,
164,771058483,5168,4.3,,/trendyolmilla/gri-crop-astarli-biyeli-dokuma-bustiyer-tprss22bs0026-p-771058483/yorumlar,Fitted,Düz,Dokuma,Gri,Kolsuz,Düz,Standart Kol,Şık / gece,Hayır,Fashion Forward,Finike,Tüm Yaş Grupları,"88% Polyester, ,12% Elastan",,Straplez,Birden Fazla Cut-Out,Crop,Crop,,Glam,,,Cut Out
165,388339249,6231,3.8,,/trendyolmilla/siyah-crop-orme-dokulu-bustiyer-tprss23bs00082-p-388339249/yorumlar,Fitted,Düz,Örme,Siyah,Kolsuz,Düz,Standart Kol,Şık / gece,Hayır,Fashion Forward,Kaşkorse,Tüm Yaş Grupları,100% Polyester,Polyester,Straplez,Fiyonklu,Crop,Crop,,,Tekli,,
166,770035187,6547,4.3,,/trendyolmilla/ekru-carmen-yaka-balenli-korse-detayli-dokuma-bustiyer-tprss23bs00121-p-770035187/yorumlar,Fitted,Düz,Dokuma,Ekru,Kısa,Düz,Standart Kol,Şık / gece,Hayır,Feminine,Finike,Tüm Yaş Grupları,"88% Polyester, ,12% Elastan",,Carmen Yaka,Balen,Crop,Crop,,,,,
167,769917907,7459,4.1,,/trendyolmilla/saks-crop-astarli-korse-detayli-agrafli-orme-dantel-bustiyer-tpraw23bs00062-p-769917907/yorumlar,Fitted,Düz,Örme,Lacivert,Askılı,Düz,Standart Kol,Şık / gece,Hayır,Feminine,Dantel,Tüm Yaş Grupları,100% Polyester,Polyester,Kalp Yaka,Astarlı,Crop,Crop,Kapsız,Glam,Tekli,,
168,785138038,3125,2.6,,/trendyolmilla/siyah-crop-gipeli-dokuma-bustiyer-tprss24bs00013-p-785138038/yorumlar,Fitted,Düz,Dokuma,Siyah,Kolsuz,Düz,Standart Kol,Şık / gece,Hayır,Smart,Finike,Tüm Yaş Grupları,"90% Polyester, ,10% Elastan",,Straplez,,Crop,Super Crop,,,,,
169,776677764,3475,4.1,,/trendyolmilla/gri-crop-parlak-tasli-dokuma-bustiyer-tprss24bs00002-p-776677764/yorumlar,Fitted,Düz,Dokuma,Gri,Askılı,Düz,Standart Kol,Şık / gece,Hayır,Feminine,Finike,Tüm Yaş Grupları,"88% Polyester, ,12% Elastan",,V Yaka,Taş Baskı,Basic,Super Crop,,,,,
170,388340432,2574,4.1,,/trendyolmilla/cok-renkli-crop-orme-pencere-cut-out-detayli-hayvan-desenli-bustiyer-tprss23bs00081-p-388340432/yorumlar,Fitted,Hayvan Desenli,Örme,Çok Renkli,Kolsuz,Düz,Standart Kol,Şık / gece,Hayır,Fashion Forward,Jakar,Tüm Yaş Grupları,"99% Polyester, 1% Elastan",,Asimetrik Yaka,Cut outlı,Crop,Crop,,,Tekli,,Cut Out
171,834162748,322,,,,Fitted,Düz,Dokuma,Çok Renkli,Kolsuz,Düz,Standart Kol,Şık / gece,Hayır,Fashion Forward,Finike,Tüm Yaş Grupları,"87% Polyester, ,13% Elastan",,Straplez,Astarlı,Basic,Crop,Kapsız,Glam,Tekli,,
172,107201702,54756,4.5,,/trendyolmilla/siyah-crop-astarli-aksesuarli-dokuma-bustiyer-tprss21bs0039-p-107201702/yorumlar,Crop,Düz,Dokuma,Siyah,Askılı,Düz,Standart Kol,Şık / gece,Hayır,Fashion Forward,Finike,Tüm Yaş Grupları,"88% Polyester, ,12% Elastan",Polyester,Kare Yaka,Püskül,Basic,Crop,Kapsız,Glam,Tekli,,
173,751636180,11123,4.1,,/trendyolmilla/siyah-crop-parlak-tasli-dokuma-bustiyer-tpraw24bs00026-p-751636180/yorumlar,Fitted,Düz,Dokuma,Siyah,Kolsuz,Düz,Standart Kol,Şık / gece,Hayır,Fashion Forward,Finike,Tüm Yaş Grupları,"85% Polyester, ,15% Elastan",,Straplez,Taş Aksesuar,Crop,Super Crop,,,,,
174,785156330,10699,3.9,,/trendyolmilla/siyah-crop-orme-dantel-bustiyer-tprss24bs00017-p-785156330/yorumlar,Fitted,Düz,Örme,Siyah,Askılı,Düz,Standart Kol,Şık / gece,Hayır,Feminine,Dantel,Tüm Yaş Grupları,"94% Polyester, ,6% Elastan",,Kalp Yaka,,Crop,Crop,,,,,
175,380351757,3085,3.4,,/trendyolmilla/ekru-crop-astarli-orme-bustiyer-tprss23bs00050-p-380351757/yorumlar,Fitted,Düz,Örme,Ekru,Askılı,Düz,Standart Kol,Şık / gece,Hayır,Fashion Forward,Nancy,Tüm Yaş Grupları,"95% Polyester, 5% Elastan",,Kalp Yaka,Astarlı,Crop,Crop,,,Tekli,,
176,792480757,8959,4.2,,/trendyolmilla/bridal-beyaz-korse-detayli-dokuma-bustiyer-tprss24bs00011-p-792480757/yorumlar,Fitted,Düz,Dokuma,Beyaz,Kolsuz,Düz,Standart Kol,Şık / gece,Hayır,Fashion Forward,Poplin,Tüm Yaş Grupları,"77% Polyester, ,23% Pamuk",,,Fırfırlı,,,,,,,
177,782012870,4344,4.2,,/trendyolmilla/fusya-crop-astarli-otrisli-korse-detayli-dokuma-bustiyer-tprss22bs00018-p-782012870/yorumlar,Crop,Düz,Dokuma,Pembe,Kolsuz,Düz,Standart Kol,Şık / gece,Hayır,Fashion Forward,Finike,Tüm Yaş Grupları,100% Polyester,Polyester,Straplez,Otriş,Crop,Crop,Kapsız,Basic,Tekli,Gece,
178,76003034,71077,4.1,,/trendyolmilla/ekru-crop-astarli-dokuma-bustiyer-tprss21bs0008-p-76003034/yorumlar,Fitted,Düz,Dokuma,Ekru,Askılı,Düz,Standart Kol,Şık / gece,Hayır,Feminine,Finike,Tüm Yaş Grupları,"88% Polyester, 12% Elastan",Polyester,Kalp Yaka,Astarlı,Crop,Crop,Kapsız,,Tekli,Gece,
179,355487134,16815,2.9,,/trendyolmilla/kiremit-crop-astarli-orme-saten-bustiyer-tprss23bs00000-p-355487134/yorumlar,Fitted,Düz,Örme,Kahverengi,Askılı,Düz,Standart Kol,Şık / gece,Hayır,Smart,Saten,Tüm Yaş Grupları,100% Polyester,Polyester,Straplez,Astarlı,Crop,Crop,,,Tekli,,Ek Özellik Mevcut Değil
180,194273423,22797,4.3,,/trendyolmilla/saks-crop-dokuma-korse-detayli-bustiyer-tprss21bs0032-p-194273423/yorumlar,Fitted,Düz,Dokuma,Lacivert,Kolsuz,Düz,Standart Kol,Şık / gece,Hayır,Smart,Finike,Tüm Yaş Grupları,"88% Polyester, ,12% Elastan",,Straplez,Astarlı,Crop,Crop,Kapsız,Glam,Tekli,Gece,Ek Özellik Mevcut Değil
181,808016879,18456,4.0,,/trendyolmilla/x-zeynep-tosun-beyaz-orme-baglama-detayli-balenli-bustiyer-tclss24bs00003-p-808016879/yorumlar,,Düz,Örme,Beyaz,Askılı,Düz,Standart Kol,,Hayır,Fashion Forward,Scuba Krep,Tüm Yaş Grupları,"98% Polyester, ,2% Elastan",,,Balen,,,,,,,
182,641056692,80207,4.1,,/trendyolmilla/siyah-carmen-yaka-balenli-korse-detayli-dokuma-bustiyer-tprss23bs00121-p-641056692/yorumlar,Fitted,Düz,Dokuma,Siyah,Kısa,Düz,Standart Kol,Şık / gece,Hayır,Feminine,Finike,Tüm Yaş Grupları,"88% Polyester, ,12% Elastan",,Carmen Yaka,Balen,Crop,Crop,,,,,
