,ID,FAVORITE_COUNT,RATING_DETAIL,DELIVERY_DATE,PROFF_LINK,Kol Tipi,Kalıp,Kumaş Tipi,Renk,Yaka Tipi,Desen,Kol Boyu,Ürün Tipi,Astar Durumu,Dokuma Tipi,Ortam,Persona,Sürdürülebilirlik Detayı,Boy,Paça Tipi,Yaş,Materyal Bileşeni,Ürün Detayı,Kemer/Kuşak Durumu,Siluet,Materyal,Paket İçeriği,Koleksiyon,Ek Özellik,Kap,Cep,Kapama Şekli,Kordon Durumu
0,794358634,147930,4.5,,/trendyolmilla/kirmizi-baglama-detayli-mini-dokuma-sort-etek-tulum-twoss24tu00038-p-794358634/yorumlar,Standart Kol,Regular,Dokuma,Kırmızı,Dik Yaka,Düz,Kolsuz,Düz,Astarsız,Finike,Gündüz / Gece,Smart,Hayır,Kısa,Geniş Paça,Tüm Yaş Grupları,"88% Polyester, ,12% Elastan",,,,,,,,,,,
1,811525520,18455,4.5,,/trendyolmilla/saks-baglama-detayli-mini-dokuma-sort-etek-tulum-twoss24tu00038-p-811525520/yorumlar,Standart Kol,Regular,Dokuma,Mavi,Dik Yaka,Düz,Kolsuz,Düz,Astarsız,Finike,Gündüz / Gece,Smart,Hayır,Kısa,Geniş Paça,Tüm Yaş Grupları,"88% Polyester, ,12% Elastan",,,,,,,,,,,
2,368357799,41784,4.7,,/trendyolmilla/cicek-desenli-dokuma-cut-out-pencere-tulum-tbess23el00017-p-368357799/yorumlar,Büzgülü/Fırfırlı Kol,Regular,Dokuma,Çok Renkli,V Yaka,Çiçekli,Uzun,Düz,,Shally,Beachwear,Young,Hayır,Kısa,Geniş Paça,Tüm Yaş Grupları,100% Viskoz,Cut outlı,,,,,,,,,,
3,796069599,26708,4.1,,/trendyolmilla/camel-gomlek-yakali-cep-detayli-mini-gabardin-tulum-twoss24tu00036-p-796069599/yorumlar,Standart Kol,Regular,Dokuma,Kahverengi,Gömlek Yaka,Düz,Kısa,Düz,Astarsız,Poplin,Casual/Günlük,Cool & Comfort,Hayır,Kısa,Boru Paça,Tüm Yaş Grupları,"68% Polyester, ,32% Pamuk",Cep,,,,,,,,,,
4,383481014,61434,4.6,,/trendyolmilla/siyah-kemerli-kruvaze-yaka-mini-dokuma-tulum-twoss23tu00040-p-383481014/yorumlar,Standart Kol,Regular,Dokuma,Siyah,Kruvaze,Düz,Kolsuz,Düz,Astarsız,Finike,Gündüz / Gece,Smart,Hayır,Kısa,Boru Paça,Tüm Yaş Grupları,"88% Polyester, ,12% Elastan",Kemerli,Kemerli,Kruvaze,,,,,,,,
5,92951280,167240,4.5,,/trendyolmilla/haki-gomlek-yaka-kolsuz-gabardin-dokuma-tulum-twoss21tu0233-p-92951280/yorumlar,Standart Kol,Regular,Dokuma,Haki,Gömlek Yaka,Düz,Kolsuz,Düz,Astarsız,Gabardin,Casual/Günlük,Cool & Comfort,Hayır,Maxi,Geniş Paça,Tüm Yaş Grupları,100% Pamuk,,,,%100 Pamuk,,,,,,,
6,666789251,105657,4.3,,/trendyolmilla/siyah-genis-kalip-dokuma-muslin-100-pamuklu-tulum-tbess23tu00001-p-666789251/yorumlar,Standart Kol,Relaxed,Dokuma,Siyah,Hakim Yaka,Düz,Kısa,Düz,,Müslin,Beachwear,Cool & Comfort,Hayır,Kısa,Boru Paça,Tüm Yaş Grupları,100% Pamuk,,,Relaxed,%100 Pamuk,Tekli,,,,,,
7,796069598,34797,3.9,,/trendyolmilla/lacivert-cizgili-poliviskon-maxi-dokuma-tulum-twoss24tu00007-p-796069598/yorumlar,Standart Kol,Regular,Dokuma,Lacivert,Kare Yaka,Çizgili,Kolsuz,İpliği Boyalı,Astarsız,Poliviskon,Casual/Günlük,Cool & Comfort,Hayır,Maxi,Boru Paça,Tüm Yaş Grupları,"60% Polyester, ,37% Viskoz, ,3% Elastan",,,,,,,,,,,
8,781300673,33569,4.5,,/trendyolmilla/siyah-askili-volanli-sortlu-mini-tulum-twoss23tu00044-p-781300673/yorumlar,Standart Kol,Regular,Örme,Siyah,Kare Yaka,Puantiyeli,Askılı,Baskılı,,Polyester Kaşkorse,Casual/Günlük,Feminine,Hayır,Kısa,Dar Paça,Tüm Yaş Grupları,"96% Polyester, ,4% Elastan",,,,Örme,,,,,,,
9,4593208,135919,4.1,,/trendyolmilla/siyah-kusakli-dokuma-uzun-dokumlu-tulum-twoss19lj0158-p-4593208/yorumlar,Standart Kol,Regular,Dokuma,Siyah,Kruvaze,Düz,Kısa,Düz,Astarsız,Shally,Casual/Günlük,Cool & Comfort,Hayır,Uzun,Boru Paça,Tüm Yaş Grupları,100% Viskoz,Kuşaklı,Kuşaklı,Kruvaze,,,,,,,,
10,471512071,81955,4.5,,/trendyolmilla/siyah-straplez-renk-bloklu-mini-dokuma-sort-tulum-twoss23tu00131-p-471512071/yorumlar,Standart Kol,Slim,Dokuma,Siyah,Straplez,Düz,Kolsuz,Düz,Astarsız,Finike,Gündüz / Gece,Smart,Hayır,Kısa,Geniş Paça,Tüm Yaş Grupları,"88% Polyester, ,12% Elastan",,,,,,,,,,,
11,471500250,104666,4.4,,/trendyolmilla/lacivert-ceket-yakali-dugme-detayli-dokuma-tulum-twoss23tu00130-p-471500250/yorumlar,Standart Kol,Regular,Dokuma,Lacivert,Ceket Yaka,Düz,Kolsuz,Düz,Astarsız,Finike,Gündüz / Gece,Smart,Hayır,Uzun,Geniş Paça,Tüm Yaş Grupları,"88% Polyester, ,12% Elastan",Düğme,Kemerli,,,,,,,,,
12,448635146,128627,4.3,,/trendyolmilla/siyah-kusakli-maxi-sifon-astarli-dokuma-tulum-twoss23tu00093-p-448635146/yorumlar,Standart Kol,Regular,Dokuma,Siyah,Halter Yaka,Düz,Kolsuz,Düz,Astarlı,Şifon,Gündüz / Gece,Smart,Hayır,Uzun,Geniş Paça,Tüm Yaş Grupları,100% Polyester,Kuşaklı,,,Polyester,Tekli,,,,,,
13,102013663,128746,4.3,,/trendyolmilla/tas-gomlek-yaka-kolsuz-gabardin-dokuma-tulum-twoss21tu0233-p-102013663/yorumlar,Standart Kol,Regular,Dokuma,Gri,Gömlek Yaka,Düz,Kolsuz,Düz,Astarsız,Gabardin,Casual/Günlük,Cool & Comfort,Hayır,Maxi,Geniş Paça,Tüm Yaş Grupları,100% Pamuk,,,,%100 Pamuk,,,,,,,
14,815813739,5317,3.4,,/trendyolmilla/kiremit-gomlek-yakali-mini-tulum-twoss24tu00051-p-815813739/yorumlar,Standart Kol,Fitted,Dokuma,Kırmızı,Gömlek Yaka,Düz,Kısa,Düz,,Finike,Business,Office,Hayır,Kısa,Geniş Paça,Tüm Yaş Grupları,"88% Polyester, ,12% Elastan",,,,,,,,,,,
15,680100108,59025,4.2,,/trendyolmilla/camel-kargo-cepli-straplez-yaka-maxi-dokuma-tulum-twoss23tu00192-p-680100108/yorumlar,Standart Kol,Regular,Dokuma,Bej,Straplez,Düz,Kolsuz,Düz,Astarsız,Gabardin,Gündüz / Gece,Fashion Forward,Hayır,Uzun,Geniş Paça,Tüm Yaş Grupları,100% Pamuk,Cep,,,%100 Pamuk,Tekli,,,,,,
16,811525531,25837,4.6,,/trendyolmilla/siyah-baglama-detayli-mini-dokuma-sort-etek-tulum-twoss24tu00038-p-811525531/yorumlar,Standart Kol,Regular,Dokuma,Siyah,Dik Yaka,Düz,Kolsuz,Düz,Astarsız,Finike,Gündüz / Gece,Smart,Hayır,Kısa,Geniş Paça,Tüm Yaş Grupları,"88% Polyester, ,12% Elastan",,,,,,,,,,,
17,182741358,39046,4.5,,/trendyolmilla/siyah-gomlek-yaka-kolsuz-gabardin-dokuma-tulum-twoss21tu0233-p-182741358/yorumlar,Standart Kol,Regular,Dokuma,Siyah,Gömlek Yaka,Düz,Kolsuz,Düz,Astarsız,Gabardin,Casual/Günlük,Cool & Comfort,Hayır,Maxi,Geniş Paça,Tüm Yaş Grupları,100% Pamuk,,,,%100 Pamuk,,,,,,,
18,379039814,30047,4.5,,/trendyolmilla/yesil-genis-kalip-dokuma-muslin-100-pamuklu-tulum-tbess23tu00001-p-379039814/yorumlar,Standart Kol,Relaxed,Dokuma,Yeşil,Hakim Yaka,Düz,Kısa,Düz,,Müslin,Beachwear,Cool & Comfort,Hayır,Kısa,Boru Paça,Tüm Yaş Grupları,100% Pamuk,,,Relaxed,%100 Pamuk,Tekli,,,,,,
19,231952356,105466,4.5,,/trendyolmilla/tas-baglama-detayli-gabardin-super-mini-dokuma-tulum-twoss22tu00007-p-231952356/yorumlar,Standart Kol,Regular,Dokuma,Gri,Gömlek Yaka,Düz,Kısa,Düz,Astarsız,Gabardin,Casual/Günlük,Cool & Comfort,Hayır,Kısa,Boru Paça,Tüm Yaş Grupları,100% Pamuk,,Kuşaklı,,%100 Pamuk,Tekli,Petite,Ek Özellik Mevcut Değil,,,,
20,210025982,46932,4.3,,/trendyolmilla/tas-firfir-ve-dugme-detayli-uzun-dokuma-tulum-twoss22tu0253-p-210025982/yorumlar,Standart Kol,Regular,Dokuma,Beyaz,Hakim Yaka,Düz,Kolsuz,Düz,Astarsız,Gabardin,Casual/Günlük,Cool & Comfort,Hayır,Uzun,Boru Paça,Tüm Yaş Grupları,100% Pamuk,Fırfır,Kemersiz,,Gabardin,Tekli,,Ek Özellik Mevcut Değil,,,,
21,365848960,39728,4.5,,/trendyolmilla/turuncu-pencere-cut-out-detayli-dokuma-tulum-tprss22el1006-p-365848960/yorumlar,Standart Kol,Regular,Dokuma,Turuncu,Carmen Yaka,Düz,Kısa,Düz,,Finike,Şık / gece,Fashion Forward,Hayır,Kısa,Geniş Paça,Tüm Yaş Grupları,"88% Polyester, ,12% Elastan",Cut Out,,,,Tekli,Glam,Cut Out,,,,
22,389935770,36077,4.4,,/trendyolmilla/zumrut-yesili-kemerli-kruvaze-yaka-genis-paca-dokuma-tulum-twoss21tu0004-p-389935770/yorumlar,Standart Kol,Regular,Dokuma,Yeşil,Kruvaze,Düz,Kısa,Düz,Astarsız,Finike,Business,Office,Hayır,Uzun,Geniş Paça,Tüm Yaş Grupları,"96% Polyester, ,4% Elastan",Kemerli,Kemerli,Kruvaze,Polyester,,,,,,,
23,731610392,22416,4.3,,/trendyolmilla/siyah-kargo-cepli-straplez-yaka-maxi-dokuma-tulum-twoss23tu00192-p-731610392/yorumlar,Standart Kol,Regular,Dokuma,Siyah,Straplez,Düz,Kolsuz,Düz,Astarsız,Gabardin,Gündüz / Gece,Fashion Forward,Hayır,Uzun,Geniş Paça,Tüm Yaş Grupları,100% Pamuk,Cep,,,%100 Pamuk,Tekli,,,,,,
24,6375379,132556,4.6,,/trendyolmilla/siyah-dugme-detayli-kare-yaka-dokuma-tulum-twoss19lj0356-p-6375379/yorumlar,Standart Kol,Regular,Dokuma,Siyah,Kare Yaka,Düz,Uzun,Düz,Astarsız,Finike,Gündüz / Gece,Feminine,Hayır,Uzun,Dar Paça,Tüm Yaş Grupları,"88% Polyester, ,12% Elastan",Düğme,,Basic,Polyester,Tekli,,,,,,
25,791890604,24676,4.3,,/trendyolmilla/siyah-ekstra-toparlayici-ayarlanabilir-ip-askili-destekli-orme-spor-tulum-thmss24tu00005-p-791890604/yorumlar,İnce Askılı,Fitted,Örme,Siyah,Havuz Yaka,Düz,Askılı,Düz,,Dalgıç/Scuba,Sportswear,Cool & Comfort,Hayır,Uzun,Geniş Paça,Tüm Yaş Grupları,"82% Polyester, ,18% Elastan",,,,,,,,Kaplı,,,
26,34613954,90777,4.0,,/trendyolmilla/siyah-beyaz-renk-bloklu-kruvaze-yaka-baglama-detayli-dokuma-tulum-twoss20tu0019-p-34613954/yorumlar,Standart Kol,Fitted,Dokuma,Siyah,Kruvaze,Renk Bloklu,Kolsuz,Düz,Astarsız,Finike,Business,Smart,Hayır,Uzun,Boru Paça,Tüm Yaş Grupları,"96% Polyester, ,4% Elastan",Kemerli,Kemerli,Basic,Polyester,Tekli,,Ek Özellik Mevcut Değil,,,,
27,38493360,250191,4.4,,/trendyolmilla/mavi-kemerli-denim-tulum-twoss20tu0156-p-38493360/yorumlar,Standart Kol,Regular,Dokuma,Mavi,Ceket Yaka,Düz,Kısa,Düz,,Twill,Casual/Günlük,Fashion Forward,Hayır,Uzun,Boru Paça,21 - 40 Yaş,100% Pamuk,Kemerli,Kemerli,,%100 Pamuk,Tekli,,Ek Özellik Mevcut Değil,,Çift cepli,,
28,765382940,25053,4.7,,/trendyolmilla/siyah-kusakli-dokuma-tulum-tbess23tu00010-p-765382940/yorumlar,Standart Kol,Relaxed,Dokuma,Siyah,V Yaka,Düz,Askılı,Düz,,Bürümcük,Beachwear,Young,Hayır,Uzun,Geniş Paça,Tüm Yaş Grupları,"99% Polyester, ,1% Elastan",,Kuşaklı,Relaxed,,,,,,,,
29,435694421,12109,4.1,,/trendyolmilla/siyah-kemerli-gomlek-yaka-maxi-dokuma-tulum-twoss23tu00079-p-435694421/yorumlar,Standart Kol,Regular,Dokuma,Siyah,V Yaka,Düz,Kolsuz,Düz,Astarsız,Finike,Gündüz / Gece,Smart,Hayır,Uzun,Geniş Paça,Tüm Yaş Grupları,"95% Polyester, ,5% Elastan",Kemerli,Kemerli,,,Tekli,,,,,,
30,813601809,2171,4.2,,/trendyolmilla/kahverengi-straplez-renk-bloklu-mini-dokuma-sort-tulum-twoss23tu00131-p-813601809/yorumlar,Standart Kol,Slim,Dokuma,Kahverengi,Straplez,Düz,Kolsuz,Düz,Astarsız,Finike,Gündüz / Gece,Smart,Hayır,Kısa,Geniş Paça,Tüm Yaş Grupları,"88% Polyester, ,12% Elastan",,,,,,,,,,,
31,94544732,161903,4.5,,/trendyolmilla/ekru-kemerli-gomlek-yaka-gabardin-mini-dokuma-tulum-twoss21tu0238-p-94544732/yorumlar,Balon Kol,Regular,Dokuma,Ekru,Gömlek Yaka,Düz,Kısa,Düz,Astarsız,Poplin,Casual/Günlük,Cool & Comfort,Hayır,Kısa,Boru Paça,Tüm Yaş Grupları,"70% Polyester, ,30% Pamuk",Kemerli,Kemerli,,Pamuk Polyester,Tekli,,,,,,
32,824958034,18444,4.2,,/trendyolmilla/etnik-desenli-dokuma-cut-out-pencere-tulum-tbess23el00017-p-824958034/yorumlar,Büzgülü/Fırfırlı Kol,Regular,Dokuma,Çok Renkli,V Yaka,Çiçekli,Uzun,Düz,,Shally,Beachwear,Young,Hayır,Kısa,Geniş Paça,Tüm Yaş Grupları,100% Viskoz,Cut Out,,,,,,,,,,
33,169597214,104657,4.4,,/trendyolmilla/siyah-beli-lastikli-genis-paca-mini-dokuma-tulum-twoss22tu0014-p-169597214/yorumlar,Standart Kol,Regular,Dokuma,Siyah,Gömlek Yaka,Düz,Kısa,Düz,Astarsız,Terrycotton,Casual/Günlük,Cool & Comfort,Hayır,Kısa,Geniş Paça,Tüm Yaş Grupları,"56% Pamuk, ,44% Polyester",Paça,,,,Tekli,,Beli lastikli,,,,
34,35727319,59853,4.4,,/trendyolmilla/lacivert-kusakli-gomlek-yakali-dugmeli-boru-paca-dokuma-tulum-twoss20tu0055-p-35727319/yorumlar,Standart Kol,Regular,Dokuma,Lacivert,Gömlek Yaka,Düz,Kısa,Düz,,Finike,Business,Office,Hayır,Uzun,Boru Paça,Tüm Yaş Grupları,"86% Polyester, ,14% Elastan",Kuşaklı,,Basic,Polyester Karışımlı,Tekli,,Ek Özellik Mevcut Değil,,,Düğmeli,
35,796054889,51925,3.0,,/trendyolmilla/bej-straplez-yaka-keten-gorunumlu-maxi-dokuma-tulum-twoss24tu00041-p-796054889/yorumlar,Standart Kol,Regular,Dokuma,Bej,Straplez,Düz,Kolsuz,Düz,Astarsız,Keten görünümlü,Gündüz / Gece,Smart,Hayır,Uzun,Boru Paça,Tüm Yaş Grupları,100% Pamuk,,,,%100 Pamuk,,,,,,,
36,696836382,19847,4.7,,/trendyolmilla/beyaz-puantiyeli-askili-volanli-sortlu-mini-orme-tulum-twoss23tu00044-p-696836382/yorumlar,Standart Kol,Regular,Örme,Beyaz,Kare Yaka,Puantiyeli,Askılı,Baskılı,,Polyester Kaşkorse,Casual/Günlük,Feminine,Hayır,Kısa,Dar Paça,Tüm Yaş Grupları,"96% Polyester, ,4% Elastan",,,,Örme,,,,,,,
37,449488647,48380,4.6,,/trendyolmilla/turuncu-mini-sort-etekli-kemer-detayli-dokuma-tulum-twoss23tu00085-p-449488647/yorumlar,Standart Kol,Regular,Dokuma,Turuncu,Bisiklet Yaka,Düz,Kolsuz,Düz,Astarsız,Finike,Gündüz / Gece,Smart,Hayır,Kısa,Geniş Paça,Tüm Yaş Grupları,"88% Polyester, ,12% Elastan",Kemerli,,,,,,,,,,
38,765380598,14186,4.5,,/trendyolmilla/fusya-genis-kalip-dokuma-muslin-100-pamuklu-tulum-tbess23tu00001-p-765380598/yorumlar,Standart Kol,Relaxed,Dokuma,Pembe,Hakim Yaka,Düz,Kısa,Düz,,Müslin,Beachwear,Cool & Comfort,Hayır,Kısa,Boru Paça,Tüm Yaş Grupları,100% Pamuk,,,Relaxed,%100 Pamuk,Tekli,,,,,,
39,774244248,8420,4.5,,/trendyolmilla/pembe-puantiyeli-ip-askili-viskon-dokuma-tulum-thmss21tu0140-p-774244248/yorumlar,Standart Kol,Regular,Dokuma,Pembe,V Yaka,Puantiyeli,Askılı,Baskılı,,Vual,Lounge/Home,Cool & Comfort,Hayır,Kısa,Boru Paça,Tüm Yaş Grupları,100% Viskoz,,,,Viskon,,,,,,,
40,190193336,238323,4.5,,/trendyolmilla/siyah-astarli-dokuma-tulum-tprss22tu0070-p-190193336/yorumlar,Düşük Kol,Regular,Dokuma,Siyah,Carmen Yaka,Düz,Kısa,İpliği Boyalı,,Finike,Şık / gece,Feminine,Hayır,Regular,Geniş Paça,Tüm Yaş Grupları,"88% Polyester, ,12% Elastan",Astarlı,,,,,,,,,,
41,386852534,46231,4.4,,/trendyolmilla/siyah-v-yaka-kusakli-orme-tulum-tprss23tu00029-p-386852534/yorumlar,Standart Kol,Regular,Örme,Siyah,Kruvaze,Düz,Kolsuz,Düz,,Sandy,Şık / gece,Feminine,Hayır,Regular,Geniş Paça,Tüm Yaş Grupları,"96% Polyester, ,4% Elastan",Vatkalı,,Kruvaze,Örme,Tekli,,,,,,
42,378495347,60949,4.3,,/trendyolmilla/ekru-dokuma-sirt-dekolteli-tulum-tbess23tu00010-p-378495347/yorumlar,Standart Kol,Relaxed,Dokuma,Ekru,V Yaka,Düz,Askılı,Düz,,Bürümcük,Beachwear,Young,Hayır,Uzun,Geniş Paça,Tüm Yaş Grupları,"99% Polyester, ,1% Elastan",,Kuşaklı,Relaxed,,,,,,,,
43,379975682,41460,4.6,,/trendyolmilla/cok-renkli-baskili-askili-volanli-sortlu-mini-orme-tulum-twoss23tu00044-p-379975682/yorumlar,Standart Kol,Regular,Örme,Çok Renkli,Kare Yaka,Puantiyeli,Askılı,Baskılı,,Polyester Kaşkorse,Casual/Günlük,Feminine,Hayır,Kısa,Dar Paça,Tüm Yaş Grupları,"96% Polyester, ,4% Elastan",,,,Örme,,,,,,,
44,661423259,25134,4.6,,/trendyolmilla/siyah-toparlayici-belde-reflektor-baski-detayli-orme-spor-tulum-thmss23tu00020-p-661423259/yorumlar,Kalın Askılı,Regular,Örme,Siyah,Bisiklet Yaka,Düz,Askılı,Düz,,Dalgıç/Scuba,Sportswear,Cool & Comfort,Hayır,Kısa,Dar Paça,Tüm Yaş Grupları,"92% Polyester, ,8% Elastan",,,,,Tekli,,Ek Özellik Mevcut Değil,,,,
45,81681614,126117,4.7,,/trendyolmilla/siyah-dokuma-tulum-tprss21tu0115-p-81681614/yorumlar,Standart Kol,Regular,Dokuma,Siyah,Kare Yaka,Düz,Askılı,Düz,Astarlı,Finike,Şık / gece,Smart,Hayır,Regular,Geniş Paça,Tüm Yaş Grupları,"87% Polyester, ,13% Elastan",Astarlı,,Basic,Polyester Karışımlı,Tekli,Glam,,,,,
46,81611532,136883,4.5,,/trendyolmilla/siyah-kemerli-kruvaze-yaka-genis-paca-dokuma-tulum-twoss21tu0004-p-81611532/yorumlar,Standart Kol,Regular,Dokuma,Siyah,Kruvaze,Düz,Kısa,Düz,Astarsız,Finike,Business,Office,Hayır,Uzun,Geniş Paça,Tüm Yaş Grupları,"96% Polyester, ,4% Elastan",Kemerli,Kemerli,Kruvaze,Polyester,,,,,,,
47,189500975,49280,4.6,,/trendyolmilla/siyah-pencere-cut-out-detayli-dokuma-tulum-tprss22el1006-p-189500975/yorumlar,Standart Kol,Regular,Dokuma,Siyah,Carmen Yaka,Düz,Kısa,Düz,,Finike,Şık / gece,Fashion Forward,Hayır,Kısa,Geniş Paça,Tüm Yaş Grupları,"88% Polyester, ,12% Elastan",Cut Out,,,,Tekli,Glam,Cut Out,,,,
48,813745157,6447,4.3,,/trendyolmilla/siyah-fiyonk-detayli-dokuma-tulum-tprss24tu00011-p-813745157/yorumlar,Standart Kol,Fitted,Dokuma,Siyah,Kayık Yaka,Düz,Kolsuz,Düz,,Finike,Şık / gece,Feminine,Hayır,Regular,Dar Paça,Tüm Yaş Grupları,"88% Polyester, ,12% Elastan",Fiyonk,,,,,,,,,,
49,823705149,3417,5.0,,/trendyolmilla/tas-askili-maxi-dokuma-tulum-twoss24tu00062-p-823705149/yorumlar,Askılı,Regular,Dokuma,Bej,Kare Yaka,Çizgili,Askılı,Düz,,Poliviskon,Gündüz / Gece,Feminine,Hayır,Maxi,Geniş Paça,,100% Polyester,,,,,,,,,,,
50,186649823,44325,4.4,,/trendyolmilla/siyah-jile-form-keten-gorunumlu-bol-paca-dokuma-tulum-twoss21tu0090-p-186649823/yorumlar,Standart Kol,Relaxed,Dokuma,Siyah,Kare Yaka,Düz,Askılı,Düz,Astarsız,Keten görünümlü,Casual/Günlük,Cool & Comfort,Hayır,Uzun,Geniş Paça,Tüm Yaş Grupları,"90% Viskoz, ,10% Poliamid",Paça,,Relaxed,Polyester,,,,,,,
51,799993737,12444,4.5,,/trendyolmilla/kahverengi-dokuma-baglamali-tulum-tbess23tu00010-p-799993737/yorumlar,Standart Kol,Relaxed,Dokuma,Kahverengi,V Yaka,Düz,Askılı,Düz,,Bürümcük,Beachwear,Young,Hayır,Uzun,Geniş Paça,Tüm Yaş Grupları,"99% Polyester, ,1% Elastan",,Kuşaklı,Relaxed,,,,,,,,
52,6541966,218771,4.5,,/trendyolmilla/tas-kemerli-kurvaze-yaka-mini-dokuma-tulum-twoss19wx0112-p-6541966/yorumlar,Standart Kol,Regular,Dokuma,Gri,Kruvaze,Düz,Kısa,Düz,Astarsız,Finike,Business,Office,Hayır,Kısa,Geniş Paça,Tüm Yaş Grupları,"88% Polyester, ,12% Elastan",Kemerli,Kemerli,Kruvaze,Polyester,,,,,,,
53,686428104,22811,4.3,,/trendyolmilla/petrol-kusakli-maxi-sifon-astarli-dokuma-tulum-twoss23tu00093-p-686428104/yorumlar,Standart Kol,Regular,Dokuma,Mavi,Halter Yaka,Düz,Kolsuz,Düz,Astarlı,Şifon,Gündüz / Gece,Smart,Hayır,Uzun,Geniş Paça,Tüm Yaş Grupları,100% Polyester,Kuşaklı,,,Polyester,Tekli,,,,,,
54,810129590,3557,4.6,,/trendyolmilla/kirmizi-kemerli-kruvaze-yaka-genis-paca-dokuma-tulum-twoss21tu0004-p-810129590/yorumlar,Standart Kol,Regular,Dokuma,Kırmızı,Kruvaze,Düz,Kısa,Düz,Astarsız,Finike,Business,Office,Hayır,Uzun,Geniş Paça,Tüm Yaş Grupları,"96% Polyester, ,4% Elastan",Kemerli,Kemerli,Kruvaze,Polyester,,,,,,,
55,829251137,5954,4.3,,/trendyolmilla/koyu-mavi-kusakli-denim-tulum-twoaw25tu00000-p-829251137/yorumlar,Standart Kol,Relaxed,Denim,Lacivert,Gömlek Yaka,Düz,Kısa,,,Rigid,Casual/Günlük,Fashion Forward,,Uzun,Geniş Paça,,100% Pamuk,,,,,,,,,,,
56,465410947,26317,4.0,,/trendyolmilla/siyah-kusakli-citcit-detayli-genis-paca-maxi-dokuma-tulum-twoss23tu00115-p-465410947/yorumlar,Standart Kol,Regular,Dokuma,Siyah,Bisiklet Yaka,Düz,Askılı,Düz,,Aerobin,Casual/Günlük,Smart,Hayır,Regular,Boru Paça,Tüm Yaş Grupları,100% Polyester,,Kuşaklı,,Polyester,Tekli,,,,,,
57,791362612,4443,4.8,,/trendyolmilla/siyah-kemerli-kruvaze-yaka-kolsuz-maxi-dokuma-tulum-twoss24tu00029-p-791362612/yorumlar,Standart Kol,Regular,Dokuma,Siyah,Bisiklet Yaka,Düz,Kısa,Düz,Astarsız,Aerobin,Casual/Günlük,Cool & Comfort,Hayır,Uzun,Geniş Paça,Tüm Yaş Grupları,100% Polyester,Kemerli,Kemerli,,Polyester,,,,,,,
58,799993107,4361,4.5,,/trendyolmilla/kiremit-kusakli-dokuma-muslin-tulum-tbess24tu00003-p-799993107/yorumlar,Düşük Kol,Relaxed,Dokuma,Bordo,Gömlek Yaka,Düz,Kısa,Düz,,Müslin,Beachwear,Cool & Comfort,,Kısa,Geniş Paça,,100% Pamuk,,Kuşaklı,,,,,,,,,
59,374681198,,,,,Standart Kol,Regular,Dokuma,Kahverengi,Kare Yaka,Düz,Uzun,Düz,Astarsız,Finike,Gündüz / Gece,Feminine,Hayır,Uzun,Dar Paça,Tüm Yaş Grupları,"88% Polyester, ,12% Elastan",Düğme,,Basic,Polyester,Tekli,,,,,,
60,776701785,7237,4.7,,/trendyolmilla/siyah-kemerli-gomlek-yaka-gabardin-mini-dokuma-tulum-twoss21tu0238-p-776701785/yorumlar,Balon Kol,Regular,Dokuma,Siyah,Gömlek Yaka,Düz,Kısa,Düz,Astarsız,Poplin,Casual/Günlük,Cool & Comfort,Hayır,Kısa,Boru Paça,Tüm Yaş Grupları,"70% Polyester, ,30% Pamuk",Kemerli,Kemerli,,Pamuk Polyester,Tekli,,,,,,
61,90972963,17809,4.3,,/trendyolmilla/haki-kruvaze-yaka-genis-paca-dokuma-tulum-twoss20tu0100-p-90972963/yorumlar,Mendil Kol,Relaxed,Dokuma,Haki,Kruvaze,Düz,Kısa,Düz,Astarsız,Aerobin,Casual/Günlük,Cool & Comfort,Hayır,Uzun,Geniş Paça,Tüm Yaş Grupları,100% Polyester,,,Basic,Polyester,Tekli,,,,,,
62,814766122,8102,4.1,,/trendyolmilla/siyah-ceket-yaka-dugme-kapamali-mini-tulum-twoss24tu00050-p-814766122/yorumlar,Standart Kol,Regular,Dokuma,Siyah,Ceket Yaka,Düz,Kolsuz,Düz,,Finike,Business,Office,Hayır,Kısa,Geniş Paça,Tüm Yaş Grupları,"88% Polyester, ,12% Elastan",Düğme,,,,,,,,,,
63,261909318,42013,4.5,,/trendyolmilla/tas-kemerli-kruvaze-yaka-genis-paca-dokuma-tulum-twoss21tu0004-p-261909318/yorumlar,Standart Kol,Regular,Dokuma,Gri,Kruvaze,Düz,Kısa,Düz,Astarsız,Finike,Business,Office,Hayır,Uzun,Geniş Paça,Tüm Yaş Grupları,"96% Polyester, ,4% Elastan",Kemerli,Kemerli,Kruvaze,Polyester,,,,,,,
64,779031131,16982,4.4,,/trendyolmilla/siyah-cep-detayli-maxi-dokuma-tulum-twoss24tu00013-p-779031131/yorumlar,Reglan Kol,Regular,Dokuma,Siyah,Halter Yaka,Düz,Kolsuz,Düz,Astarsız,Finike,Business,Smart,,Uzun,Geniş Paça,Tüm Yaş Grupları,"88% Polyester, ,12% Elastan",Cep,,,,,,,,,,
65,789861647,15672,4.3,,/trendyolmilla/gri-waffle-dugme-detayli-gomlek-yaka-orme-tulum-thmss24tu00003-p-789861647/yorumlar,Standart Kol,Relaxed,Örme,Gri,Gömlek Yaka,Solid,Kısa,Düz,,Waffle,Lounge/Home,Cool & Comfort,Hayır,Kısa,Boru Paça,Tüm Yaş Grupları,"73% Polyester, ,4% Viskoz, ,23% Pamuk",Düğme,,Relaxed,,,,,,,,
66,776646379,23035,4.1,,/trendyolmilla/lacivert-pacasi-dugme-detayli-maxi-dokuma-tulum-twoss24tu00003-p-776646379/yorumlar,Standart Kol,Regular,Dokuma,Lacivert,Gömlek Yaka,Düz,Kısa,Düz,Astarsız,Gabardin,Casual/Günlük,Cool & Comfort,Hayır,Uzun,Boru Paça,Tüm Yaş Grupları,100% Pamuk,Düğme,,,%100 Pamuk,,,,,,,
67,449489185,21215,4.5,,/trendyolmilla/siyah-mini-sort-etekli-kemer-detayli-dokuma-tulum-twoss23tu00085-p-449489185/yorumlar,Standart Kol,Regular,Dokuma,Siyah,Bisiklet Yaka,Düz,Kolsuz,Düz,Astarsız,Finike,Gündüz / Gece,Smart,Hayır,Kısa,Geniş Paça,Tüm Yaş Grupları,"88% Polyester, ,12% Elastan",Kemerli,,,,,,,,,,
68,189740589,10477,4.4,,/trendyolmilla/siyah-kusakli-firfir-detayli-boru-paca-dokuma-tulum-twoss21tu0079-p-189740589/yorumlar,Büzgülü/Fırfırlı Kol,Regular,Dokuma,Siyah,V Yaka,Düz,Kolsuz,Düz,,Aerobin,Casual/Günlük,Cool & Comfort,Hayır,Uzun,Boru Paça,Tüm Yaş Grupları,100% Polyester,Kuşaklı,,Basic,Polyester,Tekli,,,,,,
69,37933820,119409,4.6,,/trendyolmilla/haki-beli-lastikli-denim-sort-tulum-twoss20tu0122-p-37933820/yorumlar,Standart Kol,Regular,Denim,Haki,Ceket Yaka,Düz,Kısa,Düz,,Twill,Casual/Günlük,Cool & Comfort,Hayır,Kısa,Geniş Paça,Tüm Yaş Grupları,100% Pamuk,Lastikli Bel,,Basic,Denim,Tekli,,Beli lastikli,,,,
70,813594066,1815,4.1,,/trendyolmilla/bordo-kolsuz-degaje-yaka-maxi-dokuma-tulum-twoss24tu00054-p-813594066/yorumlar,Standart Kol,Regular,Dokuma,Bordo,Dik Yaka,Düz,Kolsuz,Düz,,Finike,Business,Office,Hayır,Uzun,Geniş Paça,Tüm Yaş Grupları,"88% Polyester, ,12% Elastan",,,,,,,,,,,
71,823616308,2971,4.2,,/trendyolmilla/mavi-genis-kalip-dokuma-muslin-100-pamuklu-tulum-tbess23tu00001-p-823616308/yorumlar,Standart Kol,Relaxed,Dokuma,Mavi,Hakim Yaka,Düz,Kısa,Düz,,Müslin,Beachwear,Cool & Comfort,Hayır,Kısa,Boru Paça,Tüm Yaş Grupları,100% Pamuk,,,Relaxed,%100 Pamuk,Tekli,,,,,,
72,458316195,16840,4.2,,/trendyolmilla/siyah-aski-detayli-mini-dokuma-tulum-twoss23tu00103-p-458316195/yorumlar,Standart Kol,Relaxed,Dokuma,Siyah,Kare Yaka,Düz,Askılı,Düz,Astarsız,Finike,Gündüz / Gece,Smart,Hayır,Kısa,Boru Paça,Tüm Yaş Grupları,"87% Polyester, ,13% Elastan",,,Relaxed,,,,Ek Özellik Mevcut Değil,,,,
73,812048672,3560,4.8,,/trendyolmilla/yesil-cicek-desenli-cut-out-detayli-mini-astarli-sifon-dokuma-tulum-twoss23tu00113-p-812048672/yorumlar,Balon Kol,Regular,Dokuma,Yeşil,V Yaka,Çiçekli,Truvakar Kol,Baskılı,Astarlı,Şifon,Gündüz / Gece,Feminine,Hayır,Kısa,Geniş Paça,Tüm Yaş Grupları,100% Viskoz,Cut outlı,,,,,,Cut Out,,,,
74,379039817,83298,4.0,,/trendyolmilla/bridal-ekru-genis-kalip-dokuma-muslin-100-pamuklu-tulum-tbess23tu00001-p-379039817/yorumlar,Standart Kol,Relaxed,Dokuma,Ekru,Hakim Yaka,Düz,Kısa,Düz,,Müslin,Beachwear,Cool & Comfort,Hayır,Kısa,Boru Paça,Tüm Yaş Grupları,100% Pamuk,,,Relaxed,%100 Pamuk,Tekli,,,,,,
75,824536231,937,5.0,,/trendyolmilla/kahverengi-baglama-detayli-kruvaze-yaka-boru-paca-dokuma-tulum-twoss21tu0112-p-824536231/yorumlar,Standart Kol,Regular,Dokuma,Kahverengi,Kruvaze,Düz,Kısa,Düz,,Aerobin,Casual/Günlük,Cool & Comfort,Hayır,Uzun,Boru Paça,Tüm Yaş Grupları,100% Polyester,Kuşaklı,,Kruvaze,Polyester,,,,,,,
76,393248542,42675,4.7,,/trendyolmilla/yesil-kareli-pencere-detayli-askili-mini-dokuma-tulum-twoss22tu0277-p-393248542/yorumlar,Standart Kol,Regular,Dokuma,Yeşil,Kalp Yaka,Ekose / Kareli,Askılı,İpliği Boyalı,Astarsız,Gofre,Casual/Günlük,Cool & Comfort,Hayır,Kısa,Boru Paça,Tüm Yaş Grupları,"71% Polyester, 26% Pamuk, 3% Viskoz",Cut outlı,,,,,,,,,,
77,822519248,6150,4.1,,/trendyolmilla/kahverengi-gomlek-yaka-maxi-dokuma-tulum-twoss21tu0233-p-822519248/yorumlar,Standart Kol,Regular,Dokuma,Kahverengi,Gömlek Yaka,Düz,Kolsuz,Düz,Astarsız,Gabardin,Casual/Günlük,Cool & Comfort,Hayır,Maxi,Geniş Paça,Tüm Yaş Grupları,100% Pamuk,,,,%100 Pamuk,,,,,,,
78,806534229,11895,4.6,,/trendyolmilla/siyah-fiyonk-detayli-tek-kol-dokuma-tulum-tprss24tu00010-p-806534229/yorumlar,Tek Kol,Fitted,Dokuma,Siyah,Asimetrik Yaka,Düz,Kolsuz,Düz,,Finike,Şık / gece,Feminine,Hayır,Regular,Geniş Paça,Tüm Yaş Grupları,"88% Polyester, ,12% Elastan",Fiyonk,,,,,,,,,,
79,220052669,50993,4.5,,/trendyolmilla/pembe-kareli-pencere-detayli-askili-mini-dokuma-tulum-twoss22tu0277-p-220052669/yorumlar,Standart Kol,Regular,Dokuma,Pembe,Kalp Yaka,Ekose / Kareli,Askılı,İpliği Boyalı,Astarsız,Gofre,Casual/Günlük,Cool & Comfort,Hayır,Kısa,Boru Paça,Tüm Yaş Grupları,"71% Polyester, 26% Pamuk, 3% Viskoz",Cut outlı,,,,,,,,,,
80,193267973,44161,4.6,,/trendyolmilla/soyut-desenli-dokuma-baglamali-tulum-tbess22au0113-p-193267973/yorumlar,Standart Kol,Regular,Dokuma,Turuncu,V Yaka,Soyut,Uzun,Düz,,Shally,Beachwear,Feminine,Hayır,Kısa,Geniş Paça,Tüm Yaş Grupları,100% Viskoz,,,,,Tekli,,,,,,
81,824664021,4520,4.4,,/trendyolmilla/gri-cizgili-poliviskon-maxi-dokuma-tulum-twoss24tu00007-p-824664021/yorumlar,Standart Kol,Regular,Dokuma,Gri,Kare Yaka,Çizgili,Kolsuz,İpliği Boyalı,Astarsız,Poliviskon,Casual/Günlük,Cool & Comfort,Hayır,Maxi,Boru Paça,Tüm Yaş Grupları,"60% Polyester, ,37% Viskoz, ,3% Elastan",,,,,,,,,,,
82,378495291,19730,4.4,,/trendyolmilla/yag-yesil-dokuma-sirt-dekolteli-tulum-tbess23tu00010-p-378495291/yorumlar,Standart Kol,Relaxed,Dokuma,Yeşil,V Yaka,Düz,Askılı,Düz,,Bürümcük,Beachwear,Young,Hayır,Uzun,Geniş Paça,Tüm Yaş Grupları,"99% Polyester, ,1% Elastan",,Kuşaklı,Relaxed,,,,,,,,
83,810330932,3044,4.8,,/trendyolmilla/siyah-puantiye-desenli-viskon-maxi-dokuma-tulum-twoss24tu00048-p-810330932/yorumlar,Standart Kol,Regular,Dokuma,Siyah,Bisiklet Yaka,Puantiyeli,Kısa,Düz,,Shally,Casual/Günlük,Cool & Comfort,Hayır,Uzun,Geniş Paça,Tüm Yaş Grupları,100% Viskoz,,,,,,,,,,,
84,794659149,7075,4.1,,/trendyolmilla/mor-cicek-desenli-volan-detayli-viskon-maxi-dokuma-tulum-twoss24tu00037-p-794659149/yorumlar,Standart Kol,Regular,Dokuma,Mor,V Yaka,Çiçekli,Kolsuz,Baskılı,Astarsız,Shally,Casual/Günlük,Cool & Comfort,Hayır,Uzun,Boru Paça,Tüm Yaş Grupları,100% Viskoz,,,,,,,,,,,
85,811934614,3389,4.4,,/trendyolmilla/lacivert-beli-lastikli-v-yaka-keten-gorunumlu-mini-dokuma-tulum-twoss24tu00026-p-811934614/yorumlar,Standart Kol,Regular,Dokuma,Lacivert,V Yaka,Düz,Kısa,Düz,Astarsız,Keten görünümlü,Casual/Günlük,Cool & Comfort,Hayır,Kısa,Geniş Paça,Tüm Yaş Grupları,"84% Viskoz, 16% Polyester",Lastikli Bel,,,,,,Beli lastikli,,,,
86,813594482,4574,1.5,,/trendyolmilla/siyah-halter-yaka-detayli-maxi-dokuma-tulum-twoss24tu00052-p-813594482/yorumlar,Standart Kol,Regular,Dokuma,Siyah,Halter Yaka,Düz,Askılı,,,Finike,Business,Office,,Uzun,Geniş Paça,,"88% Polyester, ,12% Elastan",,,,,,,,,,,
87,814588792,7077,3.9,,/trendyolmilla/siyah-gomlek-yakali-mini-tulum-twoss24tu00051-p-814588792/yorumlar,Standart Kol,Fitted,Dokuma,Siyah,Gömlek Yaka,Düz,Kısa,Düz,,Finike,Business,Office,Hayır,Kısa,Geniş Paça,Tüm Yaş Grupları,"88% Polyester, ,12% Elastan",,,,,,,,,,,
88,182381696,50168,4.4,,/trendyolmilla/kiremit-sirt-dekolteli-baglama-detayli-burumcuk-dokulu-orme-tulum-twoss21tu0103-p-182381696/yorumlar,Standart Kol,Regular,Örme,Turuncu,Kare Yaka,Düz,Askılı,Düz,,Bürümcük,Casual/Günlük,Cool & Comfort,Hayır,Uzun,ispanyol paça,Tüm Yaş Grupları,"98% Polyester, ,2% Elastan",Sırt Baskılı,,Basic,Polyester,Tekli,Young,,,,,
89,813849560,7279,4.5,,/trendyolmilla/kirmizi-maxi-tulum-twoss23tu00078-p-813849560/yorumlar,Tek Kol,Regular,Dokuma,Kırmızı,Asimetrik Yaka,Düz,Kolsuz,Düz,Astarsız,Aerobin,Gündüz / Gece,Smart,Hayır,Uzun,Boru Paça,Tüm Yaş Grupları,100% Polyester,,,,Polyester,,,,,,,
90,817623990,4668,4.6,,/trendyolmilla/koyu-mavi-denim-tulum-twoss24tu00061-p-817623990/yorumlar,Standart Kol,Oversize,Denim,Lacivert,Ceket Yaka,Düz,Uzun,Düz,,Rigid,Casual/Günlük,Fashion Forward,Hayır,Regular,Geniş Paça,Tüm Yaş Grupları,100% Pamuk,,,,%100 Pamuk,,,,,,,
91,792038717,6235,4.1,,/trendyolmilla/siyah-kalpli-baglama-detayli-ip-askili-viskon-dokuma-tulum-thmss24tu00006-p-792038717/yorumlar,Askılı,Relaxed,Dokuma,Siyah,V Yaka,Kalp,Askılı,Düz,,Poplin,Lounge/Home,Cool & Comfort,Hayır,Kısa,Boru Paça,Tüm Yaş Grupları,100% Viskoz,,,Relaxed,,,,,,,,
92,796369197,10702,4.5,,/trendyolmilla/mavi-kisa-denim-tulum-twoss24tu00032-p-796369197/yorumlar,Standart Kol,Fitted,Denim,Mavi,Kare Yaka,Düz,Askılı,Düz,,Rigid,Casual/Günlük,Fashion Forward,Hayır,Regular,Boru Paça,Tüm Yaş Grupları,100% Pamuk,,,,%100 Pamuk,,,,,,,
93,822557099,2316,4.4,,/trendyolmilla/indigo-jile-form-bol-paca-maxi-keten-gorunumlu-dokuma-tulum-twoss21tu0090-p-822557099/yorumlar,Standart Kol,Relaxed,Dokuma,Lacivert,Kare Yaka,Düz,Askılı,Düz,Astarsız,Keten görünümlü,Casual/Günlük,Cool & Comfort,Hayır,Uzun,Geniş Paça,Tüm Yaş Grupları,"90% Viskoz, ,10% Poliamid",Paça,,Relaxed,Polyester,,,,,,,
94,236413275,121331,4.5,,/trendyolmilla/kirmizi-astarli-balenli-dokuma-tulum-tprss22tu0070-p-236413275/yorumlar,Düşük Kol,Regular,Dokuma,Kırmızı,Carmen Yaka,Düz,Kısa,İpliği Boyalı,,Finike,Şık / gece,Feminine,Hayır,Regular,Geniş Paça,Tüm Yaş Grupları,"88% Polyester, ,12% Elastan",Astarlı,,,,,,,,,,
95,118121561,26929,4.7,,/trendyolmilla/siyah-dantel-ve-sirt-detayli-ip-askili-orme-tulum-thmss21tu0288-p-118121561/yorumlar,Askılı,Regular,Dokuma,Siyah,V Yaka,Düz,Askılı,Düz,,Dantel,Lounge/Home,Cool & Comfort,Hayır,Uzun,Boru Paça,Tüm Yaş Grupları,"96% Viskoz, ,4% Elastan",Dantel/Mesh/File,,Basic,Viskon Karışımlı,Tekli,Homewear,Ek Özellik Mevcut Değil,,,,
96,783831573,14325,4.1,,/trendyolmilla/yesil-maxi-krep-maxi-dokuma-tulum-twoss24tu00014-p-783831573/yorumlar,Standart Kol,Regular,Dokuma,Yeşil,Bisiklet Yaka,Düz,Kolsuz,Düz,Astarsız,Krep,Business,Smart,Hayır,Uzun,Geniş Paça,Tüm Yaş Grupları,100% Polyester,,,,Polyester,,,,,,,
97,807816112,3859,3.9,,/trendyolmilla/mavi-cok-renkli-100-pamuk-bulut-desenli-orme-tulum-thmss24tu00018-p-807816112/yorumlar,Standart Kol,Regular,Örme,Çok Renkli,V Yaka,Baskılı,Kısa,Baskılı,,Süprem,Lounge/Home,Cool & Comfort,Hayır,Kısa,Boru Paça,Tüm Yaş Grupları,100% Pamuk,,,,%100 Pamuk,,,,,,,
98,823616950,2209,2.8,,/trendyolmilla/haki-dokuma-buzgulu-100-pamuklu-tulum-tbess21tu0269-p-823616950/yorumlar,Kalın Askılı,Relaxed,Dokuma,Haki,V Yaka,Düz,Askılı,Düz,,Vual,Beachwear,Fashion Forward,Hayır,Uzun,Boru Paça,Tüm Yaş Grupları,100% Pamuk,,,Relaxed,Pamuklu,Tekli,,,,,,
99,649914290,18795,4.5,,/trendyolmilla/limited-edition-tas-pencere-detayli-maxi-dokuma-tulum-twoss23tu00169-p-649914290/yorumlar,Standart Kol,Regular,Dokuma,Gri,Ceket Yaka,Düz,Kolsuz,Düz,Astarsız,Gabardin,Gündüz / Gece,Fashion Forward,Hayır,Uzun,Lastikli Paça,Tüm Yaş Grupları,100% Pamuk,,,,%100 Pamuk,Tekli,,,,,,
100,796111046,9773,3.9,,/trendyolmilla/limited-edition-cok-renkli-desenli-yakasi-dugum-detayli-maxi-dokuma-tulum-twoss24tu00035-p-796111046/yorumlar,Standart Kol,Regular,Dokuma,Çok Renkli,Boyundan Bağlamalı,Çiçekli,Kolsuz,Baskılı,Astarsız,Saten,Gündüz / Gece,Fashion Forward,Hayır,Uzun,Geniş Paça,Tüm Yaş Grupları,100% Polyester,,,,Polyester,,,,,,,
101,782011731,5274,4.2,,/trendyolmilla/murdum-astarli-balenli-dokuma-tulum-tprss22tu0070-p-782011731/yorumlar,Düşük Kol,Regular,Dokuma,Mor,Carmen Yaka,Düz,Kısa,İpliği Boyalı,,Finike,Şık / gece,Feminine,Hayır,Regular,Geniş Paça,Tüm Yaş Grupları,"88% Polyester, ,12% Elastan",Astarlı,,,,,,,,,,
102,86021934,46867,4.5,,/trendyolmilla/siyah-kemerli-kurvaze-yaka-mini-dokuma-tulum-twoss19wx0112-p-86021934/yorumlar,Standart Kol,Regular,Dokuma,Siyah,Kruvaze,Düz,Kısa,Düz,Astarsız,Finike,Business,Office,Hayır,Kısa,Geniş Paça,Tüm Yaş Grupları,"88% Polyester, ,12% Elastan",Kemerli,Kemerli,Kruvaze,Polyester,,,,,,,
103,796968640,2527,4.7,,/trendyolmilla/mavi-dikis-detayli-denim-tulum-twoss24tu00031-p-796968640/yorumlar,Standart Kol,Fitted,Denim,Mavi,Straplez,Düz,Kolsuz,Düz,,Comfort,Casual/Günlük,Cool & Comfort,Hayır,Regular,Dar Paça,Tüm Yaş Grupları,100% Pamuk,,,,%100 Pamuk,,,,,,,
104,780477968,5879,4.4,,/trendyolmilla/bordo-kemerli-kruvaze-yaka-genis-paca-dokuma-tulum-twoss21tu0004-p-780477968/yorumlar,Standart Kol,Regular,Dokuma,Bordo,Kruvaze,Düz,Kısa,Düz,Astarsız,Finike,Business,Office,Hayır,Uzun,Geniş Paça,Tüm Yaş Grupları,"96% Polyester, ,4% Elastan",Kemerli,Kemerli,Kruvaze,Polyester,,,,,,,
105,788423063,10220,4.7,,/trendyolmilla/mavi-kemerli-dikis-detayli-denim-tulum-twoss24tu00027-p-788423063/yorumlar,Standart Kol,Regular,Denim,Mavi,Gömlek Yaka,Düz,Kısa,Düz,,Rigid,Casual/Günlük,Cool & Comfort,Hayır,Regular,Geniş Paça,Tüm Yaş Grupları,100% Pamuk,Kemerli,,,%100 Pamuk,,,,,,,
106,822516257,2217,4.0,,/trendyolmilla/siyah-ceket-yakali-dugme-detayli-dokuma-tulum-twoss23tu00130-p-822516257/yorumlar,Standart Kol,Regular,Dokuma,Siyah,Ceket Yaka,Düz,Kolsuz,Düz,Astarsız,Finike,Gündüz / Gece,Smart,Hayır,Uzun,Geniş Paça,Tüm Yaş Grupları,"88% Polyester, ,12% Elastan",Düğme,Kemerli,,,,,,,,,
107,474625760,65588,4.4,,/trendyolmilla/siyah-beli-buzgu-detayli-genis-paca-maxi-dokuma-tulum-twoss23tu00121-p-474625760/yorumlar,Reglan Kol,Regular,Dokuma,Siyah,Halter Yaka,Düz,Kolsuz,Düz,Astarsız,Shally,Gündüz / Gece,Smart,Hayır,Uzun,Boru Paça,Tüm Yaş Grupları,100% Viskoz,Büzgü,,,,,,,,,,
108,788145857,6456,3.7,,/trendyolmilla/kiremit-beli-lastikli-v-yaka-keten-gorunumlu-mini-dokuma-tulum-twoss24tu00026-p-788145857/yorumlar,Standart Kol,Regular,Dokuma,Turuncu,V Yaka,Düz,Kısa,Düz,Astarsız,Keten görünümlü,Casual/Günlük,Cool & Comfort,Hayır,Kısa,Geniş Paça,Tüm Yaş Grupları,"84% Viskoz, 16% Polyester",Lastikli Bel,,,,,,Beli lastikli,,,,
109,823689225,3673,5.0,,/trendyolmilla/pembe-mini-sort-etekli-kemer-detayli-dokuma-tulum-twoss23tu00085-p-823689225/yorumlar,Standart Kol,Regular,Dokuma,Pembe,Bisiklet Yaka,Düz,Kolsuz,Düz,Astarsız,Finike,Gündüz / Gece,Smart,Hayır,Kısa,Geniş Paça,Tüm Yaş Grupları,"88% Polyester, ,12% Elastan",Kemerli,,,,,,,,,,
110,640029888,60949,4.5,,/trendyolmilla/siyah-belden-baglamali-denim-tulum-twoss23tu00157-p-640029888/yorumlar,Standart Kol,Relaxed,Denim,Siyah,Gömlek Yaka,Düz,Kısa,Düz,,Rigid,Casual/Günlük,Cool & Comfort,Hayır,Uzun,Geniş Paça,Tüm Yaş Grupları,100% Pamuk,,,Relaxed,Denim,Tekli,,,,,,
111,828584797,2891,5.0,,/trendyolmilla/kirmizi-gul-detayli-dokuma-tulum-tprss24tu00018-p-828584797/yorumlar,Standart Kol,Fitted,Dokuma,Kırmızı,Halter Yaka,Düz,Kolsuz,Düz,,Finike,Şık / gece,Fashion Forward,,Uzun,Geniş Paça,,"87% Polyester, ,13% Elastan",Gül Detay,,,,,,,,,,
112,819329334,3144,3.7,,/trendyolmilla/kahverengi-straplez-yaka-keten-gorunumlu-tulum-twoss24tu00041-p-819329334/yorumlar,Standart Kol,Regular,Dokuma,Kahverengi,Straplez,Düz,Kolsuz,Düz,Astarsız,Keten görünümlü,Gündüz / Gece,Smart,Hayır,Uzun,Boru Paça,Tüm Yaş Grupları,100% Pamuk,,,,%100 Pamuk,,,,,,,
113,785197089,24073,3.5,,/trendyolmilla/beyaz-kisa-kollu-kemerli-denim-tulum-twoss24tu00022-p-785197089/yorumlar,Standart Kol,Fitted,Denim,Beyaz,Gömlek Yaka,Düz,Kısa,Düz,,Rigid,Casual/Günlük,Cool & Comfort,Hayır,Regular,Geniş Paça,Tüm Yaş Grupları,100% Pamuk,Kemerli,,,%100 Pamuk,,,,,,,
114,828584796,5864,3.8,,/trendyolmilla/siyah-gul-detayli-dokuma-tulum-tprss24tu00018-p-828584796/yorumlar,Standart Kol,Fitted,Dokuma,Siyah,Halter Yaka,Düz,Kolsuz,Düz,,Finike,Şık / gece,Fashion Forward,,Uzun,Geniş Paça,,"87% Polyester, ,13% Elastan",Gül Detay,,,,,,,,,,
115,772593478,16983,4.3,,/trendyolmilla/lacivert-jile-form-bol-paca-maxi-keten-gorunumlu-dokuma-tulum-twoss21tu0090-p-772593478/yorumlar,Standart Kol,Relaxed,Dokuma,Lacivert,Kare Yaka,Düz,Askılı,Düz,Astarsız,Keten görünümlü,Casual/Günlük,Cool & Comfort,Hayır,Uzun,Geniş Paça,Tüm Yaş Grupları,"90% Viskoz, ,10% Poliamid",Paça,,Relaxed,Polyester,,,,,,,
116,807307245,7113,4.8,,/trendyolmilla/siyah-seamless-dikissiz-buzgu-detayli-orme-spor-sort-boy-tulum-thmss24tu00015-p-807307245/yorumlar,Kalın Askılı,Slim,Örme,Siyah,Bisiklet Yaka,Düz,Askılı,Düz,,Seamless,Sportswear,Cool & Comfort,,Kısa,Dar Paça,Tüm Yaş Grupları,"93% Poliamid, ,7% Elastan",,,,,,,,,,,
117,786617602,3908,4.7,,/trendyolmilla/kahverengi-beli-lastikli-gabardin-mini-dokuma-tulum-twoss22tu0014-p-786617602/yorumlar,Standart Kol,Regular,Dokuma,Kahverengi,Gömlek Yaka,Düz,Kısa,Düz,Astarsız,Terrycotton,Casual/Günlük,Cool & Comfort,Hayır,Kısa,Geniş Paça,Tüm Yaş Grupları,"56% Pamuk, ,44% Polyester",Paça,,,,Tekli,,Beli lastikli,,,,
118,813442345,5560,3.1,,/trendyolmilla/lila-kusakli-maxi-sifon-astarli-dokuma-tulum-twoss23tu00093-p-813442345/yorumlar,Standart Kol,Regular,Dokuma,Mor,Halter Yaka,Düz,Kolsuz,Düz,Astarlı,Şifon,Gündüz / Gece,Smart,Hayır,Uzun,Geniş Paça,Tüm Yaş Grupları,100% Polyester,Kuşaklı,,,Polyester,Tekli,,,,,,
119,774138094,15497,4.2,,/trendyolmilla/bordo-kusakli-maxi-sifon-astarli-dokuma-tulum-twoss23tu00093-p-774138094/yorumlar,Standart Kol,Regular,Dokuma,Bordo,Halter Yaka,Düz,Kolsuz,Düz,Astarlı,Şifon,Gündüz / Gece,Smart,Hayır,Uzun,Geniş Paça,Tüm Yaş Grupları,100% Polyester,Kuşaklı,,,Polyester,Tekli,,,,,,
120,773972307,25591,4.4,,/trendyolmilla/mavi-kisa-kollu-denim-tulum-twoss24tu00002-p-773972307/yorumlar,Reglan Kol,Regular,Denim,Mavi,Gömlek Yaka,Düz,Kısa,Düz,,Comfort,Casual/Günlük,Cool & Comfort,Hayır,Regular,Boru Paça,Tüm Yaş Grupları,"53% Liyosel, ,6% Polyester, ,40% Pamuk, ,1% Elastan",,,,,Tekli,,,,,,
121,384147168,15760,4.8,,/trendyolmilla/siyah-100-pamuk-puantiye-ve-kalp-desenli-ip-askili-orme-tulum-thmss23tu00003-p-384147168/yorumlar,Askılı,Regular,Örme,Siyah,V Yaka,Kalp,Askılı,Düz,,Süprem,Lounge/Home,Cool & Comfort,Hayır,Kısa,Boru Paça,Tüm Yaş Grupları,100% Pamuk,Fırfır,,,%100 Pamuk,Tekli,,,,,,
122,806153452,5537,4.0,,/trendyolmilla/kahverengi-kargo-cepli-straplez-yaka-maxi-dokuma-tulum-twoss23tu00192-p-806153452/yorumlar,Standart Kol,Regular,Dokuma,Kahverengi,Straplez,Düz,Kolsuz,Düz,Astarsız,Gabardin,Gündüz / Gece,Fashion Forward,Hayır,Uzun,Geniş Paça,Tüm Yaş Grupları,100% Pamuk,Cep,,,%100 Pamuk,Tekli,,,,,,
123,810330928,1598,4.4,,/trendyolmilla/haki-desenli-viskon-maxi-dokuma-tulum-twoss24tu00048-p-810330928/yorumlar,Standart Kol,Regular,Dokuma,Haki,Bisiklet Yaka,Puantiyeli,Kısa,Düz,,Shally,Casual/Günlük,Cool & Comfort,Hayır,Uzun,Geniş Paça,Tüm Yaş Grupları,100% Viskoz,,,,,,,,,,,
124,789408002,14281,4.4,,/trendyolmilla/siyah-toparlayici-karyoka-dikis-detayli-orme-spor-sort-boy-tulum-thmss24tu00002-p-789408002/yorumlar,Kalın Askılı,Fitted,Örme,Siyah,Kare Yaka,Düz,Askılı,Düz,,Mat Scuba,Sportswear,Cool & Comfort,,Kısa,Dar Paça,Tüm Yaş Grupları,"82% Polyester, ,18% Elastan",,,,,,,Toparlayıcı,,,,
125,798972904,3595,4.6,,/trendyolmilla/ekru-firfirli-pelerin-detayli-kruvaze-yaka-mini-dokuma-tulum-twoss24tu00044-p-798972904/yorumlar,Büzgülü/Fırfırlı Kol,Regular,Dokuma,Ekru,Kruvaze,Düz,Askılı,Düz,Astarsız,Finike,Gündüz / Gece,Feminine,Hayır,Mini,Geniş Paça,Tüm Yaş Grupları,"95% Polyester, 5% Elastan",Fırfır,,Kruvaze,,,,,,,,
126,809562270,3200,4.8,,/trendyolmilla/cok-renkli-desenli-mini-dokuma-tulum-twoss24tu00046-p-809562270/yorumlar,Kalın Askılı,Regular,Dokuma,Çok Renkli,Kare Yaka,Çiçekli,Askılı,Düz,,Shally,Casual/Günlük,Cool & Comfort,Hayır,Kısa,Boru Paça,Tüm Yaş Grupları,100% Viskoz,,,,,,,,,,,
127,794597468,6321,4.4,,/trendyolmilla/beyaz-dokuma-muslin-100-pamuklu-tulum-tbess24tu00000-p-794597468/yorumlar,Standart Kol,Oversize,Dokuma,Beyaz,V Yaka,Düz,Uzun,Düz,,Müslin,Beachwear,Cool & Comfort,Hayır,Kısa,Geniş Paça,Tüm Yaş Grupları,100% Pamuk,,,,%100 Pamuk,,,,,,,
128,719046118,5776,4.3,,/trendyolmilla/indigo-kemerli-kruvaze-yaka-genis-paca-dokuma-tulum-twoss21tu0004-p-719046118/yorumlar,Standart Kol,Regular,Dokuma,Lacivert,Kruvaze,Düz,Kısa,Düz,Astarsız,Finike,Business,Office,Hayır,Uzun,Geniş Paça,Tüm Yaş Grupları,"96% Polyester, ,4% Elastan",Kemerli,Kemerli,Kruvaze,Polyester,,,,,,,
129,781026562,8545,3.5,,/trendyolmilla/beyaz-askili-kalp-yaka-wide-leg-denim-tulum-twoss24tu00018-p-781026562/yorumlar,İnce Askılı,Fitted,Denim,Beyaz,V Yaka,Düz,Askılı,Düz,,Rigid,Casual/Günlük,Fashion Forward,Hayır,Uzun,Boru Paça,Tüm Yaş Grupları,100% Pamuk,,,,%100 Pamuk,,,,,,,
130,807709926,3657,4.5,,/trendyolmilla/zumrut-yesili-ceket-yakali-dugme-detayli-dokuma-tulum-twoss23tu00130-p-807709926/yorumlar,Standart Kol,Regular,Dokuma,Yeşil,Ceket Yaka,Düz,Kolsuz,Düz,Astarsız,Finike,Gündüz / Gece,Smart,Hayır,Uzun,Geniş Paça,Tüm Yaş Grupları,"88% Polyester, ,12% Elastan",Düğme,Kemerli,,,,,,,,,
131,777969161,21608,4.4,,/trendyolmilla/pembe-kemerli-kurvaze-yaka-mini-dokuma-tulum-twoss19wx0112-p-777969161/yorumlar,Standart Kol,Regular,Dokuma,Pembe,Kruvaze,Düz,Kısa,Düz,Astarsız,Finike,Business,Office,Hayır,Kısa,Geniş Paça,Tüm Yaş Grupları,"88% Polyester, ,12% Elastan",Kemerli,Kemerli,Kruvaze,Polyester,,,,,,,
132,814778616,4001,4.3,,/trendyolmilla/siyah-ceket-yaka-detayli-maxi-dokuma-tulum-twoss24tu00053-p-814778616/yorumlar,Standart Kol,Regular,Dokuma,Siyah,Ceket Yaka,Düz,Kolsuz,Düz,,Finike,Business,Office,Hayır,Uzun,Geniş Paça,Tüm Yaş Grupları,"88% Polyester, ,12% Elastan",,,,,,,,,,,
133,811080040,2568,4.5,,/trendyolmilla/siyah-yaka-detayli-maxi-dokuma-tulum-twoss24tu00047-p-811080040/yorumlar,Standart Kol,Regular,Dokuma,Siyah,Boyundan Bağlamalı,Düz,Askılı,Düz,,Finike,Gündüz / Gece,Smart,Hayır,Uzun,Geniş Paça,Tüm Yaş Grupları,"88% Polyester, ,12% Elastan",,,,,,,,,,,
134,819822611,2519,3.3,,/trendyolmilla/kirmizi-bol-paca-astarsiz-dokuma-tulum-tprss24tu00008-p-819822611/yorumlar,Standart Kol,Fitted,Dokuma,Kırmızı,V Yaka,Düz,Kolsuz,Düz,,Finike,Düğün/Nikah,Fashion Forward,Hayır,Uzun,Boru Paça,Tüm Yaş Grupları,"88% Polyester, ,12% Elastan",,,,,,,,,,,
135,822066636,2714,4.8,,/trendyolmilla/siyah-carmen-yaka-orme-tulum-tprss24tu00017-p-822066636/yorumlar,Standart Kol,Fitted,Örme,Siyah,Carmen Yaka,Düz,Kısa,Düz,,Finike,Şık / gece,Fashion Forward,Hayır,Regular,Boru Paça,,"88% Polyester, ,12% Elastan",,,,,,,,,,,
136,100545364,22245,4.0,,/trendyolmilla/siyah-dokuma-buzgulu-100-pamuklu-tulum-tbess21tu0269-p-100545364/yorumlar,Kalın Askılı,Relaxed,Dokuma,Siyah,V Yaka,Düz,Askılı,Düz,,Vual,Beachwear,Fashion Forward,Hayır,Uzun,Boru Paça,Tüm Yaş Grupları,100% Pamuk,,,Relaxed,Pamuklu,Tekli,,,,,,
137,383958260,28097,4.4,,/trendyolmilla/lila-beli-lastikli-genis-paca-mini-dokuma-tulum-twoss22tu0014-p-383958260/yorumlar,Standart Kol,Regular,Dokuma,Mor,Gömlek Yaka,Düz,Kısa,Düz,Astarsız,Terrycotton,Casual/Günlük,Cool & Comfort,Hayır,Kısa,Geniş Paça,Tüm Yaş Grupları,"56% Pamuk, ,44% Polyester",Paça,,,,Tekli,,Beli lastikli,,,,
138,785189870,20085,4.4,,/trendyolmilla/acik-mavi-kemerli-straplez-denim-tulum-twoss24tu00023-p-785189870/yorumlar,Standart Kol,Fitted,Denim,Mavi,Straplez,Düz,Kolsuz,Düz,,Rigid,Casual/Günlük,Cool & Comfort,,Regular,Geniş Paça,Tüm Yaş Grupları,"99% Pamuk, ,1% Elastan",Kemerli,,,Denim,,,,,,,
139,776680071,37264,3.8,,/trendyolmilla/siyah-korse-detayli-dokuma-tulum-tprss24tu00002-p-776680071/yorumlar,Standart Kol,Fitted,Dokuma,Siyah,Straplez,Düz,Kolsuz,Düz,,Finike,Şık / gece,Fashion Forward,Hayır,Regular,Geniş Paça,Tüm Yaş Grupları,"87% Polyester, ,13% Elastan",,,,,,,,,,,
140,811072718,10459,4.5,,/trendyolmilla/pembe-kemerli-mini-tulum-twoss24tu00049-p-811072718/yorumlar,Standart Kol,Regular,Dokuma,Pembe,Bisiklet Yaka,Düz,Kısa,Düz,,Finike,Business,Office,Hayır,Kısa,Geniş Paça,Tüm Yaş Grupları,"88% Polyester, ,12% Elastan",Kemerli,,,,,,,,,,
141,794205095,6823,4.0,,/trendyolmilla/beyaz-dokuma-muslin-100-pamuklu-tulum-tbess24tu00001-p-794205095/yorumlar,Standart Kol,Relaxed,Dokuma,Beyaz,Kayık Yaka,Düz,Kısa,Düz,,Müslin,Beachwear,Cool & Comfort,Hayır,Kısa,Geniş Paça,Tüm Yaş Grupları,"99% Polyester, ,1% Elastan",,,Relaxed,,,,,,,,
142,819648267,1503,3.5,,/trendyolmilla/siyah-beyaz-balenli-dokuma-tulum-tprss22tu0070-p-819648267/yorumlar,Düşük Kol,Regular,Dokuma,Çok Renkli,Carmen Yaka,Düz,Kısa,İpliği Boyalı,,Finike,Şık / gece,Feminine,Hayır,Regular,Geniş Paça,Tüm Yaş Grupları,"88% Polyester, ,12% Elastan",Astarlı,,,,,,,,,,
143,781026066,54874,4.7,,/trendyolmilla/koyu-mavi-beli-lastikli-denim-sort-tulum-twoss24tu00017-p-781026066/yorumlar,Standart Kol,Fitted,Denim,Mavi,Dik Yaka,Düz,Kısa,Düz,,Rigid,Casual/Günlük,Fashion Forward,Hayır,Kısa,Boru Paça,Tüm Yaş Grupları,100% Pamuk,Lastikli Bel,,,%100 Pamuk,,,Beli lastikli,,,,
144,817259592,8219,4.2,,/trendyolmilla/kirmizi-pelerin-detayli-dokuma-sik-tulum-tprss24tu00015-p-817259592/yorumlar,Standart Kol,Fitted,Dokuma,Kırmızı,Bisiklet Yaka,Düz,Kısa,Düz,,Finike,Şık / gece,Fashion Forward,Hayır,Regular,Geniş Paça,Tüm Yaş Grupları,"88% Polyester, ,12% Elastan",,,,,,,,,,,
145,127715866,111953,4.5,,/trendyolmilla/limited-edition-indigo-dikis-detayli-denim-tulum-twoaw22tu0040-p-127715866/yorumlar,Standart Kol,Regular,Denim,Lacivert,Ceket Yaka,Düz,Uzun,Düz,,Rigid,Casual/Günlük,Cool & Comfort,Hayır,Regular,Dar Paça,Tüm Yaş Grupları,100% Pamuk,,,,%100 Pamuk,Tekli,,Ek Özellik Mevcut Değil,,,,
146,808057251,5164,4.4,,/trendyolmilla/sari-100-pamuk-leopar-desenli-ip-askili-orme-tulum-thmss24tu00016-p-808057251/yorumlar,Askılı,Relaxed,Örme,Sarı,V Yaka,Leopar,Askılı,Düz,,Süprem,Lounge/Home,Cool & Comfort,Hayır,Kapri,Boru Paça,Tüm Yaş Grupları,100% Pamuk,,,Relaxed,%100 Pamuk,,,,,,,
147,182929877,15783,4.4,,/trendyolmilla/haki-kemerli-fermuar-detayli-dokuma-tulum-twoss20tu0064-p-182929877/yorumlar,Standart Kol,Regular,Dokuma,Haki,Gömlek Yaka,Düz,Kısa,Düz,Astarsız,Gabardin,Casual/Günlük,Cool & Comfort,Hayır,Uzun,Geniş Paça,Tüm Yaş Grupları,100% Pamuk,Kemerli,Kemerli,Basic,%100 Pamuk,Tekli,,,,,,
148,819944464,1748,5.0,,/trendyolmilla/siyah-yaka-detayli-dokuma-tulum-tprss24tu00016-p-819944464/yorumlar,Standart Kol,Fitted,Dokuma,Siyah,Straplez,Düz,Kolsuz,Düz,,Finike,Şık / gece,Smart,Hayır,Uzun,Boru Paça,Tüm Yaş Grupları,"85% Polyester, ,15% Elastan",,,,,,,,,,,
149,36198833,53481,4.2,,/trendyolmilla/bordo-kemer-detayli-kruvaze-yaka-dokuma-tulum-twoss20tu0083-p-36198833/yorumlar,Standart Kol,Fitted,Dokuma,Bordo,Kruvaze,Düz,Kolsuz,Düz,,Finike,Business,Office,Hayır,Uzun,Boru Paça,Tüm Yaş Grupları,"90% Polyester, ,10% Elastan",Kuşaklı,,Kruvaze,Elastan,Tekli,,,,,,
150,791948461,5087,4.0,,/trendyolmilla/pembe-cok-renkli-cizgili-dantel-detayli-ip-askili-dokuma-tulum-thmss24tu00004-p-791948461/yorumlar,Askılı,Regular,Dokuma,Çok Renkli,Havuz Yaka,Çizgili,Askılı,Düz,,Dantel,Lounge/Home,Cool & Comfort,Hayır,Kısa,Boru Paça,Tüm Yaş Grupları,"78% Polyester, 22% Pamuk",,,,,,,,,,,
151,86622996,47771,4.5,,/trendyolmilla/siyah-baglama-detayli-kruvaze-yaka-boru-paca-dokuma-tulum-twoss21tu0112-p-86622996/yorumlar,Standart Kol,Regular,Dokuma,Siyah,Kruvaze,Düz,Kısa,Düz,,Aerobin,Casual/Günlük,Cool & Comfort,Hayır,Uzun,Boru Paça,Tüm Yaş Grupları,100% Polyester,Kuşaklı,,Kruvaze,Polyester,,,,,,,
152,808074805,13445,3.6,,/edit-by-trendyol/saks-keten-gorunumlu-baglama-detayli-cepli-tulum-tedss24tu00000-p-808074805/yorumlar,Standart Kol,Regular,Dokuma,Mavi,Dik Yaka,Düz,Kısa,Düz,,Keten görünümlü,Casual/Günlük,Fashion Forward,,Regular,Boru Paça,,100% Polyester,Cep,,,Polyester,,,,,,,
153,812054794,3978,3.0,,/trendyolmilla/murdum-korse-detayli-dokuma-tulum-tprss24tu00002-p-812054794/yorumlar,Standart Kol,Fitted,Dokuma,Mor,Straplez,Düz,Kolsuz,Düz,,Finike,Şık / gece,Fashion Forward,Hayır,Regular,Geniş Paça,Tüm Yaş Grupları,"87% Polyester, ,13% Elastan",,,,,,,,,,,
154,204189114,22579,4.4,,/trendyolmilla/tropikal-desenli-dokuma-100-pamuklu-tulum-tbess22tu0131-p-204189114/yorumlar,Standart Kol,Regular,Dokuma,Turuncu,V Yaka,Tropikal,Kısa,Düz,,Vual,Beachwear,Fashion Forward,Hayır,Kısa,Boru Paça,Tüm Yaş Grupları,100% Pamuk,,,,%100 Pamuk,2'li,,,,,,
155,777583852,3079,4.4,,/trendyolmilla/lacivert-dokuma-tulum-tprss24tu00003-p-777583852/yorumlar,Standart Kol,Fitted,Dokuma,Lacivert,Halter Yaka,Düz,Kolsuz,Düz,,Krep,Şık / gece,Smart,Hayır,Regular,Geniş Paça,Tüm Yaş Grupları,100% Elastommultiester,Cut Out,,,,,,,,,,
156,6541965,70495,4.6,,/trendyolmilla/lacivert-kemerli-kurvaze-yaka-mini-dokuma-tulum-twoss19wx0112-p-6541965/yorumlar,Standart Kol,Regular,Dokuma,Lacivert,Kruvaze,Düz,Kısa,Düz,Astarsız,Finike,Business,Office,Hayır,Kısa,Geniş Paça,Tüm Yaş Grupları,"88% Polyester, ,12% Elastan",Kemerli,Kemerli,Kruvaze,Polyester,,,,,,,
157,794620922,8101,4.4,,/trendyolmilla/fusya-kemerli-mini-dokuma-tulum-twoss24tu00040-p-794620922/yorumlar,Standart Kol,Regular,Dokuma,Pembe,Straplez,Düz,Askılı,Düz,Astarsız,Finike,Gündüz / Gece,Feminine,Hayır,Kısa,Geniş Paça,Tüm Yaş Grupları,"95% Polyester, ,5% Elastan",Kemerli,Kemerli,,,,,,,,,
158,809906905,4141,4.1,,/trendyolmilla/siyah-kareli-pencere-detayli-askili-mini-dokuma-tulum-twoss22tu0277-p-809906905/yorumlar,Standart Kol,Regular,Dokuma,Siyah,Kalp Yaka,Ekose / Kareli,Askılı,İpliği Boyalı,Astarsız,Gofre,Casual/Günlük,Cool & Comfort,Hayır,Kısa,Boru Paça,Tüm Yaş Grupları,"71% Polyester, 26% Pamuk, 3% Viskoz",Cut Out,,,,,,,,,,
159,189740590,6368,4.3,,/trendyolmilla/yesil-kusakli-firfir-detayli-boru-paca-dokuma-tulum-twoss21tu0079-p-189740590/yorumlar,Büzgülü/Fırfırlı Kol,Regular,Dokuma,Yeşil,V Yaka,Düz,Kolsuz,Düz,,Aerobin,Casual/Günlük,Cool & Comfort,Hayır,Uzun,Boru Paça,Tüm Yaş Grupları,100% Polyester,Kuşaklı,,Basic,Polyester,Tekli,,,,,,
160,248234260,20510,4.6,,/trendyolmilla/mavi-kareli-pencere-detayli-askili-mini-dokuma-tulum-twoss22tu0277-p-248234260/yorumlar,Standart Kol,Regular,Dokuma,Mavi,Kalp Yaka,Ekose / Kareli,Askılı,İpliği Boyalı,Astarsız,Gofre,Casual/Günlük,Cool & Comfort,Hayır,Kısa,Boru Paça,Tüm Yaş Grupları,"71% Polyester, 26% Pamuk, 3% Viskoz",Cut Out,,,,,,,,,,
161,797100790,4191,4.4,,/trendyolmilla/limited-edition-siyah-kemer-detayli-dokuma-sifon-tulum-tprss24tu00009-p-797100790/yorumlar,Standart Kol,Fitted,Dokuma,Siyah,Bisiklet Yaka,Düz,Kolsuz,Düz,,Şifon,Şık / gece,Fashion Forward,Hayır,Uzun,Geniş Paça,Tüm Yaş Grupları,100% Polyester,Kemerli,Kemerli,,Polyester,,,,,,,
162,824604278,4246,4.0,,/trendyolmilla/siyah-yaka-detayli-dokuma-tulum-tprss24tu00014-p-824604278/yorumlar,Standart Kol,Fitted,Dokuma,Siyah,Straplez,Düz,Kolsuz,Düz,,Finike,Şık / gece,Fashion Forward,Hayır,Uzun,Boru Paça,Tüm Yaş Grupları,"88% Polyester, ,12% Elastan",,,,,,,,,,,
163,795255209,9340,3.9,,/trendyolmilla/bridal-beyaz-bol-paca-astarsiz-dokuma-dugun-nikah-tulum-tprss24tu00008-p-795255209/yorumlar,Standart Kol,Fitted,Dokuma,Beyaz,V Yaka,Düz,Kolsuz,Düz,,Finike,Düğün/Nikah,Fashion Forward,Hayır,Uzun,Boru Paça,Tüm Yaş Grupları,"88% Polyester, ,12% Elastan",,,,,,,,,,,
164,798913837,2925,3.8,,/trendyolmilla/gri-melanj-pamuklu-baglama-ve-cep-detayli-waffle-orme-tulum-thmss24tu00008-p-798913837/yorumlar,Kalın Askılı,Regular,Örme,Gri,Kare Yaka,Düz,Askılı,Düz,,Waffle,Lounge/Home,Cool & Comfort,Hayır,Kısa,Boru Paça,Tüm Yaş Grupları,"66% Polyester, ,33% Pamuk, ,1% Elastan",Cep,,,,,,,,,,
165,778052465,7098,4.6,,/trendyolmilla/siyah-genis-paca-pencere-detayli-maxi-dokuma-tulum-twoss24tu00005-p-778052465/yorumlar,Standart Kol,Regular,Dokuma,Siyah,V Yaka,Düz,Kolsuz,Düz,Astarsız,Finike,Business,Smart,Hayır,Uzun,Geniş Paça,Tüm Yaş Grupları,"88% Polyester, ,12% Elastan",,,,,,,,,,,
166,443778372,7409,4.4,,/trendyolmilla/cizgili-dokuma-baglamali-tulum-tbess23tu00015-p-443778372/yorumlar,Standart Kol,Regular,Dokuma,Çok Renkli,V Yaka,Çiçekli,Askılı,Düz,,Shally,Beachwear,Cool & Comfort,Hayır,Mini,Geniş Paça,Tüm Yaş Grupları,100% Viskoz,,,,,Tekli,,,,,,
167,777975663,5842,4.3,,/trendyolmilla/zumrut-yesili-kemerli-kruvaze-yaka-mini-dokuma-tulum-twoss23tu00040-p-777975663/yorumlar,Standart Kol,Regular,Dokuma,Yeşil,Kruvaze,Düz,Kolsuz,Düz,Astarsız,Finike,Gündüz / Gece,Smart,Hayır,Kısa,Boru Paça,Tüm Yaş Grupları,"88% Polyester, ,12% Elastan",Kemerli,Kemerli,Kruvaze,,,,,,,,
168,474625757,33375,4.4,,/trendyolmilla/indigo-beli-buzgu-detayli-genis-paca-maxi-dokuma-tulum-twoss23tu00121-p-474625757/yorumlar,Reglan Kol,Regular,Dokuma,Lacivert,Halter Yaka,Düz,Kolsuz,Düz,Astarsız,Shally,Gündüz / Gece,Smart,Hayır,Uzun,Boru Paça,Tüm Yaş Grupları,100% Viskoz,Büzgü,,,,,,,,,,
169,782027246,7965,4.1,,/trendyolmilla/siyah-reflektor-baski-detayli-ustu-scuba-alti-parasut-kumas-orme-spor-tulum-thmss24tu00001-p-782027246/yorumlar,Kalın Askılı,Relaxed,Örme,Siyah,Havuz Yaka,Düz,Askılı,Düz,,Dalgıç/Scuba,Sportswear,Cool & Comfort,Hayır,Kısa,Geniş Paça,Tüm Yaş Grupları,"94% Polyester, ,6% Elastan",,,Relaxed,,,,,,,,
170,786617601,5424,4.5,,/trendyolmilla/mavi-beli-lastikli-genis-paca-mini-dokuma-tulum-twoss22tu0014-p-786617601/yorumlar,Standart Kol,Regular,Dokuma,Mavi,Gömlek Yaka,Düz,Kısa,Düz,Astarsız,Terrycotton,Casual/Günlük,Cool & Comfort,Hayır,Kısa,Geniş Paça,Tüm Yaş Grupları,"56% Pamuk, ,44% Polyester",Paça,,,,Tekli,,Beli lastikli,,,,
171,797209400,5429,4.5,,/trendyolmilla/lacivert-cikarilabilir-askili-dugme-detayli-maxi-dokuma-tulum-twoss24tu00008-p-797209400/yorumlar,Standart Kol,Regular,Dokuma,Lacivert,Straplez,Düz,Askılı,Düz,Astarsız,Gabardin,Casual/Günlük,Cool & Comfort,Hayır,Uzun,Boru Paça,Tüm Yaş Grupları,100% Pamuk,Düğme,,,%100 Pamuk,,,,,,,
172,370975687,35601,4.5,,/trendyolmilla/siyah-yakasi-firfirli-dokuma-tulum-tprss23tu00013-p-370975687/yorumlar,Standart Kol,Fitted,Dokuma,Siyah,Carmen Yaka,Düz,Kısa,Düz,,Finike,Şık / gece,Feminine,Hayır,Regular,Geniş Paça,Tüm Yaş Grupları,"88% Polyester, ,12% Elastan",Volan / Fırfır,,Basic,,Tekli,,,,,,
173,806534240,4007,4.1,,/trendyolmilla/mor-fiyonk-detayli-tek-kol-dokuma-tulum-tprss24tu00010-p-806534240/yorumlar,Tek Kol,Fitted,Dokuma,Mor,Asimetrik Yaka,Düz,Kolsuz,Düz,,Finike,Şık / gece,Feminine,Hayır,Regular,Geniş Paça,Tüm Yaş Grupları,"88% Polyester, ,12% Elastan",Fiyonk,,,,,,,,,,
174,794281561,3133,4.3,,/trendyolmilla/siyah-kusakli-orme-mixli-mini-dokuma-tulum-twoss24tu00039-p-794281561/yorumlar,Standart Kol,Regular,Dokuma,Siyah,Bisiklet Yaka,Düz,Kolsuz,2 in 1,Astarsız,Aerobin,Casual/Günlük,Cool & Comfort,Hayır,Mini,Geniş Paça,Tüm Yaş Grupları,100% Polyester,,Kuşaklı,,Polyester,,,,,,,
175,776701784,8502,4.5,,/trendyolmilla/haki-kemerli-gomlek-yaka-gabardin-mini-dokuma-tulum-twoss21tu0238-p-776701784/yorumlar,Balon Kol,Regular,Dokuma,Haki,Gömlek Yaka,Düz,Kısa,Düz,Astarsız,Poplin,Casual/Günlük,Cool & Comfort,Hayır,Kısa,Boru Paça,Tüm Yaş Grupları,"70% Polyester, ,30% Pamuk",Kemerli,Kemerli,,Pamuk Polyester,Tekli,,,,,,
176,35497357,44330,4.4,,/trendyolmilla/lacivert-kusakli-kruvaze-yaka-kolsuz-dokuma-tulum-twoss20tu0052-p-35497357/yorumlar,Standart Kol,Regular,Dokuma,Lacivert,Bisiklet Yaka,Düz,Askılı,Düz,,Finike,Business,Office,Hayır,Regular,Boru Paça,Tüm Yaş Grupları,"88% Polyester, ,12% Elastan",Kuşaklı,,Basic,Polyester Karışımlı,Tekli,,,,,,
177,40470328,26809,4.3,,/trendyolmilla/mavi-kruvaze-yaka-genis-paca-dokuma-tulum-twoss20tu0100-p-40470328/yorumlar,Mendil Kol,Relaxed,Dokuma,Mavi,Kruvaze,Düz,Kısa,Düz,Astarsız,Aerobin,Casual/Günlük,Cool & Comfort,Hayır,Uzun,Geniş Paça,Tüm Yaş Grupları,100% Polyester,,,Basic,Polyester,Tekli,,,,,,
178,777976697,4891,4.3,,/trendyolmilla/bordo-ceket-yakali-dugme-detayli-dokuma-tulum-twoss23tu00130-p-777976697/yorumlar,Standart Kol,Regular,Dokuma,Bordo,Ceket Yaka,Düz,Kolsuz,Düz,Astarsız,Finike,Gündüz / Gece,Smart,Hayır,Uzun,Geniş Paça,Tüm Yaş Grupları,"88% Polyester, ,12% Elastan",Düğme,Kemerli,,,,,,,,,
179,782086508,3912,3.8,,/trendyolmilla/bordo-baglama-detayli-kruvaze-yaka-boru-paca-dokuma-tulum-twoss21tu0112-p-782086508/yorumlar,Standart Kol,Regular,Dokuma,Bordo,Kruvaze,Düz,Kısa,Düz,,Aerobin,Casual/Günlük,Cool & Comfort,Hayır,Uzun,Boru Paça,Tüm Yaş Grupları,100% Polyester,Kuşaklı,,Kruvaze,Polyester,,,,,,,
180,137892086,33005,4.6,,/trendyolmilla/siyah-dugmeli-dokuma-tulum-twoaw22tu0238-p-137892086/yorumlar,Standart Kol,Regular,Dokuma,Siyah,Ceket Yaka,Düz,Uzun,Düz,Astarsız,Finike,Business,Office,Hayır,Uzun,Boru Paça,Tüm Yaş Grupları,"88% Polyester, ,12% Elastan",Düğme,,,,,,,,,,
181,379975673,84062,4.5,,/trendyolmilla/indigo-baskili-askili-volanli-sortlu-mini-orme-tulum-twoss23tu00044-p-379975673/yorumlar,Standart Kol,Regular,Örme,Lacivert,Kare Yaka,Puantiyeli,Askılı,Baskılı,,Polyester Kaşkorse,Casual/Günlük,Feminine,Hayır,Kısa,Dar Paça,Tüm Yaş Grupları,"96% Polyester, ,4% Elastan",,,,Örme,,,,,,,
182,458780054,30023,4.5,,/trendyolmilla/cok-renkli-cicek-desenli-cut-out-detayli-mini-astarli-sifon-dokuma-tulum-twoss23tu00113-p-458780054/yorumlar,Balon Kol,Regular,Dokuma,Çok Renkli,V Yaka,Çiçekli,Truvakar Kol,Baskılı,Astarlı,Şifon,Gündüz / Gece,Feminine,Hayır,Kısa,Geniş Paça,Tüm Yaş Grupları,100% Viskoz,Cut outlı,,,,,,Cut Out,,,,
183,798904426,3479,4.9,,/trendyolmilla/beyaz-dantel-detayli-ip-askili-dokuma-tulum-thmss24tu00007-p-798904426/yorumlar,İnce Askılı,Regular,Dokuma,Beyaz,V Yaka,Solid,Askılı,Düz,,Saten,Lounge/Home,Cool & Comfort,Hayır,Kısa,Geniş Paça,Tüm Yaş Grupları,100% Polyester,Dantel/Mesh/File,,,Polyester,,,,,,,
184,102013662,34272,4.4,,/trendyolmilla/indigo-gomlek-yaka-kolsuz-gabardin-dokuma-tulum-twoss21tu0233-p-102013662/yorumlar,Standart Kol,Regular,Dokuma,Lacivert,Gömlek Yaka,Düz,Kolsuz,Düz,Astarsız,Gabardin,Casual/Günlük,Cool & Comfort,Hayır,Maxi,Geniş Paça,Tüm Yaş Grupları,100% Pamuk,,,,%100 Pamuk,,,,,,,
185,784569400,18787,4.8,,/trendyolmilla/mint-cicek-baskili-askili-volanli-sortlu-mini-tulum-twoss23tu00044-p-784569400/yorumlar,Standart Kol,Regular,Örme,Yeşil,Kare Yaka,Puantiyeli,Askılı,Baskılı,,Polyester Kaşkorse,Casual/Günlük,Feminine,Hayır,Kısa,Dar Paça,Tüm Yaş Grupları,"96% Polyester, ,4% Elastan",,,,Örme,,,,,,,
186,35689027,23420,4.1,,/trendyolmilla/siyah-gipe-detayli-genis-paca-dokuma-tulum-twoss20tu0081-p-35689027/yorumlar,Standart Kol,Relaxed,Dokuma,Siyah,V Yaka,Düz,Kısa,Düz,Astarsız,Shally,Casual/Günlük,Cool & Comfort,Hayır,Uzun,Geniş Paça,Tüm Yaş Grupları,100% Viskoz,Gipe,,Basic,Viskon,Tekli,,,,,,
187,828355012,284,,,,Standart Kol,Fitted,Dokuma,Mor,Straplez,Düz,Kolsuz,Düz,,Finike,Şık / gece,Fashion Forward,Hayır,Regular,Geniş Paça,Tüm Yaş Grupları,"85% Polyester, ,15% Elastan",Otriş,,,,,,,,,,
188,785973630,14345,3.4,,/trendyolmilla/camel-gomlek-yaka-beli-buzgu-detayli-gabardin-mini-dokuma-tulum-twoss24tu00011-p-785973630/yorumlar,Standart Kol,Regular,Dokuma,Kahverengi,Gömlek Yaka,Düz,Kısa,Düz,Astarsız,Gabardin,Gündüz / Gece,Fashion Forward,Hayır,Kısa,Boru Paça,Tüm Yaş Grupları,"67% Polyester, ,33% Pamuk",,,,,,,,,,,
189,777968773,4398,4.2,,/trendyolmilla/kiremit-kemerli-kurvaze-yaka-mini-dokuma-tulum-twoss19wx0112-p-777968773/yorumlar,Standart Kol,Regular,Dokuma,Kırmızı,Kruvaze,Düz,Kısa,Düz,Astarsız,Finike,Business,Office,Hayır,Kısa,Geniş Paça,Tüm Yaş Grupları,"88% Polyester, ,12% Elastan",Kemerli,Kemerli,Kruvaze,Polyester,,,,,,,
190,736366649,17666,4.2,,/trendyolmilla/koyu-mavi-kare-yaka-fermuarli-denim-tulum-twoaw24tu00018-p-736366649/yorumlar,Standart Kol,Fitted,Denim,Mavi,Kare Yaka,Düz,Uzun,Düz,,Rigid,Casual/Günlük,Cool & Comfort,Hayır,Regular,Geniş Paça,Tüm Yaş Grupları,100% Pamuk,Fermuar,,,%100 Pamuk,,,Ek Özellik Mevcut Değil,,,Fermuarlı,
191,355592102,20351,4.3,,/trendyolmilla/siyah-dokuma-saten-sort-tulum-tprss23tu00006-p-355592102/yorumlar,Standart Kol,Fitted,Dokuma,Siyah,Kruvaze,Düz,Kolsuz,Düz,,Saten,Şık / gece,Feminine,Hayır,Mini,Geniş Paça,Tüm Yaş Grupları,100% Polyester,,,Kruvaze,Polyester,Tekli,,Ek Özellik Mevcut Değil,,,,
192,4663190,112239,4.4,,/trendyolmilla/siyah-dokuma-uzun-cut-out-pencere-detayli-tulum-twoss19lj0139-p-4663190/yorumlar,Standart Kol,Regular,Dokuma,Siyah,Halter Yaka,Düz,Kolsuz,Düz,Astarsız,Finike,Gündüz / Gece,Smart,Hayır,Uzun,Geniş Paça,Tüm Yaş Grupları,"87% Polyester, ,13% Elastan",Cut Out,,Basic,Polyester Karışımlı,Tekli,,Cut Out,,,,
193,832925943,317,,,,Standart Kol,Regular,Dokuma,Haki,Ceket Yaka,Düz,Uzun,Düz,Astarsız,Finike,Gündüz / Gece,Office,,Kısa,Boru Paça,Tüm Yaş Grupları,"95% Polyester, ,5% Elastan",Fermuar,,,,,,,,,,
194,811072714,14016,4.0,,/trendyolmilla/siyah-kemerli-mini-tulum-twoss24tu00049-p-811072714/yorumlar,Standart Kol,Regular,Dokuma,Siyah,Bisiklet Yaka,Düz,Kısa,Düz,,Finike,Business,Office,Hayır,Kısa,Geniş Paça,Tüm Yaş Grupları,"88% Polyester, ,12% Elastan",Kemerli,,,,,,,,,,
195,792755845,5422,4.5,,/trendyolmilla/siyah-dantel-yaka-detayli-dokuma-tulum-tprss24tu00007-p-792755845/yorumlar,Standart Kol,Fitted,Dokuma,Siyah,V Yaka,Düz,Kısa,Düz,,Dantel,Şık / gece,Feminine,Hayır,Regular,Geniş Paça,Tüm Yaş Grupları,100% Polyester,,,,Polyester,,,,,,,
196,810084587,4944,3.6,,/trendyolmilla/tarcin-cicek-desenli-beli-buzgu-detayli-mini-dokuma-tulum-twoss23tu00121-p-810084587/yorumlar,Reglan Kol,Regular,Dokuma,Kahverengi,Halter Yaka,Düz,Kolsuz,Düz,Astarsız,Shally,Gündüz / Gece,Smart,Hayır,Uzun,Boru Paça,Tüm Yaş Grupları,100% Viskoz,Büzgü,,,,,,,,,,
197,784322954,10276,4.3,,/trendyolmilla/siyah-bol-paca-otrisli-dokuma-tulum-tprss24tu00006-p-784322954/yorumlar,Standart Kol,Fitted,Dokuma,Siyah,Straplez,Düz,Kolsuz,Düz,,Finike,Şık / gece,Fashion Forward,Hayır,Regular,Geniş Paça,Tüm Yaş Grupları,"85% Polyester, ,15% Elastan",Otriş,,,,,,,,,,
198,131457867,118000,4.4,,/trendyolmilla/lacivert-balon-kollu-denim-tulum-twoaw22tu0041-p-131457867/yorumlar,Standart Kol,Regular,Denim,Lacivert,Ceket Yaka,Düz,Uzun,Düz,,Rigid,Casual/Günlük,Cool & Comfort,Hayır,Uzun,Dar Paça,Tüm Yaş Grupları,100% Pamuk,,,,Kumaş,Tekli,,Ek Özellik Mevcut Değil,,,,
199,633281100,23193,4.2,,/trendyolmilla/indigo-baglama-detayli-genis-paca-maxi-dokuma-tulum-twoss23tu00143-p-633281100/yorumlar,Standart Kol,Relaxed,Dokuma,Lacivert,Kalp Yaka,Düz,Askılı,Düz,,Gabardin,Casual/Günlük,Smart,Hayır,Uzun,Geniş Paça,Tüm Yaş Grupları,100% Pamuk,Paça,,Relaxed,%100 Pamuk,,,,,,Fermuarlı,
200,450451307,8646,4.6,,/trendyolmilla/lacivert-sirt-pencere-detayli-melek-kollu-mini-dokuma-tulum-twoss23tu00094-p-450451307/yorumlar,Mendil Kol,Regular,Dokuma,Lacivert,Kruvaze,Düz,Kısa,Düz,Astarsız,Aerobin,Casual/Günlük,Cool & Comfort,Hayır,Kısa,Geniş Paça,Tüm Yaş Grupları,100% Polyester,,,Kruvaze,Polyester,Tekli,,,,,,
201,35631228,15007,4.4,,/trendyolmilla/camel-kruvaze-yaka-genis-paca-dokuma-tulum-twoss20tu0100-p-35631228/yorumlar,Mendil Kol,Relaxed,Dokuma,Kahverengi,Kruvaze,Düz,Kısa,Düz,Astarsız,Aerobin,Casual/Günlük,Cool & Comfort,Hayır,Uzun,Geniş Paça,Tüm Yaş Grupları,100% Polyester,,,Basic,Polyester,Tekli,,,,,,
202,797839672,6395,4.5,,/trendyolmilla/lacivert-fermuarli-dokuma-sort-etek-tulum-twoss24tu00043-p-797839672/yorumlar,Standart Kol,Regular,Dokuma,Lacivert,Kare Yaka,Düz,Askılı,Düz,Astarsız,Finike,Gündüz / Gece,Smart,,Kısa,Geniş Paça,Tüm Yaş Grupları,"95% Polyester, ,5% Elastan",Fermuar,,,,,,,,,,
203,381004015,6531,4.5,,/trendyolmilla/tarcin-orme-pencere-cut-out-detayli-pariltili-tulum-tprss23tu00017-p-381004015/yorumlar,Standart Kol,Fitted,Örme,Kahverengi,Kalp Yaka,Düz,Askılı,Düz,,Buzzy,Şık / gece,Fashion Forward,Hayır,Uzun,Geniş Paça,Tüm Yaş Grupları,"95% Polyester, 5% Elastan",Cut Out,,,Örme,Tekli,,Cut Out,,,,
204,823687902,117,,,,Standart Kol,Regular,Dokuma,Yeşil,Kruvaze,Düz,Kısa,Düz,Astarsız,Finike,Business,Office,Hayır,Kısa,Geniş Paça,Tüm Yaş Grupları,"88% Polyester, ,12% Elastan",Kemerli,Kemerli,Kruvaze,Polyester,,,,,,,
205,784308477,9390,4.2,,/trendyolmilla/antrasit-vucuda-oturan-dokuma-pariltili-tulum-tprss24tu00005-p-784308477/yorumlar,Standart Kol,Fitted,Dokuma,Gri,Straplez,Düz,Kolsuz,Düz,,Metalik Kumaş,Şık / gece,Fashion Forward,Hayır,Regular,Geniş Paça,Tüm Yaş Grupları,"75% Viskoz, 19% Polyester, 6% Elastan",,,,,,,,,,,
206,812054789,3018,4.7,,/trendyolmilla/beyaz-dokuma-korse-detayli-dokuma-dugun-nikah-tulum-tprss24tu00002-p-812054789/yorumlar,Standart Kol,Fitted,Dokuma,Beyaz,Straplez,Düz,Kolsuz,Düz,,Finike,Şık / gece,Fashion Forward,Hayır,Regular,Geniş Paça,Tüm Yaş Grupları,"87% Polyester, ,13% Elastan",,,,,,,,,,,
207,379949216,2118,3.8,,/trendyolmilla/siyah-orme-pencere-cut-out-detayli-tulum-tprss23tu00019-p-379949216/yorumlar,Standart Kol,Fitted,Örme,Siyah,Bisiklet Yaka,Düz,Askılı,Düz,,Sandy,Şık / gece,Fashion Forward,Hayır,Standart,Dar Paça,Tüm Yaş Grupları,"97% Polyester, 3% Elastan",Cut Out / Volan,,,,Tekli,,Cut Out,,,,
208,795256056,17137,4.8,,/trendyolmilla/siyah-bol-paca-astarsiz-dokuma-tulum-tprss24tu00008-p-795256056/yorumlar,Standart Kol,Fitted,Dokuma,Siyah,V Yaka,Düz,Kolsuz,Düz,,Finike,Düğün/Nikah,Fashion Forward,Hayır,Uzun,Boru Paça,Tüm Yaş Grupları,"88% Polyester, ,12% Elastan",,,,,,,,,,,
209,777977276,5279,4.1,,/trendyolmilla/gri-straplez-renk-bloklu-mini-dokuma-sort-tulum-twoss23tu00131-p-777977276/yorumlar,Standart Kol,Slim,Dokuma,Gri,Straplez,Düz,Kolsuz,Düz,Astarsız,Finike,Gündüz / Gece,Smart,Hayır,Kısa,Geniş Paça,Tüm Yaş Grupları,"88% Polyester, ,12% Elastan",,,,,,,,,,,
210,43872615,82176,4.0,,/trendyolmilla/lacivert-baglama-detayli-dokuma-tulum-twoaw21tu0011-p-43872615/yorumlar,Standart Kol,Regular,Dokuma,Lacivert,Dik Yaka,Düz,Uzun,Düz,Astarsız,Gabardin,Gündüz / Gece,Fashion Forward,Hayır,Uzun,Lastikli Paça,Tüm Yaş Grupları,100% Pamuk,,,Basic,%100 Pamuk,Tekli,,Ek Özellik Mevcut Değil,,,,
211,791362613,3103,3.5,,/trendyolmilla/haki-kemerli-kruvaze-yaka-kolsuz-maxi-dokuma-tulum-twoss24tu00029-p-791362613/yorumlar,Standart Kol,Regular,Dokuma,Haki,Bisiklet Yaka,Düz,Kısa,Düz,Astarsız,Aerobin,Casual/Günlük,Cool & Comfort,Hayır,Uzun,Geniş Paça,Tüm Yaş Grupları,100% Polyester,Kemerli,Kemerli,,Polyester,,,,,,,
212,217159575,21002,4.5,,/trendyolmilla/siyah-baglama-detayli-askili-mini-dokuma-tulum-twoss22tu0300-p-217159575/yorumlar,Standart Kol,Regular,Dokuma,Siyah,V Yaka,Düz,Askılı,Düz,Astarsız,Aerobin,Casual/Günlük,Cool & Comfort,Hayır,Kısa,Geniş Paça,Tüm Yaş Grupları,"86% Viskoz, 14% Poliamid",Kuşaklı,,,Viskon Karışımlı,Tekli,Young,Ek Özellik Mevcut Değil,,,,
213,712901059,3187,4.5,,/trendyolmilla/murdum-kemerli-kruvaze-yaka-dokuma-tulum-twoaw23tu00017-p-712901059/yorumlar,Standart Kol,Regular,Dokuma,Mor,Ceket Yaka,Düz,Uzun,Düz,,Finike,Business,Office,Hayır,Uzun,Dar Paça,Tüm Yaş Grupları,"95% Polyester, ,5% Elastan",Kemerli,Kemerli,,,,,,,,,
214,748548113,25940,4.6,,/trendyolmilla/siyah-kemerl-ceket-yaka-fermuar-detayli-mini-dokuma-tulum-twoaw24tu00034-p-748548113/yorumlar,Standart Kol,Regular,Dokuma,Siyah,Ceket Yaka,Düz,Uzun,Düz,Astarsız,Finike,Gündüz / Gece,Office,,Kısa,Boru Paça,Tüm Yaş Grupları,"95% Polyester, ,5% Elastan",Fermuar,,,,,,,,,,
215,388321968,3176,4.3,,/trendyolmilla/tarcin-orme-pencere-cut-out-detayli-dokulu-kendinden-desenli-tulum-tprss23tu00034-p-388321968/yorumlar,Standart Kol,Fitted,Örme,Kahverengi,Asimetrik Yaka,Düz,Kolsuz,Düz,,Jakar,Şık / gece,Feminine,Hayır,Uzun,Geniş Paça,Tüm Yaş Grupları,100% Polyester,Birden Fazla Cut-Out,,,Polyester,Tekli,,Cut Out,,,,
216,746130020,8234,4.5,,/trendyolmilla/siyah-kemerli-cep-detayli-denim-tulum-twoaw24tu00030-p-746130020/yorumlar,Standart Kol,Regular,Denim,Siyah,Halter Yaka,Düz,Uzun,Düz,,Rigid,Casual/Günlük,Fashion Forward,Hayır,Uzun,Geniş Paça,Tüm Yaş Grupları,100% Pamuk,Kemerli,,,%100 Pamuk,,,,,,,
217,822774324,696,5.0,,/trendyolmilla/indigo-kargo-cepli-straplez-yaka-maxi-dokuma-tulum-twoss23tu00192-p-822774324/yorumlar,Standart Kol,Regular,Dokuma,Lacivert,Straplez,Düz,Kolsuz,Düz,Astarsız,Gabardin,Gündüz / Gece,Fashion Forward,Hayır,Uzun,Geniş Paça,Tüm Yaş Grupları,100% Pamuk,Cep,,,%100 Pamuk,Tekli,,,,,,
218,818415839,856,3.3,,/trendyolmilla/kahverengi-ekstra-toparlayici-ayarlanabilir-askili-destekli-orme-spor-tulum-thmss24tu00005-p-818415839/yorumlar,İnce Askılı,Fitted,Örme,Kahverengi,Havuz Yaka,Düz,Askılı,Düz,,Dalgıç/Scuba,Sportswear,Cool & Comfort,Hayır,Uzun,Geniş Paça,Tüm Yaş Grupları,"82% Polyester, ,18% Elastan",,,,,,,,Kaplı,,,
219,379957911,4859,4.4,,/trendyolmilla/siyah-dokuma-tulum-tprss23tu00021-p-379957911/yorumlar,Standart Kol,Fitted,Dokuma,Siyah,Straplez,Düz,Askılı,Düz,,Finike,Şık / gece,Fashion Forward,Hayır,Uzun,Geniş Paça,Tüm Yaş Grupları,"88% Polyester, 12% Elastan",Birden Fazla Cut-Out,,,,Tekli,,Cut Out,,,,
220,815844358,6149,4.0,,/trendyolmilla/siyah-otrisli-dokuma-tulum-tprss24tu00012-p-815844358/yorumlar,Standart Kol,Fitted,Dokuma,Siyah,Kruvaze,Düz,Uzun,Düz,,Finike,Şık / gece,Fashion Forward,Hayır,Regular,Boru Paça,Tüm Yaş Grupları,"85% Polyester, ,15% Elastan",Otriş,,Kruvaze,,,,,,,,
221,777605644,6859,4.3,,/trendyolmilla/siyah-pencere-cut-out-detayli-dokuma-tulum-tprss24tu00000-p-777605644/yorumlar,Standart Kol,Fitted,Dokuma,Siyah,V Yaka,Düz,Askılı,Düz,,Finike,Şık / gece,Smart,Hayır,Regular,Boru Paça,Tüm Yaş Grupları,"88% Polyester, 12% Elastan",Cut Out,,,,,,Cut Out,,,,
222,776228728,9834,4.2,,/trendyolmilla/acik-bej-kemerli-gomlek-yaka-cep-detayli-maxi-dokuma-tulum-twoss24tu00004-p-776228728/yorumlar,Standart Kol,Regular,Dokuma,Kahverengi,Gömlek Yaka,Düz,Kısa,Düz,Astarsız,Gabardin,Casual/Günlük,Cool & Comfort,Hayır,Uzun,Boru Paça,Tüm Yaş Grupları,100% Pamuk,Kemerli,Kemerli,,%100 Pamuk,,,,,,,
223,772441332,9964,4.6,,/trendyolmilla/yesil-mini-sort-etekli-kemer-detayli-dokuma-tulum-twoss23tu00085-p-772441332/yorumlar,Standart Kol,Regular,Dokuma,Yeşil,Bisiklet Yaka,Düz,Kolsuz,Düz,Astarsız,Finike,Gündüz / Gece,Smart,Hayır,Kısa,Geniş Paça,Tüm Yaş Grupları,"88% Polyester, ,12% Elastan",Kemerli,,,,,,,,,,
224,379183028,12275,4.3,,/trendyolmilla/bej-v-yaka-gogus-lastik-detayli-ip-askili-viskon-dokuma-tulum-thmss23tu00012-p-379183028/yorumlar,Askılı,Regular,Örme,Bej,V Yaka,Düz,Askılı,Düz,,Flamlı Pamuk,Lounge/Home,Cool & Comfort,Hayır,Kısa,Boru Paça,Tüm Yaş Grupları,100% Viskoz,,,,Viskon,Tekli,,,,,,
225,320152593,33761,4.2,,/trendyolmilla/siyah-renk-bloklu-beli-buzgulu-uzun-dokuma-tulum-twoaw21tu0011-p-320152593/yorumlar,Standart Kol,Regular,Dokuma,Lacivert,Dik Yaka,Düz,Uzun,Düz,Astarsız,Gabardin,Gündüz / Gece,Fashion Forward,Hayır,Uzun,Lastikli Paça,Tüm Yaş Grupları,100% Pamuk,,,Basic,%100 Pamuk,Tekli,,Ek Özellik Mevcut Değil,,,,
226,309282957,38801,4.6,,/trendyolmilla/mavi-bel-detayli-denim-tulum-twoaw23tu00065-p-309282957/yorumlar,Standart Kol,Regular,Denim,Mavi,Gömlek Yaka,Düz,Uzun,Düz,,Twill,Casual/Günlük,Cool & Comfort,Hayır,Uzun,Boru Paça,Tüm Yaş Grupları,100% Pamuk,,,,,,,,,,,
227,279784106,32794,4.2,,/trendyolmilla/kemerli-kruvaze-yaka-dokuma-tulum-twoaw23tu00017-p-279784106/yorumlar,Standart Kol,Regular,Dokuma,Siyah,Ceket Yaka,Düz,Uzun,Düz,,Finike,Business,Office,Hayır,Uzun,Dar Paça,Tüm Yaş Grupları,"95% Polyester, ,5% Elastan",Kemerli,Kemerli,,,,,,,,,
228,148735486,24392,4.6,,/trendyolmilla/limited-edition-indigo-suni-deri-dokuma-tulum-twoaw22tu0322-p-148735486/yorumlar,Standart Kol,Fitted,Dokuma,Lacivert,Gömlek Yaka,Düz,Uzun,Düz,,Suni Deri,Gündüz / Gece,Fashion Forward,Hayır,Kısa,Boru Paça,Tüm Yaş Grupları,100% Poliüretan,Suni Deri,,,Suni Deri,,,,,,,
229,792779516,27251,4.6,,/trendyol-curve/siyah-askili-volanli-sortlu-mini-orme-tulum-tbbss24bg00000-p-792779516/yorumlar,Standart Kol,Fitted,Örme,Siyah,Kare Yaka,Puantiyeli,Askılı,,,Kaşkorse,Casual/Günlük,Feminine,Hayır,Kısa,,Tüm Yaş Grupları,"96% Polyester, ,4% Elastan",,,Eteği Fırfırlı,,,,,,,,
230,705084159,24120,4.4,,/trendyol-curve/siyah-kemerli-dokuma-tulum-tbbss23bg00004-p-705084159/yorumlar,Standart Kol,Regular,Dokuma,Siyah,Bisiklet Yaka,Düz,Kısa,,,Krep,Casual/Günlük,Cool & Comfort,Hayır,Uzun,,Tüm Yaş Grupları,"96% Polyester, ,4% Elastan",,,Basic,,,,,,,,
231,193210569,60068,4.4,,/trendyol-curve/siyah-bel-detayli-tulum-tbbss22bg0017-p-193210569/yorumlar,Standart Kol,Relaxed,Dokuma,Siyah,V Yaka,Düz,Kısa,,Astarsız,Shally,Casual/Günlük,Cool & Comfort,Hayır,Uzun,Geniş Paça,Tüm Yaş Grupları,"82% Viskoz, ,18% Poliamid",,Kemersiz,Basic,Dokuma,Tekli,Büyük Beden,Beli lastikli,,Cepsiz,,Kordonsuz
232,215403564,25566,4.4,,/trendyol-curve/siyah-kemerli-tulum-tbbss22tu0160-p-215403564/yorumlar,Düşük Kol,Regular,Dokuma,Siyah,Kruvaze,Düz,Kısa,,Astarsız,Krep,Casual/Günlük,Cool & Comfort,Hayır,Uzun,Regular,Tüm Yaş Grupları,100% Polyester,,Kuşaklı,Kruvaze,Polyester,Tekli,Büyük Beden,Ek Özellik Mevcut Değil,,Cepsiz,,
233,814838453,1502,4.6,,/trendyol-modest/siyah-belde-inci-detayli-bol-paca-dokuma-tulum-tctss24tl00005-p-814838453/yorumlar,Standart Kol,Flare,Dokuma,Siyah,V Yaka,Düz,Kolsuz,,,Finike,Gündüz / Gece,Fashion Forward,Hayır,Uzun,ispanyol paça,Tüm Yaş Grupları,"86% Polyester, ,14% Elastan",,,,,,,,,,,
234,814456616,7278,4.8,,/trendyol-curve/cok-renkli-askili-volanli-sortlu-mini-orme-tulum-tbbss24bg00000-p-814456616/yorumlar,Standart Kol,Fitted,Örme,Çok Renkli,Kare Yaka,Puantiyeli,Askılı,,,Kaşkorse,Casual/Günlük,Feminine,Hayır,Kısa,,Tüm Yaş Grupları,"96% Polyester, ,4% Elastan",,,Eteği Fırfırlı,,,,,,,,
235,214970538,23121,4.2,,/trendyol-curve/siyah-kusakli-bol-paca-dokuma-tulum-tbbss22tu0161-p-214970538/yorumlar,Standart Kol,Regular,Dokuma,Siyah,V Yaka,Düz,Kısa,,Astarsız,Queen Crep,Casual/Günlük,Cool & Comfort,Hayır,Uzun,Düz Paça,Tüm Yaş Grupları,100% Viskoz,,Kuşaklı,Basic,Viskon,Tekli,Büyük Beden,Ek Özellik Mevcut Değil,,,,
236,676416696,17214,4.2,,/trendyol-curve/siyah-cicek-desenli-dokuma-tulum-tbbss23bg00002-p-676416696/yorumlar,Standart Kol,Regular,Dokuma,Siyah,V Yaka,Puantiyeli,Kolsuz,,,Shally,Casual/Günlük,Cool & Comfort,Hayır,Uzun,,Tüm Yaş Grupları,100% Viskoz,,,Basic,,,,,,,,
237,204856363,55055,4.1,,/trendyol-modest/siyah-kalin-askili-dugme-detayli-genis-paca-dokuma-tulum-tctss22tl0008-p-204856363/yorumlar,Standart Kol,Regular,Dokuma,Siyah,Kare Yaka,Düz,Uzun,,,Terrycotton,Casual/Günlük,Cool & Comfort,Hayır,Uzun,Geniş Paça,Tüm Yaş Grupları,"56% Pamuk, ,44% Polyester",,,,Pamuk Polyester,,Tesettür Giyim,,,,,
238,371812877,14021,4.4,,/trendyol-curve/siyah-dokuma-v-yaka-tulum-tbbss23ah00008-p-371812877/yorumlar,Düşük Kol,Relaxed,Dokuma,Siyah,V Yaka,Düz,Kısa,,,Shally,Casual/Günlük,Cool & Comfort,Hayır,Kısa,Geniş Paça,Tüm Yaş Grupları,100% Polyester,,,Shift,Polyester,2'li,,,,,,
239,819346081,2041,3.0,,/trendyol-modest/lacivert-kalin-askili-dugme-detayli-genis-paca-dokuma-tulum-tctss22tl0008-p-819346081/yorumlar,Standart Kol,Regular,Dokuma,Lacivert,Kare Yaka,Düz,Uzun,,,Terrycotton,Casual/Günlük,Cool & Comfort,Hayır,Uzun,Geniş Paça,Tüm Yaş Grupları,"56% Pamuk, ,44% Polyester",,,,Pamuk Polyester,,Tesettür Giyim,,,,,
240,823580747,7419,4.5,,/trendyol-curve/siyah-kemerli-dokuma-tulum-tbbss24bg00003-p-823580747/yorumlar,Standart Kol,Regular,Dokuma,Siyah,Bisiklet Yaka,Düz,Kısa,,,Krep,Casual/Günlük,Cool & Comfort,Hayır,Uzun,,Tüm Yaş Grupları,"96% Polyester, ,4% Elastan",,,Basic,,,,,,,,
241,773095702,7995,3.0,,/trendyol-modest/siyah-aerobin-sifon-dokuma-tulum-tctss24tl00004-p-773095702/yorumlar,İspanyol Kol,A-line,Dokuma,Siyah,Bisiklet Yaka,Düz,Uzun,,,Şifon,Casual/Günlük,Cool & Comfort,Hayır,Regular,Geniş Paça,Tüm Yaş Grupları,100% Polyester,,,,,2'li,,,,,,
242,90576294,118332,4.4,,/trendyol-modest/siyah-bisiklet-yaka-belden-lastikli-rahat-kesim-genis-paca-keten-gorunumlu-tulum-tctss21tu0206-p-90576294/yorumlar,Standart Kol,Regular,Dokuma,Siyah,Bisiklet Yaka,Düz,Uzun,,Astarsız,Keten Aerobin,Lounge/Home,Cool & Comfort,Hayır,Uzun,Geniş Paça,Tüm Yaş Grupları,"85% Viskoz, ,15% Poliamid",Lastikli Bel,Kuşaklı,,Pamuklu,Tekli,Tesettür Giyim,,,Cepsiz,Düğmeli,Kordonsuz
243,814838432,3480,4.0,,/trendyol-modest/pembe-belde-inci-detayli-bol-paca-dokuma-tulum-tctss24tl00005-p-814838432/yorumlar,Standart Kol,Flare,Dokuma,Pembe,V Yaka,Düz,Kolsuz,,,Finike,Gündüz / Gece,Fashion Forward,Hayır,Uzun,ispanyol paça,Tüm Yaş Grupları,"86% Polyester, ,14% Elastan",,,,,,,,,,,
244,196511412,58039,4.3,,/trendyol-curve/siyah-kusakli-dokuma-tulum-tbbss22tu0184-p-196511412/yorumlar,Standart Kol,Regular,Dokuma,Siyah,V Yaka,Düz,Kısa,,Astarsız,Shally,Casual/Günlük,Feminine,Hayır,Kısa,Geniş Paça,Tüm Yaş Grupları,100% Viskoz,,Kuşaklı,A-line,Dokuma,2'li,Büyük Beden,,,Cepsiz,,Kordonsuz
245,818087377,483,1.0,,/trendyol-modest/siyah-aksesuar-detayli-kruvaze-kesim-dokuma-tulum-tctss24tl00007-p-818087377/yorumlar,Standart Kol,Shift,Dokuma,Siyah,Bisiklet Yaka,Düz,Uzun,,,Finike,Business,Cool & Comfort,Hayır,Uzun,Geniş Paça,Tüm Yaş Grupları,"88% Polyester, ,12% Elastan",,,,,,,,,,,
246,813524071,2041,2.6,,/trendyol-curve/siyah-u-yaka-scuba-orme-tulum-tbbss24bg00001-p-813524071/yorumlar,Standart Kol,Fitted,Örme,Siyah,U Yaka,Düz,Askılı,,,Dalgıç/Scuba,Sportswear,Cool & Comfort,Hayır,Regular,,Tüm Yaş Grupları,"82% Polyester, ,18% Elastan",,,Basic,,,,,,,,
