,ID,FAVORITE_COUNT,RATING_DETAIL,DELIVERY_DATE,PROFF_LINK,Kumaş Tipi,Kalıp,Desen,Yaka Tipi,Renk,Yaş,Kol Tipi,Kalınlık,Ürün Tipi,Kol Boyu,Boy,Siluet,Ortam,Dokuma Tipi,Persona,Sürdürülebilirlik Detayı,Materyal Bileşeni,Materyal,Ek Özellik,Cep,Kemer/Kuşak Durumu,Ürün Detayı,Koleksiyon,Paket İçeriği,Stil
0,782370858,25028,4.3,,/trendyolmilla/siyah-crop-premium-ozel-iplik-yelek-gorunumlu-triko-twoss24sv00005-p-782370858/yorumlar,Triko,Slim,Düz,Polo Yaka,Siyah,Tüm Yaş Grupları,Standart Kol,Orta,Düz,Kolsuz,Crop,Basic,Casual/Günlük,Dolu İğne,Cool & Comfort,Hayır,"65% Viskoz, ,35% Poliamid",,,,,,,,
1,775935365,4721,4.5,,/trendyolmilla/vizon-crop-triko-suveter-p-775935365/yorumlar?boutiqueId=637922&merchantId=968&v=s-m,Triko,Fitted,Düz,Polo Yaka,Kahverengi,Tüm Yaş Grupları,Standart Kol,,Düz,Kolsuz,Crop,Basic,Casual/Günlük,Tek Plaka,Cool & Comfort,Hayır,100% Akrilik,Akrilik,,,,,,,
2,126873918,189057,4.6,,/trendyolmilla/tas-crop-triko-suveter-twoaw22sv0058-p-126873918/yorumlar,Triko,Regular,Saç Örgü,Bisiklet Yaka,Gri,Tüm Yaş Grupları,Standart Kol,Orta,Düz,Kolsuz,Crop,Basic,Casual/Günlük,Çift Plaka,Cool & Comfort,Hayır,100% Akrilik,Akrilik,Bağcıklı,Cepsiz,Kemersiz,,,,
3,782563470,1192,4.4,,/trendyolmilla/ekru-agraf-detayli-triko-suveter-twoss24sv00003-p-782563470/yorumlar,Triko,Regular,Düz,V Yaka,Ekru,Tüm Yaş Grupları,Standart Kol,Kalın,Düz,Kolsuz,Regular,Basic,Casual/Günlük,Tek Plaka,Cool & Comfort,Hayır,100% Polyester,Polyester,,,,,,,
4,235904938,170878,4.7,,/trendyolmilla/bej-fermuarli-cizgili-triko-suveter-twoaw23sv0007-p-235904938/yorumlar,Triko,Regular,Çizgili,Polo Yaka,Bej,Tüm Yaş Grupları,Standart Kol,Orta,Düz,Kolsuz,Regular,Basic,Casual/Günlük,Selanik,Cool & Comfort,Hayır,100% Akrilik,Akrilik,,,,Fermuar,,,
5,782208755,2709,3.8,,/trendyolmilla/siyah-crop-premium-iplik-ozel-iplik-yelek-gorunumlu-triko-suveter-twoss24sv00004-p-782208755/yorumlar,Triko,Slim,Düz,Polo Yaka,Siyah,Tüm Yaş Grupları,Standart Kol,Orta,Düz,Kolsuz,Crop,Basic,Casual/Günlük,Dolu İğne,Cool & Comfort,Hayır,"60% Viskoz, ,40% Polyester",,,,,,,,
6,122570196,36360,4.6,,/trendyolmilla/lila-crop-v-yaka-triko-suveter-twoaw22bz0047-p-122570196/yorumlar,Triko,Regular,Baklava,V Yaka,Mor,Tüm Yaş Grupları,Standart Kol,Orta,Düz,Kolsuz,Crop,Basic,Casual/Günlük,Pike,Cool & Comfort,Hayır,100% Akrilik,Akrilik,,Cepsiz,Kemersiz,Düğme,,,
7,122573206,42928,4.7,,/trendyolmilla/tas-v-yaka-cicek-desenli-triko-suveter-twoaw22bz0024-p-122573206/yorumlar,Triko,Regular,Çiçekli,V Yaka,Gri,Tüm Yaş Grupları,Standart Kol,Orta,Düz,Kolsuz,Regular,Basic,Casual/Günlük,Pike,Fashion Forward,Hayır,100% Akrilik,Akrilik,,Cepsiz,Kemersiz,,,,
8,235904935,111717,4.7,,/trendyolmilla/antrasit-fermuarli-cizgili-triko-suveter-twoaw23sv0007-p-235904935/yorumlar,Triko,Regular,Çizgili,Polo Yaka,Gri,Tüm Yaş Grupları,Standart Kol,Orta,Düz,Kolsuz,Regular,Basic,Casual/Günlük,Selanik,Cool & Comfort,Hayır,100% Akrilik,Akrilik,,,,Fermuar,,,
9,654147147,116728,4.7,,/trendyolmilla/tas-crop-bisiklet-yaka-triko-suveter-twoaw24sv00005-p-654147147/yorumlar,Triko,Regular,Düz,Bisiklet Yaka,Gri,Tüm Yaş Grupları,Standart Kol,Orta,Düz,Kolsuz,Crop,Basic,Casual/Günlük,Tek Plaka,Cool & Comfort,Hayır,100% Akrilik,Akrilik,,,,,,,
10,641209221,66093,4.7,,/trendyolmilla/pembe-crop-v-yaka-triko-suveter-twoaw22bz0060-p-641209221/yorumlar,Triko,Regular,Saç Örgü,V Yaka,Pembe,Tüm Yaş Grupları,Standart Kol,Orta,Düz,Kolsuz,Crop,Basic,Casual/Günlük,Çift Plaka,Cool & Comfort,Hayır,100% Akrilik,Akrilik,,,Kemersiz,,,,
11,782379610,4113,4.3,,/trendyolmilla/tas-crop-ajurlu-delikli-triko-suveter-twoss24sv00008-p-782379610/yorumlar,Triko,Regular,Ajurlu,V Yaka,Bej,Tüm Yaş Grupları,Standart Kol,Orta,Düz,Askılı,Crop,Basic,Casual/Günlük,Tek Plaka,Cool & Comfort,Hayır,100% Polyester,Polyester,,,,,,,
12,134247835,60751,4.6,,/trendyolmilla/lacivert-crop-v-yaka-triko-suveter-twoaw22bz0047-p-134247835/yorumlar,Triko,Regular,Baklava,V Yaka,Lacivert,Tüm Yaş Grupları,Standart Kol,Orta,Düz,Kolsuz,Crop,Basic,Casual/Günlük,Pike,Cool & Comfort,Hayır,100% Akrilik,Akrilik,,Cepsiz,Kemersiz,Düğme,,,
13,235413616,57954,4.7,,/trendyolmilla/tas-nakis-detayli-triko-suveter-twoaw23sv00025-p-235413616/yorumlar,Triko,Regular,Nakışlı / İşlemeli,V Yaka,Gri,Tüm Yaş Grupları,Standart Kol,Orta,Düz,Kolsuz,Regular,Basic,Casual/Günlük,Tek Plaka,Feminine,Hayır,100% Akrilik,Akrilik,,,Kemersiz,,,,
14,775935366,3217,4.4,,/trendyolmilla/siyah-crop-triko-suveter-p-775935366/yorumlar?boutiqueId=637922&merchantId=968&v=s-m,Triko,Fitted,Düz,Polo Yaka,Siyah,Tüm Yaş Grupları,Standart Kol,,Düz,Kolsuz,Crop,Basic,Casual/Günlük,Tek Plaka,Cool & Comfort,Hayır,100% Akrilik,Akrilik,,,,,,,
15,126873916,26651,4.7,,/trendyolmilla/antrasit-crop-triko-suveter-twoaw22sv0058-p-126873916/yorumlar,Triko,Regular,Saç Örgü,Bisiklet Yaka,Gri,Tüm Yaş Grupları,Standart Kol,Orta,Düz,Kolsuz,Crop,Basic,Casual/Günlük,Çift Plaka,Cool & Comfort,Hayır,100% Akrilik,Akrilik,Bağcıklı,Cepsiz,Kemersiz,,,,
16,129480831,35485,4.1,,/trendyol-modest/kirmizi-cizgili-v-yaka-triko-suveter-tctaw22uv0021-p-129480831/yorumlar,Triko,Fitted,Çizgili,V Yaka,Kırmızı,Tüm Yaş Grupları,Standart Kol,Kalın,,Kolsuz,Regular,Tunik,Casual/Günlük,Jakar,Cool & Comfort,Hayır,100% Akrilik,Akrilik,Ek Özellik Mevcut Değil,,,,Tesettür Giyim,Tekli,
17,98139570,56291,4.7,,/trendyolmilla/taba-yumusak-dokulu-triko-suveter-twoaw22bz0033-p-98139570/yorumlar,Triko,Regular,Saç Örgü,V Yaka,Kahverengi,Tüm Yaş Grupları,Standart Kol,Orta,Düz,Kolsuz,Regular,Basic,Casual/Günlük,Çift Plaka,Cool & Comfort,Hayır,"80% Akrilik, ,20% Polyester",Akrilik,,,,,,Tekli,
18,251824938,80712,4.6,,/trendyolmilla/siyah-crop-triko-suveter-twoaw22sv0058-p-251824938/yorumlar,Triko,Regular,Saç Örgü,Bisiklet Yaka,Siyah,Tüm Yaş Grupları,Standart Kol,Orta,Düz,Kolsuz,Crop,Basic,Casual/Günlük,Çift Plaka,Cool & Comfort,Hayır,100% Akrilik,Akrilik,Bağcıklı,Cepsiz,Kemersiz,,,,
19,50114571,94535,4.6,,/trendyolmilla/siyah-crop-v-yaka-triko-suveter-twoaw21bz0135-p-50114571/yorumlar,Triko,Regular,Renk Bloklu,V Yaka,Siyah,Tüm Yaş Grupları,Standart Kol,Orta,Düz,Kolsuz,Crop,Basic,Casual/Günlük,Selanik,Cool & Comfort,Hayır,100% Akrilik,Akrilik,,Cepsiz,Kemersiz,,,,
20,123028925,84846,4.7,,/trendyolmilla/lila-v-yaka-geometrik-desenli-triko-suveter-twoaw22bz0051-p-123028925/yorumlar,Triko,Regular,Geometrik,V Yaka,Mor,Tüm Yaş Grupları,Standart Kol,Orta,Düz,Kolsuz,Regular,Basic,Casual/Günlük,Pike,Cool & Comfort,Hayır,100% Akrilik,Akrilik,,,Kemersiz,,,,
21,259304297,66230,4.6,,/trendyol-modest/kahverengi-fermuarli-yaka-yanlari-baglama-detayli-triko-suveter-tctaw22uv0009-p-259304297/yorumlar,Triko,Regular,Düz,Dik Yaka,Kahverengi,Tüm Yaş Grupları,Düşük Kol,Orta,,Uzun,Midi,Tunik,Casual/Günlük,Selanik,Smart,Hayır,100% Akrilik,Akrilik,Ek Özellik Mevcut Değil,,Kemersiz,Yandan Bağlamalı,Tesettür Giyim,Tekli,
22,132349407,32164,4.4,,/trendyol-modest/gri-yakasi-serit-detayli-triko-suveter-tctaw22uv0002-p-132349407/yorumlar,Triko,Relaxed,Renk Bloklu,V Yaka,Gri,Tüm Yaş Grupları,Düşük Kol,İnce,,Kolsuz,Midi,Tunik,Casual/Günlük,Jakar,Cool & Comfort,Hayır,100% Akrilik,Akrilik,Ek Özellik Mevcut Değil,,,,Tesettür Giyim,Tekli,
23,53777626,23046,4.7,,/trendyolmilla/camel-kendinden-desenli-bisiklet-yaka-triko-suveter-twoaw21bz0447-p-53777626/yorumlar,Triko,Regular,Saç Örgü,Bisiklet Yaka,Kahverengi,Tüm Yaş Grupları,Standart Kol,Orta,Düz,Kolsuz,Regular,Basic,Casual/Günlük,Çift Plaka,Cool & Comfort,Hayır,100% Akrilik,Akrilik,,,Kemersiz,,,,
24,40983071,30530,4.6,,/trendyolmilla/camel-oversize-yaka-detayli-triko-suveter-p-40983071/yorumlar,Triko,Oversize,Renk Bloklu,V Yaka,Kahverengi,Tüm Yaş Grupları,Standart Kol,Orta,Düz,Kolsuz,Regular,Basic,Casual/Günlük,Selanik,Cool & Comfort,Hayır,"80% Akrilik, ,20% Polyester",Akrilik,,Cepsiz,Kemersiz,,,,
25,823702640,,,,,Triko,Regular,Düz,Bisiklet Yaka,Haki,,Standart Kol,,,Kısa,Regular,Basic,Casual/Günlük,Selanik,Cool & Comfort,,100% Akrilik,,,,,Yandan Bağlamalı,Tesettür Giyim,,
26,816999613,,,,,Triko,Relaxed,Ajurlu,V Yaka,Bej,,Standart Kol,,,Kısa,Regular,Tunik,Casual/Günlük,Ajur,Feminine,,100% Akrilik,,Yırtmaçlı,,,Aplike,Tesettür Giyim,,
27,814797681,,,,,Triko,Relaxed,Düz,Bisiklet Yaka,Bej,,Standart Kol,,,Kısa,Regular,Tunik,Casual/Günlük,Tek Plaka,Cool & Comfort,,100% Akrilik,,Ek Özellik Mevcut Değil,,,Fırfırlı,,,
28,121938612,33060,4.6,,/trendyolmilla/tas-genis-kalip-yunlu-kemerli-triko-suveter-twoaw22bz0031-p-121938612/yorumlar,Triko,Oversize,Saç Örgü,Dik Yaka,Gri,Tüm Yaş Grupları,Standart Kol,Orta,Düz,Kolsuz,Regular,Basic,Casual/Günlük,Çift Plaka,Cool & Comfort,Hayır,100% Akrilik,Akrilik,,Cepsiz,Kuşaklı,,,,
29,115463137,21852,4.5,,/trendyolmilla/gri-genis-kalip-yumusak-dokulu-renk-bloklu-triko-suveter-twoaw21bz0014-p-115463137/yorumlar,Triko,Oversize,Renk Bloklu,V Yaka,Gri,Tüm Yaş Grupları,Standart Kol,Orta,Düz,Kolsuz,Regular,Basic,Casual/Günlük,Selanik,Cool & Comfort,Hayır,"80% Akrilik, ,20% Polyester",Akrilik,,Cepsiz,Kemersiz,,,,
30,115463138,20688,4.6,,/trendyolmilla/mint-genis-kalip-yumusak-dokulu-renk-bloklu-triko-suveter-twoaw21bz0014-p-115463138/yorumlar,Triko,Oversize,Renk Bloklu,V Yaka,Yeşil,Tüm Yaş Grupları,Standart Kol,Orta,Düz,Kolsuz,Regular,Basic,Casual/Günlük,Selanik,Cool & Comfort,Hayır,"80% Akrilik, ,20% Polyester",Akrilik,,Cepsiz,Kemersiz,,,,
31,259954818,21939,4.4,,/trendyol-modest/bej-cizgili-v-yaka-triko-suveter-tctaw22uv0021-p-259954818/yorumlar,Triko,Fitted,Çizgili,V Yaka,Lacivert,Tüm Yaş Grupları,Standart Kol,Kalın,,Kolsuz,Regular,Tunik,Casual/Günlük,Jakar,Cool & Comfort,Hayır,100% Akrilik,Akrilik,Ek Özellik Mevcut Değil,,,,Tesettür Giyim,Tekli,
32,668989945,4101,4.7,,/trendyol-modest/tas-renk-bloklu-v-yaka-selanik-triko-suveter-tctaw24uv00000-p-668989945/yorumlar,Triko,Relaxed,Renk Bloklu,V Yaka,Gri,Tüm Yaş Grupları,Düşük Kol,Orta,,Kolsuz,Midi,Basic,Casual/Günlük,Selanik,Smart,Hayır,"79% Akrilik, ,21% Polyester",Akrilik,Ek Özellik Mevcut Değil,,,,Tesettür Giyim,,
33,669031710,5800,4.6,,/trendyol-modest/siyah-yani-baglama-detayli-polo-yaka-triko-suveter-tctaw24uv00028-p-669031710/yorumlar,Triko,Relaxed,Düz,V Yaka,Siyah,Tüm Yaş Grupları,Düşük Kol,Orta,,Kolsuz,Midi,Basic,Casual/Günlük,Düz,Cool & Comfort,Hayır,100% Akrilik,Akrilik,Ek Özellik Mevcut Değil,,,Yandan Bantlı,Tesettür Giyim,,
34,649136078,4150,4.7,,/trendyol-modest/vizon-fermuarli-yaka-yanlari-baglama-detayli-triko-suveter-tctaw22uv0009-p-649136078/yorumlar,Triko,Regular,Düz,Dik Yaka,Kahverengi,Tüm Yaş Grupları,Düşük Kol,Orta,,Uzun,Midi,Tunik,Casual/Günlük,Selanik,Smart,Hayır,100% Akrilik,Akrilik,Ek Özellik Mevcut Değil,,Kemersiz,Yandan Bağlamalı,Tesettür Giyim,Tekli,
35,650301061,4427,4.7,,/trendyol-modest/camel-cizgili-v-yaka-triko-suveter-tctaw22uv0021-p-650301061/yorumlar,Triko,Fitted,Çizgili,V Yaka,Kahverengi,Tüm Yaş Grupları,Standart Kol,Kalın,,Kolsuz,Regular,Tunik,Casual/Günlük,Jakar,Cool & Comfort,Hayır,100% Akrilik,Akrilik,Ek Özellik Mevcut Değil,,,,Tesettür Giyim,Tekli,
36,650077105,3046,4.7,,/trendyol-modest/tas-beli-baglamali-sac-orgulu-triko-suveter-tctaw22uv0018-p-650077105/yorumlar,Triko,Relaxed,Düz,Bisiklet Yaka,Gri,Tüm Yaş Grupları,Düşük Kol,Orta,,Kolsuz,Midi,Basic,Casual/Günlük,Saç Örgü,Cool & Comfort,Hayır,100% Akrilik,Akrilik,Ek Özellik Mevcut Değil,,,Yandan Bağlamalı,Tesettür Giyim,Tekli,
37,354475593,16006,4.7,,/trendyol-modest/vizon-beli-baglamali-sac-orgulu-triko-suveter-tctaw22uv0018-p-354475593/yorumlar,Triko,Relaxed,Düz,Bisiklet Yaka,Kahverengi,Tüm Yaş Grupları,Düşük Kol,Orta,,Kolsuz,Midi,Basic,Casual/Günlük,Saç Örgü,Cool & Comfort,Hayır,100% Akrilik,Akrilik,Ek Özellik Mevcut Değil,,,Yandan Bağlamalı,Tesettür Giyim,Tekli,
38,649118598,6244,4.7,,/trendyol-modest/gul-kurusu-beli-baglamali-sac-orgulu-triko-suveter-tctaw22uv0018-p-649118598/yorumlar,Triko,Relaxed,Düz,Bisiklet Yaka,Pembe,Tüm Yaş Grupları,Düşük Kol,Orta,,Kolsuz,Midi,Basic,Casual/Günlük,Saç Örgü,Cool & Comfort,Hayır,100% Akrilik,Akrilik,Ek Özellik Mevcut Değil,,,Yandan Bağlamalı,Tesettür Giyim,Tekli,
39,247591644,26221,4.6,,/trendyol-modest/kahverengi-yanlari-yirtmac-detayli-triko-suveter-tctaw23sv00010-p-247591644/yorumlar,Triko,Relaxed,Düz,Bisiklet Yaka,Kahverengi,Tüm Yaş Grupları,Standart Kol,Orta,,Kolsuz,Midi,Basic,Casual/Günlük,Selanik,Cool & Comfort,Hayır,100% Akrilik,Akrilik,Ek Özellik Mevcut Değil,,,Yandan Bantlı,Tesettür Giyim,Tekli,Günlük
40,8384148,22396,4.6,,/trendyolmilla/gri-aksesuarli-triko-suveter-twoaw20fv0117-p-8384148/yorumlar,Triko,Regular,Düz,Dik Yaka,Gri,Tüm Yaş Grupları,Standart Kol,Orta,Düz,Kolsuz,Regular,Basic,Casual/Günlük,Selanik,Feminine,Hayır,100% Akrilik,Akrilik,,,Kemersiz,,,Tekli,
41,817474560,10018,4.2,,/trendyolmilla/turuncu-crop-premium-ozel-iplik-yelek-gorunumlu-triko-twoss24sv00005-p-817474560/yorumlar,Triko,Slim,Düz,Polo Yaka,Turuncu,Tüm Yaş Grupları,Standart Kol,Orta,Düz,Kolsuz,Crop,Basic,Casual/Günlük,Dolu İğne,Cool & Comfort,Hayır,"65% Viskoz, ,35% Poliamid",,,,,,,,
42,53777627,14486,4.6,,/trendyolmilla/siyah-kendinden-desenli-bisiklet-yaka-triko-suveter-twoaw21bz0447-p-53777627/yorumlar,Triko,Regular,Saç Örgü,Bisiklet Yaka,Siyah,Tüm Yaş Grupları,Standart Kol,Orta,Düz,Kolsuz,Regular,Basic,Casual/Günlük,Çift Plaka,Cool & Comfort,Hayır,100% Akrilik,Akrilik,,,Kemersiz,,,,
43,764552517,2083,4.7,,/trendyol-modest/siyah-denizci-yaka-cizgili-triko-suveter-tctaw24uv00034-p-764552517/yorumlar,Triko,Relaxed,Çizgili,Polo Yaka,Siyah,Tüm Yaş Grupları,Düşük Kol,İnce,,Kısa,Midi,Basic,Casual/Günlük,Dolu İğne,Cool & Comfort,Hayır,100% Akrilik,Akrilik,Ek Özellik Mevcut Değil,,,,Tesettür Giyim,,
44,763786502,4999,4.1,,/trendyol-modest/koyu-kahverengi-dugme-detayli-triko-suveter-elbise-tctaw24uv00038-p-763786502/yorumlar,Triko,Regular,Düz,Bisiklet Yaka,Kahverengi,Tüm Yaş Grupları,Düşük Kol,Orta,,Kolsuz,Midi,Tunik,Casual/Günlük,Selanik,Cool & Comfort,Hayır,100% Akrilik,Akrilik,Ek Özellik Mevcut Değil,,Kuşaklı,Düğme Dantel/Mesh/File,,,
45,827756401,130,,,,Triko,Slim,Saç Örgü,V Yaka,Pembe,,Standart Kol,Orta,,Kolsuz,Regular,Basic,Casual/Günlük,Tek Plaka,Cool & Comfort,,100% Akrilik,,,,,,,,
46,123028931,10370,4.5,,/trendyolmilla/lacivert-v-yaka-geometrik-desenli-triko-suveter-twoaw22bz0051-p-123028931/yorumlar,Triko,Regular,Geometrik,V Yaka,Lacivert,Tüm Yaş Grupları,Standart Kol,Orta,Düz,Kolsuz,Regular,Basic,Casual/Günlük,Pike,Cool & Comfort,Hayır,100% Akrilik,Akrilik,,,Kemersiz,,,,
47,108738545,81219,4.6,,/trendyolmilla/v-yaka-mint-rayon-suveter-p-108738545/yorumlar,Triko,Regular,Ekose / Kareli,V Yaka,Yeşil,Tüm Yaş Grupları,Standart Kol,Orta,Düz,Kolsuz,Regular,Basic,Casual/Günlük,Pike,Cool & Comfort,Hayır,100% Akrilik,Akrilik,,Cepsiz,Kemersiz,,,Tekli,
48,134352256,33369,4.7,,/trendyolmilla/siyah-crop-v-yaka-triko-suveter-twoaw22bz0049-p-134352256/yorumlar,Triko,Regular,Saç Örgü,V Yaka,Siyah,Tüm Yaş Grupları,Standart Kol,Orta,Düz,Kolsuz,Crop,Basic,Casual/Günlük,Çift Plaka,Cool & Comfort,Hayır,100% Akrilik,Akrilik,,Cepsiz,Kemersiz,,,,
49,122570179,33841,4.6,,/trendyolmilla/tas-crop-v-yaka-triko-suveter-twoaw22bz0060-p-122570179/yorumlar,Triko,Regular,Saç Örgü,V Yaka,Gri,Tüm Yaş Grupları,Standart Kol,Orta,Düz,Kolsuz,Crop,Basic,Casual/Günlük,Çift Plaka,Cool & Comfort,Hayır,100% Akrilik,Akrilik,,,Kemersiz,,,,
50,812391220,,,,,Triko,Regular,Renk Bloklu,Bisiklet Yaka,Bordo,,Standart Kol,Orta,,Kolsuz,Crop,Basic,Casual/Günlük,Tek Plaka,Cool & Comfort,,100% Akrilik,,,,,,,,
51,354475592,26564,4.7,,/trendyol-modest/siyah-beli-baglamali-sac-orgulu-triko-suveter-tctaw22uv0018-p-354475592/yorumlar,Triko,Relaxed,Düz,Bisiklet Yaka,Siyah,Tüm Yaş Grupları,Düşük Kol,Orta,,Kolsuz,Midi,Basic,Casual/Günlük,Saç Örgü,Cool & Comfort,Hayır,100% Akrilik,Akrilik,Ek Özellik Mevcut Değil,,,Yandan Bağlamalı,Tesettür Giyim,Tekli,
52,366386704,36786,4.7,,/trendyol-modest/koyu-kahverengi-beli-baglamali-sac-orgulu-triko-suveter-tctaw22uv0018-p-366386704/yorumlar,Triko,Relaxed,Düz,Bisiklet Yaka,Metalik,Tüm Yaş Grupları,Düşük Kol,Orta,,Kolsuz,Midi,Basic,Casual/Günlük,Saç Örgü,Cool & Comfort,Hayır,100% Akrilik,Akrilik,Ek Özellik Mevcut Değil,,,Yandan Bağlamalı,Tesettür Giyim,Tekli,
53,258478956,52960,4.6,,/trendyol-modest/kahverengi-beli-baglamali-sac-orgulu-triko-suveter-tctaw22uv0018-p-258478956/yorumlar,Triko,Relaxed,Düz,Bisiklet Yaka,Kahverengi,Tüm Yaş Grupları,Düşük Kol,Orta,,Kolsuz,Midi,Basic,Casual/Günlük,Saç Örgü,Cool & Comfort,Hayır,100% Akrilik,Akrilik,Ek Özellik Mevcut Değil,,,Yandan Bağlamalı,Tesettür Giyim,Tekli,
54,815335404,,,,,Triko,Boxy,Animal,V Yaka,Bej,,Standart Kol,Orta,,Kısa,Regular,Tunik,Casual/Günlük,Jakar,Cool & Comfort,,100% Akrilik,,Ek Özellik Mevcut Değil,,,,Tesettür Giyim,,
55,712853221,4404,4.3,,/trendyol-modest/siyah-v-yaka-cizgili-triko-suveter-elbise-tctaw24uv00039-p-712853221/yorumlar,Triko,Relaxed,Çizgili,V Yaka,Siyah,Tüm Yaş Grupları,Düşük Kol,İnce,,Kolsuz,Uzun,Tunik,Casual/Günlük,Tek Plaka,Cool & Comfort,Hayır,100% Akrilik,Akrilik,Ek Özellik Mevcut Değil,,,,Tesettür Giyim,,
56,814880112,,,,,Triko,Regular,Düz,V Yaka,Gri,,Standart Kol,Orta,,Kolsuz,Regular,Basic,Casual/Günlük,Tek Plaka,Fashion Forward,,"74% Akrilik, ,26% Polyester",,,,,,,,
57,814880109,,,,,Triko,Regular,Düz,V Yaka,Bej,,Standart Kol,Orta,,Kolsuz,Regular,Basic,Casual/Günlük,Tek Plaka,Fashion Forward,,"74% Akrilik, ,26% Polyester",,,,,,,,
58,247591645,35197,4.6,,/trendyol-modest/vizon-yanlari-yirtmac-detayli-triko-suveter-tctaw23sv00010-p-247591645/yorumlar,Triko,Relaxed,Düz,Bisiklet Yaka,Kahverengi,Tüm Yaş Grupları,Standart Kol,Orta,,Kolsuz,Midi,Basic,Casual/Günlük,Selanik,Cool & Comfort,Hayır,100% Akrilik,Akrilik,Ek Özellik Mevcut Değil,,,Yandan Bantlı,Tesettür Giyim,Tekli,Günlük
59,364426043,12056,4.7,,/trendyol-modest/antrasit-beli-baglamali-sac-orgulu-triko-suveter-tctaw22uv0018-p-364426043/yorumlar,Triko,Relaxed,Düz,Bisiklet Yaka,Gri,Tüm Yaş Grupları,Düşük Kol,Orta,,Kolsuz,Midi,Basic,Casual/Günlük,Saç Örgü,Cool & Comfort,Hayır,100% Akrilik,Akrilik,Ek Özellik Mevcut Değil,,,Yandan Bağlamalı,Tesettür Giyim,Tekli,
60,108711529,69181,4.8,,/trendyolmilla/lacivert-v-yaka-triko-suveter-twoaw22bz0048-p-108711529/yorumlar,Triko,Oversize,Baklava,V Yaka,Lacivert,Tüm Yaş Grupları,Standart Kol,Orta,Düz,Kolsuz,Regular,Basic,Casual/Günlük,Pike,Cool & Comfort,Hayır,100% Akrilik,Akrilik,,,Kemersiz,,,,
61,765383662,4930,4.0,,/trendyol-modest/siyah-dugme-detayli-triko-suveter-elbise-tctaw24uv00038-p-765383662/yorumlar,Triko,Regular,Düz,Bisiklet Yaka,Siyah,Tüm Yaş Grupları,Düşük Kol,Orta,,Kolsuz,Midi,Tunik,Casual/Günlük,Selanik,Cool & Comfort,Hayır,100% Akrilik,Akrilik,Ek Özellik Mevcut Değil,,Kuşaklı,Düğme Dantel/Mesh/File,,,
62,259954815,21858,4.3,,/trendyol-modest/kahverengi-cizgili-v-yaka-triko-suveter-tctaw22uv0021-p-259954815/yorumlar,Triko,Fitted,Çizgili,V Yaka,Kahverengi,Tüm Yaş Grupları,Standart Kol,Kalın,,Kolsuz,Regular,Tunik,Casual/Günlük,Jakar,Cool & Comfort,Hayır,100% Akrilik,Akrilik,Ek Özellik Mevcut Değil,,,,Tesettür Giyim,Tekli,
63,652789823,18373,4.6,,/trendyol-modest/siyah-yakasi-serit-detayli-triko-suveter-tctaw22uv0002-p-652789823/yorumlar,Triko,Relaxed,Renk Bloklu,V Yaka,Siyah,Tüm Yaş Grupları,Düşük Kol,İnce,,Kolsuz,Midi,Tunik,Casual/Günlük,Jakar,Cool & Comfort,Hayır,100% Akrilik,Akrilik,Ek Özellik Mevcut Değil,,,,Tesettür Giyim,Tekli,
64,40983072,49831,4.6,,/trendyolmilla/antrasit-genis-kalip-yumusak-dokulu-renk-bloklu-triko-suveter-twoaw21bz0014-p-40983072/yorumlar,Triko,Oversize,Renk Bloklu,V Yaka,Gri,Tüm Yaş Grupları,Standart Kol,Orta,Düz,Kolsuz,Regular,Basic,Casual/Günlük,Selanik,Cool & Comfort,Hayır,"80% Akrilik, ,20% Polyester",Akrilik,,Cepsiz,Kemersiz,,,,
65,108711537,45189,4.7,,/trendyolmilla/pembe-v-yaka-triko-suveter-twoaw22bz0048-p-108711537/yorumlar,Triko,Oversize,Baklava,V Yaka,Pembe,Tüm Yaş Grupları,Standart Kol,Orta,Düz,Kolsuz,Regular,Basic,Casual/Günlük,Pike,Cool & Comfort,Hayır,100% Akrilik,Akrilik,,,Kemersiz,,,,
66,817695721,223,,,,Triko,Regular,Ajurlu,Bisiklet Yaka,Gri,,Düşük Kol,,,Kısa,Regular,Tunik,Casual/Günlük,Ajur,Fashion Forward,,100% Akrilik,,,,,Sim/Lurex,Tesettür Giyim,,
67,816983283,94,,,,Triko,Relaxed,Düz,V Yaka,Bej,,Standart Kol,,,Kolsuz,Regular,Tunik,Casual/Günlük,Tek Plaka,Feminine,,100% Akrilik,,Yırtmaçlı,,,Düğme Dantel/Mesh/File,Tesettür Giyim,,
68,672362996,12253,4.6,,/trendyol-modest/koyu-kahverengi-kusakli-uzun-triko-suveter-elbise-tctaw24uv00020-p-672362996/yorumlar,Triko,Relaxed,Düz,V Yaka,Kahverengi,Tüm Yaş Grupları,Düşük Kol,Orta,,Kısa,Uzun,Basic,Casual/Günlük,Tek Plaka,Cool & Comfort,Hayır,100% Akrilik,Akrilik,Ek Özellik Mevcut Değil,,Kuşaklı,Kuşaklı,Tesettür Giyim,,
69,815335173,87,,,,Triko,Boxy,Düz,Bisiklet Yaka,Siyah,,Standart Kol,Orta,,Kısa,Regular,Tunik,Casual/Günlük,Tek Plaka,Cool & Comfort,,"76% Akrilik,24% Polyester",,Ek Özellik Mevcut Değil,,,,Tesettür Giyim,,
70,810294588,,,,,Triko,Regular,Düz,Dik Yaka,Lacivert,Tüm Yaş Grupları,Standart Kol,İnce,Düz,Kolsuz,Crop,Basic,Casual/Günlük,Tek Plaka,Cool & Comfort,Hayır,100% Akrilik,Akrilik,,,Kemersiz,,,,
71,676390323,18363,4.4,,/trendyol-modest/bej-baglama-detayli-v-yaka-triko-suveter-tctaw24uv00014-p-676390323/yorumlar,Triko,Relaxed,Saç Örgü,Bisiklet Yaka,Bej,Tüm Yaş Grupları,Standart Kol,Orta,,Kısa,Midi,Basic,Casual/Günlük,Saç Örgü,Cool & Comfort,Hayır,100% Akrilik,Akrilik,Ek Özellik Mevcut Değil,,,Yandan Bağlamalı,Tesettür Giyim,,
72,810299562,,,,,Triko,Regular,Düz,Bisiklet Yaka,Mor,Tüm Yaş Grupları,Standart Kol,Orta,Düz,Kolsuz,Crop,Basic,Casual/Günlük,Tek Plaka,Cool & Comfort,Hayır,100% Akrilik,Akrilik,,,,,,,
73,122570197,29387,4.4,,/trendyolmilla/petrol-crop-v-yaka-triko-suveter-twoaw22bz0047-p-122570197/yorumlar,Triko,Regular,Baklava,V Yaka,Mavi,Tüm Yaş Grupları,Standart Kol,Orta,Düz,Kolsuz,Crop,Basic,Casual/Günlük,Pike,Cool & Comfort,Hayır,100% Akrilik,Akrilik,,Cepsiz,Kemersiz,Düğme,,,
74,811868019,,,,,Triko,Regular,Saç Örgü,Bisiklet Yaka,Turuncu,,Standart Kol,Orta,Düz,Kolsuz,Regular,Basic,Casual/Günlük,Tek Plaka,Cool & Comfort,,"80% Akrilik, ,20% Polyester",,,,,,,,
75,812332433,,,,,Triko,Oversize,Renk Bloklu,Bisiklet Yaka,Bej,,Standart Kol,Orta,,Kısa,Regular,Basic,Casual/Günlük,Tek Plaka,Cool & Comfort,,100% Akrilik,,,,,,,,
76,45999491,187707,4.6,,/trendyolmilla/tas-kendinden-desenli-bisiklet-yaka-triko-suveter-twoaw21bz0447-p-45999491/yorumlar,Triko,Regular,Saç Örgü,Bisiklet Yaka,Gri,Tüm Yaş Grupları,Standart Kol,Orta,Düz,Kolsuz,Regular,Basic,Casual/Günlük,Çift Plaka,Cool & Comfort,Hayır,100% Akrilik,Akrilik,,,Kemersiz,,,,
77,131439800,31041,4.6,,/trendyol-modest/siyah-fermuarli-yaka-yanlari-baglama-detayli-triko-suveter-tctaw22uv0009-p-131439800/yorumlar,Triko,Regular,Düz,Dik Yaka,Siyah,Tüm Yaş Grupları,Düşük Kol,Orta,,Uzun,Midi,Tunik,Casual/Günlük,Selanik,Smart,Hayır,100% Akrilik,Akrilik,Ek Özellik Mevcut Değil,,Kemersiz,Yandan Bağlamalı,Tesettür Giyim,Tekli,
78,235907788,43823,4.6,,/trendyolmilla/tas-crop-fermuarli-basic-triko-suveter-twoaw23hi0015-p-235907788/yorumlar,Triko,Regular,Düz,Dik Yaka,Gri,Tüm Yaş Grupları,Standart Kol,Orta,Düz,Kolsuz,Crop,Basic,Casual/Günlük,Selanik,Cool & Comfort,Hayır,100% Akrilik,Akrilik,,,Kemersiz,Fermuar,,,
79,311804834,17974,4.6,,/trendyol-modest/acik-yesil-cicekli-triko-suveter-tctaw23sv00020-p-311804834/yorumlar,Triko,Relaxed,Geometrik,Bisiklet Yaka,Yeşil,Tüm Yaş Grupları,Standart Kol,Orta,,Kolsuz,Midi,Tunik,Casual/Günlük,Jakar,Cool & Comfort,Hayır,100% Akrilik,Akrilik,Ek Özellik Mevcut Değil,,,,Tesettür Giyim,Tekli,Günlük
80,676450381,23637,4.6,,/trendyol-modest/ekru-denizci-yaka-cizgili-triko-suveter-tctaw24uv00034-p-676450381/yorumlar,Triko,Relaxed,Çizgili,Polo Yaka,Ekru,Tüm Yaş Grupları,Düşük Kol,İnce,,Kısa,Midi,Basic,Casual/Günlük,Dolu İğne,Cool & Comfort,Hayır,100% Akrilik,Akrilik,Ek Özellik Mevcut Değil,,,,Tesettür Giyim,,
81,738531819,26895,4.7,,/trendyolmilla/gri-premium-iplik-ozel-iplik-v-yaka-triko-suveter-twoaw24sv00049-p-738531819/yorumlar,Triko,Slim,Düz,V Yaka,Gri,Tüm Yaş Grupları,Standart Kol,İnce,Düz,Uzun,Regular,Basic,Casual/Günlük,Fitilli,Cool & Comfort,Hayır,"50% Viskoz, ,28% Polyester, ,22% Poliamid",,,,,,,,
82,679421639,3073,4.6,,/trendyol-modest/vizon-orgu-desenli-v-yaka-suveter-tctaw24uv00037-p-679421639/yorumlar,Triko,Fitted,Saç Örgü,Bisiklet Yaka,Bej,Tüm Yaş Grupları,Düşük Kol,Orta,,Kısa,Regular,Basic,Casual/Günlük,Saç Örgü,Cool & Comfort,Hayır,100% Akrilik,Akrilik,Ek Özellik Mevcut Değil,,,,Tesettür Giyim,,
83,811168065,110,5.0,,/trendyolmilla/petrol-crop-v-yaka-triko-suveter-twoaw22bz0060-p-811168065/yorumlar,Triko,Regular,Saç Örgü,V Yaka,Mavi,Tüm Yaş Grupları,Standart Kol,Orta,Düz,Kolsuz,Crop,Basic,Casual/Günlük,Çift Plaka,Cool & Comfort,Hayır,100% Akrilik,Akrilik,,,Kemersiz,,,,
84,663893296,5406,4.1,,/trendyol-modest/siyah-v-yaka-yirtmacli-triko-selanik-suveter-tctaw24uv00003-p-663893296/yorumlar,Triko,Regular,Düz,V Yaka,Siyah,Tüm Yaş Grupları,Düşük Kol,Orta,,Kolsuz,Midi,Basic,Casual/Günlük,Selanik,Cool & Comfort,Hayır,100% Akrilik,Akrilik,Yırtmaçlı,,,Yırtmaçlı,Tesettür Giyim,,
85,645557312,2057,4.7,,/trendyolmilla/vizon-genis-kalip-yunlu-kemerli-triko-suveter-twoaw22bz0031-p-645557312/yorumlar,Triko,Oversize,Saç Örgü,Dik Yaka,Kahverengi,Tüm Yaş Grupları,Standart Kol,Orta,Düz,Kolsuz,Regular,Basic,Casual/Günlük,Çift Plaka,Cool & Comfort,Hayır,100% Akrilik,Akrilik,,Cepsiz,Kuşaklı,,,,
86,401196361,9886,4.7,,/trendyolmilla/bej-crop-yumusak-dokulu-renk-bloklu-triko-suveter-twoaw23sv00149-p-401196361/yorumlar,Triko,Regular,Düz,V Yaka,Bej,Tüm Yaş Grupları,Standart Kol,Kalın,Düz,Kolsuz,Crop,Basic,Casual/Günlük,Tek Plaka,Cool & Comfort,Hayır,"80% Akrilik, ,20% Polyester",,,Cepsiz,Kemersiz,,,,
87,811454299,146,5.0,,/trendyolmilla/tas-devrik-yaka-cizgili-triko-suveter-twoaw24sv00041-p-811454299/yorumlar,Triko,Regular,Çizgili,Devrik Yaka,Bej,Tüm Yaş Grupları,Standart Kol,Orta,Düz,Kolsuz,Regular,Basic,Casual/Günlük,Tek Plaka,Cool & Comfort,Hayır,100% Akrilik,Akrilik,,,,,,,
88,811150407,,,,,Triko,Regular,Düz,Dik Yaka,Gri,,Standart Kol,Orta,,Uzun,Regular,Basic,Casual/Günlük,Tek Plaka,Feminine,,"80% Akrilik, ,20% Polyester",,,,,,,,
89,811150406,,,,,Triko,Regular,Düz,Dik Yaka,Bej,,Standart Kol,Orta,,Uzun,Regular,Basic,Casual/Günlük,Tek Plaka,Feminine,,"80% Akrilik, ,20% Polyester",,,,,,,,
90,641806070,2412,4.5,,/trendyolmilla/antrasit-kendinden-desenli-bisiklet-yaka-triko-suveter-twoaw21bz0447-p-641806070/yorumlar,Triko,Regular,Saç Örgü,Bisiklet Yaka,Gri,Tüm Yaş Grupları,Standart Kol,Orta,Düz,Kolsuz,Regular,Basic,Casual/Günlük,Çift Plaka,Cool & Comfort,Hayır,100% Akrilik,Akrilik,,,Kemersiz,,,,
91,810299702,,,,,Triko,Regular,Saç Örgü,Bisiklet Yaka,Lacivert,Tüm Yaş Grupları,Standart Kol,Orta,Düz,Kolsuz,Regular,Basic,Casual/Günlük,Çift Plaka,Cool & Comfort,Hayır,100% Akrilik,Akrilik,,,Kemersiz,,,,
92,811082189,53,,,,Triko,Regular,Düz,V Yaka,Lacivert,Tüm Yaş Grupları,Standart Kol,Kalın,Düz,Kolsuz,Crop,Basic,Casual/Günlük,Tek Plaka,Cool & Comfort,Hayır,"80% Akrilik, ,20% Polyester",,,Cepsiz,Kemersiz,,,,
93,640550191,3684,4.8,,/trendyolmilla/vizon-kemerli-triko-suveter-twoaw22bz0008-p-640550191/yorumlar,Triko,Regular,Düz,Dik Yaka,Kahverengi,Tüm Yaş Grupları,Standart Kol,Orta,Düz,Kolsuz,Regular,Basic,Casual/Günlük,Selanik,Feminine,Hayır,100% Akrilik,Akrilik,,Cepsiz,Kemerli,,,,
94,814542129,,,,,Triko,Regular,Çiçekli,V Yaka,Bordo,Tüm Yaş Grupları,Standart Kol,Orta,Düz,Kolsuz,Regular,Basic,Casual/Günlük,Pike,Fashion Forward,Hayır,100% Akrilik,Akrilik,,Cepsiz,Kemersiz,,,,
95,641213841,4513,4.5,,/trendyolmilla/kahverengi-crop-v-yaka-triko-suveter-twoaw22bz0049-p-641213841/yorumlar,Triko,Regular,Saç Örgü,V Yaka,Kahverengi,Tüm Yaş Grupları,Standart Kol,Orta,Düz,Kolsuz,Crop,Basic,Casual/Günlük,Çift Plaka,Cool & Comfort,Hayır,100% Akrilik,Akrilik,,Cepsiz,Kemersiz,,,,
96,812699137,,,,,Triko,Oversize,Düz,Bisiklet Yaka,Gri,,Standart Kol,Orta,,Kolsuz,Regular,Basic,Casual/Günlük,Tek Plaka,Cool & Comfort,,"48% Akrilik, ,31% Polyester, ,21% Viskoz",,,,,,,,
97,828565691,,,,,Triko,Regular,Çizgili,Bisiklet Yaka,Ekru,,Standart Kol,Orta,,Uzun,Regular,Basic,Casual/Günlük,Tek Plaka,Cool & Comfort,,"79% Akrilik, ,21% Polyester",,,,,,,,
98,828565687,,,,,Triko,Regular,Çizgili,Bisiklet Yaka,Lacivert,,Standart Kol,Orta,,Uzun,Regular,Basic,Casual/Günlük,Tek Plaka,Cool & Comfort,,"79% Akrilik, ,21% Polyester",,,,,,,,
99,249174025,6672,4.6,,/trendyolmilla/kirmizi-yandan-baglama-detayli-yaka-dugmeli-triko-suveter-twoaw23sv00086-p-249174025/yorumlar,Triko,Regular,Düz,Dik Yaka,Kırmızı,Tüm Yaş Grupları,Standart Kol,Orta,Düz,Kolsuz,Regular,Basic,Casual/Günlük,Fitilli,Cool & Comfort,Hayır,100% Akrilik,Akrilik,Bağcıklı,,Kemersiz,Düğme,,,
100,812332435,,,,,Triko,Oversize,Renk Bloklu,Bisiklet Yaka,Lacivert,,Standart Kol,Orta,,Kısa,Regular,Basic,Casual/Günlük,Tek Plaka,Cool & Comfort,,100% Akrilik,,,,,,,,
101,816696764,,,,,Triko,Regular,Düz,Balıkçı Yaka,Bej,,Standart Kol,Orta,Düz,Kolsuz,Regular,Basic,Casual/Günlük,Selanik,Cool & Comfort,,100% Akrilik,,,,,Düğme,,,
102,818234493,263,,,,Triko,Regular,Geometrik,V Yaka,Yeşil,Tüm Yaş Grupları,Standart Kol,Orta,Düz,Kolsuz,Regular,Basic,Casual/Günlük,Pike,Cool & Comfort,Hayır,100% Akrilik,Akrilik,,,Kemersiz,,,,
103,817695730,151,,,,Triko,Regular,Ajurlu,Bisiklet Yaka,Bej,,Düşük Kol,,,Kısa,Regular,Tunik,Casual/Günlük,Ajur,Fashion Forward,,100% Akrilik,,,,,Sim/Lurex,Tesettür Giyim,,
104,814859692,142,4.0,,/trendyolmilla/antrasit-dik-yaka-triko-suveter-twoaw25sv00011-p-814859692/yorumlar,Triko,Regular,Düz,Dik Yaka,Gri,,Standart Kol,Orta,,Kolsuz,Midi,Basic,Casual/Günlük,Tek Plaka,Cool & Comfort,,"81% Akrilik, ,19% Polyester",,,,,,,,
105,816974549,,,,,Triko,Relaxed,Saç Örgü,V Yaka,Bej,,Standart Kol,,,Kısa,Regular,Tunik,Casual/Günlük,Saç Örgü,Cool & Comfort,,"81% Akrilik,13% Polyester,6% Elastan",,Yırtmaçlı,,,Cep,Tesettür Giyim,,
106,654145129,10368,4.4,,/trendyolmilla/siyah-crop-dik-yaka-triko-triko-suveter-twoaw24sv00003-p-654145129/yorumlar,Triko,Regular,Düz,Dik Yaka,Siyah,Tüm Yaş Grupları,Standart Kol,Orta,Düz,Kolsuz,Crop,Basic,Casual/Günlük,Tek Plaka,Cool & Comfort,Hayır,100% Akrilik,Akrilik,Ek Özellik Mevcut Değil,,,,,Tekli,
107,138662816,14940,4.6,,/trendyolmilla/camel-v-yaka-geometrik-desenli-triko-suveter-twoaw22bz0051-p-138662816/yorumlar,Triko,Regular,Geometrik,V Yaka,Kahverengi,Tüm Yaş Grupları,Standart Kol,Orta,Düz,Kolsuz,Regular,Basic,Casual/Günlük,Pike,Cool & Comfort,Hayır,100% Akrilik,Akrilik,,,Kemersiz,,,,
108,251824933,18850,4.6,,/trendyolmilla/camel-crop-triko-suveter-twoaw22sv0058-p-251824933/yorumlar,Triko,Regular,Saç Örgü,Bisiklet Yaka,Kahverengi,Tüm Yaş Grupları,Standart Kol,Orta,Düz,Kolsuz,Crop,Basic,Casual/Günlük,Çift Plaka,Cool & Comfort,Hayır,100% Akrilik,Akrilik,Bağcıklı,Cepsiz,Kemersiz,,,,
109,814859694,,,,,Triko,Regular,Düz,Dik Yaka,Mavi,,Standart Kol,Orta,,Kolsuz,Midi,Basic,Casual/Günlük,Tek Plaka,Cool & Comfort,,"81% Akrilik, ,19% Polyester",,,,,,,,
110,816696768,111,,,,Triko,Regular,Düz,Balıkçı Yaka,Gri,,Standart Kol,Orta,Düz,Kolsuz,Regular,Basic,Casual/Günlük,Selanik,Cool & Comfort,,100% Akrilik,,,,,Düğme,,,
111,811867942,,,,,Triko,Regular,Saç Örgü,Bisiklet Yaka,Bej,,Standart Kol,Orta,Düz,Kolsuz,Regular,Basic,Casual/Günlük,Tek Plaka,Cool & Comfort,,"80% Akrilik, ,20% Polyester",,,,,,,,
112,811867831,,,,,Triko,Regular,Saç Örgü,Bisiklet Yaka,Lacivert,,Standart Kol,Orta,Düz,Kolsuz,Regular,Basic,Casual/Günlük,Tek Plaka,Cool & Comfort,,"80% Akrilik, ,20% Polyester",,,,,,,,
113,810299560,152,,,,Triko,Regular,Düz,Bisiklet Yaka,Gri,Tüm Yaş Grupları,Standart Kol,Orta,Düz,Kolsuz,Crop,Basic,Casual/Günlük,Tek Plaka,Cool & Comfort,Hayır,100% Akrilik,Akrilik,,,,,,,
114,648390396,1900,4.8,,/trendyolmilla/antrasit-nakis-detayli-triko-suveter-twoaw23sv00025-p-648390396/yorumlar,Triko,Regular,Nakışlı / İşlemeli,V Yaka,Gri,Tüm Yaş Grupları,Standart Kol,Orta,Düz,Kolsuz,Regular,Basic,Casual/Günlük,Tek Plaka,Feminine,Hayır,100% Akrilik,Akrilik,,,Kemersiz,,,,
115,811449308,420,,,,Triko,Regular,Saç Örgü,Bisiklet Yaka,Pembe,Tüm Yaş Grupları,Standart Kol,Orta,Düz,Kolsuz,Crop,Basic,Casual/Günlük,Çift Plaka,Cool & Comfort,Hayır,100% Akrilik,Akrilik,Bağcıklı,Cepsiz,Kemersiz,,,,
116,647372240,7269,4.6,,/trendyolmilla/saks-crop-triko-suveter-twoaw22sv0058-p-647372240/yorumlar,Triko,Regular,Saç Örgü,Bisiklet Yaka,Lacivert,Tüm Yaş Grupları,Standart Kol,Orta,Düz,Kolsuz,Crop,Basic,Casual/Günlük,Çift Plaka,Cool & Comfort,Hayır,100% Akrilik,Akrilik,Bağcıklı,Cepsiz,Kemersiz,,,,
117,646575887,4631,4.6,,/trendyolmilla/siyah-v-yaka-cicek-desenli-triko-suveter-twoaw22bz0024-p-646575887/yorumlar,Triko,Regular,Çiçekli,V Yaka,Siyah,Tüm Yaş Grupları,Standart Kol,Orta,Düz,Kolsuz,Regular,Basic,Casual/Günlük,Pike,Fashion Forward,Hayır,100% Akrilik,Akrilik,,Cepsiz,Kemersiz,,,,
118,641195799,9812,4.8,,/trendyolmilla/indigo-crop-v-yaka-triko-suveter-twoaw21bz0135-p-641195799/yorumlar,Triko,Regular,Renk Bloklu,V Yaka,Lacivert,Tüm Yaş Grupları,Standart Kol,Orta,Düz,Kolsuz,Crop,Basic,Casual/Günlük,Selanik,Cool & Comfort,Hayır,100% Akrilik,Akrilik,,Cepsiz,Kemersiz,,,,
119,810241150,,,,,Triko,Regular,Çizgili,Polo Yaka,Siyah,Tüm Yaş Grupları,Standart Kol,Orta,Düz,Kolsuz,Regular,Basic,Casual/Günlük,Selanik,Cool & Comfort,Hayır,100% Akrilik,Akrilik,,,,Fermuar,,,
120,810593620,60,,,,Triko,Oversize,Renk Bloklu,V Yaka,Siyah,Tüm Yaş Grupları,Standart Kol,Orta,Düz,Kolsuz,Regular,Basic,Casual/Günlük,Selanik,Cool & Comfort,Hayır,"80% Akrilik, ,20% Polyester",Akrilik,,Cepsiz,Kemersiz,,,,
121,811168513,92,,,,Triko,Regular,Baklava,V Yaka,Gri,Tüm Yaş Grupları,Standart Kol,Orta,Düz,Kolsuz,Crop,Basic,Casual/Günlük,Pike,Cool & Comfort,Hayır,100% Akrilik,Akrilik,,Cepsiz,Kemersiz,Düğme,,,
122,811167918,,,,,Triko,Regular,Renk Bloklu,V Yaka,Gri,Tüm Yaş Grupları,Standart Kol,Orta,Düz,Kolsuz,Crop,Basic,Casual/Günlük,Selanik,Cool & Comfort,Hayır,100% Akrilik,Akrilik,,Cepsiz,Kemersiz,,,,
123,716519609,7685,4.7,,/trendyolmilla/lacivert-devrik-yaka-cizgili-triko-suveter-twoaw24sv00041-p-716519609/yorumlar,Triko,Regular,Çizgili,Devrik Yaka,Lacivert,Tüm Yaş Grupları,Standart Kol,Orta,Düz,Kolsuz,Regular,Basic,Casual/Günlük,Tek Plaka,Cool & Comfort,Hayır,100% Akrilik,Akrilik,,,,,,,
124,811168671,91,,,,Triko,Regular,Saç Örgü,V Yaka,Lacivert,Tüm Yaş Grupları,Standart Kol,Orta,Düz,Kolsuz,Crop,Basic,Casual/Günlük,Çift Plaka,Cool & Comfort,Hayır,100% Akrilik,Akrilik,,Cepsiz,Kemersiz,,,,
125,647372242,7687,4.8,,/trendyolmilla/kiremit-crop-triko-suveter-twoaw22sv0058-p-647372242/yorumlar,Triko,Regular,Saç Örgü,Bisiklet Yaka,Turuncu,Tüm Yaş Grupları,Standart Kol,Orta,Düz,Kolsuz,Crop,Basic,Casual/Günlük,Çift Plaka,Cool & Comfort,Hayır,100% Akrilik,Akrilik,Bağcıklı,Cepsiz,Kemersiz,,,,
126,42837227,87391,4.5,,/trendyolmilla/tas-crop-v-yaka-triko-suvetertwoaw21bz0135-p-42837227/yorumlar,Triko,Regular,Renk Bloklu,V Yaka,Gri,Tüm Yaş Grupları,Standart Kol,Orta,Düz,Kolsuz,Crop,Basic,Casual/Günlük,Selanik,Cool & Comfort,Hayır,100% Akrilik,Akrilik,,Cepsiz,Kemersiz,,,,
127,815571969,618,,,,Triko,Regular,Düz,Bisiklet Yaka,Bej,,Standart Kol,Orta,,Kolsuz,Crop,Basic,Casual/Günlük,Tek Plaka,Cool & Comfort,,"75% Akrilik, ,25% Polyester",,,,,,,,
128,815571373,241,4.5,,/trendyolmilla/vizon-balikci-yaka-triko-suveter-twoaw25sv00014-p-815571373/yorumlar,Triko,Regular,Düz,Balıkçı Yaka,Bej,,Standart Kol,Orta,,Kolsuz,Crop,Basic,Casual/Günlük,Tek Plaka,Cool & Comfort,,"76% Akrilik, ,24% Polyester",,,,,,,,
129,646274480,3311,4.6,,/trendyolmilla/tas-v-yaka-geometrik-desenli-triko-suveter-twoaw22bz0051-p-646274480/yorumlar,Triko,Regular,Geometrik,V Yaka,Gri,Tüm Yaş Grupları,Standart Kol,Orta,Düz,Kolsuz,Regular,Basic,Casual/Günlük,Pike,Cool & Comfort,Hayır,100% Akrilik,Akrilik,,,Kemersiz,,,,
130,266822216,20289,4.5,,/trendyolmilla/haki-crop-yumusak-dokulu-renk-bloklu-triko-suveter-twoaw23sv00149-p-266822216/yorumlar,Triko,Regular,Düz,V Yaka,Haki,Tüm Yaş Grupları,Standart Kol,Kalın,Düz,Kolsuz,Crop,Basic,Casual/Günlük,Tek Plaka,Cool & Comfort,Hayır,"80% Akrilik, ,20% Polyester",,,Cepsiz,Kemersiz,,,,
131,32225681,90367,4.7,,/trendyolmilla/siyah-super-crop-yani-bant-detayli-triko-suveter-twoaw20bz0929-p-32225681/yorumlar,Triko,Regular,Düz,Dik Yaka,Siyah,Tüm Yaş Grupları,Standart Kol,İnce,Düz,Kolsuz,Crop,Basic,Casual/Günlük,Tek Plaka,Cool & Comfort,Hayır,100% Akrilik,Akrilik,,,Kemersiz,,,,
132,249174015,16075,4.7,,/trendyolmilla/siyah-yandan-baglama-detayli-yaka-dugmeli-triko-suveter-twoaw23sv00086-p-249174015/yorumlar,Triko,Regular,Düz,Dik Yaka,Siyah,Tüm Yaş Grupları,Standart Kol,Orta,Düz,Kolsuz,Regular,Basic,Casual/Günlük,Fitilli,Cool & Comfort,Hayır,100% Akrilik,Akrilik,Bağcıklı,,Kemersiz,Düğme,,,
133,242432241,5988,4.8,,/trendyolmilla/pembe-yumusak-dokulu-triko-suveter-twoaw22bz0033-p-242432241/yorumlar,Triko,Regular,Saç Örgü,V Yaka,Pembe,Tüm Yaş Grupları,Standart Kol,Orta,Düz,Kolsuz,Regular,Basic,Casual/Günlük,Çift Plaka,Cool & Comfort,Hayır,"80% Akrilik, ,20% Polyester",Akrilik,,,,,,Tekli,
134,810594057,259,,,,Triko,Slim,Düz,V Yaka,Kahverengi,Tüm Yaş Grupları,Standart Kol,İnce,Düz,Uzun,Regular,Basic,Casual/Günlük,Fitilli,Cool & Comfort,Hayır,"50% Viskoz, ,28% Polyester, ,22% Poliamid",,,,,,,,
135,646274479,11533,4.6,,/trendyolmilla/koyu-lacivert-v-yaka-geometrik-desenli-triko-suveter-twoaw22bz0051-p-646274479/yorumlar,Triko,Regular,Geometrik,V Yaka,Lacivert,Tüm Yaş Grupları,Standart Kol,Orta,Düz,Kolsuz,Regular,Basic,Casual/Günlük,Pike,Cool & Comfort,Hayır,100% Akrilik,Akrilik,,,Kemersiz,,,,
136,641213837,16000,4.7,,/trendyolmilla/gri-crop-v-yaka-triko-suveter-twoaw22bz0049-p-641213837/yorumlar,Triko,Regular,Saç Örgü,V Yaka,Gri,Tüm Yaş Grupları,Standart Kol,Orta,Düz,Kolsuz,Crop,Basic,Casual/Günlük,Çift Plaka,Cool & Comfort,Hayır,100% Akrilik,Akrilik,,Cepsiz,Kemersiz,,,,
137,654147146,15340,4.7,,/trendyolmilla/lacivert-crop-bisiklet-yaka-triko-suveter-twoaw24sv00005-p-654147146/yorumlar,Triko,Regular,Düz,Bisiklet Yaka,Lacivert,Tüm Yaş Grupları,Standart Kol,Orta,Düz,Kolsuz,Crop,Basic,Casual/Günlük,Tek Plaka,Cool & Comfort,Hayır,100% Akrilik,Akrilik,,,,,,,
138,738531820,6193,4.8,,/trendyolmilla/siyah-premium-iplik-ozel-iplik-v-yaka-triko-suveter-twoaw24sv00049-p-738531820/yorumlar,Triko,Slim,Düz,V Yaka,Siyah,Tüm Yaş Grupları,Standart Kol,İnce,Düz,Uzun,Regular,Basic,Casual/Günlük,Fitilli,Cool & Comfort,Hayır,"50% Viskoz, ,28% Polyester, ,22% Poliamid",,,,,,,,
139,641209224,10479,4.7,,/trendyolmilla/siyah-crop-v-yaka-triko-suveter-twoaw22bz0060-p-641209224/yorumlar,Triko,Regular,Saç Örgü,V Yaka,Siyah,Tüm Yaş Grupları,Standart Kol,Orta,Düz,Kolsuz,Crop,Basic,Casual/Günlük,Çift Plaka,Cool & Comfort,Hayır,100% Akrilik,Akrilik,,,Kemersiz,,,,
140,812336972,519,1.0,,/trendyolmilla/pembe-yunlu-triko-suveter-twoaw25sv00007-p-812336972/yorumlar,Triko,Regular,Düz,V Yaka,Pembe,Tüm Yaş Grupları,Standart Kol,Orta,Düz,Kolsuz,Regular,Basic,Casual/Günlük,Tek Plaka,Cool & Comfort,Hayır,"47% Akrilik, ,4% Elastan, ,39% Pamuk, ,10% Yün",,,,,,,,
141,646703824,8829,4.7,,/trendyolmilla/antrasit-yumusak-dokulu-triko-suveter-twoaw22bz0033-p-646703824/yorumlar,Triko,Regular,Saç Örgü,V Yaka,Gri,Tüm Yaş Grupları,Standart Kol,Orta,Düz,Kolsuz,Regular,Basic,Casual/Günlük,Çift Plaka,Cool & Comfort,Hayır,"80% Akrilik, ,20% Polyester",Akrilik,,,,,,Tekli,
142,646703819,6746,4.7,,/trendyolmilla/saks-yumusak-dokulu-triko-suveter-twoaw22bz0033-p-646703819/yorumlar,Triko,Regular,Saç Örgü,V Yaka,Mavi,Tüm Yaş Grupları,Standart Kol,Orta,Düz,Kolsuz,Regular,Basic,Casual/Günlük,Çift Plaka,Cool & Comfort,Hayır,"80% Akrilik, ,20% Polyester",Akrilik,,,,,,Tekli,
143,342670269,23979,4.7,,/trendyolmilla/lacivert-fermuarli-cizgili-triko-suveter-twoaw23sv0007-p-342670269/yorumlar,Triko,Regular,Çizgili,Polo Yaka,Lacivert,Tüm Yaş Grupları,Standart Kol,Orta,Düz,Kolsuz,Regular,Basic,Casual/Günlük,Selanik,Cool & Comfort,Hayır,100% Akrilik,Akrilik,,,,Fermuar,,,
144,134352252,20367,4.7,,/trendyolmilla/tas-crop-v-yaka-triko-suveter-twoaw22bz0049-p-134352252/yorumlar,Triko,Regular,Saç Örgü,V Yaka,Gri,Tüm Yaş Grupları,Standart Kol,Orta,Düz,Kolsuz,Crop,Basic,Casual/Günlük,Çift Plaka,Cool & Comfort,Hayır,100% Akrilik,Akrilik,,Cepsiz,Kemersiz,,,,
145,235907785,15038,4.5,,/trendyolmilla/siyah-crop-fermuarli-basic-triko-suveter-twoaw23hi0015-p-235907785/yorumlar,Triko,Regular,Düz,Dik Yaka,Siyah,Tüm Yaş Grupları,Standart Kol,Orta,Düz,Kolsuz,Crop,Basic,Casual/Günlük,Selanik,Cool & Comfort,Hayır,100% Akrilik,Akrilik,,,Kemersiz,Fermuar,,,
146,98139573,20357,4.6,,/trendyolmilla/tas-yumusak-dokulu-triko-suveter-twoaw22bz0033-p-98139573/yorumlar,Triko,Regular,Saç Örgü,V Yaka,Gri,Tüm Yaş Grupları,Standart Kol,Orta,Düz,Kolsuz,Regular,Basic,Casual/Günlük,Çift Plaka,Cool & Comfort,Hayır,"80% Akrilik, ,20% Polyester",Akrilik,,,,,,Tekli,
147,811868115,219,,,,Triko,Regular,Saç Örgü,Bisiklet Yaka,Gri,,Standart Kol,Orta,Düz,Kolsuz,Regular,Basic,Casual/Günlük,Tek Plaka,Cool & Comfort,,"80% Akrilik, ,20% Polyester",,,,,,,,
148,235907789,19357,4.5,,/trendyolmilla/gri-crop-fermuarli-basic-triko-suveter-twoaw23hi0015-p-235907789/yorumlar,Triko,Regular,Düz,Dik Yaka,Gri,Tüm Yaş Grupları,Standart Kol,Orta,Düz,Kolsuz,Crop,Basic,Casual/Günlük,Selanik,Cool & Comfort,Hayır,100% Akrilik,Akrilik,,,Kemersiz,Fermuar,,,
149,812336974,533,,,,Triko,Regular,Düz,V Yaka,Gri,Tüm Yaş Grupları,Standart Kol,Orta,Düz,Kolsuz,Regular,Basic,Casual/Günlük,Tek Plaka,Cool & Comfort,Hayır,"47% Akrilik, ,4% Elastan, ,39% Pamuk, ,10% Yün",,,,,,,,
150,645121712,8957,4.8,,/trendyolmilla/kahverengi-crop-fermuarli-basic-triko-suveter-twoaw23hi0015-p-645121712/yorumlar,Triko,Regular,Düz,Dik Yaka,Kahverengi,Tüm Yaş Grupları,Standart Kol,Orta,Düz,Kolsuz,Crop,Basic,Casual/Günlük,Selanik,Cool & Comfort,Hayır,100% Akrilik,Akrilik,,,Kemersiz,Fermuar,,,
151,242432238,12186,4.8,,/trendyolmilla/mint-yumusak-dokulu-triko-suveter-twoaw22bz0033-p-242432238/yorumlar,Triko,Regular,Saç Örgü,V Yaka,Yeşil,Tüm Yaş Grupları,Standart Kol,Orta,Düz,Kolsuz,Regular,Basic,Casual/Günlük,Çift Plaka,Cool & Comfort,Hayır,"80% Akrilik, ,20% Polyester",Akrilik,,,,,,Tekli,
152,811109647,,,,,Triko,Regular,Düz,Dik Yaka,Lacivert,Tüm Yaş Grupları,Standart Kol,Orta,Düz,Kolsuz,Regular,Basic,Casual/Günlük,Fitilli,Cool & Comfort,Hayır,100% Akrilik,Akrilik,Bağcıklı,,Kemersiz,Düğme,,,
153,811109404,,,,,Triko,Oversize,Saç Örgü,Dik Yaka,Turuncu,Tüm Yaş Grupları,Standart Kol,Orta,Düz,Kolsuz,Regular,Basic,Casual/Günlük,Çift Plaka,Cool & Comfort,Hayır,100% Akrilik,Akrilik,,Cepsiz,Kuşaklı,,,,
154,811109403,,,,,Triko,Oversize,Saç Örgü,Dik Yaka,Yeşil,Tüm Yaş Grupları,Standart Kol,Orta,Düz,Kolsuz,Regular,Basic,Casual/Günlük,Çift Plaka,Cool & Comfort,Hayır,100% Akrilik,Akrilik,,Cepsiz,Kuşaklı,,,,
