,ID,FAVORITE_COUNT,RATING_DETAIL,DELIVERY_DATE,PROFF_LINK,Kalıp,Desen,Yaka Tipi,Kumaş Tipi,Kol Tipi,Renk,Ortam,Boy,Kol Boyu,Persona,Dokuma Tipi,Sürdürülebilirlik Detayı,Siluet,Yaş,Materyal Bileşeni,Materyal,Koleksiyon,Paket İçeriği,Cep,Baskı/Nakış Tekniği,Astar Durumu,Kemer/Kuşak Durumu,Ek Özellik,Kalınlık,Stil
0,786968494,15764,4.4,,/trendyol-curve/siyah-beyaz-cizgili-fittili-orme-bluz-tbbss24af00022-p-786968494/yorumlar,Slim,Çizgili,Polo Yaka,Örme,Standart Kol,Çok Renkli,Casual/Günlük,Regular,Kısa,Cool & Comfort,Kaşkorse,Hayır,Basic,Tüm Yaş Grupları,"97% Polyester, ,3% Elastan",,,,,,,,,,
1,193271242,15811,4.5,,/trendyol-curve/siyah-sirti-baglama-detayli-orme-bluz-tbbss22af0058-p-193271242/yorumlar,Fitted,Düz,Havuz Yaka,Dokuma,Standart Kol,Siyah,Casual/Günlük,Regular,Kısa,Cool & Comfort,Süprem,Hayır,Basic,Tüm Yaş Grupları,"95% Viskoz, ,5% Elastan",Örme,Büyük Beden,Tekli,,,,,,,
2,791613438,17799,4.2,,/trendyol-curve/siyah-bodycon-triko-bluz-tbbss24af00052-p-791613438/yorumlar,Fitted,Düz,Kalp Yaka,Triko,Kalın Askılı,Siyah,Casual/Günlük,Regular,Askılı,Smart,Tek Plaka,Hayır,Bodycone,Tüm Yaş Grupları,100% Polyester,Polyester,,,,,,,,,
3,790721215,15725,4.6,,/trendyol-curve/siyah-fermuarli-orme-bluz-tbbss24af00040-p-790721215/yorumlar,Fitted,Düz,Dik Yaka,Örme,Standart Kol,Siyah,Casual/Günlük,Regular,Kolsuz,Smart,Kaşkorse,Hayır,Bodycone,Tüm Yaş Grupları,100% Pamuk,Pamuklu,,,,,,,,,
4,835372101,4795,4.1,,/trendyol-curve/beyaz-kadin-fiyonklu-dokuma-buyuk-beden-bluz-tbbaw25af00021-p-835372101/yorumlar,Regular,Düz,Bisiklet Yaka,Dokuma,Standart Kol,Beyaz,Casual/Günlük,Uzun,Truvakar Kol,Cool & Comfort,Terrycotton,,A-line,Tüm Yaş Grupları,"50% Pamuk, ,50% Polyester",,,,,,,,,,
5,372983272,7731,4.7,,/trendyol-curve/fusya-dusuk-omuz-detayli-orme-bluz-tbbss22af0052-p-372983272/yorumlar,Regular,Düz,Devrik Yaka,Örme,Düşük Kol,Pembe,Casual/Günlük,Crop,Kısa,Cool & Comfort,Süprem,Hayır,Asimetrik,Tüm Yaş Grupları,100% Pamuk,Pamuklu,Büyük Beden,Tekli,Cepsiz,,,,,,
6,183382291,44255,4.5,,/trendyol-curve/siyah-dusuk-omuz-detayli-orme-bluz-tbbss22af0052-p-183382291/yorumlar,Regular,Düz,Devrik Yaka,Örme,Düşük Kol,Siyah,Casual/Günlük,Crop,Kısa,Cool & Comfort,Süprem,Hayır,Asimetrik,Tüm Yaş Grupları,100% Pamuk,Pamuklu,Büyük Beden,Tekli,Cepsiz,,,,,,
7,364518874,37009,4.7,,/trendyol-curve/siyah-fittilli-gomlek-yaka-orme-bluz-tbbss22bz0750-p-364518874/yorumlar,Regular,Düz,Polo Yaka,Örme,Standart Kol,Siyah,Casual/Günlük,Crop,Kısa,Cool & Comfort,Kaşkorse,Hayır,Bodycone,Tüm Yaş Grupları,"95% Pamuk, ,5% Elastan",Örme,Büyük Beden,,Cepsiz,Baskısız,Astarsız,Yok,,,
8,372983288,9604,4.7,,/trendyol-curve/saks-dusuk-omuz-detayli-orme-bluz-tbbss22af0052-p-372983288/yorumlar,Regular,Düz,Devrik Yaka,Örme,Düşük Kol,Lacivert,Casual/Günlük,Crop,Kısa,Cool & Comfort,Süprem,Hayır,Asimetrik,Tüm Yaş Grupları,100% Pamuk,Pamuklu,Büyük Beden,Tekli,Cepsiz,,,,,,
9,678691517,7851,4.4,,/trendyol-curve/kirmizi-fitilli-orme-bluz-tbbss22bz0750-p-678691517/yorumlar,Regular,Düz,Polo Yaka,Örme,Standart Kol,Kırmızı,Casual/Günlük,Crop,Kısa,Cool & Comfort,Kaşkorse,Hayır,Bodycone,Tüm Yaş Grupları,"95% Pamuk, ,5% Elastan",Örme,Büyük Beden,,Cepsiz,Baskısız,Astarsız,Yok,,,
10,196006515,45803,4.6,,/trendyol-curve/beyaz-fitilli-orme-bluz-tbbss22bz0750-p-196006515/yorumlar,Regular,Düz,Polo Yaka,Örme,Standart Kol,Beyaz,Casual/Günlük,Crop,Kısa,Cool & Comfort,Kaşkorse,Hayır,Bodycone,Tüm Yaş Grupları,"95% Pamuk, ,5% Elastan",Örme,Büyük Beden,,Cepsiz,Baskısız,Astarsız,Yok,,,
11,785203904,17970,4.6,,/trendyol-curve/siyah-degaje-yaka-askili-orme-bluz-tbbss24af00006-p-785203904/yorumlar,Fitted,Düz,Degaje Yaka,Örme,İnce Askılı,Siyah,Casual/Günlük,Regular,Askılı,Cool & Comfort,Sandy,Hayır,Bodycone,Tüm Yaş Grupları,"97% Polyester, ,3% Elastan",,,,,,,,,,
12,814376612,6451,4.5,,/trendyol-curve/antrasit-tul-astarli-asimetrik-yaka-orme-bluz-tbbss24af00025-p-814376612/yorumlar,Slim,Baskılı,Asimetrik Yaka,Örme,Standart Kol,Gri,Casual/Günlük,Regular,Uzun,Fashion Forward,Mesh,Hayır,Basic,Tüm Yaş Grupları,100% Polyester,Polyester,,,,,Astarlı,,,,
13,793584071,30309,4.6,,/trendyol-curve/siyah-crop-kolu-firfirli-volanli-kruvaze-yaka-plaj-giyim-bluz-tbbss24af00071-p-793584071/yorumlar,Fitted,Düz,V Yaka,Dokuma,Büzgülü/Fırfırlı Kol,Siyah,Beachwear,Crop,Truvakar Kol,Feminine,Crinkle,Hayır,Bodycone,Tüm Yaş Grupları,100% Viskoz,,,,,,,,,,
14,800274028,7871,4.5,,/trendyol-curve/sari-cicek-desenli-orme-bluz-tbbss24af00086-p-800274028/yorumlar,Fitted,Çiçekli,Kare Yaka,Örme,Standart Kol,Sarı,Casual/Günlük,Regular,Kısa,Cool & Comfort,Bürümcük,Hayır,Basic,Tüm Yaş Grupları,100% Polyester,Polyester,,,,,,,,,
15,792587261,10305,4.4,,/trendyol-curve/siyah-kalp-yaka-mesh-detayli-orme-bluz-tbbss24af00046-p-792587261/yorumlar,Fitted,Düz,Bisiklet Yaka,Örme,Standart Kol,Siyah,Casual/Günlük,Regular,Kısa,Cool & Comfort,Sandy,Hayır,Bodycone,Tüm Yaş Grupları,"96% Polyester, ,4% Elastan",,,,,,,,,,
16,797234573,9667,4.2,,/trendyol-curve/kirmizi-asimetrik-yaka-orme-bluz-tbbss24af00077-p-797234573/yorumlar,Fitted,Düz,Asimetrik Yaka,Örme,Standart Kol,Kırmızı,Casual/Günlük,Regular,Kısa,Cool & Comfort,Süprem,Hayır,Asimetrik,Tüm Yaş Grupları,"95% Pamuk, ,5% Elastan",,,,,,,,,,
17,464821221,10960,4.6,,/trendyol-curve/siyah-u-yaka-citcitli-crop-orme-bluz-tbbss23af00062-p-464821221/yorumlar,Fitted,Düz,Havuz Yaka,Örme,Standart Kol,Siyah,Casual/Günlük,Crop,Kısa,Cool & Comfort,Kaşkorse,Hayır,Bodycone,Tüm Yaş Grupları,"98% Pamuk, ,2% Elastan",,,Tekli,,,,,,,
18,230721667,8685,4.2,,/trendyol-curve/lila-kare-yaka-fermuarli-orme-bluz-tbbss22bz00005-p-230721667/yorumlar,Fitted,Düz,Kare Yaka,Örme,Standart Kol,Mor,Casual/Günlük,Crop,Kısa,Cool & Comfort,Kaşkorse,Hayır,Bodycone,Tüm Yaş Grupları,"94% Polyester, ,6% Elastan",,Büyük Beden,Tekli,Cepsiz,,,,,,
19,786384109,7927,4.5,,/trendyol-curve/acik-mavi-dokuma-bluz-tbbss24af00000-p-786384109/yorumlar,Oversize,Çizgili,Bebe Yaka,Dokuma,Balon Kol,Mavi,Casual/Günlük,Regular,Kısa,Cool & Comfort,Terrycotton,Hayır,Basic,Tüm Yaş Grupları,100% Polyester,Polyester,,,,,,,,,
20,792871375,12742,4.7,,/trendyol-curve/siyah-fitted-vucuda-oturan-polo-yaka-esnek-orme-bluz-tbbss24af00065-p-792871375/yorumlar,Fitted,Düz,Polo Yaka,Örme,Standart Kol,Siyah,Casual/Günlük,Regular,Kolsuz,Cool & Comfort,Kaşkorse,Hayır,Basic,Tüm Yaş Grupları,"97% Polyester, ,3% Elastan",Polyester,,,,,,,,,
21,814881554,5074,4.6,,/trendyol-curve/kirmizi-fermuarli-orme-bluz-tbbss24af00040-p-814881554/yorumlar,Fitted,Düz,Dik Yaka,Örme,Standart Kol,Kırmızı,Casual/Günlük,Regular,Kolsuz,Smart,Kaşkorse,Hayır,Bodycone,Tüm Yaş Grupları,100% Pamuk,Pamuklu,,,,,,,,,
22,809718820,738,4.3,,/trendyol-curve/cok-renkli-suprem-orme-buyuk-beden-bluz-p-809718820/yorumlar,Fitted,Çiçekli,Bisiklet Yaka,Örme,Standart Kol,Çok Renkli,Casual/Günlük,Regular,Kolsuz,Cool & Comfort,Süprem,Hayır,Basic,Tüm Yaş Grupları,100% Polyester,Polyester,,,,,,,,,
23,786994578,11745,4.4,,/trendyol-curve/siyah-kayik-degaje-yaka-orme-bluz-tbbss24af00021-p-786994578/yorumlar,Fitted,Düz,Kayık Yaka,Örme,Düşük Kol,Siyah,Casual/Günlük,Regular,Askılı,Feminine,Sandy,Hayır,Bodycone,Tüm Yaş Grupları,"95% Polyester, ,5% Elastan",,,,,,,,,,
24,196006517,37758,4.4,,/trendyol-curve/lacivert-fitilli-orme-bluz-tbbss22bz0750-p-196006517/yorumlar,Regular,Düz,Polo Yaka,Örme,Standart Kol,Lacivert,Casual/Günlük,Crop,Kısa,Cool & Comfort,Kaşkorse,Hayır,Bodycone,Tüm Yaş Grupları,"95% Pamuk, ,5% Elastan",Örme,Büyük Beden,,Cepsiz,Baskısız,Astarsız,Yok,,,
25,819726664,3978,4.5,,/trendyol-curve/siyah-kaskorse-orme-buyuk-beden-bluz-p-819726664/yorumlar,Fitted,Geometrik,Bisiklet Yaka,Örme,Standart Kol,Siyah,Casual/Günlük,Regular,Kısa,Cool & Comfort,Kaşkorse,Hayır,Basic,Tüm Yaş Grupları,100% Pamuk,%100 Pamuk,,,,,,,,,
26,230340529,30565,4.1,,/trendyol-curve/siyah-kalp-yaka-balon-kol-orme-bluz-tbbss22bz00004-p-230340529/yorumlar,Slim,Düz,Kare Yaka,Örme,Balon Kol,Siyah,Casual/Günlük,Crop,Kısa,Cool & Comfort,Sandy,Hayır,Bodycone,Tüm Yaş Grupları,"96% Polyester, ,4% Elastan",Polyester Karışımlı,Büyük Beden,Tekli,Cepsiz,,,,Ek Özellik Mevcut Değil,,
27,789041993,2850,4.8,,/trendyol-curve/siyah-birit-detayli-fitilli-orme-bluz-tbbss24af00005-p-789041993/yorumlar,Fitted,Düz,V Yaka,Örme,Standart Kol,Siyah,Casual/Günlük,Regular,Truvakar Kol,Fashion Forward,Kaşkorse,Hayır,Bodycone,Tüm Yaş Grupları,100% Pamuk,Pamuklu,,,,,,,,,
28,806033916,4412,4.8,,/trendyol-curve/turuncu-vucudu-saran-ince-triko-fermuarli-bluz-tbbss23af00020-p-806033916/yorumlar,Fitted,Düz,Polo Yaka,Triko,Standart Kol,Turuncu,Casual/Günlük,Regular,Kolsuz,Cool & Comfort,Fitilli,Hayır,Bodycone,Tüm Yaş Grupları,100% Akrilik,Akrilik,,,,,,,,İnce,
29,453673795,15834,4.4,,/trendyol-curve/siyah-bisiklet-yaka-basic-orme-bluz-tbbss23af00053-p-453673795/yorumlar,Relaxed,Düz,Bisiklet Yaka,Örme,Standart Kol,Siyah,Casual/Günlük,Regular,Kolsuz,Cool & Comfort,Süprem,Hayır,Basic,Tüm Yaş Grupları,100% Pamuk,Pamuklu,,Tekli,,,,,,,
30,791613448,13961,4.0,,/trendyol-curve/ekru-bodycon-triko-bluz-tbbss24af00052-p-791613448/yorumlar,Fitted,Düz,Kalp Yaka,Triko,Kalın Askılı,Siyah,Casual/Günlük,Regular,Askılı,Smart,Tek Plaka,Hayır,Bodycone,Tüm Yaş Grupları,100% Polyester,Polyester,,,,,,,,,
31,411339843,14028,4.6,,/trendyol-curve/koyu-mint-kruvaze-baglama-detayli-orme-bluz-tbbss23ah00126-p-411339843/yorumlar,Fitted,Düz,Kruvaze,Örme,İspanyol Kol,Yeşil,Casual/Günlük,Regular,Kısa,Cool & Comfort,Bürümcük,Hayır,Kruvaze,Tüm Yaş Grupları,"99% Polyester, ,1% Elastan",,,Tekli,,,,,Bağcıklı,,
32,443790529,5948,4.5,,/trendyol-curve/koyu-mint-yaka-detayli-fitilli-orme-t-shirt-tbbss23bf00012-p-443790529/yorumlar,Fitted,Düz,Kare Yaka,Örme,Standart Kol,Yeşil,Casual/Günlük,Regular,Kısa,Cool & Comfort,Kaşkorse,Hayır,Bodycone,Tüm Yaş Grupları,"98% Pamuk, ,2% Elastan",,,Tekli,,,,,,,
33,775751875,3649,4.7,,/trendyol-curve/gul-kurusu-kaskorse-orme-buyuk-beden-bluz-p-775751875/yorumlar,Fitted,Düz,Kare Yaka,Örme,Standart Kol,Pembe,Casual/Günlük,Regular,Kısa,Cool & Comfort,Kaşkorse,Hayır,Bodycone,Tüm Yaş Grupları,"98% Pamuk, ,2% Elastan",,,Tekli,,,,,,,
34,786970652,6231,4.3,,/trendyol-curve/cok-renkli-desenli-mesh-orme-bluz-tbbss24af00024-p-786970652/yorumlar,Slim,Baskılı,Dik Yaka,Örme,Standart Kol,Çok Renkli,Casual/Günlük,Regular,Kolsuz,Fashion Forward,Mesh,Hayır,Basic,Tüm Yaş Grupları,100% Polyester,Polyester,,,,,,,,,
35,796358906,3219,4.1,,/trendyol-curve/mavi-sirt-detayli-orme-bluz-tbbss24af00061-p-796358906/yorumlar,Fitted,Düz,V Yaka,Örme,Standart Kol,Mavi,Casual/Günlük,Regular,Kolsuz,Smart,Süprem,Hayır,Basic,Tüm Yaş Grupları,100% Pamuk,Pamuklu,,,,,,,,,
36,820020839,871,5.0,,/trendyol-curve/ekru-tul-dokuma-buyuk-beden-bluz-p-820020839/yorumlar,Büyük Beden,Düz,Degaje Yaka,Dokuma,Standart Kol,Ekru,Casual/Günlük,Büyük,Kolsuz,Cool & Comfort,Tül,Hayır,Basic,Tüm Yaş Grupları,100% Polyester,,,,,,,,,,
37,797237514,2175,4.1,,/trendyol-curve/yesil-buzgu-detayli-orme-bluz-tbbss24af00078-p-797237514/yorumlar,Fitted,Düz,Kare Yaka,Örme,Balon Kol,Yeşil,Casual/Günlük,Regular,Kısa,Cool & Comfort,Bürümcük,,Basic,Tüm Yaş Grupları,"98% Polyester, 2% Elastan",,,,,,,,,,
38,195997042,12612,3.8,,/trendyol-curve/tas-dokuma-dugmeli-ki-volanli-buyuk-beden-bluz-tbbss22bz0714-p-195997042/yorumlar,Regular,Düz,V Yaka,Dokuma,Standart Kol,Gri,Casual/Günlük,Regular,Kısa,Feminine,Aerobin,Hayır,Basic,Tüm Yaş Grupları,100% Polyester,Polyester,Büyük Beden,Tekli,Cepsiz,Baskısız,Astarsız,Yok,,İnce,Klasik
39,379991016,16093,4.5,,/trendyol-curve/siyah-askili-crop-orme-bluz-tbbss23af00013-p-379991016/yorumlar,Fitted,Düz,Kare Yaka,Örme,İnce Askılı,Siyah,Casual/Günlük,Crop,Askılı,Cool & Comfort,Kaşkorse,Hayır,Bodycone,Tüm Yaş Grupları,"97% Polyester, ,3% Elastan",,,Tekli,,,,,,,
40,447695022,13524,4.3,,/trendyol-curve/siyah-tek-kol-orme-bluz-tbbss23af00044-p-447695022/yorumlar,Regular,Düz,Asimetrik Yaka,Örme,Tek Kol,Siyah,Gündüz / Gece,Regular,Kısa,Fashion Forward,Sandy,Hayır,Basic,Tüm Yaş Grupları,"96% Polyester, ,4% Elastan",,,Tekli,,,,,,,
41,786995122,7793,4.5,,/trendyol-curve/pudra-metalik-baskili-orme-bluz-tbbss24af00007-p-786995122/yorumlar,Regular,Düz,Bisiklet Yaka,Örme,Düşük Kol,Pembe,Casual/Günlük,Regular,Kısa,Fashion Forward,Sandy,Hayır,Basic,Tüm Yaş Grupları,"96% Polyester, ,4% Elastan",,,,,,,,,,
42,411407638,7384,4.4,,/trendyol-curve/koyu-yesil-vucudu-saran-ince-triko-fermuarli-bluz-tbbss23af00020-p-411407638/yorumlar,Fitted,Düz,Polo Yaka,Triko,Standart Kol,Yeşil,Casual/Günlük,Regular,Kolsuz,Cool & Comfort,Fitilli,Hayır,Bodycone,Tüm Yaş Grupları,100% Akrilik,Akrilik,,,,,,,,İnce,
43,806266253,4158,4.3,,/trendyol-curve/altin-metalik-baskili-orme-bluz-tbbss24af00007-p-806266253/yorumlar,Regular,Düz,Bisiklet Yaka,Örme,Düşük Kol,Altın,Casual/Günlük,Regular,Kısa,Fashion Forward,Sandy,Hayır,Basic,Tüm Yaş Grupları,"96% Polyester, ,4% Elastan",,,,,,,,,,
44,196029486,32666,4.7,,/trendyol-curve/siyah-dokuma-v-yaka-baglamali-bluz-tbbss22bz0753-p-196029486/yorumlar,Regular,Düz,V Yaka,Dokuma,Standart Kol,Siyah,Casual/Günlük,Regular,Kısa,Cool & Comfort,Aerobin,Hayır,A-line,Tüm Yaş Grupları,100% Polyester,Polyester,Büyük Beden,,,,,,Bağcıklı,,
45,187949405,34907,4.6,,/trendyol-curve/siyah-ayarlanabilir-askili-dokuma-volanli-yaka-buyuk-beden-bluz-tbbss22af0023-p-187949405/yorumlar,Regular,Düz,V Yaka,Dokuma,İnce Askılı,Siyah,Casual/Günlük,Regular,Askılı,Cool & Comfort,Shally,Hayır,Basic,Tüm Yaş Grupları,100% Polyester,Polyester,Büyük Beden,Tekli,Cepsiz,Baskısız,Astarsız,Yok,,İnce,Klasik
46,793576688,8761,3.8,,/trendyol-curve/siyah-askili-dantelli-dokuma-buyuk-beden-bluz-tbbss24af00070-p-793576688/yorumlar,Regular,Düz,V Yaka,Dokuma,İnce Askılı,Siyah,Casual/Günlük,Regular,Askılı,Smart,Şifon,Hayır,Basic,Tüm Yaş Grupları,100% Polyester,Polyester,,,,,,,,,
47,183116994,29547,4.5,,/trendyol-curve/siyah-kisa-kol-dokuma-volanli-buyuk-beden-bluz-tbbss22af0002-p-183116994/yorumlar,Oversize,Düz,Bisiklet Yaka,Dokuma,Düşük Kol,Siyah,Casual/Günlük,Regular,Kısa,Cool & Comfort,Aerobin,Hayır,A-line,Tüm Yaş Grupları,"79% Viskoz, ,21% Poliamid",Dokuma,Büyük Beden,Tekli,Cepsiz,Baskısız,Astarsız,Yok,,İnce,
48,443798456,17787,4.6,,/trendyol-curve/zumrut-yesil-baskili-fitilli-orme-bluz-tbbss23bf00013-p-443798456/yorumlar,Fitted,Baskılı,Bisiklet Yaka,Örme,Standart Kol,Yeşil,Casual/Günlük,Regular,Kısa,Cool & Comfort,Kaşkorse,Hayır,Bodycone,Tüm Yaş Grupları,"98% Pamuk, ,2% Elastan",,,Tekli,,,,,,,
49,792883669,6206,4.3,,/trendyol-curve/siyah-ekru-cizgili-2-li-paket-viskoz-esnek-orme-bluz-tbbss24af00068-p-792883669/yorumlar,Fitted,Çizgili,Bisiklet Yaka,Örme,Standart Kol,Çok Renkli,Casual/Günlük,Crop,Askılı,Cool & Comfort,Süprem,Hayır,Basic,Tüm Yaş Grupları,"68% Viskoz, ,4% Elastan, ,28% Polyester",,,,,,,,,,
50,447994323,9488,4.5,,/trendyol-curve/siyah-kruvaze-yaka-kolu-firfirli-plaj-giyim-bluz-tbbss23ah00113-p-447994323/yorumlar,Fitted,Düz,V Yaka,Dokuma,İspanyol Kol,Siyah,Beachwear,Crop,Uzun,Cool & Comfort,Vual,Hayır,Kruvaze,Tüm Yaş Grupları,100% Pamuk,Pamuklu,,,,,,,,,
51,303500998,35456,4.6,,/trendyol-curve/siyah-fitiili-cut-out-detayli-crop-orme-bluz-tbbss22af00020-p-303500998/yorumlar,Fitted,Düz,Bisiklet Yaka,Örme,Standart Kol,Siyah,Casual/Günlük,Crop,Kısa,Cool & Comfort,Kaşkorse,Hayır,Bodycone,Tüm Yaş Grupları,"96% Pamuk, ,4% Elastan",,Büyük Beden,Tekli,Cepsiz,,,,Cut Out,,
52,817266181,2987,4.2,,/trendyol-curve/kirmizi-dokuma-v-yaka-baglamali-bluz-tbbss22bz0753-p-817266181/yorumlar,Regular,Düz,V Yaka,Dokuma,Standart Kol,Kırmızı,Casual/Günlük,Regular,Kısa,Cool & Comfort,Aerobin,Hayır,A-line,Tüm Yaş Grupları,100% Polyester,Polyester,Büyük Beden,,,,,,Bağcıklı,,
53,813638432,3671,4.2,,/trendyol-curve/tas-brode-detayli-askili-triko-bluz-tbbss24af00100-p-813638432/yorumlar,Fitted,Ajurlu,V Yaka,Triko,İnce Askılı,Bej,Casual/Günlük,Regular,Askılı,Cool & Comfort,Çift Plaka,Hayır,Basic,Tüm Yaş Grupları,"50% Pamuk, ,50% Polyester",Triko,,,,,,,,Orta,
54,411339845,16609,4.5,,/trendyol-curve/siyah-kruvaze-baglama-detayli-orme-bluz-tbbss23ah00126-p-411339845/yorumlar,Fitted,Düz,Kruvaze,Örme,İspanyol Kol,Siyah,Casual/Günlük,Regular,Kısa,Cool & Comfort,Bürümcük,Hayır,Kruvaze,Tüm Yaş Grupları,"99% Polyester, ,1% Elastan",,,Tekli,,,,,Bağcıklı,,
55,195997036,49297,4.2,,/trendyol-curve/siyah-dokuma-dugme-detayli-bluz-tbbss22bz0714-p-195997036/yorumlar,Regular,Düz,V Yaka,Dokuma,Standart Kol,Siyah,Casual/Günlük,Regular,Kısa,Feminine,Aerobin,Hayır,Basic,Tüm Yaş Grupları,100% Polyester,Polyester,Büyük Beden,Tekli,Cepsiz,Baskısız,Astarsız,Yok,,İnce,Klasik
56,443785961,19754,4.4,,/trendyol-curve/kahverengi-fitilli-u-yaka-orme-t-shirt-tbbss23bf00010-p-443785961/yorumlar,Fitted,Düz,Kare Yaka,Örme,Standart Kol,Kahverengi,Casual/Günlük,Regular,Kısa,Cool & Comfort,Kaşkorse,Hayır,Bodycone,Tüm Yaş Grupları,"98% Pamuk, ,2% Elastan",,,Tekli,,,,,,,
57,801139532,6285,3.7,,/trendyol-curve/lacivert-bagcik-detayli-orme-bluz-tbbss24af00084-p-801139532/yorumlar,Fitted,Düz,Bisiklet Yaka,Örme,Standart Kol,Lacivert,Casual/Günlük,Regular,Kısa,Cool & Comfort,Kaşkorse,Hayır,Basic,Tüm Yaş Grupları,100% Polyester,Polyester,,,,,,,,,
58,187322563,42576,4.4,,/trendyol-curve/siyah-cut-out-detayli-orme-bluz-tbbss22af0009-p-187322563/yorumlar,Regular,Düz,Bisiklet Yaka,Örme,Düşük Kol,Siyah,Casual/Günlük,Regular,Kısa,Cool & Comfort,Kaşkorse,Hayır,Basic,Tüm Yaş Grupları,"97% Polyester, ,3% Elastan",Örme,Büyük Beden,,Cepsiz,Baskısız,Astarsız,Yok,Cut Out,,
59,810050085,6102,4.1,,/trendyol-curve/siyah-krep-orme-buyuk-beden-bluz-p-810050085/yorumlar,Fitted,Düz,Kayık Yaka,Örme,Standart Kol,Siyah,Casual/Günlük,Regular,Kolsuz,Cool & Comfort,Krep,Hayır,Bodycone,Tüm Yaş Grupları,"95% Polyester, ,5% Elastan",,,,,,,,,,
60,410838044,4866,4.5,,/trendyol-curve/siyah-buzgulu-kisa-kol-orme-bluz-tbbss23af00016-p-410838044/yorumlar,Regular,Düz,Kayık Yaka,Örme,Reglan Kol,Siyah,Casual/Günlük,Regular,Kısa,Cool & Comfort,Sandy,Hayır,Basic,Tüm Yaş Grupları,"96% Polyester, ,4% Elastan",,,Tekli,,,,,,,
61,792884415,4460,4.4,,/trendyol-curve/beyaz-brodeli-dik-yaka-basic-kalip-pamuklu-orme-bluz-tbbss24af00069-p-792884415/yorumlar,Regular,Düz,Dik Yaka,Örme,Standart Kol,Beyaz,Casual/Günlük,Regular,Askılı,Feminine,Süprem,Hayır,Basic,Tüm Yaş Grupları,100% Pamuk,Pamuklu,,,,,,,,,
62,786397503,5815,4.4,,/trendyol-curve/siyah-kayik-yaka-dokuma-bluz-tbbss24af00038-p-786397503/yorumlar,Fitted,Düz,Kayık Yaka,Dokuma,Tek Kol,Siyah,Şık / gece,Regular,Kısa,Smart,Aerobin,Hayır,Omzu Açık,Tüm Yaş Grupları,100% Polyester,Polyester,,,,,,,,,
63,744102625,12507,3.9,,/trendyol-curve/siyah-straplez-orme-bluz-tbbaw24dj00000-p-744102625/yorumlar,Fitted,Düz,Kare Yaka,Örme,Standart Kol,Siyah,Şık / gece,Crop,Kolsuz,Cool & Comfort,İnterlok,Hayır,Bodycone,Tüm Yaş Grupları,"70% Viskoz, ,5% Elastan, ,25% Polyester",,,,,,,,,,
64,814264754,5668,3.1,,/trendyol-curve/bej-simli-vucudu-saran-ince-triko-bluz-tbbss24af00101-p-814264754/yorumlar,Fitted,Galaksi,Bisiklet Yaka,Triko,Standart Kol,Bej,Casual/Günlük,Regular,Kısa,Cool & Comfort,Fitilli,,Bodycone,Tüm Yaş Grupları,100% Akrilik,Triko,,,,,,,,İnce,
65,771106364,23935,4.0,,/trendyol-curve/cok-renkli-siyah-beyaz-gomlek-yaka-uzun-kol-dokuma-sik-bluz-tbbaw24af00062-p-771106364/yorumlar,Fitted,Düz,Gömlek Yaka,Dokuma,Standart Kol,Çok Renkli,Business,Regular,Uzun,Smart/Office,Finike,Hayır,Bodycone,Tüm Yaş Grupları,"86% Polyester, ,14% Elastan",,,,,,,,,,
66,379991001,12562,4.2,,/trendyol-curve/indigo-askili-crop-orme-bluz-tbbss23af00013-p-379991001/yorumlar,Fitted,Düz,Kare Yaka,Örme,İnce Askılı,Mavi,Casual/Günlük,Crop,Askılı,Cool & Comfort,Kaşkorse,Hayır,Bodycone,Tüm Yaş Grupları,"97% Polyester, ,3% Elastan",,,Tekli,,,,,,,
67,444552052,5033,4.3,,/trendyol-curve/siyah-vucudu-saran-askili-ince-triko-bluz-tbbss23af00047-p-444552052/yorumlar,Fitted,Düz,V Yaka,Triko,Standart Kol,Siyah,Casual/Günlük,Regular,Kolsuz,Smart,Fitilli,Hayır,Bodycone,Tüm Yaş Grupları,"50% Pamuk, ,50% Akrilik",Triko,,Tekli,,,,,,İnce,
68,740841022,58428,4.3,,/trendyol-curve/siyah-kalp-yaka-tul-detayli-orme-bluz-tbbaw24af00015-p-740841022/yorumlar,Fitted,Düz,Bisiklet Yaka,Örme,Standart Kol,Siyah,Gündüz / Gece,Regular,Uzun,Fashion Forward,Krep,Hayır,Bodycone,Tüm Yaş Grupları,"95% Polyester, ,5% Elastan",,Büyük Beden,,,,,,,,
69,665659809,6727,4.7,,/trendyol-curve/siyah-bisiklet-yaka-bodycone-fitilli-orme-bluz-tbbss23af00087-p-665659809/yorumlar,Fitted,Düz,Bisiklet Yaka,Örme,Standart Kol,Siyah,Casual/Günlük,Regular,Kısa,Cool & Comfort,Kaşkorse,Hayır,Bodycone,Tüm Yaş Grupları,"97% Pamuk, ,3% Elastan",,,Tekli,,,,,Ek Özellik Mevcut Değil,,
70,443785964,20629,4.6,,/trendyol-curve/siyah-fitilli-u-yaka-orme-t-shirt-tbbss23bf00010-p-443785964/yorumlar,Fitted,Düz,Kare Yaka,Örme,Standart Kol,Siyah,Casual/Günlük,Regular,Kısa,Cool & Comfort,Kaşkorse,Hayır,Bodycone,Tüm Yaş Grupları,"98% Pamuk, ,2% Elastan",,,Tekli,,,,,,,
71,774620294,6570,4.5,,/trendyol-curve/mavi-kaskorse-orme-buyuk-beden-bluz-p-774620294/yorumlar,Regular,Düz,Polo Yaka,Örme,Standart Kol,Mavi,Casual/Günlük,Crop,Kısa,Cool & Comfort,Kaşkorse,Hayır,Bodycone,Tüm Yaş Grupları,"95% Pamuk, ,5% Elastan",Örme,Büyük Beden,,Cepsiz,Baskısız,Astarsız,Yok,,,
72,756036895,6616,4.1,,/trendyol-curve/siyah-beyaz-cizgili-sirt-dekolteli-orme-bluz-tbbaw24af00050-p-756036895/yorumlar,Slim,Çizgili,Bisiklet Yaka,Örme,Standart Kol,Siyah,Casual/Günlük,Regular,Uzun,Cool & Comfort,2 İplik,Hayır,Bodycone,Tüm Yaş Grupları,"88% Pamuk, 12% Polyester",Pamuk Polyester,,,,,,,,,
73,382948599,9782,4.5,,/trendyol-curve/gri-askili-ince-triko-simli-bluz-tbbss23af00006-p-382948599/yorumlar,Fitted,Düz,V Yaka,Triko,İnce Askılı,Gri,Casual/Günlük,Regular,Kolsuz,Smart,Çift Plaka,Hayır,Basic,Tüm Yaş Grupları,"74% Akrilik, ,16% Metal, ,10% Polyester",Triko,,,,,,,,İnce,
74,786971396,18794,4.4,,/trendyol-curve/indigo-tul-astarli-asimetrik-yaka-orme-bluz-tbbss24af00025-p-786971396/yorumlar,Slim,Baskılı,Asimetrik Yaka,Örme,Standart Kol,Mavi,Casual/Günlük,Regular,Uzun,Fashion Forward,Mesh,Hayır,Basic,Tüm Yaş Grupları,100% Polyester,Polyester,,,,,Astarlı,,,,
75,196029482,9870,4.6,,/trendyol-curve/ekru-dokuma-v-yaka-baglamali-bluz-tbbss22bz0753-p-196029482/yorumlar,Regular,Düz,V Yaka,Dokuma,Standart Kol,Ekru,Casual/Günlük,Regular,Kısa,Cool & Comfort,Aerobin,Hayır,A-line,Tüm Yaş Grupları,100% Polyester,Polyester,Büyük Beden,,,,,,Bağcıklı,,
76,230721668,24534,4.2,,/trendyol-curve/siyah-kare-yaka-fermuarli-orme-bluz-tbbss22bz00005-p-230721668/yorumlar,Fitted,Düz,Kare Yaka,Örme,Standart Kol,Siyah,Casual/Günlük,Crop,Kısa,Cool & Comfort,Kaşkorse,Hayır,Bodycone,Tüm Yaş Grupları,"94% Polyester, ,6% Elastan",,Büyük Beden,Tekli,Cepsiz,,,,,,
77,801332565,5997,3.5,,/trendyol-curve/bordo-dugum-detayli-orme-bluz-tbbss24af00085-p-801332565/yorumlar,Fitted,Düz,V Yaka,Örme,Düşük Kol,Bordo,Casual/Günlük,Regular,Kolsuz,Cool & Comfort,Sandy,Hayır,Bodycone,Tüm Yaş Grupları,100% Polyester,Polyester,,,,,,,,,
78,814346556,1249,4.4,,/trendyol-curve/gri-yaka-detayli-bodycon-triko-bluz-tbbss24af00103-p-814346556/yorumlar,Fitted,Düz,Kare Yaka,Triko,Kalın Askılı,Gri,Casual/Günlük,Regular,Askılı,Cool & Comfort,Tek Plaka,Hayır,Bodycone,Tüm Yaş Grupları,100% Polyester,Polyester,,,,,,,,İnce,
79,184188417,11493,4.1,,/trendyol-curve/siyah-viskon-dokuma-ayarlanabilir-askili-v-yaka-buyuk-beden-bluz-tbbss22bz0223-p-184188417/yorumlar,Fitted,Düz,V Yaka,Dokuma,İnce Askılı,Siyah,Business,Regular,Askılı,Smart,Shally,Hayır,Basic,Tüm Yaş Grupları,100% Viskoz,Viskon,Büyük Beden,Tekli,Cepsiz,,Astarsız,Yok,,İnce,Klasik
80,379982185,6932,4.5,,/trendyol-curve/siyah-askili-desenli-orme-crop-bluz-tbbss23af00010-p-379982185/yorumlar,Fitted,Baskılı,Kare Yaka,Örme,İnce Askılı,Siyah,Casual/Günlük,Crop,Askılı,Cool & Comfort,Kaşkorse,Hayır,Bodycone,Tüm Yaş Grupları,"97% Polyester, ,3% Elastan",,Büyük Beden,Tekli,,,,,,,
81,379982179,6172,4.3,,/trendyol-curve/mavi-askili-desenli-orme-crop-bluz-tbbss23af00010-p-379982179/yorumlar,Fitted,Baskılı,Kare Yaka,Örme,İnce Askılı,Mavi,Casual/Günlük,Crop,Askılı,Cool & Comfort,Kaşkorse,Hayır,Bodycone,Tüm Yaş Grupları,"97% Polyester, ,3% Elastan",,Büyük Beden,Tekli,,,,,,,
82,217432612,13818,4.3,,/trendyol-curve/mor-dokuma-baglama-detayli-bluz-tbbss22bz1316-p-217432612/yorumlar,Regular,Düz,Bisiklet Yaka,Dokuma,Mendil Kol,Mor,Casual/Günlük,Regular,Kısa,Cool & Comfort,Vual,Hayır,A-line,Tüm Yaş Grupları,"58% Pamuk, 42% Polyester",Dokuma,Büyük Beden,Tekli,Cepsiz,Baskısız,Astarsız,Kuşaklı,,İnce,
83,637445246,4847,4.4,,/trendyol-curve/saks-kare-yaka-fermuarli-orme-bluz-tbbss22bz00005-p-637445246/yorumlar,Fitted,Düz,Kare Yaka,Örme,Standart Kol,Lacivert,Casual/Günlük,Crop,Kısa,Cool & Comfort,Kaşkorse,Hayır,Bodycone,Tüm Yaş Grupları,"94% Polyester, ,6% Elastan",,Büyük Beden,Tekli,Cepsiz,,,,,,
84,379990983,11297,4.4,,/trendyol-curve/pembe-askili-crop-orme-bluz-tbbss23af00013-p-379990983/yorumlar,Fitted,Düz,Kare Yaka,Örme,İnce Askılı,Pembe,Casual/Günlük,Crop,Askılı,Cool & Comfort,Kaşkorse,Hayır,Bodycone,Tüm Yaş Grupları,"97% Polyester, ,3% Elastan",,,Tekli,,,,,,,
85,786987635,6774,3.7,,/trendyol-curve/beyaz-mavi-cizgili-transparan-oversize-orme-keten-gorunumlu-bluz-tbbss24af00035-p-786987635/yorumlar,Oversize,Çizgili,Bisiklet Yaka,Örme,Düşük Kol,Çok Renkli,Casual/Günlük,Regular,Kısa,Cool & Comfort,Keten görünümlü,Hayır,Basic,Tüm Yaş Grupları,100% Polyester,Polyester,,,,,,,,,
86,812626046,4273,4.7,,/trendyol-curve/kahverengi-sandy-orme-buyuk-beden-bluz-p-812626046/yorumlar,Fitted,Düz,Degaje Yaka,Örme,İnce Askılı,Kahverengi,Casual/Günlük,Regular,Askılı,Cool & Comfort,Sandy,Hayır,Bodycone,Tüm Yaş Grupları,"97% Polyester, ,3% Elastan",,,,,,,,,,
87,786986344,6242,4.1,,/trendyol-curve/cok-renkli-cizgili-transparan-orme-keten-gorunumlu-bluz-tbbss24af00034-p-786986344/yorumlar,Relaxed,Çizgili,Bisiklet Yaka,Örme,Standart Kol,Çok Renkli,Casual/Günlük,Regular,Kısa,Cool & Comfort,Keten görünümlü,Hayır,Basic,Tüm Yaş Grupları,100% Polyester,Polyester,,,,,,,,,
88,446401625,22370,4.5,,/trendyol-curve/siyah-dokuma-kollari-sifon-bluz-tbbss23ah00089-p-446401625/yorumlar,Fitted,Düz,Kalp Yaka,Dokuma,Büzgülü/Fırfırlı Kol,Siyah,Casual/Günlük,Regular,Kısa,Cool & Comfort,Krep,Hayır,A-line,Tüm Yaş Grupları,100% Polyester,Polyester,,Tekli,,,,,,,
89,812813948,4710,4.7,,/trendyol-curve/saks-askili-ince-triko-simli-bluz-tbbss23af00006-p-812813948/yorumlar,Fitted,Düz,V Yaka,Triko,İnce Askılı,Lacivert,Casual/Günlük,Regular,Kolsuz,Smart,Çift Plaka,Hayır,Basic,Tüm Yaş Grupları,"74% Akrilik, ,16% Metal, ,10% Polyester",Triko,,,,,,,,İnce,
90,817560746,1163,3.3,,/trendyol-curve/lacivert-brodeli-dik-yaka-basic-kalip-pamuklu-orme-bluz-tbbss24af00069-p-817560746/yorumlar,Regular,Düz,Dik Yaka,Örme,Standart Kol,Lacivert,Casual/Günlük,Regular,Askılı,Feminine,Süprem,Hayır,Basic,Tüm Yaş Grupları,100% Pamuk,Pamuklu,,,,,,,,,
91,251535559,42951,4.4,,/trendyol-curve/siyah-bodycone-fitilli-orme-bluz-tbbaw23af00016-p-251535559/yorumlar,Fitted,Düz,Bisiklet Yaka,Örme,Standart Kol,Siyah,Casual/Günlük,Regular,Uzun,Cool & Comfort,Kaşkorse,Hayır,Bodycone,Tüm Yaş Grupları,"97% Polyester, ,3% Elastan",,Büyük Beden,,,Allover Baskı,,Yok,,,
92,813522942,1819,4.5,,/trendyol-curve/siyah-dalgic-scuba-orme-buyuk-beden-bluz-tbbss24af00099-p-813522942/yorumlar,Slim,Düz,Kare Yaka,Örme,Standart Kol,Siyah,Sportswear,Regular,Askılı,Cool & Comfort,Dalgıç/Scuba,Hayır,Basic,Tüm Yaş Grupları,"90% Polyester, ,10% Elastan",,,,,,,,,,
93,792813340,2849,3.8,,/trendyol-curve/beyaz-yelek-form-orme-bluz-tbbss24af00042-p-792813340/yorumlar,Fitted,Düz,Bisiklet Yaka,Örme,Düşük Kol,Beyaz,Casual/Günlük,Regular,Askılı,Cool & Comfort,Süprem,Hayır,Basic,Tüm Yaş Grupları,100% Pamuk,Pamuklu,,,,,,,,,
94,412316037,17769,4.6,,/trendyol-curve/siyah-vucudu-saran-ince-triko-parlak-bluz-tbbss23af00019-p-412316037/yorumlar,Fitted,Düz,Bisiklet Yaka,Triko,Standart Kol,Siyah,Casual/Günlük,Regular,Kolsuz,Feminine,Çift Plaka,Hayır,Bodycone,Tüm Yaş Grupları,"82% Viskoz, ,9% Polyester, ,9% Metal",Triko,,Tekli,,,,,Ek Özellik Mevcut Değil,İnce,
95,813522296,1305,4.0,,/trendyol-curve/beyaz-dalgic-scuba-orme-buyuk-beden-bluz-p-813522296/yorumlar,Slim,Düz,Kare Yaka,Örme,Standart Kol,Beyaz,Sportswear,Regular,Askılı,Cool & Comfort,Dalgıç/Scuba,Hayır,Basic,Tüm Yaş Grupları,"90% Polyester, ,10% Elastan",,,,,,,,,,
96,799044645,4728,4.7,,/trendyol-curve/siyah-vucuda-oturan-orme-bluz-tbbss24af00081-p-799044645/yorumlar,Fitted,Düz,Havuz Yaka,Örme,Standart Kol,Siyah,Casual/Günlük,Regular,Truvakar Kol,Cool & Comfort,Süprem,Hayır,Basic,Tüm Yaş Grupları,100% Pamuk,Pamuklu,,,,,,,,,
97,813759149,3083,4.5,,/trendyol-curve/siyah-nervur-detayli-orme-bluz-p-813759149/yorumlar,Slim,Düz,Bisiklet Yaka,Örme,Standart Kol,Siyah,Casual/Günlük,Regular,Kolsuz,Cool & Comfort,İnterlok,,Basic,Tüm Yaş Grupları,"70% Viskoz, ,5% Elastan, ,25% Polyester",,,,,,,,,,
98,665720395,13044,4.1,,/trendyol-curve/ekru-degaje-yaka-duz-basic-saten-dokuma-bluz-p-665720395/yorumlar,Regular,Düz,Degaje Yaka,Dokuma,İnce Askılı,Ekru,Gündüz / Gece,Regular,Askılı,Feminine,Saten,Hayır,Basic,Tüm Yaş Grupları,100% Polyester,Polyester,,,,,,,Ek Özellik Mevcut Değil,,
99,814376795,6201,4.0,,/trendyol-curve/siyah-tul-astarli-asimetrik-yaka-orme-bluz-tbbss24af00025-p-814376795/yorumlar,Slim,Baskılı,Asimetrik Yaka,Örme,Standart Kol,Siyah,Casual/Günlük,Regular,Uzun,Fashion Forward,Mesh,Hayır,Basic,Tüm Yaş Grupları,100% Polyester,Polyester,,,,,Astarlı,,,,
100,801077332,662,3.7,,/trendyol-curve/ekru-100-pamuk-more-sustainable-dikis-detayli-orme-bluz-tbbss24af00087-p-801077332/yorumlar,Boyfriend,Düz,Bisiklet Yaka,Örme,Düşük Kol,Ekru,Casual/Günlük,Regular,Kısa,Cool & Comfort,Süprem,Hayır,Basic,Tüm Yaş Grupları,100% Pamuk,%100 Pamuk,,,,,,,,,
101,712427630,9304,4.3,,/trendyol-curve/beyaz-v-yaka-tuvit-desenli-uzun-kol-bluz-tbbaw24af00004-p-712427630/yorumlar,Regular,Armürlü,V Yaka,Dokuma,Standart Kol,Beyaz,Casual/Günlük,Regular,Uzun,Cool & Comfort,Tüvit,Hayır,Basic,Tüm Yaş Grupları,100% Pamuk,Pamuklu,Büyük Beden,,,,,,Ek Özellik Mevcut Değil,,
102,817804706,2008,4.1,,/trendyol-curve/lila-kaskorse-orme-buyuk-beden-bluz-p-817804706/yorumlar,Fitted,Geometrik,Bisiklet Yaka,Örme,Standart Kol,Mor,Casual/Günlük,Regular,Kısa,Cool & Comfort,Kaşkorse,Hayır,Basic,Tüm Yaş Grupları,100% Pamuk,%100 Pamuk,,,,,,,,,
103,464829283,4670,4.6,,/trendyol-curve/siyah-bisiklet-yaka-dugme-detayli-orme-bluz-tbbss23af00071-p-464829283/yorumlar,Fitted,Düz,Bisiklet Yaka,Örme,Standart Kol,Siyah,Casual/Günlük,Regular,Kolsuz,Smart,Kaşkorse,Hayır,Bodycone,Tüm Yaş Grupları,"53% Polyester, ,5% Elastan, ,42% Pamuk",,,Tekli,,,,,,,
104,786969917,4567,4.3,,/trendyol-curve/siyah-beyaz-cizgili-orme-bluz-tbbss24af00023-p-786969917/yorumlar,Fitted,Çizgili,Kare Yaka,Örme,Standart Kol,Çok Renkli,Casual/Günlük,Regular,Kısa,Cool & Comfort,Kaşkorse,Hayır,Bodycone,Tüm Yaş Grupları,"97% Polyester, ,3% Elastan",,,,,,,,,,
105,174863381,15745,4.4,,/trendyol-curve/siyah-puantiye-desenli-dokuma-bluz-tbbss22af0033-p-174863381/yorumlar,Relaxed,Puantiyeli,V Yaka,Dokuma,Düşük Kol,Siyah,Casual/Günlük,Regular,Kısa,Cool & Comfort,Shally,Hayır,Basic,Tüm Yaş Grupları,100% Viskoz,Dokuma,Büyük Beden,Tekli,Cepsiz,Empirme Baskı,Astarsız,Yok,,İnce,
106,786394699,1359,4.3,,/trendyol-curve/yesil-basic-dokuma-bluz-tbbss24af00033-p-786394699/yorumlar,Fitted,Düz,V Yaka,Dokuma,Kalın Askılı,Yeşil,Casual/Günlük,Uzun,Kolsuz,Cool & Comfort,Saten,Hayır,Basic,Tüm Yaş Grupları,100% Polyester,Polyester,,,,,,,,,
107,303256149,10801,4.3,,/trendyol-curve/bordo-kare-yaka-orme-bluz-tbbss22af0027-p-303256149/yorumlar,Fitted,Düz,Kare Yaka,Örme,Standart Kol,Bordo,Casual/Günlük,Crop,Uzun,Smart,Kaşkorse,Hayır,Bodycone,Tüm Yaş Grupları,"94% Polyester, ,6% Elastan",Örme,Büyük Beden,,Cepsiz,,,,,,
108,814748011,1391,4.7,,/trendyol-curve/antrasit-lila-2-li-paket-viskoz-esnek-orme-bluz-tbbss24af00067-p-814748011/yorumlar,Fitted,Düz,Bisiklet Yaka,Örme,Standart Kol,Çok Renkli,Casual/Günlük,Crop,Askılı,Cool & Comfort,Süprem,Hayır,Basic,Tüm Yaş Grupları,"97% Viskoz, ,3% Elastan",,,,,,,,,,
109,448022489,18145,4.3,,/trendyol-curve/pembe-kalp-yaka-dokuma-bluz-tbbss23af00035-p-448022489/yorumlar,Fitted,Düz,Kare Yaka,Dokuma,Büzgülü/Fırfırlı Kol,Pembe,Casual/Günlük,Crop,Uzun,Feminine,Terrycotton,Hayır,A-line,Tüm Yaş Grupları,"58% Pamuk, ,42% Polyester",,,,,,,,,,
110,810079625,5242,4.4,,/trendyol-curve/lacivert-bodycon-triko-bluz-tbbss24af00052-p-810079625/yorumlar,Fitted,Düz,Kalp Yaka,Triko,Kalın Askılı,Lacivert,Casual/Günlük,Regular,Askılı,Smart,Tek Plaka,Hayır,Bodycone,Tüm Yaş Grupları,100% Polyester,Polyester,,,,,,,,,
111,814702798,1592,3.5,,/trendyol-curve/lacivert-saten-dokuma-buyuk-beden-bluz-tbbss24af00104-p-814702798/yorumlar,Regular,Düz,Kare Yaka,Dokuma,Balon Kol,Lacivert,Şık / gece,Regular,Kısa,Feminine,Saten,Hayır,Basic,Tüm Yaş Grupları,100% Polyester,Polyester,,,,,,,,,
112,786994479,3932,4.2,,/trendyol-curve/gul-kurusu-kayik-degaje-yaka-orme-bluz-tbbss24af00021-p-786994479/yorumlar,Fitted,Düz,Kayık Yaka,Örme,Düşük Kol,Pembe,Casual/Günlük,Regular,Askılı,Feminine,Sandy,Hayır,Bodycone,Tüm Yaş Grupları,"95% Polyester, ,5% Elastan",,,,,,,,,,
113,793589598,3843,4.8,,/trendyol-curve/ekru-bebe-yaka-dokuma-bluz-tbbss24af00073-p-793589598/yorumlar,Oversize,Düz,Bebe Yaka,Dokuma,Standart Kol,Ekru,Casual/Günlük,Regular,Uzun,Feminine,Terrycotton,Hayır,Basic,Tüm Yaş Grupları,"95% Polyester, ,5% Elastan",,,,,,,,,,
114,196029480,17364,4.5,,/trendyol-curve/hardal-dokuma-v-yaka-baglamali-bluz-tbbss22bz0753-p-196029480/yorumlar,Regular,Düz,V Yaka,Dokuma,Standart Kol,Sarı,Casual/Günlük,Regular,Kısa,Cool & Comfort,Aerobin,Hayır,A-line,Tüm Yaş Grupları,100% Polyester,Polyester,Büyük Beden,,,,,,Bağcıklı,,
115,371970539,22495,4.5,,/trendyol-curve/siyah-kollari-tullu-dokuma-bluz-tbbss23af00004-p-371970539/yorumlar,Regular,Puantiyeli,Kare Yaka,Dokuma,Balon Kol,Siyah,Gündüz / Gece,Regular,Uzun,Feminine,Tül,Hayır,Bodycone,Tüm Yaş Grupları,100% Polyester,Polyester,,,,,,,,,
116,797534557,3752,4.4,,/trendyol-curve/mavi-fitilli-citcitli-orme-bluz-tbbss24af00075-p-797534557/yorumlar,Fitted,Düz,V Yaka,Örme,Standart Kol,Mavi,Casual/Günlük,Regular,Kısa,Cool & Comfort,Kaşkorse,,Basic,Tüm Yaş Grupları,100% Polyester,Polyester,,,,,,,,,
117,364108715,8992,4.6,,/trendyol-curve/mor-cut-out-detayli-orme-bluz-tbbss22af0009-p-364108715/yorumlar,Regular,Düz,Bisiklet Yaka,Örme,Düşük Kol,Mor,Casual/Günlük,Regular,Kısa,Cool & Comfort,Kaşkorse,Hayır,Basic,Tüm Yaş Grupları,"97% Polyester, ,3% Elastan",Örme,Büyük Beden,,Cepsiz,Baskısız,Astarsız,Yok,Cut Out,,
118,410838055,7844,4.5,,/trendyol-curve/saks-buzgulu-kisa-kol-orme-bluz-tbbss23af00016-p-410838055/yorumlar,Regular,Düz,Kayık Yaka,Örme,Reglan Kol,Lacivert,Casual/Günlük,Regular,Kısa,Cool & Comfort,Sandy,Hayır,Basic,Tüm Yaş Grupları,"96% Polyester, ,4% Elastan",,,Tekli,,,,,,,
119,411429594,7201,4.5,,/trendyol-curve/turuncu-kalp-yaka-vucudu-saran-ince-triko-bluz-tbbss23af00021-p-411429594/yorumlar,Fitted,Düz,Kalp Yaka,Triko,Kalın Askılı,Turuncu,Casual/Günlük,Regular,Kolsuz,Feminine,Fitilli,Hayır,Bodycone,Tüm Yaş Grupları,100% Polyester,Polyester,,Tekli,,,,,,İnce,
120,786982185,3771,4.1,,/trendyol-curve/beyaz-keten-gorunumlu-transparan-orme-bluz-tbbss24af00009-p-786982185/yorumlar,Regular,Düz,Bisiklet Yaka,Örme,Düşük Kol,Beyaz,Casual/Günlük,Regular,Uzun,Cool & Comfort,Keten görünümlü,Hayır,Basic,Tüm Yaş Grupları,100% Polyester,Polyester,,,,,,,,,
121,266301663,66046,4.4,,/trendyol-curve/siyah-balon-kol-kruvaze-yaka-orme-bluz-tbbaw23af00029-p-266301663/yorumlar,Regular,Düz,Kruvaze,Örme,Standart Kol,Siyah,Gündüz / Gece,Regular,Uzun,Smart,Sandy,,Kruvaze,,"96% Polyester, ,4% Elastan",,Büyük Beden,,,Baskısız,,Yok,,,
122,443783528,12026,4.3,,/trendyol-curve/siyah-baglama-detayli-orme-bluz-tbbss23af00033-p-443783528/yorumlar,Regular,Düz,Bisiklet Yaka,Örme,Standart Kol,Siyah,Casual/Günlük,Regular,Kısa,Cool & Comfort,Süprem,Hayır,Basic,Tüm Yaş Grupları,"94% Polyester, ,6% Elastan",,,Tekli,,,,,,,
123,809718826,749,3.8,,/trendyol-curve/siyah-suprem-orme-buyuk-beden-bluz-tbbss24af00095-p-809718826/yorumlar,Fitted,Çiçekli,Bisiklet Yaka,Örme,Standart Kol,Siyah,Casual/Günlük,Regular,Kolsuz,Cool & Comfort,Süprem,Hayır,Basic,Tüm Yaş Grupları,100% Polyester,Polyester,,,,,,,,,
124,806034448,2605,4.3,,/trendyol-curve/lacivert-ajurlu-delikli-puskullu-triko-bluz-tbbss24af00047-p-806034448/yorumlar,Regular,Ajurlu,Kapüşonlu,Triko,Standart Kol,Lacivert,Casual/Günlük,Regular,Kolsuz,Fashion Forward,Çift Plaka,Hayır,Basic,Tüm Yaş Grupları,"95% Akrilik, ,5% Metal",Triko,,,,,,,,,
125,789051317,2524,4.6,,/trendyol-curve/beyaz-hayvan-desenli-vatkali-orme-bluz-tbbss24af00041-p-789051317/yorumlar,Regular,Hayvan Desenli,Bisiklet Yaka,Örme,Standart Kol,Beyaz,Casual/Günlük,Regular,Kısa,Cool & Comfort,Süprem,Hayır,Basic,Tüm Yaş Grupları,100% Pamuk,Pamuklu,,,,,,,,,
126,806209041,1254,3.8,,/trendyol-curve/beyaz-mavi-cizgili-orme-bluz-tbbss24af00090-p-806209041/yorumlar,Fitted,Düz,Havuz Yaka,Örme,Standart Kol,Çok Renkli,Casual/Günlük,Regular,Kısa,Cool & Comfort,Kaşkorse,Hayır,Basic,Tüm Yaş Grupları,100% Polyester,Polyester,,,,,,,,,
127,784450104,9689,4.7,,/trendyol-curve/lacivert-cizgili-premium-yumusak-kumasli-fitted-kayik-yaka-esnek-orme-bluz-tbbss24af00037-p-784450104/yorumlar,Slim,Çizgili,Kayık Yaka,Örme,Standart Kol,Lacivert,Casual/Günlük,Regular,Uzun,Cool & Comfort,Ribana/Kaşkorse,Hayır,Basic,Tüm Yaş Grupları,"68% Viskoz, ,4% Elastan, ,28% Polyester",,,,,,,,,,
128,818469561,1334,4.8,,/trendyol-curve/haki-dugum-detayli-orme-bluz-tbbss24af00085-p-818469561/yorumlar,Fitted,Düz,V Yaka,Örme,Düşük Kol,Haki,Casual/Günlük,Regular,Kolsuz,Cool & Comfort,Sandy,Hayır,Bodycone,Tüm Yaş Grupları,100% Polyester,Polyester,,,,,,,,,
129,411429588,7208,4.4,,/trendyol-curve/siyah-kalp-yaka-vucudu-saran-ince-triko-bluz-tbbss23af00021-p-411429588/yorumlar,Fitted,Düz,Kalp Yaka,Triko,Kalın Askılı,Siyah,Casual/Günlük,Regular,Kolsuz,Feminine,Fitilli,Hayır,Bodycone,Tüm Yaş Grupları,100% Polyester,Polyester,,Tekli,,,,,,İnce,
130,448022478,41624,4.3,,/trendyol-curve/siyah-gipeli-dokuma-buyuk-beden-bluz-p-448022478/yorumlar,Fitted,Düz,Kare Yaka,Dokuma,Büzgülü/Fırfırlı Kol,Siyah,Casual/Günlük,Crop,Uzun,Feminine,Terrycotton,Hayır,A-line,Tüm Yaş Grupları,"58% Pamuk, ,42% Polyester",,,,,,,,,,
131,212018486,35729,4.2,,/trendyol-curve/siyah-boyfriend-v-yaka-yirtmacli-orme-bluz-tbbss22bz1080-p-212018486/yorumlar,Regular,Düz,V Yaka,Örme,Standart Kol,Siyah,Casual/Günlük,Uzun,Uzun,Cool & Comfort,Süprem,Hayır,Basic,Tüm Yaş Grupları,"95% Polyester, ,5% Elastan",Polyester - Elastan,Büyük Beden,Tekli,Cepsiz,,,,Ek Özellik Mevcut Değil,,Günlük
132,245165111,36803,4.7,,/trendyol-curve/siyah-orme-tul-crop-bluz-tbbss22bz00017-p-245165111/yorumlar,Regular,Düz,Bisiklet Yaka,Örme,Standart Kol,Siyah,Casual/Günlük,Crop,Uzun,Fashion Forward,Mesh,Hayır,Basic,Tüm Yaş Grupları,"94% Polyester, ,6% Elastan",Polyester Karışımlı,Büyük Beden,Tekli,Cepsiz,Baskısız,Astarsız,Yok,Ek Özellik Mevcut Değil,,
133,804004767,1869,4.8,,/trendyol-curve/cok-renkli-gri-beyaz-gomlek-yaka-uzun-kol-dokuma-sik-bluz-tbbaw24af00062-p-804004767/yorumlar,Fitted,Düz,Gömlek Yaka,Dokuma,Standart Kol,Gri,Business,Regular,Uzun,Smart/Office,Finike,Hayır,Bodycone,Tüm Yaş Grupları,"86% Polyester, ,14% Elastan",,,,,,,,,,
134,443785958,17983,4.5,,/trendyol-curve/tas-fitilli-u-yaka-orme-t-shirt-tbbss23bf00010-p-443785958/yorumlar,Fitted,Düz,Kare Yaka,Örme,Standart Kol,Gri,Casual/Günlük,Regular,Kısa,Cool & Comfort,Kaşkorse,Hayır,Bodycone,Tüm Yaş Grupları,"98% Pamuk, ,2% Elastan",,,Tekli,,,,,,,
135,816433159,1449,4.2,,/trendyol-curve/tas-askili-dantelli-dokuma-buyuk-beden-bluz-tbbss24af00070-p-816433159/yorumlar,Regular,Düz,V Yaka,Dokuma,İnce Askılı,Bej,Casual/Günlük,Regular,Askılı,Smart,Şifon,Hayır,Basic,Tüm Yaş Grupları,100% Polyester,Polyester,,,,,,,,,
136,792866288,4687,4.3,,/trendyol-curve/siyah-vatkali-kruvaze-yaka-esnek-citcitli-orme-bluz-tbbss24af00064-p-792866288/yorumlar,Fitted,Düz,Kruvaze,Örme,Standart Kol,Siyah,Gündüz / Gece,Regular,Kolsuz,Smart,Sandy,Hayır,Basic,Tüm Yaş Grupları,"96% Polyester, ,4% Elastan",,,,,,,,,,
137,818470524,1620,3.5,,/trendyol-curve/acik-mavi-suprem-orme-buyuk-beden-bluz-tbbss24af00077-p-818470524/yorumlar,Fitted,Düz,Asimetrik Yaka,Örme,Standart Kol,Mavi,Casual/Günlük,Regular,Kısa,Cool & Comfort,Süprem,Hayır,Asimetrik,Tüm Yaş Grupları,"95% Pamuk, ,5% Elastan",,,,,,,,,,
138,793604313,9107,4.2,,/trendyol-curve/beyaz-yaka-detayli-dokuma-bluz-tbbss24af00074-p-793604313/yorumlar,Regular,Düz,Bebe Yaka,Dokuma,Standart Kol,Beyaz,Şık / gece,Regular,Uzun,Office,Poplin,Hayır,Basic,Tüm Yaş Grupları,"58% Pamuk, 42% Polyester",Pamuk Polyester,,,,,,,,,
139,792864957,2122,4.1,,/trendyol-curve/yesil-asimetrik-yaka-cut-out-detayli-esnek-citcitli-orme-bluz-tbbss24af00063-p-792864957/yorumlar,Fitted,Düz,Asimetrik Yaka,Örme,Tek Kol,Yeşil,Gündüz / Gece,Regular,Kolsuz,Cool & Comfort,Micro,Hayır,Basic,Tüm Yaş Grupları,"93% Polyester, ,7% Elastan",,,,,,,,,,
140,816902552,1760,4.4,,/trendyol-curve/mint-fitted-vucuda-oturan-polo-yaka-esnek-orme-bluz-tbbss24af00065-p-816902552/yorumlar,Fitted,Düz,Polo Yaka,Örme,Standart Kol,Yeşil,Casual/Günlük,Regular,Kolsuz,Cool & Comfort,Kaşkorse,Hayır,Basic,Tüm Yaş Grupları,"97% Polyester, ,3% Elastan",Polyester,,,,,,,,,
141,763575729,3889,4.1,,/trendyol-curve/siyah-v-yaka-ayarlanabilir-askili-buzgu-detayli-dokuma-bluz-tbbaw24af00061-p-763575729/yorumlar,Regular,Düz,V Yaka,Dokuma,İnce Askılı,Siyah,Casual/Günlük,Regular,Askılı,Cool & Comfort,Flamlı Pamuk,,Basic,Tüm Yaş Grupları,100% Polyester,Polyester,,,,,,,,,
142,813759150,1001,5.0,,/trendyol-curve/bordo-interlok-orme-buyuk-beden-bluz-p-813759150/yorumlar,Slim,Düz,Bisiklet Yaka,Örme,Standart Kol,Bordo,Casual/Günlük,Regular,Kolsuz,Cool & Comfort,İnterlok,,Basic,Tüm Yaş Grupları,"70% Viskoz, ,5% Elastan, ,25% Polyester",,,,,,,,,,
143,379986566,7530,4.5,,/trendyol-curve/siyah-yanlari-buzgulu-vatkali-orme-crop-bluz-tbbss23af00011-p-379986566/yorumlar,Fitted,Düz,Bisiklet Yaka,Örme,Standart Kol,Siyah,Casual/Günlük,Crop,Kolsuz,Cool & Comfort,Kaşkorse,Hayır,Bodycone,Tüm Yaş Grupları,"97% Polyester, ,3% Elastan",,Büyük Beden,Tekli,,,,,,,
144,792549401,7992,4.2,,/trendyol-curve/ekru-polo-yaka-kruvaze-kapama-dokuma-bluz-tbbss24af00043-p-792549401/yorumlar,Relaxed,Düz,Polo Yaka,Dokuma,Standart Kol,Ekru,Casual/Günlük,Regular,Uzun,Cool & Comfort,Müslin,Hayır,Kruvaze,Tüm Yaş Grupları,100% Pamuk,Pamuklu,,,,,,,,,
145,443790530,7163,4.7,,/trendyol-curve/lacivert-yaka-detayli-fitilli-orme-t-shirt-tbbss23bf00012-p-443790530/yorumlar,Fitted,Düz,Kare Yaka,Örme,Standart Kol,Lacivert,Casual/Günlük,Regular,Kısa,Cool & Comfort,Kaşkorse,Hayır,Bodycone,Tüm Yaş Grupları,"98% Pamuk, ,2% Elastan",,,Tekli,,,,,,,
146,817804691,1810,4.3,,/trendyol-curve/bej-kaskorse-orme-buyuk-beden-bluz-p-817804691/yorumlar,Fitted,Geometrik,Bisiklet Yaka,Örme,Standart Kol,Bej,Casual/Günlük,Regular,Kısa,Cool & Comfort,Kaşkorse,Hayır,Basic,Tüm Yaş Grupları,100% Pamuk,%100 Pamuk,,,,,,,,,
147,815374845,4890,4.3,,/trendyol-curve/ekru-inci-detayli-fitilli-triko-bluz-tbbss24af00105-p-815374845/yorumlar,Fitted,Düz,Bisiklet Yaka,Triko,Reglan Kol,Ekru,Casual/Günlük,Regular,Kolsuz,Cool & Comfort,Fitilli,,Bodycone,Tüm Yaş Grupları,"50% Akrilik, ,50% Pamuk",Triko,,,,,,,,İnce,
148,801078258,1341,4.8,,/trendyol-curve/mint-100-pamuk-more-sustainable-dikis-detayli-orme-bluz-tbbss24af00087-p-801078258/yorumlar,Boyfriend,Düz,Bisiklet Yaka,Örme,Düşük Kol,Yeşil,Casual/Günlük,Regular,Kısa,Cool & Comfort,Süprem,Hayır,Basic,Tüm Yaş Grupları,100% Pamuk,%100 Pamuk,,,,,,,,,
149,833178365,328,,,,Fitted,Düz,Dik Yaka,Örme,Standart Kol,Siyah,Casual/Günlük,Regular,Uzun,Cool & Comfort,Sandy,,Bodycone,,"98% Polyester, ,2% Elastan",,,,,,,,,,
150,773813387,7896,4.6,,/trendyol-curve/siyah-beyaz-bisiklet-yaka-orme-bluz-tbbaw24af00063-p-773813387/yorumlar,Fitted,Düz,Bisiklet Yaka,Örme,Standart Kol,Çok Renkli,Casual/Günlük,Standart,Uzun,Cool & Comfort,Kaşkorse,Hayır,Basic,Tüm Yaş Grupları,"95% Pamuk, 5% Elastan",,,,,,,,,,
151,812626044,2753,4.5,,/trendyol-curve/lacivert-sandy-orme-buyuk-beden-bluz-p-812626044/yorumlar,Fitted,Düz,Degaje Yaka,Örme,İnce Askılı,Lacivert,Casual/Günlük,Regular,Askılı,Cool & Comfort,Sandy,Hayır,Bodycone,Tüm Yaş Grupları,"97% Polyester, ,3% Elastan",,,,,,,,,,
152,801177295,777,4.0,,/trendyol-curve/vizon-more-sustainable-vucuda-oturan-orme-bluz-tbbss24af00088-p-801177295/yorumlar,Slim,Düz,Kayık Yaka,Örme,Standart Kol,Bej,Casual/Günlük,Regular,Kısa,Cool & Comfort,Süprem,Recycle,Bodycone,Tüm Yaş Grupları,100% Pamuk,%100 Pamuk,,,,,,,,,
153,776013704,1365,4.2,,/trendyol-curve/kahverengi-kaskorse-orme-buyuk-beden-bluz-p-776013704/yorumlar,Regular,Düz,Bisiklet Yaka,Örme,Düşük Kol,Kahverengi,Casual/Günlük,Regular,Kısa,Cool & Comfort,Kaşkorse,Hayır,Basic,Tüm Yaş Grupları,"97% Polyester, ,3% Elastan",Örme,Büyük Beden,,Cepsiz,Baskısız,Astarsız,Yok,Cut Out,,
154,790835042,2050,3.9,,/trendyol-curve/lila-dokulu-orme-bluz-tbbss24af00011-p-790835042/yorumlar,Slim,Düz,Kayık Yaka,Örme,Ay Kol,Mor,Casual/Günlük,Regular,Kısa,Cool & Comfort,Dokulu,Hayır,Basic,Tüm Yaş Grupları,100% Pamuk,Pamuklu,,,,,,,,,
155,356026488,5321,4.4,,/trendyol-curve/kahverengi-carmen-yaka-orme-bluz-tbbaw23af00031-p-356026488/yorumlar,Fitted,Düz,Carmen Yaka,Örme,Düşük Kol,Kahverengi,Casual/Günlük,Regular,Uzun,Cool & Comfort,Süprem,Hayır,Omzu Açık,Tüm Yaş Grupları,"97% Viskoz, ,3% Elastan",,Büyük Beden,,,,,Yok,,,
156,453291236,6329,4.7,,/trendyol-curve/siyah-cut-out-detayli-orme-bluz-tbbss23af00051-p-453291236/yorumlar,Fitted,Düz,V Yaka,Örme,Standart Kol,Siyah,Casual/Günlük,Regular,Kısa,Feminine,Kaşkorse,Hayır,Bodycone,Tüm Yaş Grupları,"98% Pamuk, ,2% Elastan",,,Tekli,,,,,Cut Out,,
157,801177008,1388,4.0,,/trendyol-curve/siyah-more-sustainable-vucuda-oturan-orme-bluz-tbbss24af00088-p-801177008/yorumlar,Slim,Düz,Kayık Yaka,Örme,Standart Kol,Siyah,Casual/Günlük,Regular,Kısa,Cool & Comfort,Süprem,Recycle,Bodycone,Tüm Yaş Grupları,100% Pamuk,%100 Pamuk,,,,,,,,,
158,187339137,13204,4.3,,/trendyol-curve/siyah-cut-out-detayli-orme-bluz-tbbss22af0007-p-187339137/yorumlar,Regular,Düz,Bisiklet Yaka,Örme,Düşük Kol,Siyah,Casual/Günlük,Regular,Kısa,Cool & Comfort,Süprem,Hayır,Omzu Açık,Tüm Yaş Grupları,100% Viskoz,Viskon,Büyük Beden,Tekli,Cepsiz,,,,Cut Out,,
159,818469566,884,5.0,,/trendyol-curve/saks-dugum-detayli-orme-bluz-tbbss24af00085-p-818469566/yorumlar,Fitted,Düz,V Yaka,Örme,Düşük Kol,Lacivert,Casual/Günlük,Regular,Kolsuz,Cool & Comfort,Sandy,Hayır,Bodycone,Tüm Yaş Grupları,100% Polyester,Polyester,,,,,,,,,
160,799045851,1724,4.9,,/trendyol-curve/mavi-etek-ucu-detayli-orme-bluz-tbbss24af00082-p-799045851/yorumlar,Fitted,Renk Bloklu,V Yaka,Örme,Standart Kol,Mavi,Casual/Günlük,Regular,Kısa,Cool & Comfort,Kaşkorse,Hayır,Basic,Tüm Yaş Grupları,100% Pamuk,Pamuklu,,,,,,,,,
161,802090417,2401,4.1,,/trendyol-curve/siyah-fitilli-bodycone-triko-bluz-tbbss24af00054-p-802090417/yorumlar,Fitted,Düz,Polo Yaka,Triko,Standart Kol,Siyah,Casual/Günlük,Regular,Kolsuz,Smart,Fitilli,Hayır,Bodycone,Tüm Yaş Grupları,100% Polyester,Polyester,,,,,,,,,
162,266301656,30044,4.4,,/trendyol-curve/bordo-balon-kol-kruvaze-yaka-orme-bluz-tbbaw23af00029-p-266301656/yorumlar,Regular,Düz,Kruvaze,Örme,Standart Kol,Bordo,Gündüz / Gece,Regular,Uzun,Smart,Sandy,,Kruvaze,,"96% Polyester, ,4% Elastan",,Büyük Beden,,,Baskısız,,Yok,,,
163,809351340,1320,4.5,,/trendyol-curve/beyaz-dokuma-buyuk-beden-tasli-gomlek-yaka-bluz-tbbss24af00094-p-809351340/yorumlar,Oversize,Düz,Gömlek Yaka,Dokuma,Standart Kol,Beyaz,Şık / gece,Uzun,Uzun,Feminine,Şifon,Hayır,Basic,Tüm Yaş Grupları,100% Polyester,Polyester,,,,,,,,,
164,169825228,27522,4.3,,/trendyol-curve/siyah-kare-yaka-fermuarli-orme-bluz-tbbss22af0027-p-169825228/yorumlar,Fitted,Düz,Kare Yaka,Örme,Standart Kol,Siyah,Casual/Günlük,Crop,Uzun,Smart,Kaşkorse,Hayır,Bodycone,Tüm Yaş Grupları,"94% Polyester, ,6% Elastan",Örme,Büyük Beden,,Cepsiz,,,,,,
165,792872673,2316,4.7,,/trendyol-curve/tarcin-asimetrik-yakali-alttan-citcitli-orme-body-tbbss24af00066-p-792872673/yorumlar,Fitted,Düz,Asimetrik Yaka,Örme,Tek Kol,Kahverengi,Gündüz / Gece,Regular,Kolsuz,Smart,Micro,Hayır,Basic,Tüm Yaş Grupları,"93% Polyester, ,7% Elastan",,,,,,,,,,
166,266305554,38474,4.3,,/trendyol-curve/siyah-u-yaka-citcit-detayli-orme-crop-bluz-tbbaw23af00030-p-266305554/yorumlar,Regular,Düz,Havuz Yaka,Örme,Standart Kol,Siyah,Casual/Günlük,Crop,Uzun,Cool & Comfort,Kaşkorse,Hayır,Basic,Tüm Yaş Grupları,"96% Pamuk, ,4% Elastan",Örme,Büyük Beden,,,Baskısız,,Yok,,,
167,792207093,1851,4.2,,/trendyol-curve/krem-ajurlu-kapusonlu-triko-bluz-tbbss24af00048-p-792207093/yorumlar,Regular,Ajurlu,Kapüşonlu,Triko,Standart Kol,Ekru,Casual/Günlük,Regular,Kolsuz,Fashion Forward,Çift Plaka,Hayır,Basic,Tüm Yaş Grupları,"50% Polyester, 50% Pamuk",Pamuk Polyester,,,,,,,,,
168,250552023,18640,4.4,,/trendyol-curve/bej-dik-yaka-bodycone-fitilli-orme-bluz-tbbaw23af00003-p-250552023/yorumlar,Fitted,Düz,Dik Yaka,Örme,Standart Kol,Bej,Casual/Günlük,Regular,Uzun,Cool & Comfort,Kaşkorse,Hayır,Bodycone,Tüm Yaş Grupları,"96% Pamuk, ,4% Elastan",Örme,Büyük Beden,,,Baskısız,,Yok,,,
169,809413879,1932,4.5,,/trendyol-curve/bordo-interlok-orme-buyuk-beden-bluz-p-809413879/yorumlar,Fitted,Düz,Kare Yaka,Örme,Standart Kol,Bordo,Şık / gece,Crop,Kolsuz,Cool & Comfort,İnterlok,Hayır,Bodycone,Tüm Yaş Grupları,"70% Viskoz, ,5% Elastan, ,25% Polyester",,,,,,,,,,
170,806297877,3366,4.4,,/trendyol-curve/siyah-dantelli-v-yaka-dugmeli-buyuk-beden-dokuma-bluz-tbbss24af00091-p-806297877/yorumlar,Fitted,Düz,V Yaka,Dokuma,Standart Kol,Siyah,Casual/Günlük,Regular,Uzun,Cool & Comfort,Krep,Hayır,Basic,Tüm Yaş Grupları,100% Polyester,Polyester,,,,,,,,,
171,797517046,3430,4.3,,/trendyol-curve/siyah-fitilli-simli-bodycone-triko-bluz-tbbss24af00059-p-797517046/yorumlar,Fitted,Düz,Halter Yaka,Triko,Standart Kol,Siyah,Şık / gece,Regular,Askılı,Smart,Fitilli,Hayır,Bodycone,Tüm Yaş Grupları,"75% Viskoz, ,25% Polyester",Triko,,,,,,,,,
172,263248584,27325,4.6,,/trendyol-curve/yesil-triko-bluz-tbbaw23af00018-p-263248584/yorumlar,Fitted,Düz,Kare Yaka,Triko,Karpuz Kol,Yeşil,Casual/Günlük,Regular,Uzun,Cool & Comfort,Fitilli,Hayır,Bodycone,Tüm Yaş Grupları,100% Polyester,Polyester,Büyük Beden,Tekli,Cepsiz,Baskısız,Astarsız,Yok,,İnce,
173,250552012,16576,4.5,,/trendyol-curve/siyah-dik-yaka-bodycone-fitilli-orme-bluz-tbbaw23af00003-p-250552012/yorumlar,Fitted,Düz,Dik Yaka,Örme,Standart Kol,Siyah,Casual/Günlük,Regular,Uzun,Cool & Comfort,Kaşkorse,Hayır,Bodycone,Tüm Yaş Grupları,"96% Pamuk, ,4% Elastan",Örme,Büyük Beden,,,Baskısız,,Yok,,,
174,690673546,13411,4.3,,/trendyol-curve/lacivert-balon-kol-kruvaze-yaka-orme-bluz-tbbaw23af00029-p-690673546/yorumlar,Regular,Düz,Kruvaze,Örme,Standart Kol,Lacivert,Gündüz / Gece,Regular,Uzun,Smart,Sandy,,Kruvaze,,"96% Polyester, ,4% Elastan",,Büyük Beden,,,Baskısız,,Yok,,,
175,787992672,4924,3.8,,/trendyol-curve/antrasit-fermuarli-asit-yikama-orme-bluz-tbbss24af00028-p-787992672/yorumlar,Fitted,Düz,Dik Yaka,Örme,Standart Kol,Gri,Casual/Günlük,Regular,Kolsuz,Cool & Comfort,Kaşkorse,Hayır,Bodycone,Tüm Yaş Grupları,"95% Pamuk, ,5% Elastan",,,,,,,,,,
176,168706843,20349,4.5,,/trendyol-curve/siyah-omuz-detayli-orme-bluz-tbbss22af0045-p-168706843/yorumlar,Fitted,Düz,Bisiklet Yaka,Örme,Standart Kol,Siyah,Casual/Günlük,Crop,Uzun,Cool & Comfort,Kaşkorse,Hayır,Bodycone,Tüm Yaş Grupları,"52% Polyester, ,46% Pamuk, ,2% Elastan",Örme,Büyük Beden,Tekli,Cepsiz,,,,,,
177,347835891,2199,4.7,,/trendyol-curve/bej-u-yaka-citcit-detayli-orme-crop-bluz-tbbaw23af00030-p-347835891/yorumlar,Regular,Düz,Havuz Yaka,Örme,Standart Kol,Bej,Casual/Günlük,Crop,Uzun,Cool & Comfort,Kaşkorse,Hayır,Basic,Tüm Yaş Grupları,"96% Pamuk, ,4% Elastan",Örme,Büyük Beden,,,Baskısız,,Yok,,,
178,799050330,3682,4.2,,/trendyol-curve/siyah-omuz-detayli-orme-body-tbbss24af00083-p-799050330/yorumlar,Fitted,Düz,Asimetrik Yaka,Örme,Tek Kol,Siyah,Casual/Günlük,Regular,Kolsuz,Cool & Comfort,Sandy,Hayır,Basic,Tüm Yaş Grupları,100% Polyester,Polyester,,,,,,,,,
179,353163211,3693,4.7,,/trendyol-curve/lacivert-karpuz-kol-triko-bluz-tbbaw23af00018-p-353163211/yorumlar,Fitted,Düz,Kare Yaka,Triko,Karpuz Kol,Lacivert,Casual/Günlük,Regular,Uzun,Cool & Comfort,Fitilli,Hayır,Bodycone,Tüm Yaş Grupları,100% Polyester,Polyester,Büyük Beden,Tekli,Cepsiz,Baskısız,Astarsız,Yok,,İnce,
180,353163133,3683,4.7,,/trendyol-curve/pembe-karpuz-kol-triko-bluz-tbbaw23af00018-p-353163133/yorumlar,Fitted,Düz,Kare Yaka,Triko,Karpuz Kol,Pembe,Casual/Günlük,Regular,Uzun,Cool & Comfort,Fitilli,Hayır,Bodycone,Tüm Yaş Grupları,100% Polyester,Polyester,Büyük Beden,Tekli,Cepsiz,Baskısız,Astarsız,Yok,,İnce,
181,819011075,5066,4.8,,/trendyol-curve/vizon-crop-kolu-firfirli-volanli-kruvaze-yaka-plaj-giyim-bluz-tbbss24af00071-p-819011075/yorumlar,Fitted,Düz,V Yaka,Dokuma,Büzgülü/Fırfırlı Kol,Bej,Beachwear,Crop,Truvakar Kol,Feminine,Crinkle,Hayır,Bodycone,Tüm Yaş Grupları,100% Viskoz,,,,,,,,,,
182,794462429,2142,4.7,,/trendyol-curve/siyah-kol-detayli-orme-bluz-tbbss24af00062-p-794462429/yorumlar,Fitted,Düz,Bisiklet Yaka,Örme,Standart Kol,Siyah,Casual/Günlük,Regular,Kısa,Cool & Comfort,Sandy,Hayır,Basic,Tüm Yaş Grupları,100% Polyester,Polyester,,,,,,,,,
183,271277862,43445,4.6,,/trendyol-curve/siyah-vucuda-oturan-buzgulu-orme-gomlek-tbbaw23ax00001-p-271277862/yorumlar,Fitted,Düz,Polo Yaka,Örme,Standart Kol,Siyah,Casual/Günlük,Crop,Uzun,Cool & Comfort,Bürümcük,Hayır,Bodycone,Tüm Yaş Grupları,"98% Polyester, ,2% Elastan",Örme,Büyük Beden,,,Baskısız,,Yok,,,
184,250552031,4067,4.4,,/trendyol-curve/mor-dik-yaka-bodycone-fitilli-orme-bluz-tbbaw23af00003-p-250552031/yorumlar,Fitted,Düz,Dik Yaka,Örme,Standart Kol,Mor,Casual/Günlük,Regular,Uzun,Cool & Comfort,Kaşkorse,Hayır,Bodycone,Tüm Yaş Grupları,"96% Pamuk, ,4% Elastan",Örme,Büyük Beden,,,Baskısız,,Yok,,,
185,746383265,2171,4.3,,/trendyol-curve/kirmizi-u-yaka-citcit-detayli-orme-crop-bluz-tbbaw23af00030-p-746383265/yorumlar,Regular,Düz,Havuz Yaka,Örme,Standart Kol,Kırmızı,Casual/Günlük,Crop,Uzun,Cool & Comfort,Kaşkorse,Hayır,Basic,Tüm Yaş Grupları,"96% Pamuk, ,4% Elastan",Örme,Büyük Beden,,,Baskısız,,Yok,,,
186,716487625,2979,4.7,,/trendyol-curve/kahverengi-dik-yaka-bodycone-fitilli-orme-bluz-tbbaw23af00003-p-716487625/yorumlar,Fitted,Düz,Dik Yaka,Örme,Standart Kol,Kahverengi,Casual/Günlük,Regular,Uzun,Cool & Comfort,Kaşkorse,Hayır,Bodycone,Tüm Yaş Grupları,"96% Pamuk, ,4% Elastan",Örme,Büyük Beden,,,Baskısız,,Yok,,,
187,833179901,899,4.0,,/trendyol-curve/siyah-sandy-orme-buyuk-beden-bluz-p-833179901/yorumlar,Fitted,Düz,Asimetrik Yaka,Örme,Standart Kol,Siyah,Casual/Günlük,Regular,Uzun,Cool & Comfort,Sandy,,Bodycone,,"98% Polyester, ,2% Elastan",,,,,,,,,,
188,720890048,16680,4.5,,/trendyol-curve/siyah-asimetrik-yaka-fitilli-orme-bluz-tbbaw24af00014-p-720890048/yorumlar,Fitted,Düz,Asimetrik Yaka,Örme,Standart Kol,Siyah,Casual/Günlük,Regular,Uzun,Cool & Comfort,Kaşkorse,,Basic,,"99% Pamuk, ,1% Elastan",,,,,,,,,,
189,792872962,2049,4.3,,/trendyol-curve/indigo-asimetrik-yakali-alttan-citcitli-orme-bodytbbss24af00066-p-792872962/yorumlar,Fitted,Düz,Asimetrik Yaka,Örme,Tek Kol,Mavi,Gündüz / Gece,Regular,Kolsuz,Smart,Micro,Hayır,Basic,Tüm Yaş Grupları,"93% Polyester, ,7% Elastan",,,,,,,,,,
190,815524536,98,,,,Fitted,Düz,Balıkçı Yaka,Triko,Standart Kol,Bej,Casual/Günlük,Regular,Uzun,Fashion Forward,Fitilli,Hayır,Bodycone,Tüm Yaş Grupları,100% Polyester,Polyester,Büyük Beden,,,,,,,İnce,
191,652664909,2038,4.7,,/trendyol-curve/acik-yesil-karpuz-kol-triko-bluz-tbbaw23af00018-p-652664909/yorumlar,Fitted,Düz,Kare Yaka,Triko,Karpuz Kol,Lacivert,Casual/Günlük,Regular,Uzun,Cool & Comfort,Fitilli,Hayır,Bodycone,Tüm Yaş Grupları,100% Polyester,Polyester,Büyük Beden,Tekli,Cepsiz,Baskısız,Astarsız,Yok,,İnce,
192,652664910,5418,4.9,,/trendyol-curve/mor-karpuz-kol-triko-bluz-tbbaw23af00018-p-652664910/yorumlar,Fitted,Düz,Kare Yaka,Triko,Karpuz Kol,Mor,Casual/Günlük,Regular,Uzun,Cool & Comfort,Fitilli,Hayır,Bodycone,Tüm Yaş Grupları,100% Polyester,Polyester,Büyük Beden,Tekli,Cepsiz,Baskısız,Astarsız,Yok,,İnce,
193,271274059,2149,4.3,,/trendyol-curve/bordo-pencere-cut-out-detayli-crop-orme-bluz-tbbaw23af00037-p-271274059/yorumlar,Fitted,Düz,Dik Yaka,Örme,Standart Kol,Bordo,Casual/Günlük,Crop,Uzun,Cool & Comfort,Kaşkorse,Hayır,Bodycone,Tüm Yaş Grupları,"95% Pamuk, ,5% Elastan",Örme,Büyük Beden,Tekli,,Baskısız,,Yok,Cut Out,,
194,250552017,3837,4.5,,/trendyol-curve/lacivert-dik-yaka-bodycone-fitilli-orme-bluz-tbbaw23af00003-p-250552017/yorumlar,Fitted,Düz,Dik Yaka,Örme,Standart Kol,Lacivert,Casual/Günlük,Regular,Uzun,Cool & Comfort,Kaşkorse,Hayır,Bodycone,Tüm Yaş Grupları,"96% Pamuk, ,4% Elastan",Örme,Büyük Beden,,,Baskısız,,Yok,,,
195,806206553,840,4.8,,/trendyol-curve/beyaz-yesil-cizgili-orme-bluz-tbbss24af00090-p-806206553/yorumlar,Fitted,Düz,Havuz Yaka,Örme,Standart Kol,Çok Renkli,Casual/Günlük,Regular,Kısa,Cool & Comfort,Kaşkorse,Hayır,Basic,Tüm Yaş Grupları,100% Polyester,Polyester,,,,,,,,,
196,816433164,1007,4.6,,/trendyol-curve/indigo-askili-dantelli-dokuma-buyuk-beden-bluz-tbbss24af00070-p-816433164/yorumlar,Regular,Düz,V Yaka,Dokuma,İnce Askılı,Mavi,Casual/Günlük,Regular,Askılı,Smart,Şifon,Hayır,Basic,Tüm Yaş Grupları,100% Polyester,Polyester,,,,,,,,,
197,804715368,5452,4.0,,/trendyol-curve/kirmizi-kalp-yaka-vucuda-oturan-orme-bluz-tbbss24af00089-p-804715368/yorumlar,Fitted,Düz,Kalp Yaka,Örme,Standart Kol,Kırmızı,Casual/Günlük,Regular,Uzun,Cool & Comfort,Sandy,Hayır,Bodycone,Tüm Yaş Grupları,"96% Polyester, ,4% Elastan",,,,,,,,,,
198,717247558,11480,4.8,,/trendyol-curve/siyah-kayik-yaka-fitilli-orme-bluz-tbbaw24af00002-p-717247558/yorumlar,Fitted,Düz,Devrik Yaka,Örme,Tek Kol,Siyah,Casual/Günlük,Regular,Uzun,Cool & Comfort,Kaşkorse,Hayır,Basic,Tüm Yaş Grupları,"95% Pamuk, ,5% Elastan",,,,,,,,Ek Özellik Mevcut Değil,,
199,786994252,3101,4.6,,/trendyol-curve/siyah-buzgu-detayli-vucuda-oturan-orme-bluz-tbbss24af00001-p-786994252/yorumlar,Fitted,Düz,Dik Yaka,Örme,Standart Kol,Siyah,Casual/Günlük,Regular,Kolsuz,Smart,Sandy,Hayır,Bodycone,Tüm Yaş Grupları,"96% Polyester, ,4% Elastan",,,,,,,,,,
200,804714837,5412,4.0,,/trendyol-curve/siyah-kalp-yaka-vucuda-oturan-orme-bluz-tbbss24af00089-p-804714837/yorumlar,Fitted,Düz,Kalp Yaka,Örme,Standart Kol,Siyah,Casual/Günlük,Regular,Uzun,Cool & Comfort,Sandy,Hayır,Bodycone,Tüm Yaş Grupları,"96% Polyester, ,4% Elastan",,,,,,,,,,
201,217432614,32568,4.2,,/trendyol-curve/bej-baglama-detayli-bluz-tbbss22bz1316-p-217432614/yorumlar,Regular,Düz,Bisiklet Yaka,Dokuma,Mendil Kol,Bej,Casual/Günlük,Regular,Kısa,Cool & Comfort,Vual,Hayır,A-line,Tüm Yaş Grupları,"58% Pamuk, 42% Polyester",Dokuma,Büyük Beden,Tekli,Cepsiz,Baskısız,Astarsız,Kuşaklı,,İnce,
202,792872743,3825,4.3,,/trendyol-curve/siyah-asimetrik-yakali-alttan-citcitli-orme-body-tbbss24af00066-p-792872743/yorumlar,Fitted,Düz,Asimetrik Yaka,Örme,Tek Kol,Siyah,Gündüz / Gece,Regular,Kolsuz,Smart,Micro,Hayır,Basic,Tüm Yaş Grupları,"93% Polyester, ,7% Elastan",,,,,,,,,,
203,829971872,122,,,,Fitted,Düz,Havuz Yaka,Örme,Standart Kol,Siyah,Casual/Günlük,Regular,Uzun,Cool & Comfort,Kaşkorse,,Bodycone,,100% Pamuk,,,,,,,,,,
204,187303189,6369,4.5,,/trendyol-curve/siyah-cut-out-detayli-orme-bluz-tbbss22af0012-p-187303189/yorumlar,Regular,Düz,Bisiklet Yaka,Örme,Standart Kol,Siyah,Casual/Günlük,Regular,Kısa,Cool & Comfort,Süprem,Hayır,Basic,Tüm Yaş Grupları,"97% Viskoz, ,3% Elastan",Viskon Karışımlı,Büyük Beden,Tekli,Cepsiz,,,,Cut Out,,
205,792882551,6302,4.8,,/trendyol-curve/siyah-ekru-2-li-paket-viskoz-esnek-orme-bluz-tbbss24af00067-p-792882551/yorumlar,Fitted,Düz,Bisiklet Yaka,Örme,Standart Kol,Çok Renkli,Casual/Günlük,Crop,Askılı,Cool & Comfort,Süprem,Hayır,Basic,Tüm Yaş Grupları,"97% Viskoz, ,3% Elastan",,,,,,,,,,
206,250552025,3485,4.4,,/trendyol-curve/vizon-dik-yaka-bodycone-fitilli-orme-bluz-tbbaw23af00003-p-250552025/yorumlar,Fitted,Düz,Dik Yaka,Örme,Standart Kol,Kahverengi,Casual/Günlük,Regular,Uzun,Cool & Comfort,Kaşkorse,Hayır,Bodycone,Tüm Yaş Grupları,"96% Pamuk, ,4% Elastan",Örme,Büyük Beden,,,Baskısız,,Yok,,,
207,322913081,24250,4.4,,/trendyol-curve/ekru-fittilli-biye-detayli-orme-bluz-tbbaw23af00118-p-322913081/yorumlar,Fitted,Düz,Kare Yaka,Örme,Standart Kol,Ekru,Casual/Günlük,Crop,Uzun,Cool & Comfort,Kaşkorse,Hayır,Bodycone,Tüm Yaş Grupları,"97% Pamuk, ,3% Elastan",,Büyük Beden,Tekli,,,,,Ek Özellik Mevcut Değil,,
208,736044050,21904,4.5,,/trendyol-curve/siyah-balikci-yaka-duz-bodycone-polyelit-triko-buyuk-beden-bluz-tbbaw24af00021-p-736044050/yorumlar,Fitted,Düz,Balıkçı Yaka,Triko,Standart Kol,Siyah,Casual/Günlük,Regular,Uzun,Fashion Forward,Fitilli,Hayır,Bodycone,Tüm Yaş Grupları,100% Polyester,Polyester,Büyük Beden,,,,,,,İnce,
209,716507762,5324,4.4,,/trendyol-curve/kahverengi-scuba-omuz-detayli-esnek-orme-bluz-tbbaw23af00010-p-716507762/yorumlar,Relaxed,Düz,Asimetrik Yaka,Örme,Düşük Kol,Bordo,Casual/Günlük,Regular,Uzun,Fashion Forward,Dalgıç/Scuba,Hayır,Asimetrik,Tüm Yaş Grupları,"92% Polyester, ,8% Elastan",Örme,Büyük Beden,,,Baskısız,,Yok,,,
210,744346413,7403,3.9,,/trendyol-curve/mavi-asimetrik-yaka-orme-bluz-tbbaw24af00032-p-744346413/yorumlar,Fitted,Düz,Asimetrik Yaka,Örme,Standart Kol,Mavi,Casual/Günlük,Regular,Uzun,Smart,Sandy,Hayır,Asimetrik,Tüm Yaş Grupları,"96% Polyester, ,4% Elastan",,,,,,,,Ek Özellik Mevcut Değil,,
211,353462190,26425,4.4,,/trendyol-curve/cok-renkli-desenli-bodycone-fitilli-orme-bluz-tbbaw23af00016-p-353462190/yorumlar,Fitted,Düz,Bisiklet Yaka,Örme,Standart Kol,Çok Renkli,Casual/Günlük,Regular,Uzun,Cool & Comfort,Kaşkorse,Hayır,Bodycone,Tüm Yaş Grupları,"97% Polyester, ,3% Elastan",,Büyük Beden,,,Allover Baskı,,Yok,,,
212,365737692,3529,4.1,,/trendyol-curve/fusya-kare-yaka-fermuarli-orme-bluz-tbbss22bz00005-p-365737692/yorumlar,Fitted,Düz,Kare Yaka,Örme,Standart Kol,Pembe,Casual/Günlük,Crop,Kısa,Cool & Comfort,Kaşkorse,Hayır,Bodycone,Tüm Yaş Grupları,"94% Polyester, ,6% Elastan",,Büyük Beden,Tekli,Cepsiz,,,,,,
213,744099543,6681,4.3,,/trendyol-curve/kahverengi-v-yaka-sandy-orme-bluz-tbbaw24af00030-p-744099543/yorumlar,Fitted,Düz,V Yaka,Örme,Standart Kol,Kahverengi,Gündüz / Gece,Regular,Uzun,Smart,Sandy,Hayır,Basic,Tüm Yaş Grupları,"96% Polyester, ,4% Elastan",,,,,,,,,,
214,744099454,6025,4.3,,/trendyol-curve/siyah-v-yaka-sandy-orme-bluz-tbbaw24af00030-p-744099454/yorumlar,Fitted,Düz,V Yaka,Örme,Standart Kol,Siyah,Gündüz / Gece,Regular,Uzun,Smart,Sandy,Hayır,Basic,Tüm Yaş Grupları,"96% Polyester, ,4% Elastan",,,,,,,,,,
215,809727720,1512,3.6,,/trendyol-curve/siyah-truvakar-kol-orme-bluz-tbbss24bf00060-p-809727720/yorumlar,Relaxed,,,Örme,,Siyah,,Uzun,,,,Hayır,Relaxed,Tüm Yaş Grupları,100% Polyester,Polyester,,,,,,,,,
216,833504975,288,,,,Regular,Düz,Dik Yaka,Örme,Reglan Kol,Siyah,Casual/Günlük,Regular,Uzun,Cool & Comfort,Krep,,Basic,,"96% Polyester, ,4% Elastan",,,,,,,,,,
217,833179908,615,,,,Fitted,Düz,Asimetrik Yaka,Örme,Standart Kol,Mor,Casual/Günlük,Regular,Uzun,Cool & Comfort,Sandy,,Bodycone,,"98% Polyester, ,2% Elastan",,,,,,,,,,
218,833178372,308,,,,Fitted,Düz,Dik Yaka,Örme,Standart Kol,Mavi,Casual/Günlük,Regular,Uzun,Cool & Comfort,Sandy,,Bodycone,,"98% Polyester, ,2% Elastan",,,,,,,,,,
219,829983915,421,,,,Slim,Çizgili,Polo Yaka,Örme,Standart Kol,Lacivert,Casual/Günlük,Regular,Uzun,Cool & Comfort,Kaşkorse,,Basic,,100% Pamuk,,,,,,,,,,
220,819343928,652,,,,Fitted,Düz,Bisiklet Yaka,Triko,Mendil Kol,Siyah,Casual/Günlük,Regular,Truvakar Kol,Cool & Comfort,Tek Plaka,Hayır,Bodycone,,100% Polyester,,,,,,,,,İnce,
221,819343925,1376,4.5,,/trendyol-curve/siyah-kare-yaka-fitilli-dugmeli-triko-bluz-tbbaw25af00001-p-819343925/yorumlar,Fitted,Düz,Kare Yaka,Triko,Standart Kol,Siyah,Casual/Günlük,Regular,Uzun,Cool & Comfort,Fitilli,Hayır,Bodycone,Tüm Yaş Grupları,100% Polyester,Triko,,,,,,,,İnce,
222,819343924,589,,,,Fitted,Düz,Kare Yaka,Triko,Standart Kol,Ekru,Casual/Günlük,Regular,Uzun,Cool & Comfort,Fitilli,Hayır,Bodycone,Tüm Yaş Grupları,100% Polyester,Triko,,,,,,,,İnce,
223,817695549,572,,,,Fitted,Düz,Carmen Yaka,Triko,Reglan Kol,Siyah,Casual/Günlük,Regular,Uzun,Fashion Forward,Fitilli,,Omzu Açık,,100% Polyester,,,,,,,,,İnce,
224,815803779,716,5.0,,/trendyol-curve/cok-renkli-sal-desenli-fitted-vucuda-oturan-dik-yaka-tul-esnek-orme-bluz-p-815803779/yorumlar,Fitted,Şal Desen,Dik Yaka,Örme,Standart Kol,Çok Renkli,Gündüz / Gece,Regular,Uzun,Fashion Forward,Tül,Hayır,Bodycone,Tüm Yaş Grupları,"95% Polyester, ,5% Elastan",,,,,,,,,,
225,809352218,1925,4.3,,/trendyol-curve/siyah-dokuma-buyuk-beden-tasli-gomlek-yaka-bluz-p-809352218/yorumlar,Oversize,Düz,Gömlek Yaka,Dokuma,Standart Kol,Siyah,Şık / gece,Uzun,Uzun,Feminine,Şifon,Hayır,Basic,Tüm Yaş Grupları,100% Polyester,Polyester,,,,,,,,,
226,797692845,4642,4.6,,/trendyol-curve/bordo-kruvaze-yaka-aksesuarli-body-tbbss24af00080-p-797692845/yorumlar,Fitted,Düz,Kruvaze,Örme,Standart Kol,Bordo,Casual/Günlük,Regular,Uzun,Cool & Comfort,Sandy,Hayır,Bodycone,Tüm Yaş Grupları,100% Polyester,Polyester,,,,,,,,,
227,793586399,7279,3.9,,/trendyol-curve/siyah-transparan-gorunumlu-tul-bluz-tbbss24af00072-p-793586399/yorumlar,Fitted,Düz,Dik Yaka,Dokuma,Standart Kol,Siyah,Şık / gece,Regular,Uzun,Feminine,Tül,Hayır,Basic,Tüm Yaş Grupları,100% Polyester,Polyester,,,,,,,,,
228,786984354,4768,4.3,,/trendyol-curve/siyah-puantiyeli-mesh-detayli-orme-bluz-tbbss24af00012-p-786984354/yorumlar,Fitted,Puantiyeli,Bisiklet Yaka,Örme,Standart Kol,Siyah,Casual/Günlük,Regular,Uzun,Smart,Sandy,Hayır,Bodycone,Tüm Yaş Grupları,"96% Polyester, ,4% Elastan",,,,,,,,,,
229,746536138,2908,4.3,,/trendyol-curve/murdum-bodycone-fitilli-orme-bluz-tbbaw23af00016-p-746536138/yorumlar,Fitted,Düz,Bisiklet Yaka,Örme,Standart Kol,Mor,Casual/Günlük,Regular,Uzun,Cool & Comfort,Kaşkorse,Hayır,Bodycone,Tüm Yaş Grupları,"97% Polyester, ,3% Elastan",,Büyük Beden,,,Allover Baskı,,Yok,,,
230,745126729,4425,4.6,,/trendyol-curve/vizon-bisiklet-yaka-duz-basic-fitilli-orme-bluz-tbbaw24af00039-p-745126729/yorumlar,Fitted,Düz,Bisiklet Yaka,Örme,Standart Kol,Kahverengi,Casual/Günlük,Regular,Uzun,Cool & Comfort,Kaşkorse,Hayır,Basic,Tüm Yaş Grupları,"51% Polyester, ,48% Pamuk, ,1% Elastan",,Care,,,,,,,,
231,736120600,10673,4.5,,/trendyol-curve/siyah-dik-yaka-duz-bodycone-tek-plaka-triko-buyuk-beden-bluz-tbbaw24af00022-p-736120600/yorumlar,Fitted,Düz,Dik Yaka,Triko,Standart Kol,Siyah,Şık / gece,Regular,Uzun,Fashion Forward,Tek Plaka,Hayır,Bodycone,Tüm Yaş Grupları,100% Polyester,Polyester,Büyük Beden,,,,,,Ek Özellik Mevcut Değil,İnce,
232,704768954,3308,4.5,,/trendyol-curve/kahverengi-vucuda-oturan-buzgulu-orme-gomlek-tbbaw23ax00001-p-704768954/yorumlar,Fitted,Düz,Polo Yaka,Örme,Standart Kol,Kahverengi,Casual/Günlük,Crop,Uzun,Cool & Comfort,Bürümcük,Hayır,Bodycone,Tüm Yaş Grupları,"98% Polyester, ,2% Elastan",Örme,Büyük Beden,,,Baskısız,,Yok,,,
233,357707910,6313,4.2,,/trendyol-curve/siyah-yaka-detayli-triko-bluz-p-357707910/yorumlar,Fitted,Düz,Choker Yaka,Triko,Standart Kol,Siyah,Casual/Günlük,Regular,Uzun,Cool & Comfort,Tek Plaka,Hayır,Bodycone,Tüm Yaş Grupları,100% Polyester,Polyester,Büyük Beden,Tekli,Cepsiz,Baskısız,Astarsız,Yok,Cut Out,İnce,
234,271274057,7511,4.5,,/trendyol-curve/siyah-pencere-cut-out-detayli-crop-orme-bluz-tbbaw23af00037-p-271274057/yorumlar,Fitted,Düz,Dik Yaka,Örme,Standart Kol,Siyah,Casual/Günlük,Crop,Uzun,Cool & Comfort,Kaşkorse,Hayır,Bodycone,Tüm Yaş Grupları,"95% Pamuk, ,5% Elastan",Örme,Büyük Beden,Tekli,,Baskısız,,Yok,Cut Out,,
235,271270917,9886,4.3,,/trendyol-curve/siyah-vucuda-oturan-cut-out-detayli-desenli-orme-desenli-bluz-tbbaw23af00033-p-271270917/yorumlar,Slim,Baskılı,Bisiklet Yaka,Örme,Tek Kol,Siyah,Casual/Günlük,Crop,Uzun,Cool & Comfort,Sandy,Hayır,Bodycone,Tüm Yaş Grupları,"96% Polyester, ,4% Elastan",,Büyük Beden,Tekli,,Baskısız,,Yok,,,
236,266354477,8601,4.4,,/trendyol-curve/siyah-carmen-yaka-orme-bluz-tbbaw23af00031-p-266354477/yorumlar,Fitted,Düz,Carmen Yaka,Örme,Düşük Kol,Siyah,Casual/Günlük,Regular,Uzun,Cool & Comfort,Süprem,Hayır,Omzu Açık,Tüm Yaş Grupları,"97% Viskoz, ,3% Elastan",,Büyük Beden,,,,,Yok,,,
237,263248577,5132,4.7,,/trendyol-curve/siyah-triko-bluz-p-263248577/yorumlar,Fitted,Düz,Kare Yaka,Triko,Karpuz Kol,Siyah,Casual/Günlük,Regular,Uzun,Cool & Comfort,Fitilli,Hayır,Bodycone,Tüm Yaş Grupları,100% Polyester,Polyester,Büyük Beden,Tekli,Cepsiz,Baskısız,Astarsız,Yok,,İnce,
238,263248572,17440,4.4,,/trendyol-curve/bej-karpuz-kol-triko-bluz-p-263248572/yorumlar,Fitted,Düz,Kare Yaka,Triko,Karpuz Kol,Bej,Casual/Günlük,Regular,Uzun,Cool & Comfort,Fitilli,Hayır,Bodycone,Tüm Yaş Grupları,100% Polyester,Polyester,Büyük Beden,Tekli,Cepsiz,Baskısız,Astarsız,Yok,,İnce,
239,236600756,5687,4.4,,/trendyol-curve/fusya-cut-out-detayli-orme-bluz-tbbss22af0012-p-236600756/yorumlar,Regular,Düz,Bisiklet Yaka,Örme,Standart Kol,Pembe,Casual/Günlük,Regular,Kısa,Cool & Comfort,Süprem,Hayır,Basic,Tüm Yaş Grupları,"97% Viskoz, ,3% Elastan",Viskon Karışımlı,Büyük Beden,Tekli,Cepsiz,,,,Cut Out,,
240,232688183,16725,4.4,,/trendyol-curve/beyaz-puantiyeli-dokuma-bluz-tbbss22af0033-p-232688183/yorumlar,Relaxed,Puantiyeli,V Yaka,Dokuma,Düşük Kol,Beyaz,Casual/Günlük,Regular,Kısa,Cool & Comfort,Shally,Hayır,Basic,Tüm Yaş Grupları,100% Viskoz,Dokuma,Büyük Beden,Tekli,Cepsiz,Empirme Baskı,Astarsız,Yok,,İnce,
241,229788962,6243,4.4,,/trendyol-curve/siyah-orme-cut-out-detayli-orme-bluz-tbbss22bz00003-p-229788962/yorumlar,Slim,Düz,Bisiklet Yaka,Örme,Standart Kol,Siyah,Casual/Günlük,Crop,Kısa,Cool & Comfort,Kaşkorse,Hayır,Bodycone,Tüm Yaş Grupları,"52% Polyester, ,46% Pamuk, ,2% Elastan",Örme,Büyük Beden,Tekli,Cepsiz,Baskısız,Astarsız,Yok,Cut Out,,
242,183434087,12641,4.5,,/trendyol-curve/siyah-dokuma-dantelli-ayarlanabilir-askili-buyuk-beden-bluz-tbbss22af0044-p-183434087/yorumlar,Regular,Düz,V Yaka,Dokuma,İnce Askılı,Siyah,Gündüz / Gece,Regular,Askılı,Smart,Krep,Hayır,Basic,Tüm Yaş Grupları,100% Polyester,Polyester,Büyük Beden,Tekli,Cepsiz,Baskısız,Astarsız,Yok,,İnce,Klasik
