,ID,FAVORITE_COUNT,RATING_DETAIL,DELIVERY_DATE,PROFF_LINK,Kalıp,Renk,Kumaş Tipi,Boy,Ortam,Desen,Yaka Tipi,Kol Boyu,Kol Tipi,Dokuma Tipi,Persona,Astar Durumu,Materyal Bileşeni,Cep,Model,Ürün Detayı,Koleksiyon,Kapama Şekli,Siluet,Sürdürülebilirlik Detayı,Yaş,Ek Özellik,Ürün Tipi,Paket İçeriği,Materyal,Kemer/Kuşak Durumu,Stil,Cep Tipi,Kalınlık
0,338765835,608639,4.5,,/trendyolmilla/vizon-regular-astarli-dokuma-blazer-ceket-twoaw23bc00132-p-338765835/yorumlar,Regular,Kahverengi,Dokuma,Regular,Business,Düz,Ceket Yaka,Uzun,Standart Kol,Poliviskon,Smart,Astarlı,"81% Polyester, ,6% Elastan, ,13% Modal",,,,,,,,,,,,,,,,
1,746344742,183285,4.0,,/trendyolmilla/siyah-dokuma-ekstra-oversize-blazer-ceket-twoaw24bc00107-p-746344742/yorumlar,Oversize,Siyah,Dokuma,Regular,Business,Düz,Ceket Yaka,Uzun,Standart Kol,Finike,Smart/Office,,"86% Polyester, ,14% Elastan",,,,,,,,,,,,,,,,
2,131305127,192112,4.4,,/trendyol-modest/siyah-cift-dugmeli-cep-detayli-astarli-blazer-dokuma-ceket-tctaw22ck0007-p-131305127/yorumlar,Regular,Siyah,Dokuma,Regular,Business,Düz,Ceket Yaka,Uzun,Standart Kol,Finike,Office,Astarlı,"86% Polyester, ,14% Elastan",Çift Kapaklı,Fonksiyonel,Düğme,Tesettür Giyim,Düğmeli,Kruvaze,Hayır,Tüm Yaş Grupları,,,,,,,,
3,342702116,158795,4.4,,/trendyolmilla/siyah-regular-astarli-kruvaze-kapama-dokuma-blazer-ceket-twoss20ce0059-p-342702116/yorumlar,Regular,Siyah,Dokuma,Regular,Business,Düz,Ceket Yaka,Uzun,Standart Kol,Finike,Smart,Astarlı,"86% Polyester, ,14% Elastan",,,,,,,,,,,,,,,,
4,796379223,31056,4.4,,/trendyolmilla/tas-baglama-detayli-poliviskon-limited-edition-blazer-ceket-twoss24bc00037-p-796379223/yorumlar,Oversize,Bej,Dokuma,Uzun,Business,Düz,Kruvaze,Uzun,Standart Kol,Poliviskon,Fashion Forward,,"81% Polyester, ,6% Elastan, ,13% Modal",,,,,,Kruvaze,Hayır,Tüm Yaş Grupları,,,,,,,,
5,738760803,153678,4.6,,/trendyolmilla/siyah-vatkali-dugmeli-dik-yaka-interlok-crop-ceket-twoaw24ce00082-p-738760803/yorumlar,Regular,Siyah,Örme,Crop,Casual/Günlük,Düz,Dik Yaka,Uzun,Standart Kol,İnterlok,Cool & Comfort,,"69% Polyester, ,3% Elastan, ,28% Viskoz",,,Düğme,,,Bomber,Hayır,Tüm Yaş Grupları,Ek Özellik Mevcut Değil,Düz,Tekli,,,,,
6,337875345,123911,4.6,,/trendyolmilla/x-sagaza-studio-lacivert-cizgili-kruvaze-kapama-detayli-dokuma-ceket-tpraw23ce00025-p-337875345/yorumlar,Oversize,Lacivert,Dokuma,Regular,Party,Çizgili,Ceket Yaka,Uzun,Standart Kol,Krep,Fashion Forward,,"70% Polyester, ,6% Elastan, ,24% Viskoz",,Oversize,,,Kruvaze,Basic,Hayır,Tüm Yaş Grupları,,,Tekli,,,,,
7,55321629,125245,4.4,,/trendyolmilla/gri-regular-astar-detayli-dokuma-blazer-ceket-twoaw20ce0316-p-55321629/yorumlar,Regular,Gri,Dokuma,Regular,Business,Düz,Ceket Yaka,Uzun,Standart Kol,Finike,Smart/Office,Astarlı,"86% Polyester, ,14% Elastan",,,,,,,,,,,,,,,,
8,50310610,176881,4.3,,/trendyolmilla/siyah-regular-astarli-dugmeli-dokuma-blazer-ceket-twoaw21ce0272-p-50310610/yorumlar,Regular,Siyah,Dokuma,Regular,Business,Düz,Ceket Yaka,Uzun,Standart Kol,Finike,Smart/Office,Astarlı,"95% Polyester, ,5% Elastan",,,,,,Blazer,Hayır,Tüm Yaş Grupları,,,,Polyester,,,,
9,744586240,28715,4.5,,/trendyolmilla/siyah-limited-edition-fitted-astarli-dokuma-blazer-ceket-twoaw24bc00096-p-744586240/yorumlar,Regular,Siyah,Dokuma,Regular,Business,Düz,Ceket Yaka,Uzun,Standart Kol,Poliviskon,Smart/Office,Astarlı,"87% Polyester, ,13% Elastan",,,,,,,,Tüm Yaş Grupları,,,,,,,,
10,74291054,147951,4.6,,/trendyolmilla/acik-mavi-etek-ucu-puskullu-crop-denim-ceket-twoss21ce0046-p-74291054/yorumlar,Regular,Lacivert,Denim,Crop,Casual/Günlük,Düz,Gömlek Yaka,Uzun,Standart Kol,Rigid,Cool & Comfort,,100% Pamuk,Çift cepli,,Cep,,,Basic,Hayır,Tüm Yaş Grupları,Ek Özellik Mevcut Değil,Düz,Tekli,Pamuklu,,,,
11,304911315,121064,4.5,,/trendyolmilla/mavi-oversize-trucker-denim-ceket-twoaw23ce00189-p-304911315/yorumlar,Oversize,Mavi,Denim,Uzun,Casual/Günlük,Düz,Gömlek Yaka,Uzun,Standart Kol,Rigid,Cool & Comfort,,100% Pamuk,,Trucker,,,,Basic,Hayır,Tüm Yaş Grupları,Ek Özellik Mevcut Değil,Düz,Tekli,Pamuklu,,,,
12,828888882,5563,5.0,,/trendyolmilla/koyu-mavi-onden-baglamali-oversize-denim-ceket-twoaw25ce00001-p-828888882/yorumlar,Oversize,Lacivert,Denim,Standart,Casual/Günlük,Düz,Bisiklet Yaka,Uzun,Uzun Kol,Rigid,Fashion Forward,,100% Pamuk,,,,,,Basic,,,,,,,,,,
13,136141690,302894,4.5,,/trendyolmilla/siyah-crop-astarli-dokuma-blazer-ceket-twoaw22ce0086-p-136141690/yorumlar,Regular,Siyah,Dokuma,Crop,Casual/Günlük,Düz,Ceket Yaka,Uzun,Standart Kol,Finike,Fashion Forward,Astarlı,"88% Polyester, ,12% Elastan",,,,,,Crop,Hayır,Tüm Yaş Grupları,,,,,Kemersiz,,,
14,738090586,23770,4.2,,/trendyolmilla/siyah-fitted-astarli-dokuma-blazer-ceket-twoaw24bc00047-p-738090586/yorumlar,Fitted,Siyah,Dokuma,Uzun,Şık / gece,Düz,Ceket Yaka,Uzun,Standart Kol,Finike,Fashion Forward,Astarlı,"86% Polyester, ,14% Elastan",,,,,,Fitted,Hayır,Tüm Yaş Grupları,Ek Özellik Mevcut Değil,,,,,,,
15,782050579,41877,4.4,,/trendyolmilla/vizon-premium-dokuma-trenckot-blazer-ceket-twoss24bc00010-p-782050579/yorumlar,Regular,Kahverengi,Dokuma,Crop,Business,Düz,Ceket Yaka,Uzun,Standart Kol,Poliviskon,Smart/Office,,"63% Polyester, ,35% Viskoz, ,2% Elastan",,,,,,Crop,Hayır,Tüm Yaş Grupları,,,,,,,,
16,781045701,51051,4.0,,/trendyolmilla/bej-kruvaze-kapama-pamuk-keten-dokuma-blazer-ceket-twoss24bc00018-p-781045701/yorumlar,Oversize,Bej,Dokuma,Regular,Casual/Günlük,Düz,Ceket Yaka,Uzun,Standart Kol,Keten görünümlü,Cool & Comfort,,"80% Pamuk, ,20% Keten",,,,,,Oversize,Hayır,Tüm Yaş Grupları,,,,,,,,
17,774506814,38811,4.5,,/trendyolmilla/pembe-regular-astarli-dokuma-blazer-ceket-twoaw23bc00132-p-774506814/yorumlar,Regular,Pembe,Dokuma,Regular,Business,Düz,Ceket Yaka,Uzun,Standart Kol,Poliviskon,Smart,Astarlı,"81% Polyester, ,6% Elastan, ,13% Modal",,,,,,,,,,,,,,,,
18,137893827,218638,4.2,,/trendyolmilla/acik-haki-oversize-astarli-dugmeli-dokuma-blazer-ceket-twoaw22ce0167-p-137893827/yorumlar,Regular,Lacivert,Dokuma,Regular,Business,Düz,Ceket Yaka,Uzun,Standart Kol,Finike,Smart,Astarlı,"95% Polyester, ,5% Elastan",,,,,,,Hayır,Tüm Yaş Grupları,,,,Dokuma,,,,
19,34412115,170779,4.3,,/trendyolmilla/lacivert-oversize-astarli-kruvaze-kapama-dokuma-blazer-ceket-twoss20ce0024-p-34412115/yorumlar,Oversize,Lacivert,Dokuma,Uzun,Business,Düz,Ceket Yaka,Uzun,Standart Kol,Krep,Smart,Astarlı,100% Polyester,,,,,,Oversize,Hayır,Tüm Yaş Grupları,,,,Polyester,,,,
20,125895860,90513,4.3,,/trendyolmilla/siyah-regular-astarli-dugmeli-dokuma-blazer-ceket-twoaw22ce0168-p-125895860/yorumlar,Regular,Siyah,Dokuma,Regular,Business,Düz,Ceket Yaka,Uzun,Standart Kol,Finike,Smart,Astarlı,"86% Polyester, ,14% Elastan",,,,,,Blazer,Hayır,Tüm Yaş Grupları,,,,Polyester,,,,
21,130002583,169790,4.6,,/trendyolmilla/mavi-oversize-trucker-denim-ceket-twoaw22ce0364-p-130002583/yorumlar,Regular,Mavi,Denim,Regular,Casual/Günlük,Düz,Gömlek Yaka,Uzun,Standart Kol,Rigid,Cool & Comfort,,100% Poliüretan,,Oversize,,,,Basic,Hayır,Tüm Yaş Grupları,,Düz,,,,,,
22,789861870,6662,4.6,,/trendyolmilla/siyah-basic-crop-oversize-dokuma-blazer-ceket-twoss24bc00032-p-789861870/yorumlar,Regular,Siyah,Dokuma,Crop,Business,Düz,Ceket Yaka,Uzun,Standart Kol,Finike,Smart,,"86% Polyester, 14% Elastan",,,,,,Crop,Hayır,Tüm Yaş Grupları,,,,,,,,
23,736231501,40930,4.5,,/trendyolmilla/siyah-premium-bomber-dokuma-ceket-twoaw24ce00047-p-736231501/yorumlar,Regular,Siyah,Dokuma,Regular,Casual/Günlük,Düz,Bisiklet Yaka,Uzun,Standart Kol,Krep,Cool & Comfort,,100% Polyester,,Bomber,,,,Bomber,Hayır,Tüm Yaş Grupları,,Düz,Tekli,Polyester,,,,
24,177282077,323639,4.2,,/trendyolmilla/vizon-oversize-astarli-kruvaze-kapama-dokuma-blazer-ceket-twoss22ce0077-p-177282077/yorumlar,Oversize,Kahverengi,Dokuma,Regular,Casual/Günlük,Düz,Ceket Yaka,Uzun,Standart Kol,Finike,Cool & Comfort,Astarlı,"86% Polyester, ,14% Elastan",,,,,,Kruvaze,Hayır,Tüm Yaş Grupları,,,Tekli,Polyester,,,,
25,140882266,103261,4.3,,/trendyolmilla/kirmizi-regular-astarli-kruvaze-kapama-dokuma-blazer-ceket-twoss20ce0059-p-140882266/yorumlar,Regular,Kırmızı,Dokuma,Regular,Business,Düz,Ceket Yaka,Uzun,Standart Kol,Finike,Smart,Astarlı,"86% Polyester, ,14% Elastan",,,,,,,,,,,,,,,,
26,774506815,24781,4.4,,/trendyolmilla/mint-regular-astarli-dokuma-blazer-ceket-twoaw23bc00132-p-774506815/yorumlar,Regular,Yeşil,Dokuma,Regular,Business,Düz,Ceket Yaka,Uzun,Standart Kol,Poliviskon,Smart,Astarlı,"81% Polyester, ,6% Elastan, ,13% Modal",,,,,,,,,,,,,,,,
27,383926059,91518,4.4,,/trendyolmilla/siyah-dokuma-oversize-suni-deri-blazer-ceket-twoss23bc00049-p-383926059/yorumlar,Oversize,Siyah,Dokuma,Uzun,Casual/Günlük,Düz,Ceket Yaka,Uzun,Düşük Kol,Suni Deri,Smart,Astarlı,100% Polyester,,,,,,,,,,,,,,,,
28,213141925,91781,4.6,,/trendyolmilla/acik-mavi-denim-ceket-twoss22ce0253-p-213141925/yorumlar,Regular,Lacivert,Denim,Regular,Casual/Günlük,Düz,Ceket Yaka,Uzun,Standart Kol,Twill,Cool & Comfort,,100% Pamuk,,,,,,Basic,Hayır,Tüm Yaş Grupları,Ek Özellik Mevcut Değil,Düz,Tekli,%100 Pamuk,,Günlük,Cepli,
29,77789260,142902,4.5,,/trendyolmilla/yesil-regular-astarli-dokuma-blazer-ceket-twoss21ce0137-p-77789260/yorumlar,Regular,Yeşil,Dokuma,Regular,Business,Düz,Ceket Yaka,Uzun,Standart Kol,Finike,Smart,Astarsız,"95% Polyester, ,5% Elastan",,,,,,Kruvaze,Hayır,Tüm Yaş Grupları,,,,,,,,
30,786972881,10196,4.0,,/trendyolmilla/haki-beli-lastikli-bomber-denim-ceket-twoss24ce00037-p-786972881/yorumlar,Oversize,Kahverengi,Denim,Regular,Casual/Günlük,Düz,Bomber Yaka,Uzun,Reglan Kol,Rigid,Cool & Comfort,,100% Pamuk,,Bomber,Lastikli Bel,,,Bomber,Hayır,Tüm Yaş Grupları,,Düz,Tekli,Pamuklu,,,,
31,788680135,31653,4.5,,/trendyolmilla/camel-oversize-duz-kesim-basic-kruvaze-dokuma-blazer-ceket-twoss24bc00028-p-788680135/yorumlar,Oversize,Kahverengi,Dokuma,Uzun,Business,Düz,Ceket Yaka,Uzun,Standart Kol,Finike,Cool & Comfort,,"88% Polyester, ,12% Elastan",,,,,,Oversize,Hayır,Tüm Yaş Grupları,,,,,,,,
32,88456352,340243,4.4,,/trendyolmilla/siyah-regular-astarli-dokuma-blazer-ceket-twoss21ce0137-p-88456352/yorumlar,Regular,Siyah,Dokuma,Regular,Business,Düz,Ceket Yaka,Uzun,Standart Kol,Finike,Smart,Astarsız,"95% Polyester, ,5% Elastan",,,,,,Kruvaze,Hayır,Tüm Yaş Grupları,,,,,,,,
33,782205374,5316,4.6,,/trendyolmilla/siyah-dokuma-bel-detayli-ayarlanabilir-blazer-ceket-twoss24bc00004-p-782205374/yorumlar,Regular,Siyah,Dokuma,Regular,Business,Düz,Ceket Yaka,Uzun,Standart Kol,Finike,Smart/Office,,"85% Polyester, 15% Elastan",,,,,,,Hayır,Tüm Yaş Grupları,,,,,,,,
34,805524553,8958,4.0,,/trendyolmilla/vizon-crop-dokuma-blazer-ceket-twoss24bc00040-p-805524553/yorumlar,Slim Fit,Gri,Dokuma,Crop,Casual/Günlük,Düz,Ceket Yaka,Uzun,Standart Kol,Aerobin,Cool & Comfort,,"66% Viskoz, ,19% Poliamid, ,15% Polyester",,,,,,Crop,Hayır,Tüm Yaş Grupları,,,,,,,,
35,818091291,3344,4.5,,/trendyol-modest/beyaz-yandan-baglama-detayli-astarli-kruvaze-dokuma-ceket-tctss24ck00008-p-818091291/yorumlar,Relaxed,Beyaz,Dokuma,Standart,Business,Düz,Kruvaze,Uzun,Standart Kol,Finike,Fashion Forward,Astarlı,"88% Polyester, ,12% Elastan",,,,Tesettür Giyim,,Kruvaze,Hayır,Tüm Yaş Grupları,,,,,,,,
36,788690096,31541,3.8,,/trendyolmilla/ekru-oversize-basic-dokuma-blazer-ceket-twoss24bc00029-p-788690096/yorumlar,Oversize,Beyaz,Dokuma,Uzun,Casual/Günlük,Düz,Ceket Yaka,Uzun,Standart Kol,Finike,Cool & Comfort,,"86% Polyester, ,14% Elastan",,,,,,Oversize,Hayır,Tüm Yaş Grupları,,,,,,,,
37,383894324,65856,4.6,,/trendyolmilla/lacivert-regular-astar-detayli-dokuma-blazer-ceket-twoaw20ce0316-p-383894324/yorumlar,Regular,Lacivert,Dokuma,Regular,Business,Düz,Ceket Yaka,Uzun,Standart Kol,Finike,Smart/Office,Astarlı,"86% Polyester, ,14% Elastan",,,,,,,,,,,,,,,,
38,711480694,31312,4.7,,/trendyolmilla/acik-mavi-trucker-denim-ceket-twoaw24ce00010-p-711480694/yorumlar,Regular,Mavi,Denim,Regular,Casual/Günlük,Düz,Ceket Yaka,Uzun,Standart Kol,Rigid,Cool & Comfort,,100% Pamuk,,Trucker,,,,Basic,Hayır,Tüm Yaş Grupları,Ek Özellik Mevcut Değil,Düz,Tekli,Pamuklu,,,,
39,78317511,116576,4.4,,/trendyolmilla/antrasit-renk-bloklu-kemerli-oversize-denim-ceket-twoss21ce0186-p-78317511/yorumlar,Regular,Gri,Denim,Regular,Casual/Günlük,Renk Bloklu,Gömlek Yaka,Uzun,Standart Kol,Rigid,Cool & Comfort,,100% Pamuk,,,Kemerli,,,Basic,Hayır,Tüm Yaş Grupları,,Düz,,,,,,
40,785185735,18062,4.7,,/trendyolmilla/koyu-mavi-more-sustainable-cep-detayli-denim-ceket-twoss24ce00029-p-785185735/yorumlar,Oversize,Mavi,Denim,Standart,Casual/Günlük,Düz,Ceket Yaka,Uzun,Standart Kol,Rigid,Cool & Comfort,,100% Pamuk,,Oversize,Cep,Care,,Basic,Hayır,Tüm Yaş Grupları,,Düz,,%100 Pamuk,,,,
41,782564200,13442,3.6,,/trendyolmilla/antrasit-crop-ince-cizgili-poliviskon-dokuma-blazer-ceket-twoss24bc00020-p-782564200/yorumlar,Regular,Gri,Dokuma,Crop,Business,Çizgili,Ceket Yaka,Uzun,Standart Kol,Poliviskon,Smart/Office,,"64% Polyester, 33% Viskoz, 3% Elastan",,,,,,Crop,Hayır,Tüm Yaş Grupları,,,,,,,,
42,126005789,170317,4.6,,/trendyolmilla/haki-cep-detayli-oversize-denim-gomlek-ceket-twoaw22ce0272-p-126005789/yorumlar,Regular,Haki,Dokuma,Regular,Casual/Günlük,Düz,Gömlek Yaka,Uzun,Standart Kol,Rigid,Cool & Comfort,,100% Pamuk,,Oversize,Cep,,,Basic,Hayır,Tüm Yaş Grupları,,Düz,Tekli,Pamuklu,,Günlük,,
43,338921993,228179,4.6,,/trendyolmilla/siyah-regular-astarli-dokuma-cizgili-blazer-ceket-twoaw23bc00135-p-338921993/yorumlar,Regular,Siyah,Dokuma,Regular,Casual/Günlük,Çizgili,Ceket Yaka,Uzun,Standart Kol,Poliviskon,Smart,Astarlı,100% Polyester,,,,Business,,,Hayır,Tüm Yaş Grupları,,,Tekli,Polyester,,,,
44,774763109,24816,4.1,,/trendyolmilla/ekru-premium-bomber-dokuma-ceket-twoaw24ce00047-p-774763109/yorumlar,Regular,Beyaz,Dokuma,Regular,Casual/Günlük,Düz,Bisiklet Yaka,Uzun,Standart Kol,Krep,Cool & Comfort,,100% Polyester,,Bomber,,,,Bomber,Hayır,Tüm Yaş Grupları,,Düz,Tekli,Polyester,,,,
45,775564783,7626,4.5,,/trendyolmilla/mavi-soluk-efekt-vintage-oversize-denim-ceket-twoss24ce00008-p-775564783/yorumlar,Oversize,Mavi,Denim,Regular,Casual/Günlük,Düz,Ceket Yaka,Uzun,Standart Kol,Rigid,Cool & Comfort,,100% Pamuk,,Oversize,,,,Basic,Hayır,Tüm Yaş Grupları,,Düz,Tekli,Pamuklu,,,,
46,71515425,147654,4.2,,/trendyolmilla/tas-oversize-astarli-kruvaze-kapama-dokuma-blazer-ceket-twoss20ce0024-p-71515425/yorumlar,Oversize,Gri,Dokuma,Uzun,Business,Düz,Ceket Yaka,Uzun,Standart Kol,Krep,Smart,Astarlı,100% Polyester,,,,,,Oversize,Hayır,Tüm Yaş Grupları,,,,Polyester,,,,
47,379997677,112275,4.4,,/trendyolmilla/tas-regular-crop-dokuma-cizgili-blazer-ceket-twoss23bc00029-p-379997677/yorumlar,Regular,Gri,Dokuma,Crop,Business,Çizgili,Ceket Yaka,Uzun,Standart Kol,Krep,Smart,Astarlı,"95% Polyester, ,5% Elastan",,,,,,Crop,Hayır,Tüm Yaş Grupları,,,,Polyester,,,,
48,218977623,260705,4.5,,/trendyolmilla/koyu-mavi-cep-detayli-oversize-denim-ceket-twoss21ce0289-p-218977623/yorumlar,Regular,Mavi,Denim,Regular,Casual/Günlük,Düz,Gömlek Yaka,Uzun,Standart Kol,Rigid,Cool & Comfort,,100% Pamuk,,Oversize,Nervürlü,Basic,,Basic,Hayır,Tüm Yaş Grupları,Ek Özellik Mevcut Değil,Düz,Tekli,%100 Pamuk,,Günlük,,
49,788680136,53022,4.2,,/trendyolmilla/tas-oversize-duz-kesim-basic-kruvaze-dokuma-blazer-ceket-twoss24bc00028-p-788680136/yorumlar,Oversize,Bej,Dokuma,Uzun,Business,Düz,Ceket Yaka,Uzun,Standart Kol,Finike,Cool & Comfort,,"88% Polyester, ,12% Elastan",,,,,,Oversize,Hayır,Tüm Yaş Grupları,,,,,,,,
50,785189023,6851,3.2,,/trendyolmilla/koyu-mavi-bomber-denim-ceket-twoss24ce00026-p-785189023/yorumlar,Oversize,Mavi,Denim,Standart,Casual/Günlük,Düz,Hakim Yaka,Uzun,Standart Kol,Rigid,Fashion Forward,,100% Pamuk,,Bomber,,,,Bomber,Hayır,Tüm Yaş Grupları,,Düz,Tekli,Pamuklu,,,,
51,31973300,402113,4.5,,/trendyolmilla/siyah-regular-astar-detayli-dokuma-blazer-ceket-twoaw20ce0316-p-31973300/yorumlar,Regular,Siyah,Dokuma,Regular,Business,Düz,Ceket Yaka,Uzun,Standart Kol,Finike,Smart/Office,Astarlı,"86% Polyester, ,14% Elastan",,,,,,,,,,,,,,,,
52,318906877,119393,4.7,,/trendyolmilla/siyah-crop-astarli-kruvaze-kapama-dokuma-blazer-ceket-twoaw23bc00076-p-318906877/yorumlar,Regular,Siyah,Dokuma,Crop,Business,Düz,Ceket Yaka,Uzun,Standart Kol,Finike,Fashion Forward,Astarlı,"86% Polyester, ,14% Elastan",,,,,,,,,,,,,,,,
53,77789261,52470,4.5,,/trendyolmilla/acik-mavi-regular-astarli-dokuma-blazer-ceket-twoss21ce0137-p-77789261/yorumlar,Regular,Lacivert,Dokuma,Regular,Business,Düz,Ceket Yaka,Uzun,Standart Kol,Finike,Smart,Astarsız,"95% Polyester, ,5% Elastan",,,,,,Kruvaze,Hayır,Tüm Yaş Grupları,,,,,,,,
54,775931737,6588,3.4,,/trendyolmilla/bej-regular-astarli-dugmeli-dokuma-blazer-ceket-twoaw23bc00017-p-775931737/yorumlar,Regular,Bej,Dokuma,Regular,Casual/Günlük,Düz,Ceket Yaka,Uzun,Standart Kol,Poliviskon,Smart,Astarlı,"68% Polyester, ,5% Elastan, ,27% Viskoz",,,,,,,Hayır,Tüm Yaş Grupları,,,Tekli,Polyester,,,,
55,704964627,60934,4.3,,/trendyolmilla/siyah-oversize-astarli-dugmeli-dokuma-blazer-ceket-twoaw22ce0167-p-704964627/yorumlar,Regular,Siyah,Dokuma,Regular,Business,Düz,Ceket Yaka,Uzun,Standart Kol,Finike,Smart,Astarlı,"95% Polyester, ,5% Elastan",,,,,,,Hayır,Tüm Yaş Grupları,,,,Dokuma,,,,
56,782417649,27978,4.6,,/trendyolmilla/antrasit-kolu-manset-detayli-dokuma-blazer-ceket-twoss24bc00015-p-782417649/yorumlar,Oversize,Gri,Dokuma,Regular,Casual/Günlük,Düz,Ceket Yaka,Uzun,Standart Kol,Poliviskon,Smart,,"64% Polyester, ,34% Viskoz, ,2% Elastan",,,,,,Oversize,Hayır,Tüm Yaş Grupları,,,,,,,,
57,820028139,4040,4.6,,/trendyolmilla/lacivert-dokuma-payet-ceket-tprss24ce00000-p-820028139/yorumlar,Fitted,Lacivert,Dokuma,Regular,Şık / gece,Düz,Gömlek Yaka,Uzun,Standart Kol,Payet,Fashion Forward,,"95% Polyester, ,5% Elastan",,,Payet,,,Basic,Hayır,Tüm Yaş Grupları,,Düz,,,,,,
58,782212077,3855,3.9,,/trendyolmilla/gri-dokuma-bel-detayli-ayarlanabilir-blazer-ceket-twoss24bc00004-p-782212077/yorumlar,Regular,Gri,Dokuma,Regular,Business,Düz,Ceket Yaka,Uzun,Standart Kol,Finike,Smart/Office,,"85% Polyester, 15% Elastan",,,,,,,Hayır,Tüm Yaş Grupları,,,,,,,,
59,410743424,24742,4.4,,/trendyol-modest/vizon-cift-dugme-detayli-cepli-astarli-blazer-dokuma-ceket-tctss22ce025-p-410743424/yorumlar,Regular,Kahverengi,Dokuma,Uzun,Business,Düz,Ceket Yaka,Uzun,Standart Kol,Finike,Office,Astarlı,100% Polyester,Çift Kapaklı,,Cep,Tesettür Giyim,Düğmeli,Kruvaze,Hayır,Tüm Yaş Grupları,,,,Polyester,,,,
60,195050324,70285,4.5,,/trendyolmilla/pembe-regular-astarli-dokuma-blazer-ceket-twoss21ce0137-p-195050324/yorumlar,Regular,Mor,Dokuma,Regular,Business,Düz,Ceket Yaka,Uzun,Standart Kol,Finike,Smart,Astarsız,"95% Polyester, ,5% Elastan",,,,,,Kruvaze,Hayır,Tüm Yaş Grupları,,,,,,,,
61,782417940,6321,4.7,,/trendyolmilla/siyah-crop-kisa-kollu-dokuma-blazer-ceket-twoss24bc00014-p-782417940/yorumlar,Oversize,Siyah,Dokuma,Crop,Casual/Günlük,Düz,Ceket Yaka,Kısa,Standart Kol,Finike,Smart,,"86% Polyester, ,14% Elastan",,,,,,Crop,Hayır,Tüm Yaş Grupları,,,,,,,,
62,141646627,81715,4.3,,/trendyolmilla/camel-crop-dokuma-astarli-blazer-ceket-twoaw22ce0086-p-141646627/yorumlar,Regular,Kahverengi,Dokuma,Crop,Casual/Günlük,Düz,Ceket Yaka,Uzun,Standart Kol,Finike,Fashion Forward,Astarlı,"88% Polyester, ,12% Elastan",,,,,,Crop,Hayır,Tüm Yaş Grupları,,,,,Kemersiz,,,
63,203645200,100659,4.4,,/trendyol-modest/siyah-cift-dugme-detayli-cepli-astarli-blazer-dokuma-ceket-tctss22ce0250-p-203645200/yorumlar,Regular,Siyah,Dokuma,Uzun,Business,Düz,Ceket Yaka,Uzun,Standart Kol,Finike,Office,Astarlı,100% Polyester,Çift Kapaklı,,Cep,Tesettür Giyim,Düğmeli,Kruvaze,Hayır,Tüm Yaş Grupları,,,,Polyester,,,,
64,789863594,15636,4.4,,/trendyolmilla/tas-oversize-saten-dokuma-blazer-ceket-twoss24bc00033-p-789863594/yorumlar,Oversize,Gri,Dokuma,Uzun,Business,Düz,Ceket Yaka,Uzun,Standart Kol,Saten,Fashion Forward,,100% Polyester,,,,,,Oversize,Hayır,Tüm Yaş Grupları,,,,Polyester,,,,
65,708419235,40199,4.4,,/trendyolmilla/acik-haki-regular-astarli-kruvaze-kapama-dokuma-blazer-ceket-twoss20ce0059-p-708419235/yorumlar,Regular,Lacivert,Dokuma,Regular,Business,Düz,Ceket Yaka,Uzun,Standart Kol,Finike,Smart,Astarlı,"86% Polyester, ,14% Elastan",,,,,,,,,,,,,,,,
66,809122102,19413,3.8,,/trendyolmilla/kahverengi-oversize-duz-kesim-basic-kruvaze-dokuma-blazer-ceket-twoss24bc00028-p-809122102/yorumlar,Oversize,Kahverengi,Dokuma,Uzun,Business,Düz,Ceket Yaka,Uzun,Standart Kol,Finike,Cool & Comfort,,"88% Polyester, ,12% Elastan",,,,,,Oversize,Hayır,Tüm Yaş Grupları,,,,,,,,
67,733829612,5472,4.5,,/trendyolmilla/kahverengi-oversize-genis-kalip-cepli-ve-dugmeli-polo-yaka-ici-polarli-orme-ceket-twoaw24ce00000-p-733829612/yorumlar,Relaxed,Kahverengi,Örme,Uzun,Casual/Günlük,Düz,Polo Yaka,Uzun,Standart Kol,3 İplik,Cool & Comfort,,"49% Pamuk, ,5% Elastan, ,46% Polyester",,,Düğme,,,Basic,Hayır,Tüm Yaş Grupları,,Düz,,,,,,
68,125577748,57840,4.4,,/trendyolmilla/bordo-regular-astarli-dokuma-blazer-ceket-twoss21ce0137-p-125577748/yorumlar,Regular,Bordo,Dokuma,Regular,Business,Düz,Ceket Yaka,Uzun,Standart Kol,Finike,Smart,Astarsız,"95% Polyester, ,5% Elastan",,,,,,Kruvaze,Hayır,Tüm Yaş Grupları,,,,,,,,
69,733001776,74807,4.2,,/trendyolmilla/lacivert-cep-detayli-citcit-dugmeli-scuba-orme-ceket-twoaw24ce00003-p-733001776/yorumlar,Oversize,Lacivert,Örme,Regular,Casual/Günlük,Düz,Düğmeli Yaka,Uzun,Standart Kol,Dalgıç/Scuba,Smart,,"92% Polyester, ,8% Elastan",,Oversize,Çıtçıt Kapamalı,,Düğmeli,Bomber,Hayır,Tüm Yaş Grupları,Ek Özellik Mevcut Değil,Düz,Tekli,,,,,
70,9385547,172760,4.5,,/trendyolmilla/siyah-trucker-crop-denim-ceket-twoaw20ce0033-p-9385547/yorumlar,Regular,Siyah,Denim,Crop,Casual/Günlük,Düz,Gömlek Yaka,Uzun,Uzun Kol,Rigid,Cool & Comfort,,100% Pamuk,,Oversize,,Basic,Düğmeli,Basic,Hayır,21 - 40 Yaş,Ek Özellik Mevcut Değil,Düz,Tekli,Pamuklu,Kemersiz,Günlük,Cepli,
71,774623862,2067,4.0,,/trendyolmilla/acik-sari-kruvaze-kapama-dokuma-astarli-suni-deri-blazer-ceket-twoaw21ce0156-p-774623862/yorumlar,Regular,Sarı,Dokuma,Regular,Casual/Günlük,Düz,Ceket Yaka,Uzun,Standart Kol,Suni Deri,Smart,Astarsız,100% Poliüretan,,,Suni Deri,,,Kruvaze,Hayır,Tüm Yaş Grupları,Ek Özellik Mevcut Değil,,Tekli,Poliüretan,,,,
72,790499693,14231,4.6,,/trendyolmilla/beyaz-dugme-detayli-denim-ceket-twoss24ce00042-p-790499693/yorumlar,Regular,Beyaz,Denim,Regular,Casual/Günlük,Düz,Bisiklet Yaka,Uzun,Standart Kol,Rigid,Fashion Forward,,100% Pamuk,,,Düğme,,,Basic,Hayır,Tüm Yaş Grupları,,Düz,Tekli,Pamuklu,,,,
73,379067998,68918,4.5,,/trendyolmilla/koyu-mavi-regular-astar-detayli-dokuma-blazer-ceket-twoaw20ce0316-p-379067998/yorumlar,Regular,Mavi,Dokuma,Regular,Business,Düz,Ceket Yaka,Uzun,Standart Kol,Finike,Smart/Office,Astarlı,"86% Polyester, ,14% Elastan",,,,,,,,,,,,,,,,
74,141785636,39126,4.3,,/trendyolmilla/tas-regular-astar-detayli-dokuma-blazer-ceket-twoaw20ce0316-p-141785636/yorumlar,Regular,Gri,Dokuma,Regular,Business,Düz,Ceket Yaka,Uzun,Standart Kol,Finike,Smart/Office,Astarlı,"86% Polyester, ,14% Elastan",,,,,,,,,,,,,,,,
75,708468432,13477,4.6,,/trendyolmilla/acik-haki-oversize-astarli-dokuma-blazer-ceket-twoss22ce0077-p-708468432/yorumlar,Oversize,Lacivert,Dokuma,Regular,Casual/Günlük,Düz,Ceket Yaka,Uzun,Standart Kol,Finike,Cool & Comfort,Astarlı,"86% Polyester, ,14% Elastan",,,,,,Kruvaze,Hayır,Tüm Yaş Grupları,,,Tekli,Polyester,,,,
76,304177383,164610,4.4,,/trendyolmilla/acik-haki-regular-astarli-kruvaze-kapama-dokuma-blazer-ceket-twoaw21ce0264-p-304177383/yorumlar,Regular,Lacivert,Dokuma,Regular,Casual/Günlük,Düz,Ceket Yaka,Uzun,Standart Kol,Finike,Smart,Astarlı,"95% Polyester, ,5% Elastan",,,,,,Blazer,Hayır,Tüm Yaş Grupları,,,,,,,,
77,774506595,11569,4.5,,/trendyolmilla/acik-mavi-regular-astar-detayli-dokuma-blazer-ceket-twoaw20ce0316-p-774506595/yorumlar,Regular,Lacivert,Dokuma,Regular,Business,Düz,Ceket Yaka,Uzun,Standart Kol,Finike,Smart/Office,Astarlı,"86% Polyester, ,14% Elastan",,,,,,,,,,,,,,,,
78,52199861,92562,4.6,,/trendyolmilla/siyah-kusakli-regular-astarli-kruvaze-kapama-dokuma-blazer-ceket-twoaw21ce0320-p-52199861/yorumlar,Regular,Siyah,Dokuma,Regular,Business,Düz,Ceket Yaka,Uzun,Standart Kol,Finike,Smart,Astarlı,"86% Polyester, ,14% Elastan",,,,,,Kruvaze,Hayır,Tüm Yaş Grupları,Ek Özellik Mevcut Değil,,,Polyester,,,,
79,193753250,93601,4.5,,/trendyolmilla/indigo-regular-astarli-kruvaze-kapama-dokuma-blazer-ceket-twoaw21ce0264-p-193753250/yorumlar,Regular,Lacivert,Dokuma,Regular,Casual/Günlük,Düz,Ceket Yaka,Uzun,Standart Kol,Finike,Smart,Astarlı,"95% Polyester, ,5% Elastan",,,,,,Blazer,Hayır,Tüm Yaş Grupları,,,,,,,,
80,34412116,126848,4.3,,/trendyolmilla/kirmizi-oversize-dokuma-astarli-kruvaze-kapama-dugme-detayli-ceket-twoss20ce0024-p-34412116/yorumlar,Oversize,Kırmızı,Dokuma,Uzun,Business,Düz,Ceket Yaka,Uzun,Standart Kol,Krep,Smart,Astarlı,100% Polyester,,,,,,Oversize,Hayır,Tüm Yaş Grupları,,,,Polyester,,,,
81,410734246,23061,4.5,,/trendyolmilla/siyah-tasli-oversize-denim-ceket-twoss23ce00044-p-410734246/yorumlar,Regular,Siyah,Denim,Regular,Casual/Günlük,Düz,Ceket Yaka,Uzun,Standart Kol,Rigid,Fashion Forward,,100% Pamuk,,Oversize,İnci/Trok/Taş/Kuş Gözü,,,Basic,Hayır,Tüm Yaş Grupları,,Düz,Tekli,Pamuklu,,,,
82,69555254,158453,4.5,,/trendyolmilla/haki-regular-astarli-kruvaze-kapama-dokuma-blazer-ceket-twoss21ce0029-p-69555254/yorumlar,Regular,Haki,Dokuma,Regular,Business,Düz,Ceket Yaka,Uzun,Standart Kol,Finike,Office,Astarlı,"85% Polyester, ,15% Elastan",,,,,,Kruvaze,Hayır,Tüm Yaş Grupları,,,,Polyester,,,,
83,444513178,28838,4.4,,/trendyolmilla/tas-crop-dokuma-blazer-ceket-twoss23bc00101-p-444513178/yorumlar,Regular,Gri,Dokuma,Regular,Şık / gece,Düz,Ceket Yaka,Uzun,Standart Kol,Aerobin,Fashion Forward,Astarsız,"65% Pamuk, ,35% Polyester",,,,,,Crop,Hayır,Tüm Yaş Grupları,,,Tekli,Pamuk Polyester,,,,
84,744374858,56431,4.1,,/trendyolmilla/siyah-regular-dokuma-astarli-tas-detayli-blazer-ceket-twoaw24bc00078-p-744374858/yorumlar,Regular,Siyah,Dokuma,Regular,Şık / gece,Düz,Ceket Yaka,Uzun,Standart Kol,Finike,Fashion Forward,Astarlı,"95% Polyester, ,5% Elastan",,,,,,,Hayır,Tüm Yaş Grupları,Ek Özellik Mevcut Değil,,,,,,,
85,774509897,2214,4.4,,/trendyolmilla/acik-turuncu-regular-astarli-dugmeli-dokuma-blazer-ceket-twoaw22ce0168-p-774509897/yorumlar,Regular,Lacivert,Dokuma,Regular,Business,Düz,Ceket Yaka,Uzun,Standart Kol,Finike,Smart,Astarlı,"86% Polyester, ,14% Elastan",,,,,,Blazer,Hayır,Tüm Yaş Grupları,,,,Polyester,,,,
86,788692636,8464,4.1,,/trendyolmilla/antrasit-poliviskon-zincir-detayli-regular-kalip-dokuma-premium-blazer-ceket-twoss24bc00031-p-788692636/yorumlar,Regular,Siyah,Dokuma,Regular,Casual/Günlük,Düz,Ceket Yaka,Uzun,Standart Kol,Poliviskon,Smart/Office,,"81% Polyester, 13% Modal, 6% Elastan",,,,,,,Hayır,Tüm Yaş Grupları,,,,,,,,
87,786954961,18810,4.4,,/trendyolmilla/ekru-oversize-denim-ceket-twoss24ce00036-p-786954961/yorumlar,Oversize,Ekru,Denim,Standart,Casual/Günlük,Düz,Ceket Yaka,Uzun,Standart Kol,Rigid,Cool & Comfort,,100% Pamuk,,Oversize,,,,Basic,Hayır,Tüm Yaş Grupları,,Düz,Tekli,Pamuklu,,,,
88,774506813,20382,4.2,,/trendyolmilla/gri-regular-astarli-dokuma-blazer-ceket-twoaw23bc00132-p-774506813/yorumlar,Regular,Gri,Dokuma,Regular,Business,Düz,Ceket Yaka,Uzun,Standart Kol,Poliviskon,Smart,Astarlı,"81% Polyester, ,6% Elastan, ,13% Modal",,,,,,,,,,,,,,,,
89,737577543,57060,4.3,,/trendyolmilla/antrasit-premium-oversize-astarli-dokuma-blazer-ceket-twoaw24bc00046-p-737577543/yorumlar,Regular,Gri,Dokuma,Regular,Business,Düz,Ceket Yaka,Uzun,Standart Kol,Poliviskon,Smart/Office,,"62% Polyester, ,5% Elastan, ,33% Viskoz",,,,,,,Hayır,Tüm Yaş Grupları,,,,,,,,
90,782040945,14871,3.5,,/trendyolmilla/siyah-dokuma-blazer-ceket-twoss24bc00017-p-782040945/yorumlar,Regular,Siyah,Dokuma,Regular,Business,Düz,Ceket Yaka,Uzun,Standart Kol,Finike,Smart/Office,,"95% Polyester, ,5% Elastan",,,,,,,Hayır,Tüm Yaş Grupları,,,,,,,,
91,729612653,14042,4.2,,/trendyolmilla/lacivert-crop-dokuma-blazer-ceket-twoaw24bc00023-p-729612653/yorumlar,Regular,Lacivert,Dokuma,Crop,Business,Düz,Ceket Yaka,Uzun,Standart Kol,Finike,Smart/Office,,"87% Polyester, ,13% Elastan",,,,,,Crop,Hayır,Tüm Yaş Grupları,Ek Özellik Mevcut Değil,,,,,,,
92,773284661,14561,4.3,,/trendyolmilla/beyaz-oversize-astarli-dugmeli-dokuma-blazer-ceket-twoaw22ce0167-p-773284661/yorumlar,Regular,Beyaz,Dokuma,Regular,Business,Düz,Ceket Yaka,Uzun,Standart Kol,Finike,Smart,Astarlı,"95% Polyester, ,5% Elastan",,,,,,,Hayır,Tüm Yaş Grupları,,,,Dokuma,,,,
93,786618002,4165,4.5,,/trendyolmilla/mavi-blazer-denim-ceket-twoss24ce00018-p-786618002/yorumlar,Oversize,Mavi,Denim,Regular,Casual/Günlük,Düz,Ceket Yaka,Uzun,Standart Kol,Rigid,Fashion Forward,,100% Pamuk,,Blazer,,,,Basic,Hayır,Tüm Yaş Grupları,,Düz,Tekli,Pamuklu,,,,
94,774533134,14333,4.7,,/trendyolmilla/mint-regular-astarli-kruvaze-kapama-dokuma-blazer-ceket-twoss20ce0059-p-774533134/yorumlar,Regular,Yeşil,Dokuma,Regular,Business,Düz,Ceket Yaka,Uzun,Standart Kol,Finike,Smart,Astarlı,"86% Polyester, ,14% Elastan",,,,,,,,,,,,,,,,
95,708419275,21564,4.6,,/trendyolmilla/koyu-mavi-regular-astarli-kruvaze-kapama-dokuma-blazer-ceket-twoss20ce0059-p-708419275/yorumlar,Regular,Mavi,Dokuma,Regular,Business,Düz,Ceket Yaka,Uzun,Standart Kol,Finike,Smart,Astarlı,"86% Polyester, ,14% Elastan",,,,,,,,,,,,,,,,
96,789941824,10043,4.3,,/trendyolmilla/lacivert-nakis-detayli-dokuma-regular-blazer-ceket-twoss24bc00027-p-789941824/yorumlar,Oversize,Lacivert,Dokuma,Uzun,Casual/Günlük,Düz,Ceket Yaka,Uzun,Standart Kol,Finike,Cool & Comfort,,"86% Polyester, ,14% Elastan",,,,,,Oversize,Hayır,Tüm Yaş Grupları,,,,,,,,
97,773574038,8150,4.6,,/trendyolmilla/nar-cicegi-regular-astarli-kruvaze-kapama-dokuma-blazer-ceket-twoss21ce0137-p-773574038/yorumlar,Regular,Pembe,Dokuma,Regular,Business,Düz,Ceket Yaka,Uzun,Standart Kol,Finike,Smart,Astarsız,"95% Polyester, ,5% Elastan",,,,,,Kruvaze,Hayır,Tüm Yaş Grupları,,,,,,,,
98,774623722,8134,4.5,,/trendyolmilla/ekru-crop-dokuma-astarli-blazer-ceket-twoaw22ce0086-p-774623722/yorumlar,Regular,Beyaz,Dokuma,Crop,Casual/Günlük,Düz,Ceket Yaka,Uzun,Standart Kol,Finike,Fashion Forward,Astarlı,"88% Polyester, ,12% Elastan",,,,,,Crop,Hayır,Tüm Yaş Grupları,,,,,Kemersiz,,,
99,74506731,59861,4.4,,/trendyolmilla/lacivert-regular-astarli-kruvaze-kapama-dokuma-blazer-ceket-twoss20ce0059-p-74506731/yorumlar,Regular,Lacivert,Dokuma,Regular,Business,Düz,Ceket Yaka,Uzun,Standart Kol,Finike,Smart,Astarlı,"86% Polyester, ,14% Elastan",,,,,,,,,,,,,,,,
100,820059421,8596,3.0,,/trendyolmilla/ekru-premium-kalite-kemerli-dokuma-blazer-ceket-twoss24bc00042-p-820059421/yorumlar,Regular,Beyaz,Dokuma,Regular,Business,Düz,Ceket Yaka,Uzun,Standart Kol,Poliviskon,Smart/Office,,"70% Polyester, ,6% Elastan, ,24% Viskoz",,,,,,,Hayır,Tüm Yaş Grupları,,,,,,,,
101,833252800,,,,,Regular,Mavi,Denim,Standart,Casual/Günlük,Düz,Ceket Yaka,Uzun,Standart Kol,Rigid,Cool & Comfort,,100% Pamuk,,,,,,Basic,,,,,,,,,,
102,304911310,39933,4.5,,/trendyolmilla/siyah-oversize-trucker-denim-ceket-twoaw23ce00189-p-304911310/yorumlar,Oversize,Siyah,Denim,Uzun,Casual/Günlük,Düz,Gömlek Yaka,Uzun,Standart Kol,Rigid,Cool & Comfort,,100% Pamuk,,Trucker,,,,Basic,Hayır,Tüm Yaş Grupları,Ek Özellik Mevcut Değil,Düz,Tekli,Pamuklu,,,,
103,833256826,,,,,Regular,Mavi,Denim,Standart,Casual/Günlük,Düz,Kapüşonlu,Uzun,Mendil Kol,Rigid,Cool & Comfort,,100% Pamuk,,,,,,Basic,,,,,,,,,,
104,305051739,176203,3.4,,/trendyolmilla/gri-regular-astarli-dugmeli-dokuma-blazer-ceket-twoaw23bc00017-p-305051739/yorumlar,Regular,Gri,Dokuma,Regular,Casual/Günlük,Düz,Ceket Yaka,Uzun,Standart Kol,Poliviskon,Smart,Astarlı,"68% Polyester, ,5% Elastan, ,27% Viskoz",,,,,,,Hayır,Tüm Yaş Grupları,,,Tekli,Polyester,,,,
105,138616915,76305,4.4,,/trendyolmilla/camel-crop-dugmeli-kruvaze-kapama-dokuma-ceket-twoaw22ce0274-p-138616915/yorumlar,Oversize,Kahverengi,Dokuma,Regular,Casual/Günlük,Düz,Ceket Yaka,Uzun,Standart Kol,Bonded,Smart,Astarlı,100% Polyester,Çift cepli,Bomber,Kemerli,Design,Düğmeli,Biker,Hayır,Tüm Yaş Grupları,Ek Özellik Mevcut Değil,Düz,Tekli,Polyester,Kemerli,,,Kalın
106,151847855,36991,4.5,,/trendyolmilla/zumrut-yesili-regular-astarli-baglamali-dokuma-blazer-ceket-twoaw21ce0320-p-151847855/yorumlar,Regular,Yeşil,Dokuma,Regular,Business,Düz,Ceket Yaka,Uzun,Standart Kol,Finike,Smart,Astarlı,"86% Polyester, ,14% Elastan",,,,,,Kruvaze,Hayır,Tüm Yaş Grupları,Ek Özellik Mevcut Değil,,,Polyester,,,,
107,790594015,8529,4.3,,/trendyol-modest/siyah-yakasi-tas-detayli-dokuma-ceket-tctss24ck00004-p-790594015/yorumlar,Regular,Siyah,Dokuma,Standart,Business,Düz,Ceket Yaka,Uzun,Standart Kol,Finike,Fashion Forward,Astarlı,"86% Polyester, ,14% Elastan",,,,,,Basic,Hayır,Tüm Yaş Grupları,,,,,,,,
108,379068010,21085,4.7,,/trendyolmilla/turuncu-regular-astar-detayli-dokuma-blazer-ceket-twoaw20ce0316-p-379068010/yorumlar,Regular,Turuncu,Dokuma,Regular,Business,Düz,Ceket Yaka,Uzun,Standart Kol,Finike,Smart/Office,Astarlı,"86% Polyester, ,14% Elastan",,,,,,,,,,,,,,,,
109,786955709,4430,4.4,,/trendyolmilla/beyaz-oversize-denim-ceket-gomlek-twoss24ce00040-p-786955709/yorumlar,Oversize,Beyaz,Denim,Regular,Casual/Günlük,Düz,Ceket Yaka,Uzun,Standart Kol,Rigid,Cool & Comfort,,100% Pamuk,,Oversize,,,,Basic,,Tüm Yaş Grupları,,Düz,Tekli,Pamuklu,,,,
110,450328245,42768,4.3,,/trendyolmilla/mavi-fermuar-detayli-biker-denim-ceket-twoss23ce00050-p-450328245/yorumlar,Oversize,Mavi,Denim,Regular,Casual/Günlük,Düz,Kruvaze,Uzun,Standart Kol,Rigid,Fashion Forward,,100% Pamuk,,Biker,Fermuar,Young,,Biker,Hayır,Tüm Yaş Grupları,Ek Özellik Mevcut Değil,Düz,Tekli,Pamuklu,,Trend,,
111,774506591,7171,4.7,,/trendyolmilla/nar-cicegi-regular-astar-detayli-dokuma-blazer-ceket-twoaw20ce0316-p-774506591/yorumlar,Regular,Pembe,Dokuma,Regular,Business,Düz,Ceket Yaka,Uzun,Standart Kol,Finike,Smart/Office,Astarlı,"86% Polyester, ,14% Elastan",,,,,,,,,,,,,,,,
112,132302958,37776,4.3,,/trendyol-modest/camel-cift-dugmeli-cep-detayli-astarli-blazer-dokuma-ceket-tctaw22ck0007-p-132302958/yorumlar,Regular,Kahverengi,Dokuma,Regular,Business,Düz,Ceket Yaka,Uzun,Standart Kol,Finike,Office,Astarlı,"86% Polyester, ,14% Elastan",Çift Kapaklı,Fonksiyonel,Düğme,Tesettür Giyim,Düğmeli,Kruvaze,Hayır,Tüm Yaş Grupları,,,,,,,,
113,727892480,6147,3.8,,/trendyolmilla/siyah-regular-astarli-dokuma-blazer-ceket-twoaw24bc00014-p-727892480/yorumlar,Regular,Siyah,Dokuma,Regular,Business,Düz,Ceket Yaka,Uzun,Standart Kol,Finike,Smart/Office,Astarlı,"95% Polyester, 5% Elastan",,,,,,,Hayır,Tüm Yaş Grupları,Ek Özellik Mevcut Değil,,,,,,,
114,386004374,65816,4.5,,/trendyolmilla/siyah-cep-detayli-oversize-denim-ceket-twoss23ce00021-p-386004374/yorumlar,Oversize,Siyah,Denim,Uzun,Casual/Günlük,Düz,Ceket Yaka,Uzun,Standart Kol,Rigid,Cool & Comfort,,100% Pamuk,,Oversize,Cep,,Düğmeli,Basic,Hayır,Tüm Yaş Grupları,Ek Özellik Mevcut Değil,Düz,Tekli,%100 Pamuk,,Günlük,,
115,705187573,19926,4.4,,/trendyolmilla/saks-regular-astarli-kruvaze-kapama-dokuma-blazer-ceket-twoss21ce0137-p-705187573/yorumlar,Regular,Lacivert,Dokuma,Regular,Business,Düz,Ceket Yaka,Uzun,Standart Kol,Finike,Smart,Astarsız,"95% Polyester, ,5% Elastan",,,,,,Kruvaze,Hayır,Tüm Yaş Grupları,,,,,,,,
116,773140957,19355,4.4,,/trendyolmilla/pembe-regular-astarli-kruvaze-kapama-dokuma-blazer-ceket-twoaw21ce0264-p-773140957/yorumlar,Regular,Pembe,Dokuma,Regular,Casual/Günlük,Düz,Ceket Yaka,Uzun,Standart Kol,Finike,Smart,Astarlı,"95% Polyester, ,5% Elastan",,,,,,Blazer,Hayır,Tüm Yaş Grupları,,,,,,,,
117,379118079,36386,4.4,,/trendyolmilla/lacivert-oversize-astarli-dokuma-blazer-ceket-twoss22ce0077-p-379118079/yorumlar,Oversize,Lacivert,Dokuma,Regular,Casual/Günlük,Düz,Ceket Yaka,Uzun,Standart Kol,Finike,Cool & Comfort,Astarlı,"86% Polyester, ,14% Elastan",,,,,,Kruvaze,Hayır,Tüm Yaş Grupları,,,Tekli,Polyester,,,,
118,807856843,6957,5.0,,/trendyol-modest/acik-kahverengi-cift-dugme-detayli-cepli-astarli-blazer-dokuma-ceket-tctss22ce0250-p-807856843/yorumlar,Regular,Lacivert,Dokuma,Uzun,Business,Düz,Ceket Yaka,Uzun,Standart Kol,Finike,Office,Astarlı,100% Polyester,Çift Kapaklı,,Cep,Tesettür Giyim,Düğmeli,Kruvaze,Hayır,Tüm Yaş Grupları,,,,Polyester,,,,
119,341077439,54816,4.4,,/trendyolmilla/fusya-regular-astarli-kruvaze-kapama-dokuma-blazer-ceket-twoss20ce0059-p-341077439/yorumlar,Regular,Pembe,Dokuma,Regular,Business,Düz,Ceket Yaka,Uzun,Standart Kol,Finike,Smart,Astarlı,"86% Polyester, ,14% Elastan",,,,,,,,,,,,,,,,
120,655840072,55773,4.5,,/trendyolmilla/siyah-oversize-denim-ceket-twoss23ce00073-p-655840072/yorumlar,Oversize,Siyah,Dokuma,Regular,Casual/Günlük,Düz,Bisiklet Yaka,Uzun,Düşük Kol,Rigid,Fashion Forward,,100% Pamuk,,Oversize,,,,Basic,Hayır,Tüm Yaş Grupları,Ek Özellik Mevcut Değil,Düz,Tekli,Pamuklu,,,,
121,195050239,152528,4.3,,/trendyolmilla/tas-regular-astarli-dokuma-blazer-ceket-twoss21ce0137-p-195050239/yorumlar,Regular,Gri,Dokuma,Regular,Business,Düz,Ceket Yaka,Uzun,Standart Kol,Finike,Smart,Astarsız,"95% Polyester, ,5% Elastan",,,,,,Kruvaze,Hayır,Tüm Yaş Grupları,,,,,,,,
122,833250272,,,,,Oversize,Mavi,Denim,Standart,Casual/Günlük,Düz,Ceket Yaka,Uzun,Standart Kol,Rigid,Fashion Forward,,100% Pamuk,,,,,,Basic,,,,,,,,,,
123,704346450,14091,4.4,,/trendyolmilla/gri-crop-astarli-dokuma-blazer-ceket-twoaw22ce0086-p-704346450/yorumlar,Regular,Gri,Dokuma,Crop,Casual/Günlük,Düz,Ceket Yaka,Uzun,Standart Kol,Finike,Fashion Forward,Astarlı,"88% Polyester, ,12% Elastan",,,,,,Crop,Hayır,Tüm Yaş Grupları,,,,,Kemersiz,,,
124,787834367,8515,3.6,,/trendyolmilla/lacivert-cep-detayli-crop-dokuma-blazer-ceket-twoss24bc00035-p-787834367/yorumlar,Regular,Lacivert,Dokuma,Crop,Casual/Günlük,Düz,Ceket Yaka,Uzun,Standart Kol,Paraşüt,Fashion Forward,,100% Polyester,,,,,,Crop,Hayır,Tüm Yaş Grupları,,,,Polyester,,,,
125,790413581,,,,,Oversize,Bej,Örme,Crop,Casual/Günlük,Düz,Dik Yaka,Uzun,Standart Kol,Silky İnterlok,Fashion Forward,Astarsız,100% Polyester,,,Dokuma Garnili,,,Basic,Hayır,,Ek Özellik Mevcut Değil,,,,,,,
126,773574064,9889,4.5,,/trendyolmilla/acik-kahverengi-regular-astarli-kruvaze-kapama-dokuma-blazer-ceket-twoss21ce0137-p-773574064/yorumlar,Regular,Lacivert,Dokuma,Regular,Business,Düz,Ceket Yaka,Uzun,Standart Kol,Finike,Smart,Astarsız,"95% Polyester, ,5% Elastan",,,,,,Kruvaze,Hayır,Tüm Yaş Grupları,,,,,,,,
127,743273233,15903,4.7,,/trendyolmilla/koyu-mor-regular-astar-detayli-dokuma-blazer-ceket-twoaw20ce0316-p-743273233/yorumlar,Regular,Mor,Dokuma,Regular,Business,Düz,Ceket Yaka,Uzun,Standart Kol,Finike,Smart/Office,Astarlı,"86% Polyester, ,14% Elastan",,,,,,,,,,,,,,,,
128,815745253,3813,4.0,,/trendyolmilla/bej-100-keten-ceket-twoss24ce00048-p-815745253/yorumlar,Oversize,Bej,Denim,Standart,Casual/Günlük,Düz,Ceket Yaka,Uzun,Standart Kol,Rigid,Fashion Forward,,100% Keten,,Oversize,,,,Basic,Hayır,Tüm Yaş Grupları,,Düz,,Denim,,,,
129,774623861,7347,4.7,,/trendyolmilla/mint-kruvaze-kapama-dokuma-astarli-suni-deri-blazer-ceket-twoaw21ce0156-p-774623861/yorumlar,Regular,Yeşil,Dokuma,Regular,Casual/Günlük,Düz,Ceket Yaka,Uzun,Standart Kol,Suni Deri,Smart,Astarsız,100% Poliüretan,,,Suni Deri,,,Kruvaze,Hayır,Tüm Yaş Grupları,Ek Özellik Mevcut Değil,,Tekli,Poliüretan,,,,
130,140533743,57254,4.2,,/trendyolmilla/bej-regular-astarli-kruvaze-kapama-dokuma-blazer-ceket-twoaw21ce0264-p-140533743/yorumlar,Regular,Bej,Dokuma,Regular,Casual/Günlük,Düz,Ceket Yaka,Uzun,Standart Kol,Finike,Smart,Astarlı,"95% Polyester, ,5% Elastan",,,,,,Blazer,Hayır,Tüm Yaş Grupları,,,,,,,,
131,141683647,32374,4.3,,/trendyolmilla/kahverengi-regular-astarli-dugmeli-dokuma-ceket-twoaw22ce0622-p-141683647/yorumlar,Regular,Kahverengi,Dokuma,Regular,Business,Balık sırtı,Ceket Yaka,Uzun,Standart Kol,Kaşe,Smart/Office,,"91% Akrilik, ,9% Yün",,,,,,Regular,Hayır,Tüm Yaş Grupları,,,,,,,,
132,42725350,100268,4.2,,/trendyolmilla/gri-oversize-astarli-kruvaze-kapama-dokuma-blazer-ceket-twoaw20ce0130-p-42725350/yorumlar,Oversize,Gri,Dokuma,Regular,Business,Düz,Kruvaze,Uzun,Standart Kol,Finike,Smart,Astarlı,"86% Polyester, ,14% Elastan",,,,,,Oversize,Hayır,Tüm Yaş Grupları,,,,Dokuma,,,,
133,786953708,8976,4.2,,/trendyolmilla/beyaz-oversize-denim-ceket-twoss24ce00033-p-786953708/yorumlar,Oversize,Beyaz,Denim,Standart,Casual/Günlük,Düz,Ceket Yaka,Uzun,Standart Kol,Rigid,Cool & Comfort,,100% Pamuk,,Oversize,,,,Basic,Hayır,Tüm Yaş Grupları,,Düz,Tekli,Pamuklu,,,,
134,774489164,11191,4.5,,/trendyolmilla/mavi-regular-astarli-dokuma-blazer-ceket-twoss22ce0104-p-774489164/yorumlar,Regular,Mavi,Dokuma,Regular,Business,Düz,Ceket Yaka,Uzun,Standart Kol,Finike,Smart/Office,Astarlı,"86% Polyester, ,14% Elastan",,,,,,Blazer,Hayır,Tüm Yaş Grupları,,,,,,,,
135,738091158,16265,4.9,,/trendyolmilla/gri-premium-yun-gorunumlu-regular-astarli-dokuma-ekose-blazer-ceket-twoaw24bc00048-p-738091158/yorumlar,Regular,Gri,Dokuma,Regular,Casual/Günlük,Ekose / Kareli,Ceket Yaka,Uzun,Standart Kol,Kaşe,Cool & Comfort,Astarlı,"46% Polyester, ,3% Poliamid, ,29% Pamuk, ,12% Viskoz, ,10% Akrilik",,,,,,,Hayır,,Ek Özellik Mevcut Değil,,,,,,,
136,48348188,30961,4.6,,/trendyolmilla/haki-cep-detayli-dugmeli-dokuma-ceket-twoaw21ce0020-p-48348188/yorumlar,Regular,Haki,Dokuma,Regular,Casual/Günlük,Düz,Gömlek Yaka,Uzun,Standart Kol,Kaşe,Young,Astarsız,"48% Polyester, ,9% Viskoz, ,43% Pamuk",Çift cepli,Oversize,,,Düğmeli,Biker,,,,Düz,,,,,Göğüs Cebi,Kalın
137,773660419,11227,4.3,,/trendyolmilla/ekru-regular-crop-cizgili-dokuma-blazer-ceket-twoss23bc00029-p-773660419/yorumlar,Regular,Ekru,Dokuma,Crop,Business,Çizgili,Ceket Yaka,Uzun,Standart Kol,Krep,Smart,Astarlı,"95% Polyester, ,5% Elastan",,,,,,Crop,Hayır,Tüm Yaş Grupları,,,,Polyester,,,,
138,786969267,3024,4.9,,/trendyolmilla/siyah-volanli-fitted-denim-ceket-twoss24ce00039-p-786969267/yorumlar,Fitted,Siyah,Denim,Regular,Casual/Günlük,Düz,Gömlek Yaka,Uzun,Standart Kol,Comfort,Cool & Comfort,,"99% Pamuk, 1% Elastan",,,,,,Basic,Hayır,Tüm Yaş Grupları,,Düz,Tekli,Denim,,,,
139,43534644,118762,4.4,,/trendyolmilla/camel-regular-astar-detayli-dokuma-blazer-ceket-twoaw20ce0316-p-43534644/yorumlar,Regular,Kahverengi,Dokuma,Regular,Business,Düz,Ceket Yaka,Uzun,Standart Kol,Finike,Smart/Office,Astarlı,"86% Polyester, ,14% Elastan",,,,,,,,,,,,,,,,
140,782194057,12652,4.7,,/trendyolmilla/siyah-dokuma-aksesuar-detayli-regular-blazer-ceket-twoss24bc00012-p-782194057/yorumlar,Regular,Siyah,Dokuma,Regular,Business,Düz,Ceket Yaka,Uzun,Standart Kol,Finike,Smart/Office,,"86% Polyester, ,14% Elastan",,,,,,,Hayır,Tüm Yaş Grupları,,,,,,,,
141,774489166,13342,4.3,,/trendyolmilla/vizon-regular-astarli-dokuma-blazer-ceket-twoss22ce0104-p-774489166/yorumlar,Regular,Gri,Dokuma,Regular,Business,Düz,Ceket Yaka,Uzun,Standart Kol,Finike,Smart/Office,Astarlı,"86% Polyester, ,14% Elastan",,,,,,Blazer,Hayır,Tüm Yaş Grupları,,,,,,,,
142,781034479,25626,4.5,,/trendyolmilla/bej-cizgili-kruvaze-kapama-pamuk-keten-dokuma-blazer-ceket-twoss24bc00016-p-781034479/yorumlar,Oversize,Bej,Dokuma,Regular,Casual/Günlük,Çizgili,Ceket Yaka,Uzun,Standart Kol,Keten görünümlü,Cool & Comfort,,"51% Polyester, 44% Pamuk, 3% Viskoz, 2% Poliamid",,,,,,Oversize,Hayır,Tüm Yaş Grupları,,,,,,,,
143,774534736,14651,4.2,,/trendyolmilla/acik-mor-regular-astarli-kruvaze-kapama-dokuma-blazer-ceket-twoss20ce0059-p-774534736/yorumlar,Regular,Lacivert,Dokuma,Regular,Business,Düz,Ceket Yaka,Uzun,Standart Kol,Finike,Smart,Astarlı,"86% Polyester, ,14% Elastan",,,,,,,,,,,,,,,,
144,151875079,20867,4.3,,/trendyolmilla/yesil-regular-astarli-kruvaze-kapama-dokuma-blazer-ceket-twoss20ce0059-p-151875079/yorumlar,Regular,Yeşil,Dokuma,Regular,Business,Düz,Ceket Yaka,Uzun,Standart Kol,Finike,Smart,Astarlı,"86% Polyester, ,14% Elastan",,,,,,,,,,,,,,,,
145,830481977,,,,,Regular,Kahverengi,Dokuma,Regular,Casual/Günlük,Düz,Ceket Yaka,Uzun,Standart Kol,Finike,Smart,Astarlı,"95% Polyester, ,5% Elastan",,,,,,Blazer,Hayır,Tüm Yaş Grupları,,,,,,,,
146,744775821,36165,4.7,,/trendyolmilla/lacivert-limited-edition-fitted-dokuma-ceket-twoaw24ce00123-p-744775821/yorumlar,Fitted,Lacivert,Dokuma,Crop,Şık / gece,Düz,Ceket Yaka,Uzun,Standart Kol,Kaşe,Fashion Forward,,"52% Polyester, ,9% Viskoz, ,39% Pamuk",,,,,,Biker,,,,,,,,,,
147,743273109,6544,4.4,,/trendyolmilla/acik-haki-regular-astar-detayli-dokuma-blazer-ceket-twoaw20ce0316-p-743273109/yorumlar,Regular,Lacivert,Dokuma,Regular,Business,Düz,Ceket Yaka,Uzun,Standart Kol,Finike,Smart/Office,Astarlı,"86% Polyester, ,14% Elastan",,,,,,,,,,,,,,,,
148,383953754,24595,4.3,,/trendyolmilla/gri-oversize-astarli-dokuma-blazer-ceket-twoss23bc00067-p-383953754/yorumlar,Oversize,Gri,Dokuma,Uzun,Business,Düz,Ceket Yaka,Uzun,Standart Kol,Finike,Smart,Astarlı,"86% Polyester, ,14% Elastan",,,,,,,,,,,,,,,,
149,283925512,26387,4.6,,/trendyolmilla/siyah-crop-astarli-dokuma-blazer-ceket-twoaw23ce00051-p-283925512/yorumlar,Regular,Siyah,Dokuma,Crop,Business,Düz,Ceket Yaka,Uzun,Standart Kol,Finike,Fashion Forward,Astarlı,"86% Polyester, ,14% Elastan",,,,,,Crop,Hayır,Tüm Yaş Grupları,Ek Özellik Mevcut Değil,,Tekli,Polyester,Kemersiz,,,
150,786973651,6533,4.2,,/trendyolmilla/koyu-mavi-fermuar-detayli-biker-denim-ceket-twoss24ce00038-p-786973651/yorumlar,Regular,Lacivert,Denim,Standart,Casual/Günlük,Düz,Gömlek Yaka,Uzun,Reglan Kol,Rigid,Fashion Forward,,100% Pamuk,,Biker,Fermuar,,,Biker,Hayır,Tüm Yaş Grupları,,Düz,Tekli,Pamuklu,,,,
151,85767270,113931,4.2,,/trendyolmilla/bej-regular-astarli-kruvaze-kapama-dokuma-blazer-ceket-twoss21ce0107-p-85767270/yorumlar,Regular,Bej,Dokuma,Regular,Business,Düz,Ceket Yaka,Uzun,Standart Kol,Finike,Smart,Astarlı,"95% Polyester, ,5% Elastan",,,,,,Kruvaze,Hayır,Tüm Yaş Grupları,,,,Polyester,,,,
152,371774799,24899,4.6,,/trendyolmilla/acik-kahverengi-regular-astarli-kruvaze-kapama-dugme-detayli-dokuma-blazer-ceket-twoaw21ce0264-p-371774799/yorumlar,Regular,Lacivert,Dokuma,Regular,Casual/Günlük,Düz,Ceket Yaka,Uzun,Standart Kol,Finike,Smart,Astarlı,"95% Polyester, ,5% Elastan",,,,,,Blazer,Hayır,Tüm Yaş Grupları,,,,,,,,
153,730837878,9730,4.4,,/trendyolmilla/yesil-tuvit-regular-dokuma-ceket-twoaw24ce00022-p-730837878/yorumlar,Regular,Yeşil,Dokuma,Regular,Casual/Günlük,Düz,Bisiklet Yaka,Uzun,Standart Kol,Tüvit,Smart,,"43% Polyester, ,8% Viskoz, ,34% Pamuk, ,15% Akrilik",,,,,,Basic,Hayır,Tüm Yaş Grupları,Ek Özellik Mevcut Değil,Düz,Tekli,,,,,
154,774506596,11435,4.5,,/trendyolmilla/koyu-bej-regular-astar-detayli-dokuma-blazer-ceket-twoaw20ce0316-p-774506596/yorumlar,Regular,Bej,Dokuma,Regular,Business,Düz,Ceket Yaka,Uzun,Standart Kol,Finike,Smart/Office,Astarlı,"86% Polyester, ,14% Elastan",,,,,,,,,,,,,,,,
155,738395083,7798,4.6,,/trendyolmilla/antrasit-premium-regular-astarli-dokuma-blazer-ceket-twoaw24bc00052-p-738395083/yorumlar,Regular,Gri,Dokuma,Regular,Şık / gece,Düz,Ceket Yaka,Uzun,Standart Kol,Poliviskon,Fashion Forward,Astarlı,"64% Polyester, ,4% Elastan, ,32% Viskoz",,,,,,,Hayır,Tüm Yaş Grupları,Ek Özellik Mevcut Değil,,,,,,,
156,741799973,8259,4.4,,/trendyolmilla/haki-oversize-astarli-dokuma-blazer-ceket-twoaw24bc00070-p-741799973/yorumlar,Regular,Haki,Dokuma,Regular,Business,Düz,Ceket Yaka,Uzun,Standart Kol,Finike,Smart/Office,,"86% Polyester, ,14% Elastan",,,,,,,,,,,,,,,,
157,455990398,59336,4.7,,/trendyolmilla/siyah-astarli-pariltili-payet-ceket-tprss23ce00017-p-455990398/yorumlar,Regular,Siyah,Örme,Regular,Şık / gece,Düz,Ceket Yaka,Uzun,Standart Kol,Payet,Feminine,Astarlı,"95% Polyester, ,5% Elastan",,,Püskül,Basic,,Basic,Hayır,Tüm Yaş Grupları,,Düz,Tekli,Polyester Karışımlı,,Günlük,,
158,131070430,48655,4.2,,/trendyolmilla/siyah-regular-astarli-dugmeli-dokuma-blazer-ceket-twoaw22ce0046-p-131070430/yorumlar,Regular,Siyah,Dokuma,Regular,Casual/Günlük,Düz,Ceket Yaka,Uzun,Standart Kol,Finike,Office,Astarlı,"95% Polyester, ,5% Elastan",,,,,,Blazer,Hayır,Tüm Yaş Grupları,,,,Polyester,,,,
159,186441842,59014,4.5,,/trendyolmilla/siyah-dugmeli-ekose-dokuma-blazer-ceket-twoss22ce0088-p-186441842/yorumlar,Regular,Siyah,Dokuma,Regular,Business,Ekose / Kareli,Ceket Yaka,Uzun,Standart Kol,Tüvit,Smart/Office,,"34% Polyester, ,5% Yün, ,5% Poliamid, ,24% Viskoz, ,20% Akrilik, ,12% Pamuk",,,,,,Blazer,Hayır,Tüm Yaş Grupları,,,,,,,,
160,379068011,27396,4.7,,/trendyolmilla/yesil-regular-astar-detayli-dokuma-blazer-ceket-twoaw20ce0316-p-379068011/yorumlar,Regular,Yeşil,Dokuma,Regular,Business,Düz,Ceket Yaka,Uzun,Standart Kol,Finike,Smart/Office,Astarlı,"86% Polyester, ,14% Elastan",,,,,,,,,,,,,,,,
161,737458427,13950,4.5,,/trendyolmilla/kahverengi-premium-kalite-regular-normal-kalip-astarli-kase-kumas-dokuma-blazer-ceket-twoaw24bc00039-p-737458427/yorumlar,Regular,Kahverengi,Dokuma,Uzun,Casual/Günlük,Ekose / Kareli,Ceket Yaka,Uzun,Standart Kol,Kaşe,Fashion Forward,Astarlı,"45% Pamuk, 44% Polyester, 11% Viskoz",,,,,,,Hayır,Tüm Yaş Grupları,Ek Özellik Mevcut Değil,,,,,,,
162,774667593,7213,4.6,,/trendyolmilla/acik-mavi-trucker-oversize-denim-ceket-twoss24ce00004-p-774667593/yorumlar,Oversize,Mavi,Denim,Regular,Casual/Günlük,Düz,Ceket Yaka,Uzun,Standart Kol,Rigid,Cool & Comfort,,100% Pamuk,,Trucker,,,,Basic,Hayır,Tüm Yaş Grupları,,Düz,Tekli,Pamuklu,,,,
163,704823181,16034,4.2,,/trendyolmilla/koyu-gri-regular-astarli-kruvaze-kapama-dokuma-blazer-ceket-twoaw21ce0264-p-704823181/yorumlar,Regular,Gri,Dokuma,Regular,Casual/Günlük,Düz,Ceket Yaka,Uzun,Standart Kol,Finike,Smart,Astarlı,"95% Polyester, ,5% Elastan",,,,,,Blazer,Hayır,Tüm Yaş Grupları,,,,,,,,
164,316423427,73630,4.7,,/trendyolmilla/siyah-crop-dokuma-astarli-kruvaze-kapama-blazer-ceket-twoaw23bc00100-p-316423427/yorumlar,Regular,Siyah,Dokuma,Regular,Casual/Günlük,Düz,Ceket Yaka,Uzun,Standart Kol,Finike,Smart,Astarlı,"85% Polyester, ,15% Elastan",,,,,,,,,,,,,,,,
165,785786209,12544,4.6,,/trendyolmilla/acik-mavi-oversize-puskul-detayli-denim-ceket-twoss24ce00021-p-785786209/yorumlar,Oversize,Mavi,Denim,Standart,Casual/Günlük,Düz,Dik Yaka,Uzun,Standart Kol,Rigid,Fashion Forward,,100% Pamuk,,Oversize,,,,Basic,Hayır,Tüm Yaş Grupları,,Düz,Tekli,Pamuklu,,,,
166,785185670,17273,4.6,,/trendyolmilla/koyu-mavi-more-sustainable-bomber-denim-ceket-twoss24ce00028-p-785185670/yorumlar,Oversize,Mavi,Denim,Standart,Casual/Günlük,Düz,Ceket Yaka,Uzun,Standart Kol,Rigid,Cool & Comfort,,100% Pamuk,,Bomber,,Care,,Bomber,Hayır,Tüm Yaş Grupları,,Düz,Tekli,Pamuklu,,,,
167,773284665,7478,4.3,,/trendyolmilla/gul-kurusu-oversize-astarli-dugmeli-dokuma-blazer-ceket-twoaw22ce0167-p-773284665/yorumlar,Regular,Pembe,Dokuma,Regular,Business,Düz,Ceket Yaka,Uzun,Standart Kol,Finike,Smart,Astarlı,"95% Polyester, ,5% Elastan",,,,,,,Hayır,Tüm Yaş Grupları,,,,Dokuma,,,,
168,771901205,16627,3.6,,/trendyolmilla/beyaz-oversize-astarli-dokuma-blazer-ceket-twoss22ce0077-p-771901205/yorumlar,Oversize,Beyaz,Dokuma,Regular,Casual/Günlük,Düz,Ceket Yaka,Uzun,Standart Kol,Finike,Cool & Comfort,Astarlı,"86% Polyester, ,14% Elastan",,,,,,Kruvaze,Hayır,Tüm Yaş Grupları,,,Tekli,Polyester,,,,
169,736127372,16515,4.1,,/trendyolmilla/gri-premium-regular-astarli-dokuma-blazer-ceket-twoaw24bc00033-p-736127372/yorumlar,Regular,Gri,Dokuma,Uzun,Business,Düz,Ceket Yaka,Uzun,Standart Kol,Poliviskon,Smart/Office,Astarlı,"62% Polyester, ,5% Elastan, ,33% Viskoz",,,,,,,Hayır,Tüm Yaş Grupları,Ek Özellik Mevcut Değil,,,,,,,
170,705187567,14415,4.2,,/trendyolmilla/fistik-yesil-regular-astarli-kruvaze-kapama-dokuma-blazer-ceket-twoss21ce0137-p-705187567/yorumlar,Regular,Yeşil,Dokuma,Regular,Business,Düz,Ceket Yaka,Uzun,Standart Kol,Finike,Smart,Astarsız,"95% Polyester, ,5% Elastan",,,,,,Kruvaze,Hayır,Tüm Yaş Grupları,,,,,,,,
171,716197023,28460,4.5,,/trendyolmilla/siyah-cep-detayli-oversize-denim-ceket-twoss21ce0289-p-716197023/yorumlar,Regular,Siyah,Denim,Regular,Casual/Günlük,Düz,Gömlek Yaka,Uzun,Standart Kol,Rigid,Cool & Comfort,,100% Pamuk,,Oversize,Nervürlü,Basic,,Basic,Hayır,Tüm Yaş Grupları,Ek Özellik Mevcut Değil,Düz,Tekli,%100 Pamuk,,Günlük,,
172,830484200,124,,,,Oversize,Kahverengi,Dokuma,Regular,Business,Düz,Kruvaze,Uzun,Standart Kol,Finike,Smart,Astarlı,"86% Polyester, ,14% Elastan",,,,,,Oversize,Hayır,Tüm Yaş Grupları,,,,Dokuma,,,,
173,379128253,28935,4.4,,/trendyolmilla/acik-kahverengi-regular-astarli-dokuma-blazer-ceket-twoss21ce0029-p-379128253/yorumlar,Regular,Lacivert,Dokuma,Regular,Business,Düz,Ceket Yaka,Uzun,Standart Kol,Finike,Office,Astarlı,"85% Polyester, ,15% Elastan",,,,,,Kruvaze,Hayır,Tüm Yaş Grupları,,,,Polyester,,,,
174,194985460,40435,4.6,,/trendyolmilla/indigo-regular-baglamali-dokuma-blazer-ceket-twoss22ce0175-p-194985460/yorumlar,Regular,Lacivert,Dokuma,Regular,Business,Düz,Ceket Yaka,Uzun,Standart Kol,Finike,Smart,Astarsız,"95% Polyester, ,5% Elastan",,,,,,Blazer,Hayır,Tüm Yaş Grupları,,,Tekli,,,,,
175,787835035,5199,4.8,,/trendyolmilla/ekru-premium-kalite-ederli-crop-dokuma-blazer-ceket-twoss24bc00036-p-787835035/yorumlar,Regular,Beyaz,Dokuma,Crop,Casual/Günlük,Düz,Ceket Yaka,Uzun,Standart Kol,Finike,Smart,,"87% Polyester, 13% Elastan",,,,,,Crop,Hayır,Tüm Yaş Grupları,,,,,,,,
176,744595130,12077,4.3,,/trendyolmilla/fusya-limited-edition-regular-dokuma-ceket-twoaw24ce00121-p-744595130/yorumlar,Regular,Pembe,Dokuma,Crop,Şık / gece,Düz,Gömlek Yaka,Uzun,Standart Kol,Tüvit,Fashion Forward,,"38% Akrilik, ,8% Poliamid, ,6% Viskoz, ,35% Polyester, ,13% Pamuk",,,,,,Biker,,,,,,,,,,
177,782234121,7639,4.6,,/trendyolmilla/gri-poliviskon-cizgili-crop-premium-dokuma-blazer-ceket-twoss24bc00025-p-782234121/yorumlar,Fitted,Gri,Dokuma,Crop,Casual/Günlük,Düz,Ceket Yaka,Uzun,Standart Kol,Poliviskon,Cool & Comfort,,"62% Polyester, 32% Viskoz, 6% Elastan",,,,,,Fitted,Hayır,Tüm Yaş Grupları,,,,,,,,
178,708475373,9470,4.4,,/trendyolmilla/zumrut-yesili-oversize-astarli-kruvaze-kapama-dokuma-blazer-ceket-twoss20ce0024-p-708475373/yorumlar,Oversize,Yeşil,Dokuma,Uzun,Business,Düz,Ceket Yaka,Uzun,Standart Kol,Krep,Smart,Astarlı,100% Polyester,,,,,,Oversize,Hayır,Tüm Yaş Grupları,,,,Polyester,,,,
179,833252795,876,,,,Regular,Siyah,Denim,Standart,Casual/Günlük,Düz,Ceket Yaka,Uzun,Standart Kol,Rigid,Cool & Comfort,,100% Pamuk,,,,,,Basic,,,,,,,,,,
180,782292710,5329,4.2,,/trendyolmilla/camel-kisa-kollu-dokuma-keten-gorunumlu-blazer-ceket-twoss24bc00023-p-782292710/yorumlar,Oversize,Kahverengi,Dokuma,Crop,Casual/Günlük,Düz,Ceket Yaka,Kısa,Standart Kol,Keten görünümlü,Cool & Comfort,,"82% Viskoz, ,18% Poliamid",,,,,,Crop,Hayır,Tüm Yaş Grupları,,,,,,,,
181,782292748,6382,4.6,,/trendyolmilla/haki-dokuma-kisa-kollu-keten-gorunumlu-blazer-ceket-twoss24bc00023-p-782292748/yorumlar,Oversize,Haki,Dokuma,Crop,Casual/Günlük,Düz,Ceket Yaka,Kısa,Standart Kol,Keten görünümlü,Cool & Comfort,,"82% Viskoz, ,18% Poliamid",,,,,,Crop,Hayır,Tüm Yaş Grupları,,,,,,,,
182,775714575,3618,4.4,,/trendyolmilla/acik-mavi-beli-lastikli-gold-dugme-detayli-oversize-uzun-denim-ceket-twoss24ce00013-p-775714575/yorumlar,Oversize,Mavi,Denim,Regular,Casual/Günlük,Düz,Klasik Yaka,Uzun,Standart Kol,Rigid,Fashion Forward,,100% Pamuk,,Oversize,Düğme,,,Denim,Hayır,Tüm Yaş Grupları,,Düz,Tekli,Pamuklu,,,,
183,443804230,8925,4.5,,/trendyolmilla/siyah-regular-astarli-dokuma-blazer-ceket-twoss23bc00113-p-443804230/yorumlar,Regular,Siyah,Dokuma,Regular,Business,Düz,Ceket Yaka,Uzun,Standart Kol,Finike,Smart,Astarlı,"87% Polyester, ,13% Elastan",,,,,,,Hayır,Tüm Yaş Grupları,,,Tekli,Polyester,,,,
184,792804373,9784,4.2,,/trendyolmilla/beyaz-renk-bloklu-kemerli-oversize-denim-ceket-twoss21ce0186-p-792804373/yorumlar,Regular,Beyaz,Denim,Regular,Casual/Günlük,Renk Bloklu,Gömlek Yaka,Uzun,Standart Kol,Rigid,Cool & Comfort,,100% Pamuk,,,Kemerli,,,Basic,Hayır,Tüm Yaş Grupları,,Düz,,,,,,
185,744597080,34840,4.3,,/trendyolmilla/ekru-limited-edition-crop-dokuma-ceket-twoaw24ce00122-p-744597080/yorumlar,Fitted,Ekru,Dokuma,Crop,Şık / gece,Düz,Bisiklet Yaka,Uzun,Standart Kol,Tüvit,Fashion Forward,,"38% Akrilik, ,8% Poliamid, ,6% Viskoz, ,35% Polyester, ,13% Pamuk",,,,,,Biker,,,,,,,,,,
186,797927282,3702,3.3,,/trendyolmilla/siyah-keten-gorunumlu-astarsiz-ceket-twoss24ce00045-p-797927282/yorumlar,Regular,Siyah,Dokuma,Regular,Casual/Günlük,Düz,Ceket Yaka,Uzun,Standart Kol,Keten karışımlı,Cool & Comfort,,"71% Polyester, ,8% Pamuk, ,7% Viskoz, ,5% Yün, ,5% Akrilik, ,4% Poliamid",,,,,,Basic,Hayır,Tüm Yaş Grupları,,Düz,Tekli,,,,,
187,830475994,,,,,Regular,Kahverengi,Dokuma,Regular,Casual/Günlük,Düz,Ceket Yaka,Uzun,Standart Kol,Finike,Office,Astarlı,"95% Polyester, ,5% Elastan",,,,,,Blazer,Hayır,Tüm Yaş Grupları,,,,Polyester,,,,
188,823655805,5735,3.3,,/edit-by-trendyol/siyah-dokuma-blazer-ceket-tedss24bc00000-p-823655805/yorumlar,Regular,Siyah,Dokuma,Regular,Casual/Günlük,Düz,Ceket Yaka,Uzun,Standart Kol,Finike,Fashion Forward,,"95% Polyester, ,5% Elastan",,,,,,,,,,,,,,,,
189,785884830,3257,4.4,,/trendyol-modest/siyah-regular-dugmeli-kusak-detayli-finike-dokuma-ceket-tctss24ck00003-p-785884830/yorumlar,Regular,Siyah,Dokuma,Regular,Casual/Günlük,Düz,Ceket Yaka,Uzun,Standart Kol,Finike,Fashion Forward,,"95% Polyester, 5% Elastan",,,Düğme,,,Kruvaze,Hayır,Tüm Yaş Grupları,,,,,,,,
190,359465857,14381,4.6,,/trendyolmilla/turuncu-crop-astarli-dokuma-blazer-ceket-twoaw22ce0086-p-359465857/yorumlar,Regular,Turuncu,Dokuma,Crop,Casual/Günlük,Düz,Ceket Yaka,Uzun,Standart Kol,Finike,Fashion Forward,Astarlı,"88% Polyester, ,12% Elastan",,,,,,Crop,Hayır,Tüm Yaş Grupları,,,,,Kemersiz,,,
191,828805114,375,,,,Regular,Kahverengi,Dokuma,Crop,Business,Çizgili,Ceket Yaka,Uzun,Standart Kol,Krep,Smart,Astarlı,"95% Polyester, ,5% Elastan",,,,,,Crop,Hayır,Tüm Yaş Grupları,,,,Polyester,,,,
192,774533098,3640,4.4,,/trendyolmilla/acik-turuncu-regular-astarli-dokuma-kruvaze-kapama-blazer-ceket-twoss20ce0059-p-774533098/yorumlar,Regular,Lacivert,Dokuma,Regular,Business,Düz,Ceket Yaka,Uzun,Standart Kol,Finike,Smart,Astarlı,"86% Polyester, ,14% Elastan",,,,,,,,,,,,,,,,
193,708182106,12853,4.4,,/trendyolmilla/tas-regular-astarli-dokuma-blazer-ceket-twoaw21ce0320-p-708182106/yorumlar,Regular,Gri,Dokuma,Regular,Business,Düz,Ceket Yaka,Uzun,Standart Kol,Finike,Smart,Astarlı,"86% Polyester, ,14% Elastan",,,,,,Kruvaze,Hayır,Tüm Yaş Grupları,Ek Özellik Mevcut Değil,,,Polyester,,,,
194,744585644,22692,4.8,,/trendyolmilla/gri-limited-edition-crop-dokuma-blazer-ceket-twoaw24bc00090-p-744585644/yorumlar,Fitted,Gri,Dokuma,Crop,Şık / gece,Düz,Ceket Yaka,Uzun,Standart Kol,Poliviskon,Fashion Forward,,"64% Polyester, ,4% Elastan, ,32% Viskoz",,,,,,Fitted,,Tüm Yaş Grupları,,,,,,,,
195,784562688,33364,4.5,,/trendyolmilla/vizon-cep-detayli-utility-crop-dokuma-ceket-twoss24ce00031-p-784562688/yorumlar,Regular,Bej,Dokuma,Crop,Casual/Günlük,Düz,Gömlek Yaka,Uzun,Standart Kol,Finike,Cool & Comfort,,"87% Polyester, ,13% Elastan",,,Cep,,,Basic,Hayır,Tüm Yaş Grupları,,Düz,,,,,,
196,304159818,18167,4.5,,/trendyolmilla/siyah-regular-astarli-dugmeli-dokuma-blazer-ceket-twoaw23bc00023-p-304159818/yorumlar,Regular,Siyah,Dokuma,Regular,Business,Düz,Ceket Yaka,Uzun,Standart Kol,Finike,Smart/Office,Astarlı,"85% Polyester, ,15% Elastan",,,,,,,,,,,,,,,,
197,705469653,11020,4.6,,/trendyolmilla/zumrut-yesili-tuvit-crop-dokuma-ceket-twoaw23ce00215-p-705469653/yorumlar,Regular,Yeşil,Dokuma,Crop,Şık / gece,Düz,Ceket Yaka,Uzun,Standart Kol,Tüvit,Fashion Forward,Astarsız,"43% Polyester, ,8% Viskoz, ,34% Pamuk, ,15% Akrilik",,,,,,Biker,Hayır,Tüm Yaş Grupları,,Düz,,,,,,
198,774509898,4109,4.5,,/trendyolmilla/mint-regular-astarli-dugmeli-dokuma-blazer-ceket-twoaw22ce0168-p-774509898/yorumlar,Regular,Yeşil,Dokuma,Regular,Business,Düz,Ceket Yaka,Uzun,Standart Kol,Finike,Smart,Astarlı,"86% Polyester, ,14% Elastan",,,,,,Blazer,Hayır,Tüm Yaş Grupları,,,,Polyester,,,,
199,144427789,35160,4.3,,/trendyolmilla/ekru-tuvit-oversize-dokuma-ekose-blazer-ceket-twoaw21ce0105-p-144427789/yorumlar,Oversize,Beyaz,Dokuma,Regular,Business,Çizgili,Ceket Yaka,Uzun,Standart Kol,Tüvit,Smart/Office,Astarlı,"69% Polyester, ,3% Akrilik, ,14% Viskoz, ,14% Pamuk",,,,,,,,,,,,,Kemersiz,,,
200,773140956,5820,4.8,,/trendyolmilla/mor-regular-astarli-kruvaze-kapama-dokuma-blazer-ceket-twoaw21ce0264-p-773140956/yorumlar,Regular,Mor,Dokuma,Regular,Casual/Günlük,Düz,Ceket Yaka,Uzun,Standart Kol,Finike,Smart,Astarlı,"95% Polyester, ,5% Elastan",,,,,,Blazer,Hayır,Tüm Yaş Grupları,,,,,,,,
201,738484910,20121,4.7,,/trendyolmilla/siyah-crop-dokuma-cizgili-blazer-ceket-twoaw24bc00055-p-738484910/yorumlar,Fitted,Siyah,Dokuma,Crop,Casual/Günlük,Çizgili,Ceket Yaka,Uzun,Standart Kol,Poliviskon,Cool & Comfort,,"65% Polyester, ,33% Viskoz, ,2% Elastan",,,,,,,Hayır,,Ek Özellik Mevcut Değil,,,,,,,
202,782054649,6019,4.1,,/trendyolmilla/tas-premium-dokuma-blazer-ceket-twoss24bc00011-p-782054649/yorumlar,Regular,Gri,Dokuma,Crop,Business,Çizgili,Ceket Yaka,Uzun,Standart Kol,Poliviskon,Smart/Office,,"63% Polyester, 35% Viskoz, 2% Elastan",,,,,,Crop,Hayır,Tüm Yaş Grupları,,,,,,,,
203,359466001,20550,4.5,,/trendyolmilla/yesil-crop-dokuma-astarli-blazer-ceket-twoaw22ce0086-p-359466001/yorumlar,Regular,Lacivert,Dokuma,Crop,Casual/Günlük,Düz,Ceket Yaka,Uzun,Standart Kol,Finike,Fashion Forward,Astarlı,"88% Polyester, ,12% Elastan",,,,,,Crop,Hayır,Tüm Yaş Grupları,,,,,Kemersiz,,,
204,833249951,342,,,,Oversize,Mavi,Denim,Standart,Casual/Günlük,Düz,Ceket Yaka,Uzun,Standart Kol,Rigid,Fashion Forward,,100% Pamuk,,,,,,Basic,,,,,,,,,,
205,304157943,16817,4.1,,/trendyolmilla/siyah-dokuma-astarli-kruvaze-kapama-blazer-ceket-twoaw23bc00022-p-304157943/yorumlar,Fitted,Siyah,Dokuma,Regular,Business,Düz,Ceket Yaka,Uzun,Standart Kol,Finike,Smart,Astarlı,"85% Polyester, ,15% Elastan",,,,,,Kruvaze,Hayır,Tüm Yaş Grupları,Ek Özellik Mevcut Değil,,Tekli,Finike,,,,
206,708138913,7707,4.5,,/trendyolmilla/mor-oversize-astarli-dokuma-blazer-ceket-twoaw20ce0130-p-708138913/yorumlar,Oversize,Mor,Dokuma,Regular,Business,Düz,Kruvaze,Uzun,Standart Kol,Finike,Smart,Astarlı,"86% Polyester, ,14% Elastan",,,,,,Oversize,Hayır,Tüm Yaş Grupları,,,,Dokuma,,,,
207,774478985,6070,4.6,,/trendyolmilla/acik-haki-oversize-astarli-kruvaze-kapama-dokuma-blazer-ceket-twoss20ce0024-p-774478985/yorumlar,Oversize,Yeşil,Dokuma,Uzun,Business,Düz,Ceket Yaka,Uzun,Standart Kol,Krep,Smart,Astarlı,100% Polyester,,,,,,Oversize,Hayır,Tüm Yaş Grupları,,,,Polyester,,,,
208,371774788,45957,4.6,,/trendyolmilla/petrol-regular-astarli-dugme-detayli-dokuma-blazer-ceket-twoaw21ce0264-p-371774788/yorumlar,Regular,Mavi,Dokuma,Regular,Casual/Günlük,Düz,Ceket Yaka,Uzun,Standart Kol,Finike,Smart,Astarlı,"95% Polyester, ,5% Elastan",,,,,,Blazer,Hayır,Tüm Yaş Grupları,,,,,,,,
209,379098629,22981,4.5,,/trendyolmilla/mor-regular-astarli-kruvaze-kapama-dokuma-blazer-ceket-twoss20ce0059-p-379098629/yorumlar,Regular,Mor,Dokuma,Regular,Business,Düz,Ceket Yaka,Uzun,Standart Kol,Finike,Smart,Astarlı,"86% Polyester, ,14% Elastan",,,,,,,,,,,,,,,,
210,142587305,49451,4.4,,/trendyolmilla/siyah-suni-deri-oversize-cep-detayli-dokuma-ceket-twoaw22ce0633-p-142587305/yorumlar,Oversize,Siyah,Dokuma,Regular,Casual/Günlük,Animal,Ceket Yaka,Uzun,Standart Kol,Suni Deri,Fashion Forward,Astarlı,100% Polyester,,Oversize,Cep,Basic,,Kruvaze,Hayır,Tüm Yaş Grupları,,Düz,Tekli,Polyester,,Günlük,,
211,788690097,24887,3.1,,/trendyolmilla/gri-oversize-basic-dokuma-blazer-ceket-twoss24bc00029-p-788690097/yorumlar,Oversize,Gri,Dokuma,Uzun,Casual/Günlük,Düz,Ceket Yaka,Uzun,Standart Kol,Finike,Cool & Comfort,,"86% Polyester, ,14% Elastan",,,,,,Oversize,Hayır,Tüm Yaş Grupları,,,,,,,,
212,444511946,71546,4.6,,/trendyolmilla/gri-crop-astarli-kruvaze-kapama-dokuma-cizgili-poliviskon-blazer-ceket-twoss23bc00123-p-444511946/yorumlar,Oversize,Gri,Dokuma,Uzun,Şık / gece,Çizgili,Ceket Yaka,Uzun,Standart Kol,Poliviskon,Fashion Forward,Astarlı,"63% Polyester, ,35% Viskoz, ,2% Elastan",,,,,,Crop,Hayır,Tüm Yaş Grupları,,,Tekli,Polyester,,,,
213,825829614,764,5.0,,/trendyol-modest/lacivert-regular-finike-duz-dokuma-tctaw22ck0007-p-825829614/yorumlar,Regular,Lacivert,Dokuma,Regular,Business,Düz,Ceket Yaka,Uzun,Standart Kol,Finike,Office,Astarlı,"86% Polyester, ,14% Elastan",Çift Kapaklı,Fonksiyonel,Düğme,Tesettür Giyim,Düğmeli,Kruvaze,Hayır,Tüm Yaş Grupları,,,,,,,,
214,733829615,8931,4.3,,/trendyolmilla/bej-oversize-genis-kalip-cepli-ve-dugmeli-polo-yaka-kalin-ici-polarli-orme-ceket-twoaw24ce00000-p-733829615/yorumlar,Relaxed,Bej,Örme,Uzun,Casual/Günlük,Düz,Polo Yaka,Uzun,Standart Kol,3 İplik,Cool & Comfort,,"49% Pamuk, ,5% Elastan, ,46% Polyester",,,Düğme,,,Basic,Hayır,Tüm Yaş Grupları,,Düz,,,,,,
215,782216897,14827,4.9,,/trendyolmilla/lacivert-poliviskon-cizgili-crop-premium-dokuma-blazer-ceket-twoss24bc00009-p-782216897/yorumlar,Regular,Lacivert,Dokuma,Crop,Casual/Günlük,Çizgili,Ceket Yaka,Uzun,Standart Kol,Poliviskon,Cool & Comfort,,"63% Polyester, ,35% Viskoz, ,2% Elastan",,,,,,Crop,Hayır,Tüm Yaş Grupları,,,,,,,,
216,147419755,18451,4.5,,/trendyolmilla/antrasit-regular-astarli-dugmeli-dokuma-blazer-ceket-twoaw22ce0667-p-147419755/yorumlar,Regular,Gri,Dokuma,Regular,Business,Düz,Ceket Yaka,Uzun,Standart Kol,Kaşe,Smart/Office,Astarlı,100% Polyester,,,,,,,Hayır,Tüm Yaş Grupları,Ek Özellik Mevcut Değil,,,Polyester,,,,
217,292770150,46052,4.6,,/trendyolmilla/fusya-suni-deri-kruvaze-kapama-astarli-dokuma-blazer-ceket-twoaw21ce0156-p-292770150/yorumlar,Regular,Pembe,Dokuma,Regular,Casual/Günlük,Düz,Ceket Yaka,Uzun,Standart Kol,Suni Deri,Smart,Astarsız,100% Poliüretan,,,Suni Deri,,,Kruvaze,Hayır,Tüm Yaş Grupları,Ek Özellik Mevcut Değil,,Tekli,Poliüretan,,,,
218,823655809,4425,4.3,,/edit-by-trendyol/bej-dokuma-blazer-ceket-tedss24bc00000-p-823655809/yorumlar,Regular,Bej,Dokuma,Regular,Casual/Günlük,Düz,Ceket Yaka,Uzun,Standart Kol,Finike,Fashion Forward,,"95% Polyester, ,5% Elastan",,,,,,,,,,,,,,,,
219,828805117,,,,,Regular,Lacivert,Dokuma,Crop,Business,Çizgili,Ceket Yaka,Uzun,Standart Kol,Krep,Smart,Astarlı,"95% Polyester, ,5% Elastan",,,,,,Crop,Hayır,Tüm Yaş Grupları,,,,Polyester,,,,
220,312882703,19541,4.6,,/trendyolmilla/fusya-tuvit-regular-astarli-kruvaze-kapama-dokuma-kazayagi-blazer-ceket-twoaw23ce00160-p-312882703/yorumlar,Regular,Pembe,Dokuma,Regular,Casual/Günlük,Kazayağı,Ceket Yaka,Uzun,Standart Kol,Tüvit,None Persona,Astarlı,100% Polyester,,,,Basic,,Kruvaze,Hayır,Tüm Yaş Grupları,Ek Özellik Mevcut Değil,,Tekli,Dokuma,,,,
221,34613957,55130,4.4,,/trendyolmilla/lacivert-regular-astarli-dokuma-blazer-ceket-twoss20ce0126-p-34613957/yorumlar,Regular,Lacivert,Dokuma,Regular,Casual/Günlük,Düz,Ceket Yaka,Uzun,Standart Kol,Finike,Cool & Comfort,Astarlı,"86% Polyester, ,14% Elastan",,,,,,Blazer,Hayır,Tüm Yaş Grupları,,,Tekli,,,,,
222,791666989,3748,3.3,,/trendyol-modest/ekru-gold-dugmeli-tuvit-dokuma-ceket-tctss24ck00005-p-791666989/yorumlar,Regular,Ekru,Dokuma,Standart,Casual/Günlük,Düz,Ceket Yaka,Uzun,Standart Kol,Tüvit,Fashion Forward,,"50% Polyester, 50% Pamuk",,,Düğme,,,Basic,Hayır,Tüm Yaş Grupları,,,,Pamuk Polyester,,,,
223,285549446,56054,4.2,,/trendyolmilla/kahverengi-regular-astarli-kruvaze-kapama-cizgili-dokuma-blazer-ceket-twoaw23ce00100-p-285549446/yorumlar,Regular,Kahverengi,Dokuma,Regular,Business,Çizgili,Ceket Yaka,Uzun,Standart Kol,Krep,Smart/Office,Astarlı,100% Polyester,,,,,,Kruvaze,Hayır,Tüm Yaş Grupları,Ek Özellik Mevcut Değil,,,Polyester,,,,
224,316423445,46206,4.7,,/trendyolmilla/kahverengi-crop-dokuma-astarli-kruvaze-kapama-blazer-ceket-twoaw23bc00100-p-316423445/yorumlar,Regular,Kahverengi,Dokuma,Regular,Casual/Günlük,Düz,Ceket Yaka,Uzun,Standart Kol,Finike,Smart,Astarlı,"85% Polyester, ,15% Elastan",,,,,,,,,,,,,,,,
225,814877436,1413,3.3,,/edit-by-trendyol/pudra-keten-gorunumlu-dokuma-blazer-ceket-tedss24bc00001-p-814877436/yorumlar,Regular,Pembe,Dokuma,Regular,Casual/Günlük,Düz,Ceket Yaka,Uzun,Standart Kol,Keten görünümlü,Fashion Forward,,"95% Polyester, ,5% Elastan",,,,,,,,,,,,,,,,
226,830362723,198,,,,Regular,Lacivert,Dokuma,Regular,Business,Düz,Ceket Yaka,Uzun,Standart Kol,Finike,Smart,Astarlı,"95% Polyester, ,5% Elastan",,,,,,Kruvaze,Hayır,Tüm Yaş Grupları,,,,Polyester,,,,
227,774672852,6006,4.7,,/trendyolmilla/mavi-soluk-efekt-vintage-oversize-crop-denim-ceket-twoss24ce00010-p-774672852/yorumlar,Oversize,Mavi,Denim,Crop,Casual/Günlük,Düz,Ceket Yaka,Uzun,Standart Kol,Rigid,Fashion Forward,,100% Pamuk,,Oversize,,,,Basic,Hayır,Tüm Yaş Grupları,,Düz,Tekli,Pamuklu,,,,
228,774479813,5476,4.2,,/trendyolmilla/bej-crop-dokuma-astarli-kruvaze-kapama-blazer-ceket-twoaw23bc00100-p-774479813/yorumlar,Regular,Bej,Dokuma,Regular,Casual/Günlük,Düz,Ceket Yaka,Uzun,Standart Kol,Finike,Smart,Astarlı,"85% Polyester, ,15% Elastan",,,,,,,,,,,,,,,,
229,284026454,28082,4.6,,/trendyolmilla/bej-polar-kalin-oversize-orme-ceket-twoaw23ce00103-p-284026454/yorumlar,Oversize,Bej,Örme,Uzun,Casual/Günlük,Düz,Gömlek Yaka,Uzun,Düşük Kol,Polar,Cool & Comfort,,100% Polyester,,Oversize,Düğme,,,Basic,Hayır,Tüm Yaş Grupları,Ek Özellik Mevcut Değil,Düz,Tekli,Polyester,,Günlük,,Kalın
230,177277003,21805,4.4,,/trendyolmilla/siyah-regular-astarli-dokuma-blazer-ceket-twoss22ce0074-p-177277003/yorumlar,Regular,Siyah,Dokuma,Regular,Business,Düz,Ceket Yaka,Uzun,Standart Kol,Finike,Smart,Astarlı,"84% Polyester, ,16% Elastan",,,,,,Blazer,Hayır,Tüm Yaş Grupları,,,Tekli,Polyester,,,,
231,304166700,15224,4.3,,/trendyolmilla/siyah-regular-astarli-dugmeli-dokuma-blazer-ceket-twoaw23bc00025-p-304166700/yorumlar,Regular,Siyah,Dokuma,Regular,Business,Düz,Ceket Yaka,Uzun,Standart Kol,Finike,None Persona,Astarlı,"85% Polyester, ,15% Elastan",,,,,,Blazer,Hayır,Tüm Yaş Grupları,Ek Özellik Mevcut Değil,,Tekli,Finike,,,,
232,359458131,22003,4.6,,/trendyolmilla/fusya-crop-dokuma-astarli-ceket-twoaw22ce0086-p-359458131/yorumlar,Regular,Pembe,Dokuma,Crop,Casual/Günlük,Düz,Ceket Yaka,Uzun,Standart Kol,Finike,Fashion Forward,Astarlı,"88% Polyester, ,12% Elastan",,,,,,Crop,Hayır,Tüm Yaş Grupları,,,,,Kemersiz,,,
233,292770223,32338,4.6,,/trendyolmilla/bordo-suni-deri-kruvaze-kapama-astarli-dokuma-blazer-ceket-twoaw21ce0156-p-292770223/yorumlar,Regular,Bordo,Dokuma,Regular,Casual/Günlük,Düz,Ceket Yaka,Uzun,Standart Kol,Suni Deri,Smart,Astarsız,100% Poliüretan,,,Suni Deri,,,Kruvaze,Hayır,Tüm Yaş Grupları,Ek Özellik Mevcut Değil,,Tekli,Poliüretan,,,,
234,825829914,270,,,,Regular,Haki,Dokuma,Uzun,Business,Düz,Ceket Yaka,Uzun,Standart Kol,Finike,Office,Astarlı,"86% Polyester, ,14% Elastan",Çift Kapaklı,Fonksiyonel,Düğme,Basic,Düğmeli,Kruvaze,Hayır,Tüm Yaş Grupları,,,,,Kuşaklı,,,
235,800247618,16717,3.9,,/trendyolmilla/lacivert-100-keten-ceket-twoss24ce00046-p-800247618/yorumlar,Regular,Lacivert,Denim,Regular,Casual/Günlük,Düz,Ceket Yaka,Uzun,Standart Kol,Rigid,Fashion Forward,,100% Keten,,,,,,Basic,Hayır,Tüm Yaş Grupları,,Düz,Tekli,Keten,,,,
236,785195252,8048,4.4,,/trendyolmilla/mavi-oversize-blazer-denim-ceket-twoss24ce00023-p-785195252/yorumlar,Oversize,Mavi,Denim,Regular,Casual/Günlük,Düz,Dik Yaka,Uzun,Standart Kol,Bürümcük,Fashion Forward,,100% Pamuk,,Oversize,,,,Denim,Hayır,Tüm Yaş Grupları,,Düz,Tekli,Pamuklu,,,,
237,774623721,4824,4.7,,/trendyolmilla/kirmizi-crop-dokuma-astarli-ceket-twoaw22ce0086-p-774623721/yorumlar,Regular,Kırmızı,Dokuma,Crop,Casual/Günlük,Düz,Ceket Yaka,Uzun,Standart Kol,Finike,Fashion Forward,Astarlı,"88% Polyester, ,12% Elastan",,,,,,Crop,Hayır,Tüm Yaş Grupları,,,,,Kemersiz,,,
238,773140958,10489,4.3,,/trendyolmilla/antrasit-regular-astarli-kruvaze-kapama-dokuma-blazer-ceket-twoaw21ce0272-p-773140958/yorumlar,Regular,Gri,Dokuma,Regular,Business,Düz,Ceket Yaka,Uzun,Standart Kol,Finike,Smart/Office,Astarlı,"95% Polyester, ,5% Elastan",,,,,,Blazer,Hayır,Tüm Yaş Grupları,,,,Polyester,,,,
239,383892795,16557,4.5,,/trendyolmilla/siyah-regular-astar-detayli-dokuma-blazer-ceket-twoss23bc00060-p-383892795/yorumlar,Regular,Siyah,Dokuma,Regular,Casual/Günlük,Düz,Ceket Yaka,Uzun,Düşük Kol,Finike,Smart,Astarlı,"86% Polyester, ,14% Elastan",,,,,,Blazer,Hayır,Tüm Yaş Grupları,,,Tekli,Polyester,,,,
240,302127218,51065,4.6,,/trendyolmilla/kirmizi-dokuma-astarli-kruvaze-kapama-blazer-ceket-twoaw23bc00019-p-302127218/yorumlar,Regular,Kırmızı,Dokuma,Regular,Business,Düz,Ceket Yaka,Uzun,Standart Kol,Finike,Smart,Astarlı,"86% Polyester, ,14% Elastan",,,,,,,,,,,,,,,,
241,286034630,25236,4.3,,/trendyolmilla/mint-ekose-regular-astarli-ekose-dokuma-ceket-twoaw23ce00094-p-286034630/yorumlar,Regular,Yeşil,Dokuma,Regular,Business,Ekose / Kareli,Ceket Yaka,Uzun,Standart Kol,Tüvit,Smart/Office,Astarlı,"70% Pamuk, ,30% Polyester",,,,,,,Hayır,Tüm Yaş Grupları,Ek Özellik Mevcut Değil,,Tekli,Kumaş,,,,
242,208839514,24564,4.3,,/trendyol-modest/ekru-cift-dugme-detayli-cepli-astarli-blazer-dokuma-ceket-tctss22ce0250-p-208839514/yorumlar,Regular,Ekru,Dokuma,Uzun,Business,Düz,Ceket Yaka,Uzun,Standart Kol,Finike,Office,Astarlı,100% Polyester,Çift Kapaklı,,Cep,Tesettür Giyim,Düğmeli,Kruvaze,Hayır,Tüm Yaş Grupları,,,,Polyester,,,,
243,141785644,83309,4.5,,/trendyolmilla/kahverengi-regular-astar-detayli-dokuma-blazer-ceket-twoaw20ce0316-p-141785644/yorumlar,Regular,Kahverengi,Dokuma,Regular,Business,Düz,Ceket Yaka,Uzun,Standart Kol,Finike,Smart/Office,Astarlı,"86% Polyester, ,14% Elastan",,,,,,,,,,,,,,,,
244,140533751,90796,4.3,,/trendyolmilla/gri-regular-astarli-kruvaze-kapama-dokuma-blazer-ceket-twoaw21ce0264-p-140533751/yorumlar,Regular,Gri,Dokuma,Regular,Casual/Günlük,Düz,Ceket Yaka,Uzun,Standart Kol,Finike,Smart,Astarlı,"95% Polyester, ,5% Elastan",,,,,,Blazer,Hayır,Tüm Yaş Grupları,,,,,,,,
245,134089906,94913,4.0,,/trendyol-modest/siyah-dugmeli-blazer-dokuma-ceket-tctaw22ck0032-p-134089906/yorumlar,Blazer,Siyah,Dokuma,Regular,Business,Düz,Ceket Yaka,Uzun,Standart Kol,Finike,Office,Astarlı,"86% Polyester, 14% Elastan",Fleto Cep,Oversize,Düğme,Design,Düğmeli,Basic,Hayır,Tüm Yaş Grupları,Ek Özellik Mevcut Değil,,Tekli,Polyester Karışımlı,Kemersiz,,,
246,132843090,60453,4.2,,/trendyolmilla/kirmizi-regular-astarli-dugmeli-dokuma-blazer-ceket-twoaw22ce0165-p-132843090/yorumlar,Regular,Kırmızı,Dokuma,Regular,Şık / gece,Düz,Ceket Yaka,Uzun,Standart Kol,Finike,Office,Astarlı,100% Polyester,,,,,,Blazer,Hayır,Tüm Yaş Grupları,,,Tekli,Finike,,,,
247,131305281,67584,4.5,,/trendyol-modest/mavi-cift-dugmeli-cep-detayli-astarli-blazer-dokuma-ceket-tctaw22ck0007-p-131305281/yorumlar,Regular,Mavi,Dokuma,Regular,Business,Düz,Ceket Yaka,Uzun,Standart Kol,Finike,Office,Astarlı,"86% Polyester, ,14% Elastan",Çift Kapaklı,Fonksiyonel,Düğme,Tesettür Giyim,Düğmeli,Kruvaze,Hayır,Tüm Yaş Grupları,,,,,,,,
248,74506732,104870,4.1,,/trendyolmilla/bej-regular-astarli-kruvaze-kapama-dokuma-blazer-ceket-twoss20ce0059-p-74506732/yorumlar,Regular,Bej,Dokuma,Regular,Business,Düz,Ceket Yaka,Uzun,Standart Kol,Finike,Smart,Astarlı,"86% Polyester, ,14% Elastan",,,,,,,,,,,,,,,,
249,51607609,471423,4.4,,/trendyolmilla/antrasit-regular-astarli-dugme-detayli-dokuma-blazer-ceket-twoaw21ce0264-p-51607609/yorumlar,Regular,Gri,Dokuma,Regular,Casual/Günlük,Düz,Ceket Yaka,Uzun,Standart Kol,Finike,Smart,Astarlı,"95% Polyester, ,5% Elastan",,,,,,Blazer,Hayır,Tüm Yaş Grupları,,,,,,,,
250,50072815,272803,4.5,,/trendyolmilla/siyah-suni-deri-regular-astarli-kruvaze-kapama-dokuma-blazer-ceket-twoaw21ce0156-p-50072815/yorumlar,Regular,Siyah,Dokuma,Regular,Casual/Günlük,Düz,Ceket Yaka,Uzun,Standart Kol,Suni Deri,Smart,Astarsız,100% Poliüretan,,,Suni Deri,,,Kruvaze,Hayır,Tüm Yaş Grupları,Ek Özellik Mevcut Değil,,Tekli,Poliüretan,,,,
251,46288465,204325,4.5,,/trendyolmilla/siyah-tuvit-regular-dokuma-ekose-blazer-ceket-twoaw21ce0105-p-46288465/yorumlar,Oversize,Siyah,Dokuma,Regular,Business,Çizgili,Ceket Yaka,Uzun,Standart Kol,Tüvit,Smart/Office,Astarlı,"69% Polyester, ,3% Akrilik, ,14% Viskoz, ,14% Pamuk",,,,,,,,,,,,,Kemersiz,,,
252,35625543,118345,4.6,,/trendyolmilla/siyah-basic-denim-ceket-twoss20ce0038-p-35625543/yorumlar,Regular,Siyah,Denim,Regular,Casual/Günlük,Düz,Ceket Yaka,Uzun,Standart Kol,Rigid,Cool & Comfort,,100% Pamuk,,Trucker,,Basic,,Basic,Hayır,Tüm Yaş Grupları,Ek Özellik Mevcut Değil,Düz,Tekli,%100 Pamuk,,Günlük,Cepli,
253,34425737,335187,4.2,,/trendyolmilla/bej-oversize-astarli-dokuma-blazer-ceket-twoaw20ce0130-p-34425737/yorumlar,Oversize,Bej,Dokuma,Regular,Business,Düz,Kruvaze,Uzun,Standart Kol,Finike,Smart,Astarlı,"86% Polyester, ,14% Elastan",,,,,,Oversize,Hayır,Tüm Yaş Grupları,,,,Dokuma,,,,
254,34414184,147877,4.2,,/trendyolmilla/gri-regular-astarli-kruvaze-kapama-dokuma-blazer-ceket-twoss20ce0059-p-34414184/yorumlar,Regular,Gri,Dokuma,Regular,Business,Düz,Ceket Yaka,Uzun,Standart Kol,Finike,Smart,Astarlı,"86% Polyester, ,14% Elastan",,,,,,,,,,,,,,,,
255,806288974,2542,4.4,,/edit-by-trendyol/mavi-super-crop-denim-ceket-tedss24ce00001-p-806288974/yorumlar,Fitted,Mavi,Denim,Regular,Casual/Günlük,Düz,Dik Yaka,Uzun,Standart Kol,Rigid,Fashion Forward,,100% Pamuk,,,,,,Basic,Hayır,Tüm Yaş Grupları,,Düz,Tekli,Pamuklu,,,,
256,712880577,26326,4.7,,/trendyol-curve/gri-cizgili-cift-kapama-kruvaze-kapama-astarli-buyuk-beden-dokuma-ceket-tbbaw24ag00001-p-712880577/yorumlar,Relaxed,Gri,Dokuma,Standart,Casual/Günlük,Çizgili,Ceket Yaka,Uzun,Standart Kol,Poliviskon,Cool & Comfort,,"95% Polyester, ,5% Elastan",,,,,,Basic,Hayır,Tüm Yaş Grupları,Ek Özellik Mevcut Değil,,,,,,,
257,196024498,57571,4.4,,/trendyol-curve/siyah-leopar-astar-detayli-blazer-dokuma-ceket-tbbss22ce0195-p-196024498/yorumlar,Regular,Siyah,Dokuma,Regular,Casual/Günlük,Düz,Ceket Yaka,Uzun,Standart Kol,Finike,Cool & Comfort,Astarlı,"86% Polyester, ,14% Elastan",Fleto Cep,,,Büyük Beden,Düğmeli,Basic,,,,,,,,,,
258,769900704,17998,4.6,,/trendyol-curve/lacivert-cizgi-astar-detayli-dokuma-ceket-tbbss22ce0195-p-769900704/yorumlar,Regular,Lacivert,Dokuma,Regular,Casual/Günlük,Düz,Ceket Yaka,Uzun,Standart Kol,Finike,Cool & Comfort,Astarlı,"86% Polyester, ,14% Elastan",Fleto Cep,,,Büyük Beden,Düğmeli,Basic,,,,,,,,,,
259,793568667,11752,4.6,,/trendyol-curve/siyah-blazer-dokuma-ceket-p-793568667/yorumlar,Regular,Siyah,Dokuma,Crop,Casual/Günlük,Düz,Ceket Yaka,Uzun,Standart Kol,Finike,Fashion Forward,,"95% Polyester, ,5% Elastan",,,,,,Basic,,Tüm Yaş Grupları,,,,,,,,
260,792793557,7430,4.4,,/trendyol-curve/siyah-oversize-astarli-kruvaze-kapama-dokuma-blazer-ceket-tbbss24ag00002-p-792793557/yorumlar,Oversize,Siyah,Dokuma,Regular,Business,Düz,Ceket Yaka,Uzun,Standart Kol,Finike,Office,Astarlı,"86% Polyester, ,14% Elastan",,,,,,Kruvaze,Hayır,Tüm Yaş Grupları,,,,,,,,
261,776175342,5766,4.7,,/trendyol-curve/yesil-p-776175342/yorumlar,Regular,Yeşil,Dokuma,Regular,Casual/Günlük,Düz,Ceket Yaka,Uzun,Standart Kol,Finike,Cool & Comfort,Astarlı,"86% Polyester, ,14% Elastan",Fleto Cep,,,Büyük Beden,Düğmeli,Basic,,,,,,,,,,
262,289637804,22761,4.2,,/trendyol-curve/yesil-oversize-genis-kesim-blazer-dokuma-buyuk-beden-kumas-ceket-tbbaw23ag00006-p-289637804/yorumlar,Oversize,Yeşil,Dokuma,Regular,Casual/Günlük,Düz,Ceket Yaka,Uzun,Standart Kol,Finike,Cool & Comfort,Astarlı,"95% Polyester, ,5% Elastan",Kapaklı,,,Büyük Beden,Düğmeli,Basic,Hayır,Tüm Yaş Grupları,Ek Özellik Mevcut Değil,,Tekli,Polyester - Elastan,Yok,,,
263,299245680,37355,4.5,,/trendyol-curve/antrasit-cep-detayli-denim-ceket-tbbss22ye00000-p-299245680/yorumlar,Oversize,Siyah,Denim,Regular,Casual/Günlük,Düz,Gömlek Yaka,Uzun,Standart Kol,Rigid,Cool & Comfort,Astarsız,100% Pamuk,Cepli,,,Büyük Beden,Düğmeli,Basic,Hayır,Tüm Yaş Grupları,Ek Özellik Mevcut Değil,,Tekli,Denim,Yok,,,
264,712902045,17251,3.9,,/trendyol-curve/gri-kruvaze-kapama-astarli-buyuk-beden-blazer-ceket-tbbaw24ag00003-p-712902045/yorumlar,Oversize,Gri,Dokuma,Standart,Casual/Günlük,Düz,Ceket Yaka,Uzun,Standart Kol,Poliviskon,Cool & Comfort,Astarlı,100% Polyester,,,,,,Basic,Hayır,Tüm Yaş Grupları,Ek Özellik Mevcut Değil,,Tekli,Polyester,,,,
265,195970379,21394,4.5,,/trendyol-curve/yesil-cep-detayli-ceket-tbbss22ce0180-p-195970379/yorumlar,Regular,Yeşil,Dokuma,Regular,Business,Düz,Ceket Yaka,Uzun,Standart Kol,Finike,Office,Astarlı,"95% Polyester, ,5% Elastan",Çift cepli,,,Büyük Beden,Düğmeli,Kruvaze,Hayır,Tüm Yaş Grupları,,,,,,,,
266,752863955,13435,4.6,,/trendyol-curve/lacivert-cizgili-gold-dugmeli-dokuma-ceket-tbbaw24ag00027-p-752863955/yorumlar,Regular,Lacivert,Dokuma,Regular,Business,Çizgili,Ceket Yaka,Uzun,Standart Kol,Poliviskon,Smart,,"60% Polyester, ,5% Elastan, ,35% Viskoz",,,,,,Kruvaze,Hayır,Tüm Yaş Grupları,,,,,,,,
267,232650151,30933,4.4,,/trendyol-curve/mavi-cep-detayli-denim-ceket-tbbss22ye00000-p-232650151/yorumlar,Oversize,Mavi,Denim,Regular,Casual/Günlük,Düz,Gömlek Yaka,Uzun,Standart Kol,Rigid,Cool & Comfort,Astarsız,100% Pamuk,Cepli,,,Büyük Beden,Düğmeli,Basic,Hayır,Tüm Yaş Grupları,Ek Özellik Mevcut Değil,,Tekli,Denim,Yok,,,
268,232007414,80450,4.4,,/trendyol-curve/siyah-cift-kapamali-dokuma-blazer-ceket-tbbss22ce0180-p-232007414/yorumlar,Regular,Siyah,Dokuma,Regular,Business,Düz,Ceket Yaka,Uzun,Standart Kol,Finike,Office,Astarlı,"95% Polyester, ,5% Elastan",Çift cepli,,,Büyük Beden,Düğmeli,Kruvaze,Hayır,Tüm Yaş Grupları,,,,,,,,
269,740819314,4396,4.6,,/trendyol-curve/cok-renkli-ekose-desenli-ceket-tbbaw24ag00014-p-740819314/yorumlar,Fitted,Çok Renkli,Dokuma,Regular,Business,Ekose / Kareli,Ceket Yaka,Uzun,Standart Kol,Tüvit,Smart,,100% Polyester,,,,,,Basic,Hayır,Tüm Yaş Grupları,Ek Özellik Mevcut Değil,,,Polyester,,,,
270,788939334,4550,4.7,,/trendyol-curve/mavi-oversize-denim-ceket-tbbss24ag00001-p-788939334/yorumlar,Oversize,Mavi,Denim,Standart,Casual/Günlük,Düz,Ceket Yaka,Uzun,Düşük Kol,Rigid,Fashion Forward,,100% Pamuk,,,,,,Basic,Hayır,Tüm Yaş Grupları,,,,Pamuklu,,,,
271,374891238,21053,4.6,,/trendyol-curve/acik-mavi-cepli-boyfriend-denim-ceket-tbbss23ag00000-p-374891238/yorumlar,Relaxed,Lacivert,Denim,Uzun,Casual/Günlük,Düz,Gömlek Yaka,Uzun,Standart Kol,Rigid,Cool & Comfort,,100% Pamuk,,,,,,Basic,Hayır,Tüm Yaş Grupları,,,,Pamuklu,,,,
272,738918363,10802,4.2,,/trendyol-curve/ekru-gold-dugmeli-cepli-tuvit-dokuma-buyuk-beden-ceket-tbbaw24ag00009-p-738918363/yorumlar,Regular,Ekru,Dokuma,Crop,Business,Dokulu,Bisiklet Yaka,Uzun,Standart Kol,Tüvit,Office,,"40% Polyester, ,40% Pamuk, ,20% Akrilik",,,,,,Bomber,Hayır,Tüm Yaş Grupları,Ek Özellik Mevcut Değil,,,,,,,
273,719115716,9019,4.4,,/trendyol-curve/indigo-tuvit-ekose-desenli-astarli-dugmeli-ceket-tbbaw24ag00002-p-719115716/yorumlar,Regular,Mavi,Dokuma,Standart,Casual/Günlük,Ekose / Kareli,Ceket Yaka,Uzun,Standart Kol,Tüvit,Cool & Comfort,,"95% Polyester, ,5% Elastan",,,,,,Basic,Hayır,Tüm Yaş Grupları,,,,,,,,
274,797233768,5034,4.6,,/trendyol-curve/lacivert-tuvit-dokuma-blazer-ceket-tbbss24ag00004-p-797233768/yorumlar,Oversize,Lacivert,Dokuma,Regular,Business,Ekose / Kareli,Ceket Yaka,Uzun,Standart Kol,Tüvit,Smart/Office,,"40% Polyester, ,40% Pamuk, ,20% Akrilik",,,,,,Kruvaze,Hayır,Tüm Yaş Grupları,,,,,,,,
275,302178970,9428,4.6,,/trendyol-curve/lacivert-cep-detayli-blazer-ceket-tbbss22ce0180-p-302178970/yorumlar,Regular,Lacivert,Dokuma,Regular,Business,Düz,Ceket Yaka,Uzun,Standart Kol,Finike,Office,Astarlı,"95% Polyester, ,5% Elastan",Çift cepli,,,Büyük Beden,Düğmeli,Kruvaze,Hayır,Tüm Yaş Grupları,,,,,,,,
276,289435872,17204,4.3,,/trendyol-curve/kirmizi-astarli-oversize-genis-kesim-blazer-dokuma-buyuk-beden-kumas-ceket-tbbaw23ag00005-p-289435872/yorumlar,Oversize,Kırmızı,Dokuma,Uzun,Casual/Günlük,Düz,Ceket Yaka,Uzun,Standart Kol,Finike,Cool & Comfort,Astarlı,100% Polyester,Kapaklı,,,Büyük Beden,Düğmeli,Basic,Hayır,Tüm Yaş Grupları,Ek Özellik Mevcut Değil,,Tekli,Polyester,Yok,,,
277,458786284,30780,4.5,,/trendyol-curve/cizgili-dokuma-blazer-ceket-tbbss23ag00017-p-458786284/yorumlar,Relaxed,Siyah,Dokuma,Standart,Business,Çizgili,Ceket Yaka,Uzun,Standart Kol,Poliviskon,Office,,"67% Polyester, ,31% Viskoz, ,2% Elastan",,,,,,Basic,Hayır,Tüm Yaş Grupları,,,,,,,,
278,826879460,477,,,,Regular,Siyah,Dokuma,Standart,Business,Ekose / Kareli,Bisiklet Yaka,Uzun,Standart Kol,Tüvit,Smart/Office,,100% Polyester,,,,,,Basic,,,,,,,,,,
279,381799601,31345,4.5,,/trendyol-curve/siyah-suni-deri-cep-detayli-biker-ceket-tbbss23ag00004-p-381799601/yorumlar,Regular,Siyah,Dokuma,Regular,Casual/Günlük,Düz,Ceket Yaka,Uzun,Standart Kol,Suni Deri,Cool & Comfort,Astarlı,100% Poliüretan,,,,,,Biker,Hayır,Tüm Yaş Grupları,,,Tekli,Suni Deri,,,,Orta
280,745190513,10104,4.6,,/trendyol-curve/antrasit-oversize-denim-ceket-tbbaw24ag00022-p-745190513/yorumlar,Oversize,Gri,Denim,Regular,Casual/Günlük,Düz,Ceket Yaka,Uzun,Düşük Kol,Rigid,Cool & Comfort,,100% Pamuk,,,,,,Basic,Hayır,Tüm Yaş Grupları,,,,Pamuklu,,,,
