,ID,FAVORITE_COUNT,RATING_DETAIL,DELIVERY_DATE,PROFF_LINK,Materyal,Kumaş Tipi,Desen,Boy,Kol Tipi,Kalıp,Renk,Yaka Tipi,Ürün Detayı,Kol Boyu,Ürün Tipi,Dokuma Tipi,Persona,Sürdürülebilirlik Detayı,Kemer/Kuşak Durumu,Siluet,Ortam,Yaş,Materyal Bileşeni,Koleksiyon,Ek Özellik,Paket İçeriği
0,79896056,315784,4.5,,/trendyolmilla/siyah-kusakli-mini-dokuma-volanli-kimono-kaftan-tbess21km0002-p-79896056/yorumlar,Viskon,Dokuma,Düz,Uzun,Standart Kol,Relaxed,Siyah,V Yaka,Fırfırlı,Uzun,Düz,Crinkle,Feminine,Hayır,Kuşaklı,Basic,Beachwear,Tüm Yaş Grupları,"60% Viskoz,40% Polyester",,,
1,79896067,259103,4.5,,/trendyolmilla/ekru-kusakli-mini-dokuma-volanli-kimono-kaftan-tbess21km0002-p-79896067/yorumlar,Viskon,Dokuma,Düz,Uzun,Standart Kol,Relaxed,Ekru,V Yaka,Fırfırlı,Uzun,Düz,Crinkle,Feminine,Hayır,Kuşaklı,Basic,Beachwear,Tüm Yaş Grupları,"60% Viskoz,40% Polyester",,,
2,387226299,115010,4.6,,/trendyolmilla/ekru-kusakli-maxi-dokuma-volanli-keten-karisimli-kimono-kaftan-tbess23km00028-p-387226299/yorumlar,Polyester Karışımlı,Örme,Düz,Uzun,Büzgülü/Fırfırlı Kol,Regular,Ekru,V Yaka,,Uzun,Düz,Müslin,Young,Evet,,Basic,Beachwear,Tüm Yaş Grupları,"44% Polyester, ,26% Pamuk, ,15% Keten, ,14% Viskoz, ,1% Elastan",Basic,Suya Dayanıklı,Tekli
3,676251169,52095,4.4,,/trendyolmilla/siyah-kusakli-mini-dokuma-100-pamuklu-kimono-kaftan-tbess23km00080-p-676251169/yorumlar,%100 Pamuk,Dokuma,Düz,Uzun,Standart Kol,Relaxed,Siyah,Şal Yaka,,Uzun,Düz,Flamlı Pamuk,Cool & Comfort,Hayır,Kuşaklı,Basic,Beachwear,Tüm Yaş Grupları,100% Pamuk,,,
4,767748895,37593,4.3,,/trendyolmilla/haki-kusakli-mini-dokuma-volanli-kimono-kaftan-tbess21km0002-p-767748895/yorumlar,Viskon,Dokuma,Düz,Uzun,Standart Kol,Relaxed,Haki,V Yaka,Fırfırlı,Uzun,Düz,Crinkle,Feminine,Hayır,Kuşaklı,Basic,Beachwear,Tüm Yaş Grupları,"60% Viskoz,40% Polyester",,,
5,683337940,43641,4.2,,/trendyol-modest/tas-kusakli-dokuma-gofre-cizgili-kimono-kaftan-tctss23kk00001-p-683337940/yorumlar,,Dokuma,Çizgili,Midi,Düşük Kol,Relaxed,Gri,V Yaka,Kuşaklı,Uzun,,Gofre,Cool & Comfort,Hayır,Kuşaklı,Kruvaze,Casual/Günlük,Tüm Yaş Grupları,"84% Polyester, ,2% Elastan, ,14% Pamuk",Tesettür Giyim,,
6,36358417,148932,4.4,,/trendyolmilla/bej-kusakli-maxi-dokuma-nakisli-keten-karisimli-100-pamuklu-kimono-kaftan-tbess20km0051-p-36358417/yorumlar,%100 Pamuk,Dokuma,Düz,Uzun,Standart Kol,Regular,Bej,V Yaka,Kuşaklı,Uzun,Düz,Keten karışımlı,Fashion Forward,Hayır,,Kruvaze,Beachwear,Tüm Yaş Grupları,"28% Keten, ,27% Pamuk, ,26% Viskoz, ,18% Polyester, ,1% Akrilik",Plaj Tekstil,,Tekli
7,817667607,5026,4.9,,/trendyolmilla/kirmizi-kusakli-mini-dokuma-100-pamuklu-kimono-kaftan-tbess23km00080-p-817667607/yorumlar,%100 Pamuk,Dokuma,Düz,Uzun,Standart Kol,Relaxed,Kırmızı,Şal Yaka,,Uzun,Düz,Flamlı Pamuk,Cool & Comfort,Hayır,Kuşaklı,Basic,Beachwear,Tüm Yaş Grupları,100% Pamuk,,,
8,782538052,15417,4.3,,/trendyolmilla/yag-yesil-kusakli-mini-dokuma-nakisli-100-pamuklu-kimono-kaftan-tbess24km00008-p-782538052/yorumlar,%100 Pamuk,Örme,Düz,Midi,İspanyol Kol,Regular,Yeşil,Kruvaze,,Truvakar Kol,Düz,Vual,Fashion Forward,Hayır,Kuşaklı,Basic,Beachwear,Tüm Yaş Grupları,100% Pamuk,,,
9,381621416,59822,4.6,,/trendyolmilla/etnik-desenli-mini-dokuma-kimono-kaftan-tbess23km00032-p-381621416/yorumlar,,Dokuma,Etnik,Crop,Standart Kol,Regular,Turuncu,V Yaka,,Uzun,Düz,Shally,Young,Hayır,,Basic,Beachwear,Tüm Yaş Grupları,100% Viskoz,,,Tekli
10,469767333,79547,4.2,,/trendyolmilla/beyaz-kusakli-mini-dokuma-100-pamuklu-kimono-kaftan-tbess23km00080-p-469767333/yorumlar,%100 Pamuk,Dokuma,Düz,Uzun,Standart Kol,Relaxed,Beyaz,Şal Yaka,,Uzun,Düz,Flamlı Pamuk,Cool & Comfort,Hayır,Kuşaklı,Basic,Beachwear,Tüm Yaş Grupları,100% Pamuk,,,
11,206186858,45620,4.6,,/trendyolmilla/cicek-desenli-kusakli-mini-dokuma-balon-kollu-100-pamuklu-kimono-kaftan-tbess22km0022-p-206186858/yorumlar,%100 Pamuk,Dokuma,Çiçekli,Uzun,Balon Kol,Regular,Beyaz,V Yaka,Kuşaklı,Uzun,Düz,Vual,Fashion Forward,Hayır,,Basic,Beachwear,Tüm Yaş Grupları,100% Pamuk,,,
12,277332499,26871,4.4,,/trendyolmilla/siyah-kusakli-maxi-dokuma-kimono-kaftan-tbess21km0152-p-277332499/yorumlar,,Dokuma,Düz,Uzun,Standart Kol,Regular,Siyah,V Yaka,Kuşaklı,Uzun,Düz,Shally,Cool & Comfort,Hayır,Kuşaklı,Panço,Beachwear,Tüm Yaş Grupları,100% Viskoz,Plaj Tekstil,,Tekli
13,782542963,16544,4.3,,/trendyolmilla/cicek-desenli-kusakli-maxi-dokuma-100-pamuklu-kimono-kaftan-tbess24km00014-p-782542963/yorumlar,%100 Pamuk,Örme,Çiçekli,Uzun,Standart Kol,Regular,Çok Renkli,Kruvaze,,Uzun,Düz,Vual,Cool & Comfort,Hayır,Kuşaklı,Basic,Beachwear,Tüm Yaş Grupları,100% Pamuk,,,
14,676320343,42108,4.5,,/trendyolmilla/soyut-desenli-kusakli-mini-dokuma-kimono-kaftan-tbess23km00024-p-676320343/yorumlar,Polyester,Dokuma,Soyut,Crop,İspanyol Kol,Regular,Mavi,V Yaka,,Uzun,Düz,Kelly,Fashion Forward,Hayır,Kuşaklı,Basic,Beachwear,Tüm Yaş Grupları,100% Polyester,,,
15,794558377,8126,4.5,,/trendyolmilla/siyah-kusakli-maxi-dokuma-firfirli-100-pamuklu-kimono-kaftan-tbess24km00026-p-794558377/yorumlar,,Dokuma,Düz,Uzun,Standart Kol,Regular,Siyah,V Yaka,Fırfırlı,Uzun,Düz,Flamlı Pamuk,Feminine,Hayır,Kuşaklı,Eteği Fırfırlı,Beachwear,Tüm Yaş Grupları,"60% Viskoz, ,40% Polyester",,,
16,814171531,6029,4.7,,/trendyolmilla/etnik-desenli-maxi-dokuma-100-pamuklu-kimono-kaftan-tbess24km00022-p-814171531/yorumlar,%100 Pamuk,Dokuma,Etnik,Regular,Standart Kol,Regular,Çok Renkli,V Yaka,,Uzun,Düz,Flamlı Pamuk,Fashion Forward,Hayır,Kuşaklı,Basic,Beachwear,Tüm Yaş Grupları,100% Pamuk,,,
17,794601674,10423,4.3,,/trendyolmilla/beyaz-kusakli-mini-dokuma-firfirli-kimono-kaftan-tbess24km00032-p-794601674/yorumlar,,Örme,Düz,Midi,Büzgülü/Fırfırlı Kol,Oversize,Beyaz,V Yaka,Fırfırlı,Uzun,Düz,Crinkle,Feminine,Hayır,Kuşaklı,Eteği Fırfırlı,Beachwear,Tüm Yaş Grupları,"60% Viskoz, ,40% Polyester",,,
18,85756577,74330,4.3,,/trendyolmilla/mercan-kusakli-maxi-dokuma-nakisli-keten-karisimli-100-pamuklu-kimono-kaftan-tbess20km0051-p-85756577/yorumlar,%100 Pamuk,Dokuma,Düz,Uzun,Standart Kol,Regular,Kırmızı,V Yaka,Kuşaklı,Uzun,Düz,Keten karışımlı,Fashion Forward,Hayır,,Kruvaze,Beachwear,Tüm Yaş Grupları,"28% Keten, ,27% Pamuk, ,26% Viskoz, ,18% Polyester, ,1% Akrilik",Plaj Tekstil,,Tekli
19,165952326,59677,4.7,,/trendyolmilla/etnik-desenli-kusakli-midi-dokuma-100-pamuklu-kimono-kaftan-tbess22km0023-p-165952326/yorumlar,%100 Pamuk,Dokuma,Etnik,Uzun,Standart Kol,Regular,Çok Renkli,V Yaka,Kuşaklı,Truvakar Kol,Düz,Vual,Fashion Forward,Hayır,Kuşaklı,Basic,Beachwear,Tüm Yaş Grupları,100% Pamuk,,,
20,107148400,48158,4.4,,/trendyolmilla/tarcin-kusakli-mini-dokuma-volanli-kimono-kaftan-tbess21km0002-p-107148400/yorumlar,Viskon,Dokuma,Düz,Uzun,Standart Kol,Relaxed,Kahverengi,V Yaka,Fırfırlı,Uzun,Düz,Crinkle,Feminine,Hayır,Kuşaklı,Basic,Beachwear,Tüm Yaş Grupları,"60% Viskoz,40% Polyester",,,
21,815914935,3202,4.8,,/trendyolmilla/cicek-desenli-kusakli-mini-dokuma-100-pamuklu-kimono-kaftan-tbess23km00035-p-815914935/yorumlar,%100 Pamuk,Dokuma,Etnik,Crop,Standart Kol,Regular,Çok Renkli,V Yaka,,Truvakar Kol,Düz,Vual,Cool & Comfort,Hayır,,Basic,Beachwear,Tüm Yaş Grupları,100% Pamuk,,,
22,817258011,2311,4.3,,/trendyolmilla/mavi-yesil-cicek-desenli-maxi-dokuma-kimono-kaftan-tbess20km0024-p-817258011/yorumlar,Pamuklu,Dokuma,Tropikal,Uzun,Standart Kol,Relaxed,Çok Renkli,Gömlek Yaka,Püskül,Kısa,Baskılı,Vual,Cool & Comfort,Hayır,,Basic,Beachwear,Tüm Yaş Grupları,100% Pamuk,,,
23,824956202,2020,4.6,,/trendyolmilla/su-alti-desenli-kusakli-mini-dokuma-kimono-kaftan-tbess23km00024-p-824956202/yorumlar,Polyester,Dokuma,Soyut,Crop,İspanyol Kol,Regular,Çok Renkli,V Yaka,,Uzun,Düz,Kelly,Fashion Forward,Hayır,Kuşaklı,Basic,Beachwear,Tüm Yaş Grupları,100% Polyester,,,
24,195757020,43023,4.7,,/trendyolmilla/etnik-desenli-kusakli-maxi-dokuma-kimono-kaftan-tbess21km0171-p-195757020/yorumlar,,Dokuma,Animal,Uzun,Standart Kol,Relaxed,Yeşil,V Yaka,Kuşaklı,Uzun,Düz,Shally,Fashion Forward,Hayır,Kuşaklı,Basic,Beachwear,Tüm Yaş Grupları,100% Viskoz,Basic,,
25,809092556,3509,4.4,,/trendyolmilla/geometrik-desenli-kusakli-midi-dokuma-kimono-kaftan-tbess24km00054-p-809092556/yorumlar,Polyester,Dokuma,Geometrik,Uzun,Ay Kol,Relaxed,Çok Renkli,Kruvaze,,Kısa,Düz,Yoryo Şifon,Cool & Comfort,Hayır,Kuşaklı,Basic,Beachwear,Tüm Yaş Grupları,100% Polyester,,,
26,832438927,5636,5.0,,/trendyolmilla/cicekli-kusakli-maxi-dokuma-kimono-kaftan-tbess24km00074-p-832438927/yorumlar,,Dokuma,Çiçekli,Uzun,Standart Kol,Regular,Çok Renkli,Kruvaze,,Uzun,Düz,Shally,Fashion Forward,,Kuşaklı,Kruvaze,Beachwear,,100% Polyester,,,
27,637235632,30640,4.6,,/trendyolmilla/yag-yesil-maxi-dokuma-buzgulu-kimono-kaftan-tbess23km00105-p-637235632/yorumlar,,Dokuma,Düz,Uzun,Standart Kol,Oversize,Yeşil,Şal Yaka,,Uzun,Düz,Shally,Fashion Forward,Hayır,Kuşaklı,Basic,Beachwear,Tüm Yaş Grupları,"60% Viskoz, ,40% Polyester",,,
28,378512215,20957,4.8,,/trendyolmilla/tropikal-desenli-maxi-orme-serit-aksesuarli-sifon-kimono-kaftan-tbess23km00002-p-378512215/yorumlar,Polyester,Dokuma,Tropikal,Midi,Balon Kol,Relaxed,Çok Renkli,V Yaka,,Uzun,Düz,Şifon,Fashion Forward,Hayır,,Basic,Beachwear,Tüm Yaş Grupları,100% Polyester,,,Tekli
29,809287928,1894,4.0,,/trendyolmilla/siyah-kusakli-maxi-dokuma-serit-aksesuarli-kimono-kaftan-tbess24km00055-p-809287928/yorumlar,%100 Pamuk,Dokuma,Düz,Regular,Ay Kol,Oversize,Siyah,Kruvaze,,Uzun,Düz,Yoryo Şifon,Fashion Forward,Hayır,Kuşaklı,Basic,Beachwear,Tüm Yaş Grupları,100% Pamuk,,,
30,791496102,19544,4.6,,/trendyol-modest/kahverengi-kusakli-brode-detayli-krinkil-dokuma-kimono-kaftan-abaya-tctss24kf00007-p-791496102/yorumlar,,Dokuma,Etnik,Uzun,Düşük Kol,Relaxed,Kahverengi,V Yaka,Brode,Uzun,,Crinkle,Feminine,Hayır,Kuşaklı,Basic,Casual/Günlük,Tüm Yaş Grupları,"98% Polyester, ,2% Elastan",Tesettür Giyim,,
31,80179447,107064,4.6,,/trendyolmilla/etnik-desenli-midi-dokuma-kimono-kaftan-tbess21km0010-p-80179447/yorumlar,Pamuklu,Dokuma,Etnik,Uzun,Standart Kol,Regular,Çok Renkli,Gömlek Yaka,Düğme,Uzun,Düz,Vual,Fashion Forward,Hayır,,Basic,Beachwear,Tüm Yaş Grupları,100% Pamuk,Plaj Tekstil,,Tekli
32,794569909,5174,3.6,,/trendyolmilla/kahverengi-kusakli-mini-dokuma-firfirli-100-pamuklu-kimono-kaftan-tbess24km00036-p-794569909/yorumlar,%100 Pamuk,Dokuma,Düz,Uzun,Standart Kol,Relaxed,Kahverengi,V Yaka,Fırfırlı,Uzun,Düz,Flamlı Pamuk,Feminine,Hayır,Kuşaklı,Basic,Beachwear,Tüm Yaş Grupları,100% Pamuk,,,
33,630707062,48043,4.6,,/trendyolmilla/haki-kusakli-maxi-dokuma-volanli-keten-karisimli-kimono-kaftan-tbess23km00028-p-630707062/yorumlar,Polyester Karışımlı,Örme,Düz,Uzun,Büzgülü/Fırfırlı Kol,Regular,Haki,V Yaka,,Uzun,Düz,Müslin,Young,Evet,,Basic,Beachwear,Tüm Yaş Grupları,"44% Polyester, ,26% Pamuk, ,15% Keten, ,14% Viskoz, ,1% Elastan",Basic,Suya Dayanıklı,Tekli
34,379074710,37533,4.3,,/trendyolmilla/tropikal-desenli-kusakli-mini-dokuma-kimono-kaftan-tbess23km00024-p-379074710/yorumlar,Polyester,Dokuma,Soyut,Crop,İspanyol Kol,Regular,Çok Renkli,V Yaka,,Uzun,Düz,Kelly,Fashion Forward,Hayır,Kuşaklı,Basic,Beachwear,Tüm Yaş Grupları,100% Polyester,,,
35,816021844,2315,4.8,,/trendyolmilla/cicek-desenli-mini-dokuma-firfirli-kimono-kaftan-tbess24km00043-p-816021844/yorumlar,,Dokuma,Animal,Regular,İspanyol Kol,Relaxed,Kırmızı,Kruvaze,Fırfırlı,Uzun,Düz,Shally,Fashion Forward,Hayır,Kuşaklı,Kruvaze,Beachwear,Tüm Yaş Grupları,100% Viskoz,,,
36,811502634,1732,4.5,,/trendyolmilla/geometrik-desenli-kusakli-mini-dokuma-100-pamuklu-kimono-kaftan-tbess24km00051-p-811502634/yorumlar,,Dokuma,Geometrik,Regular,Büzgülü/Fırfırlı Kol,Oversize,Çok Renkli,Kruvaze,,Uzun,Düz,Mesh,Feminine,Hayır,,Basic,Beachwear,Tüm Yaş Grupları,"82% Polyester, ,18% Pamuk",,,
37,833273263,3764,4.7,,/trendyolmilla/cizgili-kusakli-mini-dokuma-kimono-kaftan-tbess23km00024-p-833273263/yorumlar,Polyester,Dokuma,Soyut,Crop,İspanyol Kol,Regular,Çok Renkli,V Yaka,,Uzun,Düz,Kelly,Fashion Forward,Hayır,Kuşaklı,Basic,Beachwear,Tüm Yaş Grupları,100% Polyester,,,
38,412037784,54835,4.4,,/trendyol-modest/bej-etnik-desenli-pamuk-karisimli-uzun-dokuma-kimono-kaftan-tctss23kk00012-p-412037784/yorumlar,,Dokuma,Baskılı,Uzun,Düşük Kol,Relaxed,Bej,Kruvaze,Püskül,Uzun,,Keten görünümlü,Cool & Comfort,Hayır,,Kruvaze,Casual/Günlük,Tüm Yaş Grupları,"58% Polyester, ,23% Pamuk, ,2% Yün, ,16% Viskoz, ,1% Poliamid",,,
39,376989583,85302,4.4,,/trendyol-modest/mavi-kusakli-dokuma-gofre-cizgili-kimono-kaftan-tctss23kk00001-p-376989583/yorumlar,,Dokuma,Çizgili,Midi,Düşük Kol,Relaxed,Mavi,V Yaka,Kuşaklı,Uzun,,Gofre,Cool & Comfort,Hayır,Kuşaklı,Kruvaze,Casual/Günlük,Tüm Yaş Grupları,"84% Polyester, ,2% Elastan, ,14% Pamuk",Tesettür Giyim,,
40,809129389,13370,4.5,,/trendyol-modest/kahverengi-dokuma-keten-gorunumlu-kimono-tctss24kk00004-p-809129389/yorumlar,Polyester,Dokuma,Düz,Midi,Düşük Kol,Relaxed,Kahverengi,V Yaka,,Uzun,,Keten görünümlü,Cool & Comfort,Hayır,,Kruvaze,Casual/Günlük,Tüm Yaş Grupları,100% Polyester,,,
41,823618092,2594,4.1,,/trendyolmilla/pembe-kusakli-mini-dokuma-100-pamuklu-kimono-kaftan-tbess23km00080-p-823618092/yorumlar,%100 Pamuk,Dokuma,Düz,Uzun,Standart Kol,Relaxed,Pembe,Şal Yaka,,Uzun,Düz,Flamlı Pamuk,Cool & Comfort,Hayır,Kuşaklı,Basic,Beachwear,Tüm Yaş Grupları,100% Pamuk,,,
42,83191297,78690,4.3,,/trendyolmilla/siyah-kusakli-midi-dokuma-serit-aksesuarli-100-pamuklu-kimono-kaftan-tbess21km0008-p-83191297/yorumlar,Pamuklu,Dokuma,Düz,Uzun,Standart Kol,Regular,Siyah,V Yaka,Şeritli,Uzun,Düz,Crinkle,Cool & Comfort,Hayır,,Basic,Beachwear,Tüm Yaş Grupları,"60% Viskoz, ,40% Polyester",,,
43,79586870,43252,4.6,,/trendyolmilla/etnik-desenli-midi-dokuma-100-pamuklu-kimono-kaftan-tbess20km0017-p-79586870/yorumlar,Pamuklu,Dokuma,Etnik,Regular,Standart Kol,Relaxed,Turuncu,Gömlek Yaka,Düğme,Uzun,Baskılı,Vual,Fashion Forward,Hayır,,Basic,Beachwear,Tüm Yaş Grupları,100% Pamuk,,,
44,815690954,1935,3.4,,/trendyolmilla/etnik-desenli-kusakli-maxi-dokuma-kimono-kaftan-tbess24km00067-p-815690954/yorumlar,Polyester,Dokuma,Geometrik,Midi,Ay Kol,Relaxed,Çok Renkli,Kruvaze,,Uzun,Düz,Moss Krep,Cool & Comfort,Hayır,Kuşaklı,Basic,Beachwear,Tüm Yaş Grupları,100% Polyester,,,
45,805421366,2528,4.4,,/trendyolmilla/tropikal-desenli-kusakli-midi-dokuma-kimono-kaftan-tbess21km0171-p-805421366/yorumlar,,Dokuma,Animal,Uzun,Standart Kol,Relaxed,Çok Renkli,V Yaka,Kuşaklı,Uzun,Düz,Shally,Fashion Forward,Hayır,Kuşaklı,Basic,Beachwear,Tüm Yaş Grupları,100% Viskoz,Basic,,
46,391660184,27605,4.5,,/trendyolmilla/soyut-desenli-mini-dokuma-100-pamuklu-kimono-kaftan-tbess23km00040-p-391660184/yorumlar,%100 Pamuk,Dokuma,Soyut,Crop,Standart Kol,Regular,Çok Renkli,V Yaka,,Truvakar Kol,Düz,Vual,Young,Hayır,,Basic,Beachwear,Tüm Yaş Grupları,100% Pamuk,,,
47,809079700,3602,4.4,,/trendyolmilla/siyah-kusakli-maxi-orme-firfirli-kimono-kaftan-tbess24km00049-p-809079700/yorumlar,Polyester,Dokuma,Düz,Uzun,İspanyol Kol,Relaxed,Siyah,Kruvaze,Fırfırlı,Uzun,Düz,Mesh,Fashion Forward,Hayır,Kuşaklı,Basic,Beachwear,Tüm Yaş Grupları,100% Polyester,,,
48,815914199,1779,4.3,,/trendyolmilla/hardal-maxi-dokuma-kimono-kaftan-tbess20km0024-p-815914199/yorumlar,Pamuklu,Dokuma,Tropikal,Uzun,Standart Kol,Relaxed,Sarı,Gömlek Yaka,Püskül,Kısa,Baskılı,Vual,Cool & Comfort,Hayır,,Basic,Beachwear,Tüm Yaş Grupları,100% Pamuk,,,
49,193548914,26834,4.6,,/trendyolmilla/siyah-kusakli-midi-dokuma-nakisli-100-pamuklu-kimono-kaftan-tbess22km0039-p-193548914/yorumlar,%100 Pamuk,Dokuma,Düz,Uzun,Standart Kol,Relaxed,Siyah,V Yaka,Kuşaklı,Uzun,Düz,Flamlı Pamuk,Fashion Forward,Hayır,,Basic,Beachwear,Tüm Yaş Grupları,100% Pamuk,,,Tekli
50,765381050,11485,4.7,,/trendyolmilla/yesil-kusakli-mini-dokuma-100-pamuklu-kimono-kaftan-tbess23km00080-p-765381050/yorumlar,%100 Pamuk,Dokuma,Düz,Uzun,Standart Kol,Relaxed,Yeşil,Şal Yaka,,Uzun,Düz,Flamlı Pamuk,Cool & Comfort,Hayır,Kuşaklı,Basic,Beachwear,Tüm Yaş Grupları,100% Pamuk,,,
51,800100068,5574,4.1,,/trendyolmilla/beyaz-kusakli-mini-dokuma-muslin-kimono-kaftan-tbess24km00041-p-800100068/yorumlar,%100 Pamuk,Dokuma,Düz,Midi,Ay Kol,Relaxed,Beyaz,Kruvaze,,Uzun,Düz,Müslin,Cool & Comfort,Hayır,Kuşaklı,Basic,Beachwear,Tüm Yaş Grupları,100% Pamuk,,,
52,467610520,17105,4.4,,/trendyolmilla/hayvan-desenli-kusakli-maxi-dokuma-kimono-kaftan-tbess21km0171-p-467610520/yorumlar,,Dokuma,Animal,Uzun,Standart Kol,Relaxed,Mor,V Yaka,Kuşaklı,Uzun,Düz,Shally,Fashion Forward,Hayır,Kuşaklı,Basic,Beachwear,Tüm Yaş Grupları,100% Viskoz,Basic,,
53,782540556,14969,4.3,,/trendyolmilla/cicek-desenli-kusakli-maxi-dokuma-100-pamuklu-kimono-kaftan-tbess24km00013-p-782540556/yorumlar,%100 Pamuk,Örme,Çiçekli,Uzun,Standart Kol,Regular,Çok Renkli,Kruvaze,,Uzun,Düz,Vual,Cool & Comfort,Hayır,Kuşaklı,Basic,Beachwear,Tüm Yaş Grupları,100% Viskoz,,,
54,794601675,4906,4.5,,/trendyolmilla/fusya-kusakli-mini-dokuma-firfirli-kimono-kaftan-tbess24km00032-p-794601675/yorumlar,,Örme,Düz,Midi,Büzgülü/Fırfırlı Kol,Oversize,Pembe,V Yaka,Fırfırlı,Uzun,Düz,Crinkle,Feminine,Hayır,Kuşaklı,Eteği Fırfırlı,Beachwear,Tüm Yaş Grupları,"60% Viskoz, ,40% Polyester",,,
55,695928168,16868,3.8,,/trendyol-modest/mint-kusakli-dokuma-gofre-cizgili-kimono-kaftan-tctss23kk00001-p-695928168/yorumlar,,Dokuma,Çizgili,Midi,Düşük Kol,Relaxed,Yeşil,V Yaka,Kuşaklı,Uzun,,Gofre,Cool & Comfort,Hayır,Kuşaklı,Kruvaze,Casual/Günlük,Tüm Yaş Grupları,"84% Polyester, ,2% Elastan, ,14% Pamuk",Tesettür Giyim,,
56,119151534,73673,4.3,,/trendyolmilla/bej-kusakli-maxi-dokuma-nakisli-keten-karisimli-100-pamuklu-kimono-kaftan-tbess21km0175-p-119151534/yorumlar,Keten Karışımlı,Dokuma,Düz,Uzun,Standart Kol,Regular,Bej,V Yaka,Kuşaklı,Uzun,Düz,Poplin,Cool & Comfort,Hayır,,Basic,Beachwear,Tüm Yaş Grupları,100% Pamuk,Plaj Tekstil,Ek Özellik Mevcut Değil,Tekli
57,35034028,57797,4.6,,/trendyolmilla/siyah-cizgili-maxi-dokuma-puskullu-100-pamuklu-kimono-kaftan-tbess20km0024-p-35034028/yorumlar,Pamuklu,Dokuma,Tropikal,Uzun,Standart Kol,Relaxed,Siyah,Gömlek Yaka,Püskül,Kısa,Baskılı,Vual,Cool & Comfort,Hayır,,Basic,Beachwear,Tüm Yaş Grupları,100% Pamuk,,,
58,817670527,2604,4.7,,/trendyolmilla/tropikal-desenli-kusakli-maxi-dokuma-kimono-kaftan-tbess24km00024-p-817670527/yorumlar,,Dokuma,Soyut,Uzun,Standart Kol,Regular,Çok Renkli,Kruvaze,,Uzun,Düz,Shally,Fashion Forward,Hayır,Kuşaklı,Kruvaze,Beachwear,Tüm Yaş Grupları,100% Viskoz,,,
59,819299882,4034,4.9,,/trendyolmilla/siyah-mini-dokuma-puskullu-kimono-kaftan-tbess24km00057-p-819299882/yorumlar?boutiqueId=651724&merchantId=968&v=standart,Polyester,Dokuma,Düz,Standart,Standart Kol,Relaxed,Siyah,V Yaka,,Askılı,Düz,Aerobin,Cool & Comfort,Hayır,,Basic,Beachwear,Tüm Yaş Grupları,100% Polyester,,,
60,794574576,2187,4.3,,/trendyolmilla/ekru-mini-orme-dantelli-kimono-kaftan-tbess24km00034-p-794574576/yorumlar,Polyester,Dokuma,Düz,Midi,Standart Kol,Oversize,Ekru,V Yaka,,Uzun,Düz,Dantel,Fashion Forward,Hayır,,Kruvaze,Beachwear,Tüm Yaş Grupları,100% Polyester,,,
61,467659148,35150,4.3,,/trendyolmilla/bej-kusakli-maxi-dokuma-keten-gorunumlu-kimono-kaftan-tbess23km00058-p-467659148/yorumlar,%100 Pamuk,Dokuma,Düz,Midi,İspanyol Kol,Regular,Bej,V Yaka,,Uzun,Düz,Keten görünümlü,Cool & Comfort,Hayır,,Basic,Beachwear,Tüm Yaş Grupları,100% Pamuk,,,
62,794569912,9618,4.8,,/trendyolmilla/siyah-kusakli-mini-dokuma-firfirli-100-pamuklu-kimono-kaftan-tbess24km00036-p-794569912/yorumlar,%100 Pamuk,Dokuma,Düz,Uzun,Standart Kol,Relaxed,Siyah,V Yaka,Fırfırlı,Uzun,Düz,Flamlı Pamuk,Feminine,Hayır,Kuşaklı,Basic,Beachwear,Tüm Yaş Grupları,100% Pamuk,,,
63,822443401,3114,3.2,,/trendyolmilla/hayvan-desenli-kusakli-maxi-dokuma-100-pamuklu-kimono-kaftan-tbess24km00014-p-822443401/yorumlar,%100 Pamuk,Örme,Çiçekli,Uzun,Standart Kol,Regular,Çok Renkli,Kruvaze,,Uzun,Düz,Vual,Cool & Comfort,Hayır,Kuşaklı,Basic,Beachwear,Tüm Yaş Grupları,100% Pamuk,,,
64,782538050,4873,4.4,,/trendyolmilla/bej-kusakli-mini-dokuma-nakisli-100-pamuklu-kimono-kaftan-tbess24km00008-p-782538050/yorumlar,%100 Pamuk,Örme,Düz,Midi,İspanyol Kol,Regular,Bej,Kruvaze,,Truvakar Kol,Düz,Vual,Fashion Forward,Hayır,Kuşaklı,Basic,Beachwear,Tüm Yaş Grupları,100% Pamuk,,,
65,808216234,2953,4.3,,/trendyolmilla/manzara-desenli-kusakli-maxi-dokuma-kimono-kaftan-tbess24km00046-p-808216234/yorumlar,Polyester,Dokuma,Manzara,Uzun,Ay Kol,Oversize,Çok Renkli,Kruvaze,,Uzun,Düz,Vual,Cool & Comfort,Hayır,Kuşaklı,Basic,Beachwear,Tüm Yaş Grupları,100% Polyester,,,
66,790855383,5445,4.3,,/trendyol-modest/yesil-tropikal-desenli-uzun-dokuma-kimono-kaftan-tctss24kf00000-p-790855383/yorumlar,Polyester,Dokuma,Tropikal,Uzun,Düşük Kol,Relaxed,Yeşil,V Yaka,Dokuma Garnili,Uzun,,Crinkle,Fashion Forward,Hayır,Kuşaklı,Basic,Casual/Günlük,Tüm Yaş Grupları,"99% Polyester, ,1% Elastan",Tesettür Giyim,,
67,368396428,33338,4.6,,/trendyolmilla/pembe-kusakli-mini-dokuma-volanli-kimono-kaftan-tbess21km0002-p-368396428/yorumlar,Viskon,Dokuma,Düz,Uzun,Standart Kol,Relaxed,Pembe,V Yaka,Fırfırlı,Uzun,Düz,Crinkle,Feminine,Hayır,Kuşaklı,Basic,Beachwear,Tüm Yaş Grupları,"60% Viskoz,40% Polyester",,,
68,377345974,25161,4.4,,/trendyolmilla/cicek-desenli-mini-dokuma-100-pamuklu-kimono-kaftan-tbess23km00004-p-377345974/yorumlar,%100 Pamuk,Dokuma,Çiçekli,Crop,İspanyol Kol,Regular,Çok Renkli,V Yaka,,Uzun,Düz,Vual,Sexy,Hayır,,Basic,Beachwear,Tüm Yaş Grupları,100% Pamuk,,,Tekli
69,786229149,20986,4.2,,/trendyolmilla/etnik-desenli-midi-dokuma-100-pamuklu-kimono-kaftan-tbess24km00022-p-786229149/yorumlar,%100 Pamuk,Dokuma,Etnik,Regular,Standart Kol,Regular,Çok Renkli,V Yaka,,Uzun,Düz,Flamlı Pamuk,Fashion Forward,Hayır,Kuşaklı,Basic,Beachwear,Tüm Yaş Grupları,100% Pamuk,,,
70,801174403,2144,4.4,,/trendyolmilla/cizgili-maxi-dokuma-kimono-kaftan-tbess20km0024-p-801174403/yorumlar,Pamuklu,Dokuma,Tropikal,Uzun,Standart Kol,Relaxed,Mavi,Gömlek Yaka,Püskül,Kısa,Baskılı,Vual,Cool & Comfort,Hayır,,Basic,Beachwear,Tüm Yaş Grupları,100% Pamuk,,,
71,794601092,1889,4.3,,/trendyolmilla/pembe-kusakli-maxi-dokuma-firfirli-kimono-kaftan-tbess24km00030-p-794601092/yorumlar,,Örme,Düz,Uzun,Standart Kol,Relaxed,Pembe,V Yaka,Fırfırlı,Truvakar Kol,Düz,Crinkle,Feminine,Hayır,Kuşaklı,Eteği Fırfırlı,Beachwear,Tüm Yaş Grupları,"60% Viskoz, ,40% Polyester",,,
72,808215987,3634,4.0,,/trendyolmilla/saks-kusakli-maxi-dokuma-serit-aksesuarli-kimono-kaftan-tbess24km00044-p-808215987/yorumlar,Polyester,Dokuma,Çiçekli,Uzun,Ay Kol,Oversize,Mavi,Kruvaze,,Uzun,Düz,Vual,Cool & Comfort,Hayır,Kuşaklı,Basic,Beachwear,Tüm Yaş Grupları,100% Polyester,,,
73,809388843,3305,4.7,,/trendyolmilla/soyut-desenli-kusakli-midi-dokuma-kimono-kaftan-tbess24km00054-p-809388843/yorumlar,Polyester,Dokuma,Geometrik,Uzun,Ay Kol,Relaxed,Çok Renkli,Kruvaze,,Kısa,Düz,Yoryo Şifon,Cool & Comfort,Hayır,Kuşaklı,Basic,Beachwear,Tüm Yaş Grupları,100% Polyester,,,
74,815498739,2953,4.5,,/trendyolmilla/etnik-desenli-kusakli-midi-dokuma-100-pamuklu-kimono-kaftan-tbess22km0023-p-815498739/yorumlar,%100 Pamuk,Dokuma,Etnik,Uzun,Standart Kol,Regular,Beyaz,V Yaka,Kuşaklı,Truvakar Kol,Düz,Vual,Fashion Forward,Hayır,Kuşaklı,Basic,Beachwear,Tüm Yaş Grupları,100% Pamuk,,,
75,802587087,2002,4.8,,/trendyolmilla/etnik-desenli-midi-dokuma-kimono-kaftan-tbess20km0017-p-802587087/yorumlar,Pamuklu,Dokuma,Etnik,Regular,Standart Kol,Relaxed,Çok Renkli,Gömlek Yaka,Düğme,Uzun,Baskılı,Vual,Fashion Forward,Hayır,,Basic,Beachwear,Tüm Yaş Grupları,100% Pamuk,,,
76,816494760,2059,4.5,,/trendyolmilla/soyut-desenli-kusakli-maxi-dokuma-100-pamuklu-kimono-kaftan-tbess23km00057-p-816494760/yorumlar,,Dokuma,Tropikal,Uzun,Standart Kol,Regular,Çok Renkli,Şal Yaka,,Uzun,Düz,Shally,Fashion Forward,Hayır,,Basic,Beachwear,Tüm Yaş Grupları,100% Viskoz,,,
77,819299881,4213,4.6,,/trendyolmilla/ekru-mini-dokuma-puskullu-kimono-kaftan-tbess24km00057-p-819299881/yorumlar?boutiqueId=665675&merchantId=968&v=standart,Polyester,Dokuma,Düz,Standart,Standart Kol,Relaxed,Ekru,V Yaka,,Askılı,Düz,Aerobin,Cool & Comfort,Hayır,,Basic,Beachwear,Tüm Yaş Grupları,100% Polyester,,,
78,794570509,2223,4.6,,/trendyolmilla/cizgili-kusakli-maxi-dokuma-100-pamuklu-kimono-kaftan-tbess24km00035-p-794570509/yorumlar,%100 Pamuk,Dokuma,Çizgili,Uzun,Standart Kol,Oversize,Çok Renkli,V Yaka,,Uzun,Düz,İpliği boyalı Flamlı Pamuk,Cool & Comfort,Hayır,Kuşaklı,Basic,Beachwear,Tüm Yaş Grupları,100% Pamuk,,,
79,824673424,3530,4.7,,/trendyol-modest/camel-onden-baglamali-keten-gorunumlu-dokuma-kimono-tctss24kk00009-p-824673424/yorumlar,,Dokuma,Düz,Midi,Düşük Kol,Relaxed,Kahverengi,Polo Yaka,,Uzun,,Keten görünümlü,Cool & Comfort,Hayır,,Kruvaze,Casual/Günlük,,100% Polyester,Tesettür Giyim,,
80,816741303,2753,4.9,,/trendyolmilla/bej-kusakli-maxi-dokuma-serit-aksesuarli-100-pamuklu-kimono-kaftan-tbess24km00055-p-816741303/yorumlar,%100 Pamuk,Dokuma,Düz,Regular,Ay Kol,Oversize,Bej,Kruvaze,,Uzun,Düz,Yoryo Şifon,Fashion Forward,Hayır,Kuşaklı,Basic,Beachwear,Tüm Yaş Grupları,100% Pamuk,,,
81,803377443,10616,4.5,,/trendyolmilla/su-alti-desenli-kusakli-mini-dokuma-kimono-kaftan-tbess23km00024-p-803377443/yorumlar,Polyester,Dokuma,Soyut,Crop,İspanyol Kol,Regular,Mavi,V Yaka,,Uzun,Düz,Kelly,Fashion Forward,Hayır,Kuşaklı,Basic,Beachwear,Tüm Yaş Grupları,100% Polyester,,,
82,372661417,29125,4.3,,/trendyolmilla/tropikal-desenli-maxi-dokuma-puskullu-100-pamuklu-kimono-kaftan-tbess20km0024-p-372661417/yorumlar,Pamuklu,Dokuma,Tropikal,Uzun,Standart Kol,Relaxed,Kahverengi,Gömlek Yaka,Püskül,Kısa,Baskılı,Vual,Cool & Comfort,Hayır,,Basic,Beachwear,Tüm Yaş Grupları,100% Pamuk,,,
83,796491846,8807,3.4,,/trendyolmilla/beyaz-mini-dokuma-kimono-kaftan-tbess24km00038-p-796491846/yorumlar,Polyester,Dokuma,Düz,Crop,Standart Kol,Relaxed,Beyaz,Gömlek Yaka,,Uzun,Düz,Vual,Cool & Comfort,Hayır,,Basic,Beachwear,Tüm Yaş Grupları,100% Polyester,,,
84,808405567,2955,4.8,,/trendyolmilla/tropikal-desenli-kusakli-maxi-dokuma-kimono-kaftan-tbess24km00045-p-808405567/yorumlar,,Dokuma,Tropikal,Midi,Standart Kol,Relaxed,Çok Renkli,Kruvaze,,Uzun,Düz,Mesh,Cool & Comfort,Hayır,Kuşaklı,Basic,Beachwear,Tüm Yaş Grupları,100% Viskoz,,,
85,800100528,5379,4.3,,/trendyolmilla/siyah-mini-dokuma-serit-aksesuarli-kimono-kaftan-tbess24km00042-p-800100528/yorumlar,%100 Pamuk,Dokuma,Düz,Standart,Standart Kol,Relaxed,Siyah,Kruvaze,,Uzun,Düz,Flamlı Pamuk,Cool & Comfort,Hayır,,Basic,Beachwear,Tüm Yaş Grupları,100% Pamuk,,,
86,469644831,27605,4.6,,/trendyolmilla/tropikal-desenli-kusakli-maxi-dokuma-100-pamuklu-kimono-kaftan-tbess23km00057-p-469644831/yorumlar,,Dokuma,Tropikal,Uzun,Standart Kol,Regular,Kahverengi,Şal Yaka,,Uzun,Düz,Shally,Fashion Forward,Hayır,,Basic,Beachwear,Tüm Yaş Grupları,100% Viskoz,,,
87,794601671,5234,4.8,,/trendyolmilla/siyah-kusakli-mini-dokuma-firfirli-kimono-kaftan-tbess24km00032-p-794601671/yorumlar,,Örme,Düz,Midi,Büzgülü/Fırfırlı Kol,Oversize,Siyah,V Yaka,Fırfırlı,Uzun,Düz,Crinkle,Feminine,Hayır,Kuşaklı,Eteği Fırfırlı,Beachwear,Tüm Yaş Grupları,"60% Viskoz, ,40% Polyester",,,
88,469765135,64482,4.5,,/trendyolmilla/ekru-kusakli-mini-dokuma-keten-karisimli-kimono-kaftan-tbess23km00081-p-469765135/yorumlar,,Dokuma,Düz,Uzun,Standart Kol,Regular,Ekru,Şal Yaka,,Uzun,Düz,Müslin,Cool & Comfort,Hayır,Kuşaklı,Basic,Beachwear,Tüm Yaş Grupları,"44% Polyester, ,26% Pamuk, ,15% Keten, ,14% Viskoz, ,1% Elastan",,,Tekli
89,809078488,1823,4.3,,/trendyolmilla/hayvan-desenli-kusakli-maxi-dokuma-yirtmacli-kimono-kaftan-tbess24km00048-p-809078488/yorumlar,,Dokuma,Animal,Regular,Standart Kol,Relaxed,Çok Renkli,V Yaka,Yırtmaçlı,Kısa,Düz,Mesh,Cool & Comfort,Hayır,,Basic,Beachwear,Tüm Yaş Grupları,100% Viskoz,,,
90,442761097,22327,4.7,,/trendyolmilla/etnik-desenli-kusakli-mini-dokuma-100-pamuklu-kimono-kaftan-tbess23km00035-p-442761097/yorumlar,%100 Pamuk,Dokuma,Etnik,Crop,Standart Kol,Regular,Çok Renkli,V Yaka,,Truvakar Kol,Düz,Vual,Cool & Comfort,Hayır,,Basic,Beachwear,Tüm Yaş Grupları,100% Pamuk,,,
91,794601095,4254,3.9,,/trendyolmilla/ekru-kusakli-maxi-dokuma-firfirli-kimono-kaftan-tbess24km00030-p-794601095/yorumlar,,Örme,Düz,Uzun,Standart Kol,Relaxed,Ekru,V Yaka,Fırfırlı,Truvakar Kol,Düz,Crinkle,Feminine,Hayır,Kuşaklı,Eteği Fırfırlı,Beachwear,Tüm Yaş Grupları,"60% Viskoz, ,40% Polyester",,,
92,794188703,6432,4.3,,/trendyolmilla/siyah-mini-dokuma-kimono-kaftan-tbess24km00023-p-794188703/yorumlar,,Dokuma,Düz,Regular,Standart Kol,Regular,Siyah,V Yaka,,Uzun,Düz,Vual,Cool & Comfort,Hayır,Kuşaklı,Basic,Beachwear,Tüm Yaş Grupları,100% Viskoz,,,
93,815509042,2115,4.7,,/trendyolmilla/etnik-desenli-kusakli-midi-dokuma-100-pamuklu-kimono-kaftan-tbess22km0023-p-815509042/yorumlar,%100 Pamuk,Dokuma,Etnik,Uzun,Standart Kol,Regular,Çok Renkli,V Yaka,Kuşaklı,Truvakar Kol,Düz,Vual,Fashion Forward,Hayır,Kuşaklı,Basic,Beachwear,Tüm Yaş Grupları,100% Pamuk,,,
94,813807935,1609,3.5,,/trendyolmilla/yesil-kusakli-maxi-dokuma-serit-aksesuarli-kimono-kaftan-tbess24km00059-p-813807935/yorumlar,Polyester,Dokuma,Düz,Uzun,Standart Kol,Relaxed,Yeşil,Kruvaze,,Uzun,Düz,Vual,Cool & Comfort,Hayır,,Basic,Beachwear,Tüm Yaş Grupları,100% Polyester,,,
95,683421452,6597,4.4,,/trendyolmilla/siyah-kusakli-maxi-dokuma-yirtmacli-muslin-100-pamuklu-kimono-kaftan-tbess23km00019-p-683421452/yorumlar,%100 Pamuk,Dokuma,Düz,Uzun,Standart Kol,Oversize,Siyah,V Yaka,Yırtmaçlı,Kısa,Düz,Müslin,Cool & Comfort,Hayır,,Kruvaze,Beachwear,Tüm Yaş Grupları,100% Pamuk,,Yırtmaçlı,Tekli
96,783177471,4147,4.5,,/trendyolmilla/geometrik-desenli-kusakli-mini-orme-kimono-kaftan-tbess24km00003-p-783177471/yorumlar,Polyester,Örme,Geometrik,Standart,Standart Kol,Regular,Çok Renkli,V Yaka,,Uzun,Düz,Dokulu,Fashion Forward,Hayır,Kuşaklı,Basic,Beachwear,Tüm Yaş Grupları,100% Polyester,,,
97,794601094,3493,4.1,,/trendyolmilla/siyah-kusakli-maxi-dokuma-firfirli-kimono-kaftan-tbess24km00030-p-794601094/yorumlar,,Örme,Düz,Uzun,Standart Kol,Relaxed,Siyah,V Yaka,Fırfırlı,Truvakar Kol,Düz,Crinkle,Feminine,Hayır,Kuşaklı,Eteği Fırfırlı,Beachwear,Tüm Yaş Grupları,"60% Viskoz, ,40% Polyester",,,
98,190406377,43754,4.4,,/trendyolmilla/pembe-kusakli-midi-dokuma-serit-aksesuarli-100-pamuklu-kimono-kaftan-tbess21km0008-p-190406377/yorumlar,Pamuklu,Dokuma,Düz,Uzun,Standart Kol,Regular,Pembe,V Yaka,Şeritli,Uzun,Düz,Crinkle,Cool & Comfort,Hayır,,Basic,Beachwear,Tüm Yaş Grupları,"60% Viskoz, ,40% Polyester",,,
99,806578429,3521,4.8,,/trendyolmilla/su-alti-desenli-kusakli-mini-dokuma-firfirli-kimono-kaftan-tbess24km00043-p-806578429/yorumlar,,Dokuma,Animal,Regular,İspanyol Kol,Relaxed,Çok Renkli,Kruvaze,Fırfırlı,Uzun,Düz,Shally,Fashion Forward,Hayır,Kuşaklı,Kruvaze,Beachwear,Tüm Yaş Grupları,100% Viskoz,,,
100,194484384,28775,4.5,,/trendyol-modest/cok-renkli-cicek-desenli-baglama-detayli-cepli-kimono-kaftan-tctss21kk0004-p-194484384/yorumlar,Viskon,Dokuma,Çiçekli,Midi,Standart Kol,Relaxed,Çok Renkli,Ceket Yaka,Biyeli,Uzun,,Belmando,Fashion Forward,Hayır,,Basic,Casual/Günlük,Tüm Yaş Grupları,100% Viskoz,Tesettür Giyim,Desenli,
101,818468450,2091,4.8,,/trendyolmilla/haki-kusakli-maxi-dokuma-nakisli-kimono-kaftan-tbess24km00068-p-818468450/yorumlar,%100 Pamuk,Dokuma,Düz,Uzun,Standart Kol,Oversize,Haki,V Yaka,,Uzun,Düz,Flamlı Pamuk,Fashion Forward,Hayır,Kuşaklı,Basic,Beachwear,Tüm Yaş Grupları,100% Pamuk,,,
102,766659282,3778,4.6,,/trendyolmilla/tropikal-desenli-maxi-orme-serit-aksesuarli-sifon-kimono-kaftan-tbess23km00002-p-766659282/yorumlar,Polyester,Dokuma,Tropikal,Midi,Balon Kol,Relaxed,Siyah,V Yaka,,Uzun,Düz,Şifon,Fashion Forward,Hayır,,Basic,Beachwear,Tüm Yaş Grupları,100% Polyester,,,Tekli
103,814145685,866,4.5,,/trendyolmilla/etnik-desenli-kusakli-maxi-dokuma-100-pamuklu-kimono-kaftan-tbess24km00013-p-814145685/yorumlar,%100 Pamuk,Örme,Çiçekli,Uzun,Standart Kol,Regular,Çok Renkli,Kruvaze,,Uzun,Düz,Vual,Cool & Comfort,Hayır,Kuşaklı,Basic,Beachwear,Tüm Yaş Grupları,100% Viskoz,,,
104,97469905,35218,4.3,,/trendyolmilla/siyah-kusakli-maxi-dokuma-serit-aksesuarli-100-pamuklu-kimono-kaftan-tbess21km0094-p-97469905/yorumlar,Pamuklu,Dokuma,Düz,Uzun,İspanyol Kol,Regular,Siyah,V Yaka,Kuşaklı,Uzun,Düz,Flamlı Pamuk,Cool & Comfort,Hayır,,Basic,Beachwear,Tüm Yaş Grupları,100% Pamuk,Plaj Tekstil,,Tekli
105,814119777,3547,4.7,,/trendyolmilla/siyah-maxi-dokuma-buzgulu-kimono-kaftan-tbess23km00105-p-814119777/yorumlar,,Dokuma,Düz,Uzun,Standart Kol,Oversize,Siyah,Şal Yaka,,Uzun,Düz,Shally,Fashion Forward,Hayır,Kuşaklı,Basic,Beachwear,Tüm Yaş Grupları,"60% Viskoz, ,40% Polyester",,,
106,368396497,12431,4.7,,/trendyolmilla/sal-desenli-kusakli-mini-dokuma-volanli-kimono-kaftan-tbess21km0002-p-368396497/yorumlar,Viskon,Dokuma,Düz,Uzun,Standart Kol,Relaxed,Yeşil,V Yaka,Fırfırlı,Uzun,Düz,Crinkle,Feminine,Hayır,Kuşaklı,Basic,Beachwear,Tüm Yaş Grupları,"60% Viskoz,40% Polyester",,,
107,765365135,4476,4.3,,/trendyolmilla/siyah-kusakli-maxi-dokuma-keten-gorunumlu-kimono-kaftan-tbess23km00058-p-765365135/yorumlar,%100 Pamuk,Dokuma,Düz,Midi,İspanyol Kol,Regular,Siyah,V Yaka,,Uzun,Düz,Keten görünümlü,Cool & Comfort,Hayır,,Basic,Beachwear,Tüm Yaş Grupları,100% Pamuk,,,
108,794589363,1611,4.9,,/trendyolmilla/tropikal-desenli-kusakli-maxi-dokuma-100-pamuklu-kimono-kaftan-tbess24km00033-p-794589363/yorumlar,,Dokuma,Tropikal,Uzun,Standart Kol,Oversize,Çok Renkli,V Yaka,,Uzun,Düz,Shally,Fashion Forward,Hayır,Kuşaklı,Kruvaze,Beachwear,Tüm Yaş Grupları,100% Viskoz,,,
109,794601291,8176,4.3,,/trendyolmilla/cizgili-kusakli-maxi-dokuma-keten-karisimli-kimono-kaftan-tbess24km00027-p-794601291/yorumlar,Keten,Dokuma,Çizgili,Uzun,Uzun Kol,Regular,Çok Renkli,Kruvaze,,Uzun,Düz,Keten karışımlı,Cool & Comfort,,Kuşaklı,Kruvaze,Beachwear,Tüm Yaş Grupları,100% Keten,,,
110,794188932,5002,3.9,,/trendyolmilla/ekru-kusakli-maxi-dokuma-muslin-kimono-kaftan-tbess24km00028-p-794188932/yorumlar,,Dokuma,Düz,Uzun,Standart Kol,Regular,Ekru,V Yaka,,Uzun,Düz,Vual,Cool & Comfort,Hayır,Kuşaklı,Basic,Beachwear,Tüm Yaş Grupları,100% Viskoz,,,
111,819983620,3902,4.6,,/trendyolmilla/tas-kusakli-mini-dokuma-volanli-kimono-kaftan-tbess21km0002-p-819983620/yorumlar,Viskon,Dokuma,Düz,Uzun,Standart Kol,Relaxed,Gri,V Yaka,Fırfırlı,Uzun,Düz,Crinkle,Feminine,Hayır,Kuşaklı,Basic,Beachwear,Tüm Yaş Grupları,"60% Viskoz,40% Polyester",,,
112,794204835,2841,4.3,,/trendyolmilla/kiremit-kusakli-maxi-dokuma-balon-kol-kimono-kaftan-tbess24km00029-p-794204835/yorumlar,,Dokuma,Düz,Uzun,Standart Kol,Relaxed,Bordo,V Yaka,,Uzun,Düz,Crinkle,Cool & Comfort,Hayır,Kuşaklı,Kruvaze,Beachwear,Tüm Yaş Grupları,100% Viskoz,,,
113,828060608,3066,4.0,,/trendyolmilla/etnik-desenli-kusakli-maxi-dokuma-kimono-kaftan-tbess24km00073-p-828060608/yorumlar,,Dokuma,Etnik,Uzun,Standart Kol,Relaxed,Çok Renkli,Kruvaze,,Uzun,Düz,Yoryo Şifon,Cool & Comfort,Hayır,Kuşaklı,Basic,Beachwear,,100% Polyester,,,
114,766659358,2845,4.8,,/trendyolmilla/geometrik-desenli-kusakli-maxi-dokuma-kimono-kaftan-tbess23km00025-p-766659358/yorumlar,,Dokuma,Geometrik,Uzun,Standart Kol,Oversize,Siyah,V Yaka,,Truvakar Kol,Düz,Shally,Fashion Forward,Hayır,Kuşaklı,Basic,Beachwear,Tüm Yaş Grupları,100% Viskoz,,,
115,794591014,7757,4.8,,/trendyolmilla/soyut-desenli-kusakli-maxi-dokuma-kimono-kaftan-tbess24km00024-p-794591014/yorumlar,,Dokuma,Soyut,Uzun,Standart Kol,Regular,Çok Renkli,Kruvaze,,Uzun,Düz,Shally,Fashion Forward,Hayır,Kuşaklı,Kruvaze,Beachwear,Tüm Yaş Grupları,100% Viskoz,,,
116,796491847,9157,4.1,,/trendyolmilla/hayvan-desenli-mini-dokuma-kimono-kaftan-tbess24km00038-p-796491847/yorumlar,Polyester,Dokuma,Düz,Crop,Standart Kol,Relaxed,Çok Renkli,Gömlek Yaka,,Uzun,Düz,Vual,Cool & Comfort,Hayır,,Basic,Beachwear,Tüm Yaş Grupları,100% Polyester,,,
117,823707394,475,,,,,Dokuma,Puantiyeli,Uzun,Standart Kol,Regular,Çok Renkli,V Yaka,,Kısa,Düz,Shally,Feminine,Hayır,Kuşaklı,Basic,Beachwear,Tüm Yaş Grupları,100% Viskoz,,,
118,794188701,8125,3.9,,/trendyolmilla/beyaz-kusakli-mini-dokuma-kimono-kaftan-tbess24km00023-p-794188701/yorumlar,,Dokuma,Düz,Regular,Standart Kol,Regular,Beyaz,V Yaka,,Uzun,Düz,Vual,Cool & Comfort,Hayır,Kuşaklı,Basic,Beachwear,Tüm Yaş Grupları,100% Viskoz,,,
119,808321966,3579,4.3,,/trendyol-modest/antrasit-brode-detayli-uzun-dokuma-kimono-kaftan-abaya-tctss24kf00006-p-808321966/yorumlar,,Dokuma,Renk Bloklu,Uzun,Düşük Kol,Relaxed,Gri,V Yaka,Brode,Uzun,,Crinkle,Fashion Forward,Hayır,,Basic,Casual/Günlük,Tüm Yaş Grupları,"54% Viskoz, ,45% Polyester, ,1% Elastan",Tesettür Giyim,,
120,369573458,21409,4.4,,/trendyolmilla/bridal-ekru-kusakli-midi-dokuma-serit-aksesuarli-100-pamuklu-kimono-kaftan-tbess21km0008-p-369573458/yorumlar,Pamuklu,Dokuma,Düz,Uzun,Standart Kol,Regular,Ekru,V Yaka,Şeritli,Uzun,Düz,Crinkle,Cool & Comfort,Hayır,,Basic,Beachwear,Tüm Yaş Grupları,"60% Viskoz, ,40% Polyester",,,
121,177711001,4279,4.6,,/trendyolmilla/tarcin-cizgili-maxi-dokuma-kimono-kaftan-tbess20km0024-p-177711001/yorumlar,Pamuklu,Dokuma,Tropikal,Uzun,Standart Kol,Relaxed,Kahverengi,Gömlek Yaka,Püskül,Kısa,Baskılı,Vual,Cool & Comfort,Hayır,,Basic,Beachwear,Tüm Yaş Grupları,100% Pamuk,,,
122,819989011,2867,4.7,,/trendyolmilla/yesil-kusakli-mini-dokuma-volanli-kimono-kaftan-tbess21km0002-p-819989011/yorumlar,Viskon,Dokuma,Düz,Uzun,Standart Kol,Relaxed,Yeşil,V Yaka,Fırfırlı,Uzun,Düz,Crinkle,Feminine,Hayır,Kuşaklı,Basic,Beachwear,Tüm Yaş Grupları,"60% Viskoz,40% Polyester",,,
123,816441707,3939,4.5,,/trendyolmilla/ekru-kusakli-maxi-dokuma-nakisli-keten-gorunumlu-kimono-kaftan-tbess24km00069-p-816441707/yorumlar,%100 Pamuk,Dokuma,Düz,Uzun,Standart Kol,Oversize,Ekru,V Yaka,,Uzun,Düz,Flamlı Pamuk,Fashion Forward,Hayır,Kuşaklı,Basic,Beachwear,Tüm Yaş Grupları,100% Pamuk,,,
124,808406245,3031,3.6,,/trendyolmilla/tropikal-desenli-kusakli-maxi-dokuma-kimono-kaftan-tbess24km00047-p-808406245/yorumlar,,Dokuma,Tropikal,Uzun,Standart Kol,Relaxed,Çok Renkli,Kruvaze,,Uzun,Düz,Mesh,Feminine,Hayır,,Basic,Beachwear,Tüm Yaş Grupları,100% Viskoz,,,
125,819986550,1517,5.0,,/trendyolmilla/turkuaz-kusakli-mini-dokuma-volanli-kimono-kaftan-tbess21km0002-p-819986550/yorumlar,Viskon,Dokuma,Düz,Uzun,Standart Kol,Relaxed,Turkuaz,V Yaka,Fırfırlı,Uzun,Düz,Crinkle,Feminine,Hayır,Kuşaklı,Basic,Beachwear,Tüm Yaş Grupları,"60% Viskoz,40% Polyester",,,
126,765684479,9034,4.6,,/trendyolmilla/ekru-maxi-dokuma-buzgulu-kimono-kaftan-tbess23km00105-p-765684479/yorumlar,,Dokuma,Düz,Uzun,Standart Kol,Oversize,Ekru,Şal Yaka,,Uzun,Düz,Shally,Fashion Forward,Hayır,Kuşaklı,Basic,Beachwear,Tüm Yaş Grupları,"60% Viskoz, ,40% Polyester",,,
127,810987855,1761,4.7,,/trendyolmilla/kahverengi-maxi-dokuma-serit-aksesuarli-kimono-kaftan-tbess24km00059-p-810987855/yorumlar,Polyester,Dokuma,Düz,Uzun,Standart Kol,Relaxed,Kahverengi,Kruvaze,,Uzun,Düz,Vual,Cool & Comfort,Hayır,,Basic,Beachwear,Tüm Yaş Grupları,100% Polyester,,,
128,190406382,28651,4.4,,/trendyolmilla/turkuaz-kusakli-midi-dokuma-serit-aksesuarli-100-pamuklu-kimono-kaftan-tbess21km0008-p-190406382/yorumlar,Pamuklu,Dokuma,Düz,Uzun,Standart Kol,Regular,Turkuaz,V Yaka,Şeritli,Uzun,Düz,Crinkle,Cool & Comfort,Hayır,,Basic,Beachwear,Tüm Yaş Grupları,"60% Viskoz, ,40% Polyester",,,
129,809134132,10152,4.8,,/trendyolmilla/bej-kusakli-maxi-dokuma-biyeli-muslin-kimono-kaftan-tbess24km00052-p-809134132/yorumlar,%100 Pamuk,Dokuma,Düz,Regular,Ay Kol,Oversize,Bej,Kruvaze,Biyeli,Uzun,Düz,Yoryo Şifon,Cool & Comfort,Hayır,Kuşaklı,Basic,Beachwear,Tüm Yaş Grupları,100% Pamuk,,,
130,833273264,158,,,,%100 Pamuk,Dokuma,Çiçekli,Uzun,Balon Kol,Regular,Çok Renkli,V Yaka,Kuşaklı,Uzun,Düz,Vual,Fashion Forward,Hayır,,Basic,Beachwear,Tüm Yaş Grupları,100% Pamuk,,,
131,809129392,5923,4.0,,/trendyol-modest/tas-dokuma-keten-gorunumlu-kimono-tctss24kk00004-p-809129392/yorumlar,Polyester,Dokuma,Düz,Midi,Düşük Kol,Relaxed,Bej,V Yaka,,Uzun,,Keten görünümlü,Cool & Comfort,Hayır,,Kruvaze,Casual/Günlük,Tüm Yaş Grupları,100% Polyester,,,
132,379092975,10880,4.5,,/trendyolmilla/geometrik-desenli-kusakli-maxi-dokuma-kimono-kaftan-tbess23km00025-p-379092975/yorumlar,,Dokuma,Geometrik,Uzun,Standart Kol,Oversize,Kahverengi,V Yaka,,Truvakar Kol,Düz,Shally,Fashion Forward,Hayır,Kuşaklı,Basic,Beachwear,Tüm Yaş Grupları,100% Viskoz,,,
133,829692716,,,,,,Dokuma,Düz,Uzun,Mendil Kol,Oversize,Mavi,V Yaka,Payet,Uzun,,Saten,Feminine,,,Panço,Şık / gece,,100% Polyester,Tesettür Giyim,,
134,819304328,2647,4.0,,/edit-by-trendyol/ekru-geleneksel-kimono-tedss24km00001-p-819304328/yorumlar,Polyester,Dokuma,Düz,Regular,Standart Kol,Regular,Ekru,Ceket Yaka,,Uzun,Düz,Aerobin,Fashion Forward,,,Basic,Casual/Günlük,,100% Polyester,,,
135,767214494,3768,4.8,,/trendyolmilla/etnik-desenli-kusakli-maxi-dokuma-kimono-kaftan-tbess21km0171-p-767214494/yorumlar,,Dokuma,Animal,Uzun,Standart Kol,Relaxed,Çok Renkli,V Yaka,Kuşaklı,Uzun,Düz,Shally,Fashion Forward,Hayır,Kuşaklı,Basic,Beachwear,Tüm Yaş Grupları,100% Viskoz,Basic,,
136,792837088,5108,3.6,,/trendyol-modest/camel-v-yaka-yarim-kollu-aerobin-dokuma-kimono-kaftan-elbise-tctss24kk00002-p-792837088/yorumlar,Polyester,Dokuma,Düz,Uzun,Düşük Kol,Relaxed,Kahverengi,Dik Yaka,,Truvakar Kol,,Aerobin,Cool & Comfort,Hayır,,Basic,Casual/Günlük,Tüm Yaş Grupları,100% Polyester,Tesettür Giyim,,
137,809081540,455,,,,,Dokuma,Desenli,Regular,Standart Kol,Relaxed,Çok Renkli,Kruvaze,,Uzun,Düz,Mesh,Cool & Comfort,,Kuşaklı,Basic,Beachwear,,100% Pamuk,,,
138,442822302,3592,4.6,,/trendyolmilla/beyaz-kusakli-maxi-orme-puskullu-kimono-kaftan-tbess23km00047-p-442822302/yorumlar,Polyester,Örme,Düz,Midi,Standart Kol,Regular,Beyaz,V Yaka,,Uzun,Düz,Dantel,Young,Hayır,,Basic,Beachwear,Tüm Yaş Grupları,100% Polyester,,,Tekli
139,810087593,3783,3.7,,/trendyolmilla/etnik-desenli-kusakli-maxi-dokuma-kimono-kaftan-tbess24km00047-p-810087593/yorumlar,,Dokuma,Tropikal,Uzun,Standart Kol,Relaxed,Turuncu,Kruvaze,,Uzun,Düz,Mesh,Feminine,Hayır,,Basic,Beachwear,Tüm Yaş Grupları,100% Viskoz,,,
140,803665004,3270,4.9,,/trendyolmilla/bej-kusakli-mini-dokuma-volanli-kimono-kaftan-tbess21km0002-p-803665004/yorumlar,Viskon,Dokuma,Düz,Uzun,Standart Kol,Relaxed,Bej,V Yaka,Fırfırlı,Uzun,Düz,Crinkle,Feminine,Hayır,Kuşaklı,Basic,Beachwear,Tüm Yaş Grupları,"60% Viskoz,40% Polyester",,,
141,770378519,6332,4.5,,/trendyolmilla/cicek-desenli-kusakli-mini-dokuma-kimono-kaftan-tbess23km00024-p-770378519/yorumlar,Polyester,Dokuma,Soyut,Crop,İspanyol Kol,Regular,Pembe,V Yaka,,Uzun,Düz,Kelly,Fashion Forward,Hayır,Kuşaklı,Basic,Beachwear,Tüm Yaş Grupları,100% Polyester,,,
142,467659151,10848,4.5,,/trendyolmilla/yesil-kusakli-maxi-dokuma-keten-gorunumlu-kimono-kaftan-tbess23km00058-p-467659151/yorumlar,%100 Pamuk,Dokuma,Düz,Midi,İspanyol Kol,Regular,Yeşil,V Yaka,,Uzun,Düz,Keten görünümlü,Cool & Comfort,Hayır,,Basic,Beachwear,Tüm Yaş Grupları,100% Pamuk,,,
143,818376878,1920,3.7,,/trendyol-modest/mavi-tropikal-desenli-uzun-dokuma-kimono-kaftan-tctss24kf00000-p-818376878/yorumlar,Polyester,Dokuma,Tropikal,Uzun,Düşük Kol,Relaxed,Mavi,V Yaka,Dokuma Garnili,Uzun,,Crinkle,Fashion Forward,Hayır,Kuşaklı,Basic,Casual/Günlük,Tüm Yaş Grupları,"99% Polyester, ,1% Elastan",Tesettür Giyim,,
144,819328915,2633,4.4,,/trendyolmilla/geometrik-desenli-maxi-dokuma-kimono-kaftan-tbess24km00070-p-819328915/yorumlar,,Dokuma,Geometrik,Uzun,Standart Kol,Regular,Çok Renkli,V Yaka,,Uzun,Düz,Shally,Cool & Comfort,Hayır,,Basic,Beachwear,Tüm Yaş Grupları,100% Viskoz,,,
145,122362433,56292,4.7,,/trendyolmilla/hayvan-desenli-kusakli-maxi-dokuma-kimono-kaftan-tbess21km0171-p-122362433/yorumlar,,Dokuma,Animal,Uzun,Standart Kol,Relaxed,Çok Renkli,V Yaka,Kuşaklı,Uzun,Düz,Shally,Fashion Forward,Hayır,Kuşaklı,Basic,Beachwear,Tüm Yaş Grupları,100% Viskoz,Basic,,
146,808321949,5955,4.4,,/trendyol-modest/tas-brode-detayli-uzun-dokuma-kimono-kaftan-abaya-tctss24kf00006-p-808321949/yorumlar,,Dokuma,Renk Bloklu,Uzun,Düşük Kol,Relaxed,Bej,V Yaka,Brode,Uzun,,Crinkle,Fashion Forward,Hayır,,Basic,Casual/Günlük,Tüm Yaş Grupları,"54% Viskoz, ,45% Polyester, ,1% Elastan",Tesettür Giyim,,
147,825909541,1241,5.0,,/trendyolmilla/beyaz-dokuma-nakisli-kimona-kaftan-tbess24km00072-p-825909541/yorumlar,Polyester,Dokuma,Düz,Midi,Standart Kol,Oversize,Beyaz,V Yaka,,Kısa,Düz,Mesh,Fashion Forward,Hayır,,Basic,Beachwear,Tüm Yaş Grupları,100% Polyester,,,
148,773102701,2106,4.6,,/trendyol-modest/tas-renk-bloklu-aerobin-dokuma-kaftan-elbise-tctss24kk00000-p-773102701/yorumlar,Polyester,Dokuma,Renk Bloklu,Uzun,Reglan Kol,Relaxed,Gri,Dik Yaka,,Uzun,,Aerobin,Cool & Comfort,Hayır,,Basic,Casual/Günlük,Tüm Yaş Grupları,100% Polyester,Tesettür Giyim,,
149,769334996,4753,4.4,,/trendyol-modest/turuncu-kusakli-dokuma-gofre-cizgili-kimono-kaftan-tctss23kk00001-p-769334996/yorumlar,,Dokuma,Çizgili,Midi,Düşük Kol,Relaxed,Turuncu,V Yaka,Kuşaklı,Uzun,,Gofre,Cool & Comfort,Hayır,Kuşaklı,Kruvaze,Casual/Günlük,Tüm Yaş Grupları,"84% Polyester, ,2% Elastan, ,14% Pamuk",Tesettür Giyim,,
150,826239017,521,5.0,,/trendyol-modest/tas-renk-bloklu-dokuma-kaftan-elbise-tctss24kk00011-p-826239017/yorumlar,,Dokuma,Renk Bloklu,Maxi,Düşük Kol,Relaxed,Kahverengi,V Yaka,,Uzun,,Saten,Cool & Comfort,,,Basic,Casual/Günlük,,100% Polyester,Tesettür Giyim,,
151,773125421,10022,4.3,,/trendyol-modest/tas-beli-baglama-detayli-keten-gorunumlu-dokuma-kimono-kaftan-tctss24kk00001-p-773125421/yorumlar,Polyester,Dokuma,Düz,Regular,Düşük Kol,Relaxed,Gri,V Yaka,,Uzun,,Keten görünümlü,Cool & Comfort,Hayır,Kuşaklı,Kruvaze,Casual/Günlük,Tüm Yaş Grupları,100% Polyester,,,
152,769921360,1783,4.7,,/trendyol-modest/kirmizi-cicek-desenli-baglama-detayli-cepli-kimono-kaftan-tctss21kk0004-p-769921360/yorumlar,Viskon,Dokuma,Çiçekli,Midi,Standart Kol,Relaxed,Kırmızı,Ceket Yaka,Biyeli,Uzun,,Belmando,Fashion Forward,Hayır,,Basic,Casual/Günlük,Tüm Yaş Grupları,100% Viskoz,Tesettür Giyim,Desenli,
153,818376879,2049,3.4,,/trendyol-modest/fusya-tropikal-desenli-uzun-dokuma-kimono-kaftan-tctss24kf00000-p-818376879/yorumlar,Polyester,Dokuma,Tropikal,Uzun,Düşük Kol,Relaxed,Pembe,V Yaka,Dokuma Garnili,Uzun,,Crinkle,Fashion Forward,Hayır,Kuşaklı,Basic,Casual/Günlük,Tüm Yaş Grupları,"99% Polyester, ,1% Elastan",Tesettür Giyim,,
154,808321983,4016,4.3,,/trendyol-modest/indigo-brode-detayli-uzun-dokuma-kimono-kaftan-abaya-tctss24kf00006-p-808321983/yorumlar,,Dokuma,Renk Bloklu,Uzun,Düşük Kol,Relaxed,Mavi,V Yaka,Brode,Uzun,,Crinkle,Fashion Forward,Hayır,,Basic,Casual/Günlük,Tüm Yaş Grupları,"54% Viskoz, ,45% Polyester, ,1% Elastan",Tesettür Giyim,,
155,815727737,1430,4.7,,/trendyolmilla/acik-mavi-duz-anvelop-rigid-maxi-denim-modest-elbise-twoss24el00924-p-815727737/yorumlar,%100 Pamuk,Dokuma,Düz,Uzun,Uzun Kol,Oversize,Mavi,Hakim Yaka,,Uzun,Düz,Bürümcük,Cool & Comfort,Hayır,,Basic,Casual/Günlük,Tüm Yaş Grupları,100% Pamuk,,,
156,379052431,11579,3.9,,/trendyolmilla/bej-kusakli-maxi-dokuma-yirtmacli-muslin-100-pamuklu-kimono-kaftan-tbess23km00019-p-379052431/yorumlar,%100 Pamuk,Dokuma,Düz,Uzun,Standart Kol,Oversize,Bej,V Yaka,Yırtmaçlı,Kısa,Düz,Müslin,Cool & Comfort,Hayır,,Kruvaze,Beachwear,Tüm Yaş Grupları,100% Pamuk,,Yırtmaçlı,Tekli
157,771141229,5535,4.2,,/trendyol-modest/kahverengi-etnik-desenli-pamuk-karisimli-uzun-dokuma-kimono-kaftan-tctss23kk00012-p-771141229/yorumlar,,Dokuma,Baskılı,Uzun,Düşük Kol,Relaxed,Kahverengi,Kruvaze,Püskül,Uzun,,Keten görünümlü,Cool & Comfort,Hayır,,Kruvaze,Casual/Günlük,Tüm Yaş Grupları,"58% Polyester, ,23% Pamuk, ,2% Yün, ,16% Viskoz, ,1% Poliamid",,,
158,808215988,6018,4.5,,/trendyolmilla/cicek-desenli-kusakli-maxi-dokuma-serit-aksesuarli-kimono-kaftan-tbess24km00044-p-808215988/yorumlar,Polyester,Dokuma,Çiçekli,Uzun,Ay Kol,Oversize,Çok Renkli,Kruvaze,,Uzun,Düz,Vual,Cool & Comfort,Hayır,Kuşaklı,Basic,Beachwear,Tüm Yaş Grupları,100% Polyester,,,
159,449360041,10226,4.7,,/trendyolmilla/etnik-desenli-kusakli-maxi-dokuma-kimono-kaftan-tbess23km00052-p-449360041/yorumlar,,Dokuma,Etnik,Uzun,İspanyol Kol,Regular,Çok Renkli,V Yaka,,Uzun,Düz,Shally,Young,Hayır,,Basic,Beachwear,Tüm Yaş Grupları,100% Viskoz,,,
160,469642574,7403,4.3,,/trendyolmilla/cicek-desenli-kusakli-maxi-dokuma-100-pamuklu-kimono-kaftan-tbess23km00056-p-469642574/yorumlar,%100 Pamuk,Dokuma,Çiçekli,Uzun,Standart Kol,Relaxed,Çok Renkli,Şal Yaka,,Uzun,Düz,Flamlı Pamuk,Fashion Forward,Hayır,,Basic,Beachwear,Tüm Yaş Grupları,100% Pamuk,,,Tekli
161,469764236,11062,3.8,,/trendyolmilla/bej-mini-dokuma-baglamali-100-pamuklu-kimono-kaftan-tbess23km00079-p-469764236/yorumlar,%100 Pamuk,Dokuma,Düz,Crop,Standart Kol,Regular,Bej,V Yaka,,Uzun,Düz,Flamlı Pamuk,Fashion Forward,Hayır,,Kruvaze,Beachwear,Tüm Yaş Grupları,100% Pamuk,,Ek Özellik Mevcut Değil,Tekli
162,828050755,587,,,,,Dokuma,Düz,Uzun,Düşük Kol,Relaxed,Sarı,Bisiklet Yaka,İnci/Trok/Taş/Kuş Gözü,Truvakar Kol,,Saten,Feminine,,,Kruvaze,Casual/Günlük,,"95% Polyester, ,5% Elastan",Tesettür Giyim,,
163,826878119,748,5.0,,/trendyol-modest/bej-aksesuarli-parlak-biye-detayli-dokuma-kaftan-elbise-tctss24kk00012-p-826878119/yorumlar,,Dokuma,Renk Bloklu,Maxi,Düşük Kol,Relaxed,Gri,V Yaka,Biyeli,Uzun,,Keten görünümlü,Cool & Comfort,Hayır,,Basic,Casual/Günlük,,100% Polyester,Tesettür Giyim,,
164,794350341,22698,4.3,,/trendyolmilla/cizgili-kusakli-maxi-dokuma-baglamali-keten-karisimli-100-pamuklu-kimono-kaftan-tbess24km00037-p-794350341/yorumlar,%100 Pamuk,Dokuma,Çizgili,Uzun,Standart Kol,Oversize,Çok Renkli,V Yaka,,Uzun,Düz,Keten karışımlı,Cool & Comfort,Hayır,Kuşaklı,Basic,Beachwear,Tüm Yaş Grupları,100% Pamuk,,,
165,773446926,2562,4.4,,/trendyol-modest/fusya-v-yaka-yarim-kollu-aerobin-dokuma-kimono-kaftan-elbise-tctss24kk00002-p-773446926/yorumlar,Polyester,Dokuma,Düz,Uzun,Düşük Kol,Relaxed,Pembe,Dik Yaka,,Truvakar Kol,,Aerobin,Cool & Comfort,Hayır,,Basic,Casual/Günlük,Tüm Yaş Grupları,100% Polyester,Tesettür Giyim,,
166,377967355,5092,4.1,,/trendyolmilla/cicek-desenli-kusakli-maxi-dokuma-kimono-kaftan-tbess23km00027-p-377967355/yorumlar,,Dokuma,Etnik,Uzun,Standart Kol,Oversize,Çok Renkli,V Yaka,,Uzun,Düz,Shally,Fashion Forward,Hayır,,Basic,Beachwear,Tüm Yaş Grupları,100% Viskoz,,,Tekli
